# Blender 5.2.1 LTS
# www.blender.org
mtllib AetherChamber.mtl
o VoidWall_NorthArc
v 21.907436 0.000000 -2.016000
v 22.604490 0.000000 -2.080145
v 21.907436 16.000000 -2.016000
v 22.604490 16.000000 -2.080145
v 21.698608 0.000000 -3.629103
v 22.389019 0.000000 -3.744574
v 21.698608 16.000000 -3.629103
v 22.389019 16.000000 -3.744574
v 21.371170 0.000000 -5.222368
v 22.051161 0.000000 -5.388534
v 21.371170 16.000000 -5.222368
v 22.051161 16.000000 -5.388534
v 20.926908 0.000000 -6.787085
v 21.592764 0.000000 -7.003038
v 20.926908 16.000000 -6.787085
v 21.592764 16.000000 -7.003038
v 20.368254 0.000000 -8.314702
v 21.016335 0.000000 -8.579261
v 20.368254 16.000000 -8.314702
v 21.016335 16.000000 -8.579261
v 19.698257 0.000000 -9.796868
v 20.325022 0.000000 -10.108587
v 19.698257 16.000000 -9.796868
v 20.325022 16.000000 -10.108587
v 18.920586 0.000000 -11.225481
v 19.522604 0.000000 -11.582656
v 18.920586 16.000000 -11.225481
v 19.522604 16.000000 -11.582656
v 18.039488 0.000000 -12.592732
v 18.613470 0.000000 -12.993410
v 18.039488 16.000000 -12.592732
v 18.613470 16.000000 -12.993410
v 17.059778 0.000000 -13.891147
v 17.602591 0.000000 -14.333138
v 17.059778 16.000000 -13.891147
v 17.602591 16.000000 -14.333138
v 15.986815 0.000000 -15.113627
v 16.495487 0.000000 -15.594516
v 15.986815 16.000000 -15.113627
v 16.495487 16.000000 -15.594516
v 14.826463 0.000000 -16.253492
v 15.298214 0.000000 -16.770649
v 14.826463 16.000000 -16.253492
v 15.298214 16.000000 -16.770649
v 13.585064 0.000000 -17.304510
v 14.017316 0.000000 -17.855108
v 13.585064 16.000000 -17.304510
v 14.017316 16.000000 -17.855108
v 12.269404 0.000000 -18.260935
v 12.659794 0.000000 -18.841965
v 12.269404 16.000000 -18.260935
v 12.659794 16.000000 -18.841965
v 10.886676 0.000000 -19.117538
v 11.233069 0.000000 -19.725824
v 10.886676 16.000000 -19.117538
v 11.233069 16.000000 -19.725824
v 9.444437 0.000000 -19.869640
v 9.744942 0.000000 -20.501856
v 9.444437 16.000000 -19.869640
v 9.744942 16.000000 -20.501856
v 7.950572 0.000000 -20.513128
v 8.203545 0.000000 -21.165817
v 7.950572 16.000000 -20.513128
v 8.203545 16.000000 -21.165817
v 6.413246 0.000000 -21.044483
v 6.617304 0.000000 -21.714081
v 6.413246 16.000000 -21.044483
v 6.617304 16.000000 -21.714081
v 4.840863 0.000000 -21.460802
v 4.994891 0.000000 -22.143646
v 4.840863 16.000000 -21.460802
v 4.994891 16.000000 -22.143646
v 3.242018 0.000000 -21.759809
v 3.345174 0.000000 -22.452168
v 3.242018 16.000000 -21.759809
v 3.345174 16.000000 -22.452168
v 1.625452 0.000000 -21.939871
v 1.677171 0.000000 -22.637957
v 1.625452 16.000000 -21.939871
v 1.677171 16.000000 -22.637957
v 0.000000 0.000000 -22.000000
v 0.000000 0.000000 -22.700001
v 0.000000 16.000000 -22.000000
v 0.000000 16.000000 -22.700001
v -1.625452 0.000000 -21.939871
v -1.677171 0.000000 -22.637957
v -1.625452 16.000000 -21.939871
v -1.677171 16.000000 -22.637957
v -3.242018 0.000000 -21.759809
v -3.345174 0.000000 -22.452168
v -3.242018 16.000000 -21.759809
v -3.345174 16.000000 -22.452168
v -4.840863 0.000000 -21.460802
v -4.994891 0.000000 -22.143646
v -4.840863 16.000000 -21.460802
v -4.994891 16.000000 -22.143646
v -6.413246 0.000000 -21.044483
v -6.617304 0.000000 -21.714081
v -6.413246 16.000000 -21.044483
v -6.617304 16.000000 -21.714081
v -7.950572 0.000000 -20.513128
v -8.203545 0.000000 -21.165817
v -7.950572 16.000000 -20.513128
v -8.203545 16.000000 -21.165817
v -9.444437 0.000000 -19.869640
v -9.744942 0.000000 -20.501856
v -9.444437 16.000000 -19.869640
v -9.744942 16.000000 -20.501856
v -10.886676 0.000000 -19.117538
v -11.233069 0.000000 -19.725824
v -10.886676 16.000000 -19.117538
v -11.233069 16.000000 -19.725824
v -12.269404 0.000000 -18.260935
v -12.659794 0.000000 -18.841965
v -12.269404 16.000000 -18.260935
v -12.659794 16.000000 -18.841965
v -13.585064 0.000000 -17.304510
v -14.017316 0.000000 -17.855108
v -13.585064 16.000000 -17.304510
v -14.017316 16.000000 -17.855108
v -14.826463 0.000000 -16.253492
v -15.298214 0.000000 -16.770649
v -14.826463 16.000000 -16.253492
v -15.298214 16.000000 -16.770649
v -15.986815 0.000000 -15.113627
v -16.495487 0.000000 -15.594516
v -15.986815 16.000000 -15.113627
v -16.495487 16.000000 -15.594516
v -17.059778 0.000000 -13.891147
v -17.602591 0.000000 -14.333138
v -17.059778 16.000000 -13.891147
v -17.602591 16.000000 -14.333138
v -18.039488 0.000000 -12.592732
v -18.613470 0.000000 -12.993410
v -18.039488 16.000000 -12.592732
v -18.613470 16.000000 -12.993410
v -18.920586 0.000000 -11.225481
v -19.522604 0.000000 -11.582656
v -18.920586 16.000000 -11.225481
v -19.522604 16.000000 -11.582656
v -19.698257 0.000000 -9.796868
v -20.325022 0.000000 -10.108587
v -19.698257 16.000000 -9.796868
v -20.325022 16.000000 -10.108587
v -20.368254 0.000000 -8.314702
v -21.016335 0.000000 -8.579261
v -20.368254 16.000000 -8.314702
v -21.016335 16.000000 -8.579261
v -20.926908 0.000000 -6.787085
v -21.592764 0.000000 -7.003038
v -20.926908 16.000000 -6.787085
v -21.592764 16.000000 -7.003038
v -21.371170 0.000000 -5.222368
v -22.051161 0.000000 -5.388534
v -21.371170 16.000000 -5.222368
v -22.051161 16.000000 -5.388534
v -21.698608 0.000000 -3.629103
v -22.389019 0.000000 -3.744574
v -21.698608 16.000000 -3.629103
v -22.389019 16.000000 -3.744574
v -21.907436 0.000000 -2.016000
v -22.604490 0.000000 -2.080145
v -21.907436 16.000000 -2.016000
v -22.604490 16.000000 -2.080145
vn 0.9917 -0.0000 -0.1284
vn -0.9917 -0.0000 0.1284
vn -0.0000 -1.0000 -0.0000
vn 0.9795 -0.0000 -0.2013
vn -0.9795 -0.0000 0.2013
vn 0.9620 -0.0000 -0.2731
vn -0.9620 -0.0000 0.2731
vn 0.9392 -0.0000 -0.3435
vn -0.9392 -0.0000 0.3435
vn 0.9112 -0.0000 -0.4119
vn -0.9112 -0.0000 0.4119
vn 0.8783 -0.0000 -0.4781
vn -0.8783 -0.0000 0.4781
vn 0.8406 -0.0000 -0.5417
vn -0.8406 -0.0000 0.5417
vn 0.7983 -0.0000 -0.6023
vn -0.7983 -0.0000 0.6023
vn 0.7516 -0.0000 -0.6597
vn -0.7516 -0.0000 0.6597
vn 0.7008 -0.0000 -0.7134
vn -0.7008 -0.0000 0.7134
vn 0.6462 -0.0000 -0.7632
vn -0.6462 -0.0000 0.7632
vn 0.5880 -0.0000 -0.8089
vn -0.5880 -0.0000 0.8089
vn 0.5266 -0.0000 -0.8501
vn -0.5266 -0.0000 0.8501
vn 0.4624 -0.0000 -0.8867
vn -0.4624 -0.0000 0.8867
vn 0.3956 -0.0000 -0.9184
vn -0.3956 -0.0000 0.9184
vn 0.3267 -0.0000 -0.9451
vn -0.3267 -0.0000 0.9451
vn 0.2560 -0.0000 -0.9667
vn -0.2560 -0.0000 0.9667
vn 0.1838 -0.0000 -0.9830
vn -0.1838 -0.0000 0.9830
vn 0.1107 -0.0000 -0.9939
vn -0.1107 -0.0000 0.9939
vn 0.0370 -0.0000 -0.9993
vn -0.0370 -0.0000 0.9993
vn -0.0370 -0.0000 -0.9993
vn 0.0370 -0.0000 0.9993
vn -0.1107 -0.0000 -0.9939
vn 0.1107 -0.0000 0.9939
vn -0.1838 -0.0000 -0.9830
vn 0.1838 -0.0000 0.9830
vn -0.2560 -0.0000 -0.9667
vn 0.2559 -0.0000 0.9667
vn -0.3267 -0.0000 -0.9451
vn 0.3267 -0.0000 0.9451
vn -0.3956 -0.0000 -0.9184
vn 0.3956 -0.0000 0.9184
vn -0.4624 -0.0000 -0.8867
vn 0.4624 -0.0000 0.8867
vn -0.5266 -0.0000 -0.8501
vn 0.5266 -0.0000 0.8501
vn -0.5880 -0.0000 -0.8089
vn 0.5880 -0.0000 0.8089
vn -0.6462 -0.0000 -0.7632
vn 0.6462 -0.0000 0.7632
vn -0.7008 -0.0000 -0.7134
vn 0.7008 -0.0000 0.7134
vn -0.7516 -0.0000 -0.6597
vn 0.7516 -0.0000 0.6597
vn -0.7983 -0.0000 -0.6023
vn 0.7983 -0.0000 0.6023
vn -0.8406 -0.0000 -0.5417
vn 0.8406 -0.0000 0.5417
vn -0.8783 -0.0000 -0.4781
vn 0.8783 -0.0000 0.4781
vn -0.9112 -0.0000 -0.4119
vn 0.9112 -0.0000 0.4119
vn -0.9392 -0.0000 -0.3435
vn 0.9392 -0.0000 0.3435
vn -0.9620 -0.0000 -0.2731
vn 0.9620 -0.0000 0.2731
vn -0.9795 -0.0000 -0.2013
vn 0.9795 -0.0000 0.2013
vn -0.9917 -0.0000 -0.1284
vn 0.9917 -0.0000 0.1284
s 0
usemtl M_AetherInfiniteVoid
f 1//1 5//1 7//1 3//1
f 2//2 4//2 8//2 6//2
f 3//3 7//3 8//3 4//3
f 5//4 9//4 11//4 7//4
f 6//5 8//5 12//5 10//5
f 7//3 11//3 12//3 8//3
f 9//6 13//6 15//6 11//6
f 10//7 12//7 16//7 14//7
f 11//3 15//3 16//3 12//3
f 13//8 17//8 19//8 15//8
f 14//9 16//9 20//9 18//9
f 15//3 19//3 20//3 16//3
f 17//10 21//10 23//10 19//10
f 18//11 20//11 24//11 22//11
f 19//3 23//3 24//3 20//3
f 21//12 25//12 27//12 23//12
f 22//13 24//13 28//13 26//13
f 23//3 27//3 28//3 24//3
f 25//14 29//14 31//14 27//14
f 26//15 28//15 32//15 30//15
f 27//3 31//3 32//3 28//3
f 29//16 33//16 35//16 31//16
f 30//17 32//17 36//17 34//17
f 31//3 35//3 36//3 32//3
f 33//18 37//18 39//18 35//18
f 34//19 36//19 40//19 38//19
f 35//3 39//3 40//3 36//3
f 37//20 41//20 43//20 39//20
f 38//21 40//21 44//21 42//21
f 39//3 43//3 44//3 40//3
f 41//22 45//22 47//22 43//22
f 42//23 44//23 48//23 46//23
f 43//3 47//3 48//3 44//3
f 45//24 49//24 51//24 47//24
f 46//25 48//25 52//25 50//25
f 47//3 51//3 52//3 48//3
f 49//26 53//26 55//26 51//26
f 50//27 52//27 56//27 54//27
f 51//3 55//3 56//3 52//3
f 53//28 57//28 59//28 55//28
f 54//29 56//29 60//29 58//29
f 55//3 59//3 60//3 56//3
f 57//30 61//30 63//30 59//30
f 58//31 60//31 64//31 62//31
f 59//3 63//3 64//3 60//3
f 61//32 65//32 67//32 63//32
f 62//33 64//33 68//33 66//33
f 63//3 67//3 68//3 64//3
f 65//34 69//34 71//34 67//34
f 66//35 68//35 72//35 70//35
f 67//3 71//3 72//3 68//3
f 69//36 73//36 75//36 71//36
f 70//37 72//37 76//37 74//37
f 71//3 75//3 76//3 72//3
f 73//38 77//38 79//38 75//38
f 74//39 76//39 80//39 78//39
f 75//3 79//3 80//3 76//3
f 77//40 81//40 83//40 79//40
f 78//41 80//41 84//41 82//41
f 79//3 83//3 84//3 80//3
f 81//42 85//42 87//42 83//42
f 82//43 84//43 88//43 86//43
f 83//3 87//3 88//3 84//3
f 85//44 89//44 91//44 87//44
f 86//45 88//45 92//45 90//45
f 87//3 91//3 92//3 88//3
f 89//46 93//46 95//46 91//46
f 90//47 92//47 96//47 94//47
f 91//3 95//3 96//3 92//3
f 93//48 97//48 99//48 95//48
f 94//49 96//49 100//49 98//49
f 95//3 99//3 100//3 96//3
f 97//50 101//50 103//50 99//50
f 98//51 100//51 104//51 102//51
f 99//3 103//3 104//3 100//3
f 101//52 105//52 107//52 103//52
f 102//53 104//53 108//53 106//53
f 103//3 107//3 108//3 104//3
f 105//54 109//54 111//54 107//54
f 106//55 108//55 112//55 110//55
f 107//3 111//3 112//3 108//3
f 109//56 113//56 115//56 111//56
f 110//57 112//57 116//57 114//57
f 111//3 115//3 116//3 112//3
f 113//58 117//58 119//58 115//58
f 114//59 116//59 120//59 118//59
f 115//3 119//3 120//3 116//3
f 117//60 121//60 123//60 119//60
f 118//61 120//61 124//61 122//61
f 119//3 123//3 124//3 120//3
f 121//62 125//62 127//62 123//62
f 122//63 124//63 128//63 126//63
f 123//3 127//3 128//3 124//3
f 125//64 129//64 131//64 127//64
f 126//65 128//65 132//65 130//65
f 127//3 131//3 132//3 128//3
f 129//66 133//66 135//66 131//66
f 130//67 132//67 136//67 134//67
f 131//3 135//3 136//3 132//3
f 133//68 137//68 139//68 135//68
f 134//69 136//69 140//69 138//69
f 135//3 139//3 140//3 136//3
f 137//70 141//70 143//70 139//70
f 138//71 140//71 144//71 142//71
f 139//3 143//3 144//3 140//3
f 141//72 145//72 147//72 143//72
f 142//73 144//73 148//73 146//73
f 143//3 147//3 148//3 144//3
f 145//74 149//74 151//74 147//74
f 146//75 148//75 152//75 150//75
f 147//3 151//3 152//3 148//3
f 149//76 153//76 155//76 151//76
f 150//77 152//77 156//77 154//77
f 151//3 155//3 156//3 152//3
f 153//78 157//78 159//78 155//78
f 154//79 156//79 160//79 158//79
f 155//3 159//3 160//3 156//3
f 157//80 161//80 163//80 159//80
f 158//81 160//81 164//81 162//81
f 159//3 163//3 164//3 160//3
o VoidWall_SouthArc
v -21.907436 0.000000 2.016000
v -22.604490 0.000000 2.080145
v -21.907436 16.000000 2.016000
v -22.604490 16.000000 2.080145
v -21.698608 0.000000 3.629103
v -22.389019 0.000000 3.744574
v -21.698608 16.000000 3.629103
v -22.389019 16.000000 3.744574
v -21.371170 0.000000 5.222368
v -22.051161 0.000000 5.388534
v -21.371170 16.000000 5.222368
v -22.051161 16.000000 5.388534
v -20.926908 0.000000 6.787085
v -21.592764 0.000000 7.003038
v -20.926908 16.000000 6.787085
v -21.592764 16.000000 7.003038
v -20.368254 0.000000 8.314702
v -21.016335 0.000000 8.579261
v -20.368254 16.000000 8.314702
v -21.016335 16.000000 8.579261
v -19.698257 0.000000 9.796868
v -20.325022 0.000000 10.108587
v -19.698257 16.000000 9.796868
v -20.325022 16.000000 10.108587
v -18.920586 0.000000 11.225481
v -19.522604 0.000000 11.582656
v -18.920586 16.000000 11.225481
v -19.522604 16.000000 11.582656
v -18.039488 0.000000 12.592732
v -18.613470 0.000000 12.993410
v -18.039488 16.000000 12.592732
v -18.613470 16.000000 12.993410
v -17.059778 0.000000 13.891147
v -17.602591 0.000000 14.333138
v -17.059778 16.000000 13.891147
v -17.602591 16.000000 14.333138
v -15.986815 0.000000 15.113627
v -16.495487 0.000000 15.594516
v -15.986815 16.000000 15.113627
v -16.495487 16.000000 15.594516
v -14.826463 0.000000 16.253492
v -15.298214 0.000000 16.770649
v -14.826463 16.000000 16.253492
v -15.298214 16.000000 16.770649
v -13.585064 0.000000 17.304510
v -14.017316 0.000000 17.855108
v -13.585064 16.000000 17.304510
v -14.017316 16.000000 17.855108
v -12.269404 0.000000 18.260935
v -12.659794 0.000000 18.841965
v -12.269404 16.000000 18.260935
v -12.659794 16.000000 18.841965
v -10.886676 0.000000 19.117538
v -11.233069 0.000000 19.725824
v -10.886676 16.000000 19.117538
v -11.233069 16.000000 19.725824
v -9.444437 0.000000 19.869640
v -9.744942 0.000000 20.501856
v -9.444437 16.000000 19.869640
v -9.744942 16.000000 20.501856
v -7.950572 0.000000 20.513128
v -8.203545 0.000000 21.165817
v -7.950572 16.000000 20.513128
v -8.203545 16.000000 21.165817
v -6.413246 0.000000 21.044483
v -6.617304 0.000000 21.714081
v -6.413246 16.000000 21.044483
v -6.617304 16.000000 21.714081
v -4.840863 0.000000 21.460802
v -4.994891 0.000000 22.143646
v -4.840863 16.000000 21.460802
v -4.994891 16.000000 22.143646
v -3.242018 0.000000 21.759809
v -3.345174 0.000000 22.452168
v -3.242018 16.000000 21.759809
v -3.345174 16.000000 22.452168
v -1.625452 0.000000 21.939871
v -1.677171 0.000000 22.637957
v -1.625452 16.000000 21.939871
v -1.677171 16.000000 22.637957
v -0.000000 0.000000 22.000000
v -0.000000 0.000000 22.700001
v -0.000000 16.000000 22.000000
v -0.000000 16.000000 22.700001
v 1.625452 0.000000 21.939871
v 1.677171 0.000000 22.637957
v 1.625452 16.000000 21.939871
v 1.677171 16.000000 22.637957
v 3.242018 0.000000 21.759809
v 3.345174 0.000000 22.452168
v 3.242018 16.000000 21.759809
v 3.345174 16.000000 22.452168
v 4.840863 0.000000 21.460802
v 4.994891 0.000000 22.143646
v 4.840863 16.000000 21.460802
v 4.994891 16.000000 22.143646
v 6.413246 0.000000 21.044483
v 6.617304 0.000000 21.714081
v 6.413246 16.000000 21.044483
v 6.617304 16.000000 21.714081
v 7.950572 0.000000 20.513128
v 8.203545 0.000000 21.165817
v 7.950572 16.000000 20.513128
v 8.203545 16.000000 21.165817
v 9.444437 0.000000 19.869640
v 9.744942 0.000000 20.501856
v 9.444437 16.000000 19.869640
v 9.744942 16.000000 20.501856
v 10.886676 0.000000 19.117538
v 11.233069 0.000000 19.725824
v 10.886676 16.000000 19.117538
v 11.233069 16.000000 19.725824
v 12.269404 0.000000 18.260935
v 12.659794 0.000000 18.841965
v 12.269404 16.000000 18.260935
v 12.659794 16.000000 18.841965
v 13.585064 0.000000 17.304510
v 14.017316 0.000000 17.855108
v 13.585064 16.000000 17.304510
v 14.017316 16.000000 17.855108
v 14.826463 0.000000 16.253492
v 15.298214 0.000000 16.770649
v 14.826463 16.000000 16.253492
v 15.298214 16.000000 16.770649
v 15.986815 0.000000 15.113627
v 16.495487 0.000000 15.594516
v 15.986815 16.000000 15.113627
v 16.495487 16.000000 15.594516
v 17.059778 0.000000 13.891147
v 17.602591 0.000000 14.333138
v 17.059778 16.000000 13.891147
v 17.602591 16.000000 14.333138
v 18.039488 0.000000 12.592732
v 18.613470 0.000000 12.993410
v 18.039488 16.000000 12.592732
v 18.613470 16.000000 12.993410
v 18.920586 0.000000 11.225481
v 19.522604 0.000000 11.582656
v 18.920586 16.000000 11.225481
v 19.522604 16.000000 11.582656
v 19.698257 0.000000 9.796868
v 20.325022 0.000000 10.108587
v 19.698257 16.000000 9.796868
v 20.325022 16.000000 10.108587
v 20.368254 0.000000 8.314702
v 21.016335 0.000000 8.579261
v 20.368254 16.000000 8.314702
v 21.016335 16.000000 8.579261
v 20.926908 0.000000 6.787085
v 21.592764 0.000000 7.003038
v 20.926908 16.000000 6.787085
v 21.592764 16.000000 7.003038
v 21.371170 0.000000 5.222368
v 22.051161 0.000000 5.388534
v 21.371170 16.000000 5.222368
v 22.051161 16.000000 5.388534
v 21.698608 0.000000 3.629103
v 22.389019 0.000000 3.744574
v 21.698608 16.000000 3.629103
v 22.389019 16.000000 3.744574
v 21.907436 0.000000 2.016000
v 22.604490 0.000000 2.080145
v 21.907436 16.000000 2.016000
v 22.604490 16.000000 2.080145
vn -0.9917 -0.0000 0.1284
vn 0.9917 -0.0000 -0.1284
vn -0.0000 -1.0000 -0.0000
vn -0.9795 -0.0000 0.2013
vn 0.9795 -0.0000 -0.2013
vn -0.9620 -0.0000 0.2731
vn 0.9620 -0.0000 -0.2731
vn -0.9392 -0.0000 0.3435
vn 0.9392 -0.0000 -0.3435
vn -0.9112 -0.0000 0.4119
vn 0.9112 -0.0000 -0.4119
vn -0.8783 -0.0000 0.4781
vn 0.8783 -0.0000 -0.4781
vn -0.8406 -0.0000 0.5417
vn 0.8406 -0.0000 -0.5417
vn -0.7983 -0.0000 0.6023
vn 0.7983 -0.0000 -0.6023
vn -0.7516 -0.0000 0.6597
vn 0.7516 -0.0000 -0.6597
vn -0.7008 -0.0000 0.7134
vn 0.7008 -0.0000 -0.7134
vn -0.6462 -0.0000 0.7632
vn 0.6462 -0.0000 -0.7632
vn -0.5880 -0.0000 0.8089
vn 0.5880 -0.0000 -0.8089
vn -0.5266 -0.0000 0.8501
vn 0.5266 -0.0000 -0.8501
vn -0.4624 -0.0000 0.8867
vn 0.4624 -0.0000 -0.8867
vn -0.3956 -0.0000 0.9184
vn 0.3956 -0.0000 -0.9184
vn -0.3267 -0.0000 0.9451
vn 0.3267 -0.0000 -0.9451
vn -0.2560 -0.0000 0.9667
vn 0.2559 -0.0000 -0.9667
vn -0.1838 -0.0000 0.9830
vn 0.1838 -0.0000 -0.9830
vn -0.1107 -0.0000 0.9939
vn 0.1107 -0.0000 -0.9939
vn -0.0370 -0.0000 0.9993
vn 0.0370 -0.0000 -0.9993
vn 0.0370 -0.0000 0.9993
vn -0.0370 -0.0000 -0.9993
vn 0.1107 -0.0000 0.9939
vn -0.1107 -0.0000 -0.9939
vn 0.1838 -0.0000 0.9830
vn -0.1838 -0.0000 -0.9830
vn 0.2560 -0.0000 0.9667
vn -0.2560 -0.0000 -0.9667
vn 0.3267 -0.0000 0.9451
vn -0.3267 -0.0000 -0.9451
vn 0.3956 -0.0000 0.9184
vn -0.3956 -0.0000 -0.9184
vn 0.4624 -0.0000 0.8867
vn -0.4624 -0.0000 -0.8867
vn 0.5266 -0.0000 0.8501
vn -0.5266 -0.0000 -0.8501
vn 0.5880 -0.0000 0.8089
vn -0.5880 -0.0000 -0.8089
vn 0.6462 -0.0000 0.7632
vn -0.6462 -0.0000 -0.7632
vn 0.7008 -0.0000 0.7134
vn -0.7008 -0.0000 -0.7134
vn 0.7516 -0.0000 0.6597
vn -0.7516 -0.0000 -0.6597
vn 0.7983 -0.0000 0.6023
vn -0.7983 -0.0000 -0.6023
vn 0.8406 -0.0000 0.5417
vn -0.8406 -0.0000 -0.5417
vn 0.8783 -0.0000 0.4781
vn -0.8783 -0.0000 -0.4781
vn 0.9112 -0.0000 0.4119
vn -0.9112 -0.0000 -0.4119
vn 0.9392 -0.0000 0.3435
vn -0.9392 -0.0000 -0.3435
vn 0.9620 -0.0000 0.2731
vn -0.9620 -0.0000 -0.2731
vn 0.9795 -0.0000 0.2013
vn -0.9795 -0.0000 -0.2013
vn 0.9917 -0.0000 0.1284
vn -0.9917 -0.0000 -0.1284
s 0
usemtl M_AetherInfiniteVoid
f 165//82 169//82 171//82 167//82
f 166//83 168//83 172//83 170//83
f 167//84 171//84 172//84 168//84
f 169//85 173//85 175//85 171//85
f 170//86 172//86 176//86 174//86
f 171//84 175//84 176//84 172//84
f 173//87 177//87 179//87 175//87
f 174//88 176//88 180//88 178//88
f 175//84 179//84 180//84 176//84
f 177//89 181//89 183//89 179//89
f 178//90 180//90 184//90 182//90
f 179//84 183//84 184//84 180//84
f 181//91 185//91 187//91 183//91
f 182//92 184//92 188//92 186//92
f 183//84 187//84 188//84 184//84
f 185//93 189//93 191//93 187//93
f 186//94 188//94 192//94 190//94
f 187//84 191//84 192//84 188//84
f 189//95 193//95 195//95 191//95
f 190//96 192//96 196//96 194//96
f 191//84 195//84 196//84 192//84
f 193//97 197//97 199//97 195//97
f 194//98 196//98 200//98 198//98
f 195//84 199//84 200//84 196//84
f 197//99 201//99 203//99 199//99
f 198//100 200//100 204//100 202//100
f 199//84 203//84 204//84 200//84
f 201//101 205//101 207//101 203//101
f 202//102 204//102 208//102 206//102
f 203//84 207//84 208//84 204//84
f 205//103 209//103 211//103 207//103
f 206//104 208//104 212//104 210//104
f 207//84 211//84 212//84 208//84
f 209//105 213//105 215//105 211//105
f 210//106 212//106 216//106 214//106
f 211//84 215//84 216//84 212//84
f 213//107 217//107 219//107 215//107
f 214//108 216//108 220//108 218//108
f 215//84 219//84 220//84 216//84
f 217//109 221//109 223//109 219//109
f 218//110 220//110 224//110 222//110
f 219//84 223//84 224//84 220//84
f 221//111 225//111 227//111 223//111
f 222//112 224//112 228//112 226//112
f 223//84 227//84 228//84 224//84
f 225//113 229//113 231//113 227//113
f 226//114 228//114 232//114 230//114
f 227//84 231//84 232//84 228//84
f 229//115 233//115 235//115 231//115
f 230//116 232//116 236//116 234//116
f 231//84 235//84 236//84 232//84
f 233//117 237//117 239//117 235//117
f 234//118 236//118 240//118 238//118
f 235//84 239//84 240//84 236//84
f 237//119 241//119 243//119 239//119
f 238//120 240//120 244//120 242//120
f 239//84 243//84 244//84 240//84
f 241//121 245//121 247//121 243//121
f 242//122 244//122 248//122 246//122
f 243//84 247//84 248//84 244//84
f 245//123 249//123 251//123 247//123
f 246//124 248//124 252//124 250//124
f 247//84 251//84 252//84 248//84
f 249//125 253//125 255//125 251//125
f 250//126 252//126 256//126 254//126
f 251//84 255//84 256//84 252//84
f 253//127 257//127 259//127 255//127
f 254//128 256//128 260//128 258//128
f 255//84 259//84 260//84 256//84
f 257//129 261//129 263//129 259//129
f 258//130 260//130 264//130 262//130
f 259//84 263//84 264//84 260//84
f 261//131 265//131 267//131 263//131
f 262//132 264//132 268//132 266//132
f 263//84 267//84 268//84 264//84
f 265//133 269//133 271//133 267//133
f 266//134 268//134 272//134 270//134
f 267//84 271//84 272//84 268//84
f 269//135 273//135 275//135 271//135
f 270//136 272//136 276//136 274//136
f 271//84 275//84 276//84 272//84
f 273//137 277//137 279//137 275//137
f 274//138 276//138 280//138 278//138
f 275//84 279//84 280//84 276//84
f 277//139 281//139 283//139 279//139
f 278//140 280//140 284//140 282//140
f 279//84 283//84 284//84 280//84
f 281//141 285//141 287//141 283//141
f 282//142 284//142 288//142 286//142
f 283//84 287//84 288//84 284//84
f 285//143 289//143 291//143 287//143
f 286//144 288//144 292//144 290//144
f 287//84 291//84 292//84 288//84
f 289//145 293//145 295//145 291//145
f 290//146 292//146 296//146 294//146
f 291//84 295//84 296//84 292//84
f 293//147 297//147 299//147 295//147
f 294//148 296//148 300//148 298//148
f 295//84 299//84 300//84 296//84
f 297//149 301//149 303//149 299//149
f 298//150 300//150 304//150 302//150
f 299//84 303//84 304//84 300//84
f 301//151 305//151 307//151 303//151
f 302//152 304//152 308//152 306//152
f 303//84 307//84 308//84 304//84
f 305//153 309//153 311//153 307//153
f 306//154 308//154 312//154 310//154
f 307//84 311//84 312//84 308//84
f 309//155 313//155 315//155 311//155
f 310//156 312//156 316//156 314//156
f 311//84 315//84 316//84 312//84
f 313//157 317//157 319//157 315//157
f 314//158 316//158 320//158 318//158
f 315//84 319//84 320//84 316//84
f 317//159 321//159 323//159 319//159
f 318//160 320//160 324//160 322//160
f 319//84 323//84 324//84 320//84
f 321//161 325//161 327//161 323//161
f 322//162 324//162 328//162 326//162
f 323//84 327//84 328//84 324//84
o VoidCeiling
v 0.000000 16.000000 -22.440001
v 0.000000 16.700001 -22.440001
v 2.199505 16.000000 -22.331945
v 2.199505 16.700001 -22.331945
v 4.377827 16.000000 -22.008821
v 4.377827 16.700001 -22.008821
v 6.513988 16.000000 -21.473742
v 6.513988 16.700001 -21.473742
v 8.587417 16.000000 -20.731857
v 8.587417 16.700001 -20.731857
v 10.578143 16.000000 -19.790314
v 10.578143 16.700001 -19.790314
v 12.466996 16.000000 -18.658178
v 12.466996 16.700001 -18.658178
v 14.235786 16.000000 -17.346355
v 14.235786 16.700001 -17.346355
v 15.867476 16.000000 -15.867476
v 15.867476 16.700001 -15.867476
v 17.346355 16.000000 -14.235786
v 17.346355 16.700001 -14.235786
v 18.658178 16.000000 -12.466996
v 18.658178 16.700001 -12.466996
v 19.790314 16.000000 -10.578143
v 19.790314 16.700001 -10.578143
v 20.731857 16.000000 -8.587417
v 20.731857 16.700001 -8.587417
v 21.473742 16.000000 -6.513988
v 21.473742 16.700001 -6.513988
v 22.008821 16.000000 -4.377827
v 22.008821 16.700001 -4.377827
v 22.331945 16.000000 -2.199505
v 22.331945 16.700001 -2.199505
v 22.440001 16.000000 0.000000
v 22.440001 16.700001 0.000000
v 22.331945 16.000000 2.199505
v 22.331945 16.700001 2.199505
v 22.008821 16.000000 4.377827
v 22.008821 16.700001 4.377827
v 21.473742 16.000000 6.513988
v 21.473742 16.700001 6.513988
v 20.731857 16.000000 8.587417
v 20.731857 16.700001 8.587417
v 19.790314 16.000000 10.578143
v 19.790314 16.700001 10.578143
v 18.658178 16.000000 12.466996
v 18.658178 16.700001 12.466996
v 17.346355 16.000000 14.235786
v 17.346355 16.700001 14.235786
v 15.867476 16.000000 15.867476
v 15.867476 16.700001 15.867476
v 14.235786 16.000000 17.346355
v 14.235786 16.700001 17.346355
v 12.466996 16.000000 18.658178
v 12.466996 16.700001 18.658178
v 10.578143 16.000000 19.790314
v 10.578143 16.700001 19.790314
v 8.587417 16.000000 20.731857
v 8.587417 16.700001 20.731857
v 6.513988 16.000000 21.473742
v 6.513988 16.700001 21.473742
v 4.377827 16.000000 22.008821
v 4.377827 16.700001 22.008821
v 2.199505 16.000000 22.331945
v 2.199505 16.700001 22.331945
v 0.000000 16.000000 22.440001
v 0.000000 16.700001 22.440001
v -2.199505 16.000000 22.331945
v -2.199505 16.700001 22.331945
v -4.377827 16.000000 22.008821
v -4.377827 16.700001 22.008821
v -6.513988 16.000000 21.473742
v -6.513988 16.700001 21.473742
v -8.587417 16.000000 20.731857
v -8.587417 16.700001 20.731857
v -10.578143 16.000000 19.790314
v -10.578143 16.700001 19.790314
v -12.466996 16.000000 18.658178
v -12.466996 16.700001 18.658178
v -14.235786 16.000000 17.346355
v -14.235786 16.700001 17.346355
v -15.867476 16.000000 15.867476
v -15.867476 16.700001 15.867476
v -17.346355 16.000000 14.235786
v -17.346355 16.700001 14.235786
v -18.658178 16.000000 12.466996
v -18.658178 16.700001 12.466996
v -19.790314 16.000000 10.578143
v -19.790314 16.700001 10.578143
v -20.731857 16.000000 8.587417
v -20.731857 16.700001 8.587417
v -21.473742 16.000000 6.513988
v -21.473742 16.700001 6.513988
v -22.008821 16.000000 4.377827
v -22.008821 16.700001 4.377827
v -22.331945 16.000000 2.199505
v -22.331945 16.700001 2.199505
v -22.440001 16.000000 0.000000
v -22.440001 16.700001 0.000000
v -22.331945 16.000000 -2.199505
v -22.331945 16.700001 -2.199505
v -22.008821 16.000000 -4.377827
v -22.008821 16.700001 -4.377827
v -21.473742 16.000000 -6.513988
v -21.473742 16.700001 -6.513988
v -20.731857 16.000000 -8.587417
v -20.731857 16.700001 -8.587417
v -19.790314 16.000000 -10.578143
v -19.790314 16.700001 -10.578143
v -18.658178 16.000000 -12.466996
v -18.658178 16.700001 -12.466996
v -17.346355 16.000000 -14.235786
v -17.346355 16.700001 -14.235786
v -15.867476 16.000000 -15.867476
v -15.867476 16.700001 -15.867476
v -14.235786 16.000000 -17.346355
v -14.235786 16.700001 -17.346355
v -12.466996 16.000000 -18.658178
v -12.466996 16.700001 -18.658178
v -10.578143 16.000000 -19.790314
v -10.578143 16.700001 -19.790314
v -8.587417 16.000000 -20.731857
v -8.587417 16.700001 -20.731857
v -6.513988 16.000000 -21.473742
v -6.513988 16.700001 -21.473742
v -4.377827 16.000000 -22.008821
v -4.377827 16.700001 -22.008821
v -2.199505 16.000000 -22.331945
v -2.199505 16.700001 -22.331945
vn 0.0491 -0.0000 -0.9988
vn 0.1467 -0.0000 -0.9892
vn 0.2430 -0.0000 -0.9700
vn 0.3369 -0.0000 -0.9415
vn 0.4276 -0.0000 -0.9040
vn 0.5141 -0.0000 -0.8577
vn 0.5957 -0.0000 -0.8032
vn 0.6716 -0.0000 -0.7410
vn 0.7410 -0.0000 -0.6716
vn 0.8032 -0.0000 -0.5957
vn 0.8577 -0.0000 -0.5141
vn 0.9040 -0.0000 -0.4276
vn 0.9415 -0.0000 -0.3369
vn 0.9700 -0.0000 -0.2430
vn 0.9892 -0.0000 -0.1467
vn 0.9988 -0.0000 -0.0491
vn 0.9988 -0.0000 0.0491
vn 0.9892 -0.0000 0.1467
vn 0.9700 -0.0000 0.2430
vn 0.9415 -0.0000 0.3369
vn 0.9040 -0.0000 0.4276
vn 0.8577 -0.0000 0.5141
vn 0.8032 -0.0000 0.5957
vn 0.7410 -0.0000 0.6716
vn 0.6716 -0.0000 0.7410
vn 0.5957 -0.0000 0.8032
vn 0.5141 -0.0000 0.8577
vn 0.4276 -0.0000 0.9040
vn 0.3369 -0.0000 0.9415
vn 0.2430 -0.0000 0.9700
vn 0.1467 -0.0000 0.9892
vn 0.0491 -0.0000 0.9988
vn -0.0491 -0.0000 0.9988
vn -0.1467 -0.0000 0.9892
vn -0.2430 -0.0000 0.9700
vn -0.3369 -0.0000 0.9415
vn -0.4276 -0.0000 0.9040
vn -0.5141 -0.0000 0.8577
vn -0.5957 -0.0000 0.8032
vn -0.6716 -0.0000 0.7410
vn -0.7410 -0.0000 0.6716
vn -0.8032 -0.0000 0.5957
vn -0.8577 -0.0000 0.5141
vn -0.9040 -0.0000 0.4276
vn -0.9415 -0.0000 0.3369
vn -0.9700 -0.0000 0.2430
vn -0.9892 -0.0000 0.1467
vn -0.9988 -0.0000 0.0491
vn -0.9988 -0.0000 -0.0491
vn -0.9892 -0.0000 -0.1467
vn -0.9700 -0.0000 -0.2430
vn -0.9415 -0.0000 -0.3369
vn -0.9040 -0.0000 -0.4276
vn -0.8577 -0.0000 -0.5141
vn -0.8032 -0.0000 -0.5957
vn -0.7410 -0.0000 -0.6716
vn -0.6716 -0.0000 -0.7410
vn -0.5957 -0.0000 -0.8032
vn -0.5141 -0.0000 -0.8577
vn -0.4276 -0.0000 -0.9040
vn -0.3369 -0.0000 -0.9415
vn -0.2430 -0.0000 -0.9700
vn -0.0000 1.0000 -0.0000
vn -0.1467 -0.0000 -0.9892
vn -0.0491 -0.0000 -0.9988
vn -0.0000 -1.0000 -0.0000
vt 1.000000 0.500000
vt 1.000000 1.000000
vt 0.984375 1.000000
vt 0.984375 0.500000
vt 0.968750 1.000000
vt 0.968750 0.500000
vt 0.953125 1.000000
vt 0.953125 0.500000
vt 0.937500 1.000000
vt 0.937500 0.500000
vt 0.921875 1.000000
vt 0.921875 0.500000
vt 0.906250 1.000000
vt 0.906250 0.500000
vt 0.890625 1.000000
vt 0.890625 0.500000
vt 0.875000 1.000000
vt 0.875000 0.500000
vt 0.859375 1.000000
vt 0.859375 0.500000
vt 0.843750 1.000000
vt 0.843750 0.500000
vt 0.828125 1.000000
vt 0.828125 0.500000
vt 0.812500 1.000000
vt 0.812500 0.500000
vt 0.796875 1.000000
vt 0.796875 0.500000
vt 0.781250 1.000000
vt 0.781250 0.500000
vt 0.765625 1.000000
vt 0.765625 0.500000
vt 0.750000 1.000000
vt 0.750000 0.500000
vt 0.734375 1.000000
vt 0.734375 0.500000
vt 0.718750 1.000000
vt 0.718750 0.500000
vt 0.703125 1.000000
vt 0.703125 0.500000
vt 0.687500 1.000000
vt 0.687500 0.500000
vt 0.671875 1.000000
vt 0.671875 0.500000
vt 0.656250 1.000000
vt 0.656250 0.500000
vt 0.640625 1.000000
vt 0.640625 0.500000
vt 0.625000 1.000000
vt 0.625000 0.500000
vt 0.609375 1.000000
vt 0.609375 0.500000
vt 0.593750 1.000000
vt 0.593750 0.500000
vt 0.578125 1.000000
vt 0.578125 0.500000
vt 0.562500 1.000000
vt 0.562500 0.500000
vt 0.546875 1.000000
vt 0.546875 0.500000
vt 0.531250 1.000000
vt 0.531250 0.500000
vt 0.515625 1.000000
vt 0.515625 0.500000
vt 0.500000 1.000000
vt 0.500000 0.500000
vt 0.484375 1.000000
vt 0.484375 0.500000
vt 0.468750 1.000000
vt 0.468750 0.500000
vt 0.453125 1.000000
vt 0.453125 0.500000
vt 0.437500 1.000000
vt 0.437500 0.500000
vt 0.421875 1.000000
vt 0.421875 0.500000
vt 0.406250 1.000000
vt 0.406250 0.500000
vt 0.390625 1.000000
vt 0.390625 0.500000
vt 0.375000 1.000000
vt 0.375000 0.500000
vt 0.359375 1.000000
vt 0.359375 0.500000
vt 0.343750 1.000000
vt 0.343750 0.500000
vt 0.328125 1.000000
vt 0.328125 0.500000
vt 0.312500 1.000000
vt 0.312500 0.500000
vt 0.296875 1.000000
vt 0.296875 0.500000
vt 0.281250 1.000000
vt 0.281250 0.500000
vt 0.265625 1.000000
vt 0.265625 0.500000
vt 0.250000 1.000000
vt 0.250000 0.500000
vt 0.234375 1.000000
vt 0.234375 0.500000
vt 0.218750 1.000000
vt 0.218750 0.500000
vt 0.203125 1.000000
vt 0.203125 0.500000
vt 0.187500 1.000000
vt 0.187500 0.500000
vt 0.171875 1.000000
vt 0.171875 0.500000
vt 0.156250 1.000000
vt 0.156250 0.500000
vt 0.140625 1.000000
vt 0.140625 0.500000
vt 0.125000 1.000000
vt 0.125000 0.500000
vt 0.109375 1.000000
vt 0.109375 0.500000
vt 0.093750 1.000000
vt 0.093750 0.500000
vt 0.078125 1.000000
vt 0.078125 0.500000
vt 0.062500 1.000000
vt 0.062500 0.500000
vt 0.046875 1.000000
vt 0.046875 0.500000
vt 0.031250 1.000000
vt 0.031250 0.500000
vt 0.273524 0.488844
vt 0.250000 0.490000
vt 0.226476 0.488844
vt 0.203178 0.485388
vt 0.180332 0.479666
vt 0.158156 0.471731
vt 0.136865 0.461661
vt 0.116663 0.449553
vt 0.097746 0.435522
vt 0.080294 0.419706
vt 0.064478 0.402254
vt 0.050447 0.383337
vt 0.038339 0.363135
vt 0.028269 0.341844
vt 0.020334 0.319668
vt 0.014612 0.296822
vt 0.011156 0.273524
vt 0.010000 0.250000
vt 0.011156 0.226476
vt 0.014612 0.203178
vt 0.020334 0.180332
vt 0.028269 0.158156
vt 0.038339 0.136865
vt 0.050447 0.116663
vt 0.064478 0.097746
vt 0.080294 0.080294
vt 0.097746 0.064478
vt 0.116663 0.050447
vt 0.136865 0.038339
vt 0.158156 0.028269
vt 0.180332 0.020334
vt 0.203178 0.014612
vt 0.226476 0.011156
vt 0.250000 0.010000
vt 0.273524 0.011156
vt 0.296822 0.014612
vt 0.319668 0.020334
vt 0.341844 0.028269
vt 0.363135 0.038339
vt 0.383337 0.050447
vt 0.402254 0.064478
vt 0.419706 0.080294
vt 0.435522 0.097746
vt 0.449553 0.116663
vt 0.461661 0.136865
vt 0.471731 0.158156
vt 0.479666 0.180332
vt 0.485388 0.203178
vt 0.488844 0.226476
vt 0.490000 0.250000
vt 0.488844 0.273524
vt 0.485388 0.296822
vt 0.479666 0.319668
vt 0.471731 0.341844
vt 0.461661 0.363135
vt 0.449553 0.383337
vt 0.435522 0.402254
vt 0.419706 0.419706
vt 0.402254 0.435522
vt 0.383337 0.449553
vt 0.363135 0.461661
vt 0.341844 0.471731
vt 0.319668 0.479666
vt 0.296822 0.485388
vt 0.015625 1.000000
vt 0.015625 0.500000
vt 0.000000 1.000000
vt 0.000000 0.500000
vt 0.750000 0.490000
vt 0.773524 0.488844
vt 0.796822 0.485388
vt 0.819668 0.479666
vt 0.841844 0.471731
vt 0.863135 0.461661
vt 0.883337 0.449553
vt 0.902254 0.435522
vt 0.919706 0.419706
vt 0.935522 0.402254
vt 0.949553 0.383337
vt 0.961661 0.363135
vt 0.971731 0.341844
vt 0.979666 0.319668
vt 0.985388 0.296822
vt 0.988844 0.273524
vt 0.990000 0.250000
vt 0.988844 0.226476
vt 0.985388 0.203178
vt 0.979666 0.180332
vt 0.971731 0.158156
vt 0.961661 0.136865
vt 0.949553 0.116663
vt 0.935522 0.097746
vt 0.919706 0.080294
vt 0.902254 0.064478
vt 0.883337 0.050447
vt 0.863135 0.038339
vt 0.841844 0.028269
vt 0.819668 0.020334
vt 0.796822 0.014612
vt 0.773524 0.011156
vt 0.750000 0.010000
vt 0.726476 0.011156
vt 0.703178 0.014612
vt 0.680332 0.020334
vt 0.658156 0.028269
vt 0.636865 0.038339
vt 0.616663 0.050447
vt 0.597746 0.064478
vt 0.580294 0.080294
vt 0.564478 0.097746
vt 0.550447 0.116663
vt 0.538339 0.136865
vt 0.528269 0.158156
vt 0.520334 0.180332
vt 0.514612 0.203178
vt 0.511156 0.226476
vt 0.510000 0.250000
vt 0.511156 0.273524
vt 0.514612 0.296822
vt 0.520334 0.319668
vt 0.528269 0.341844
vt 0.538339 0.363135
vt 0.550447 0.383337
vt 0.564478 0.402254
vt 0.580294 0.419706
vt 0.597746 0.435522
vt 0.616663 0.449553
vt 0.636865 0.461661
vt 0.658156 0.471731
vt 0.680332 0.479666
vt 0.703178 0.485388
vt 0.726476 0.488844
s 0
usemtl M_AetherInfiniteVoid
f 329/1/163 330/2/163 332/3/163 331/4/163
f 331/4/164 332/3/164 334/5/164 333/6/164
f 333/6/165 334/5/165 336/7/165 335/8/165
f 335/8/166 336/7/166 338/9/166 337/10/166
f 337/10/167 338/9/167 340/11/167 339/12/167
f 339/12/168 340/11/168 342/13/168 341/14/168
f 341/14/169 342/13/169 344/15/169 343/16/169
f 343/16/170 344/15/170 346/17/170 345/18/170
f 345/18/171 346/17/171 348/19/171 347/20/171
f 347/20/172 348/19/172 350/21/172 349/22/172
f 349/22/173 350/21/173 352/23/173 351/24/173
f 351/24/174 352/23/174 354/25/174 353/26/174
f 353/26/175 354/25/175 356/27/175 355/28/175
f 355/28/176 356/27/176 358/29/176 357/30/176
f 357/30/177 358/29/177 360/31/177 359/32/177
f 359/32/178 360/31/178 362/33/178 361/34/178
f 361/34/179 362/33/179 364/35/179 363/36/179
f 363/36/180 364/35/180 366/37/180 365/38/180
f 365/38/181 366/37/181 368/39/181 367/40/181
f 367/40/182 368/39/182 370/41/182 369/42/182
f 369/42/183 370/41/183 372/43/183 371/44/183
f 371/44/184 372/43/184 374/45/184 373/46/184
f 373/46/185 374/45/185 376/47/185 375/48/185
f 375/48/186 376/47/186 378/49/186 377/50/186
f 377/50/187 378/49/187 380/51/187 379/52/187
f 379/52/188 380/51/188 382/53/188 381/54/188
f 381/54/189 382/53/189 384/55/189 383/56/189
f 383/56/190 384/55/190 386/57/190 385/58/190
f 385/58/191 386/57/191 388/59/191 387/60/191
f 387/60/192 388/59/192 390/61/192 389/62/192
f 389/62/193 390/61/193 392/63/193 391/64/193
f 391/64/194 392/63/194 394/65/194 393/66/194
f 393/66/195 394/65/195 396/67/195 395/68/195
f 395/68/196 396/67/196 398/69/196 397/70/196
f 397/70/197 398/69/197 400/71/197 399/72/197
f 399/72/198 400/71/198 402/73/198 401/74/198
f 401/74/199 402/73/199 404/75/199 403/76/199
f 403/76/200 404/75/200 406/77/200 405/78/200
f 405/78/201 406/77/201 408/79/201 407/80/201
f 407/80/202 408/79/202 410/81/202 409/82/202
f 409/82/203 410/81/203 412/83/203 411/84/203
f 411/84/204 412/83/204 414/85/204 413/86/204
f 413/86/205 414/85/205 416/87/205 415/88/205
f 415/88/206 416/87/206 418/89/206 417/90/206
f 417/90/207 418/89/207 420/91/207 419/92/207
f 419/92/208 420/91/208 422/93/208 421/94/208
f 421/94/209 422/93/209 424/95/209 423/96/209
f 423/96/210 424/95/210 426/97/210 425/98/210
f 425/98/211 426/97/211 428/99/211 427/100/211
f 427/100/212 428/99/212 430/101/212 429/102/212
f 429/102/213 430/101/213 432/103/213 431/104/213
f 431/104/214 432/103/214 434/105/214 433/106/214
f 433/106/215 434/105/215 436/107/215 435/108/215
f 435/108/216 436/107/216 438/109/216 437/110/216
f 437/110/217 438/109/217 440/111/217 439/112/217
f 439/112/218 440/111/218 442/113/218 441/114/218
f 441/114/219 442/113/219 444/115/219 443/116/219
f 443/116/220 444/115/220 446/117/220 445/118/220
f 445/118/221 446/117/221 448/119/221 447/120/221
f 447/120/222 448/119/222 450/121/222 449/122/222
f 449/122/223 450/121/223 452/123/223 451/124/223
f 451/124/224 452/123/224 454/125/224 453/126/224
f 332/127/225 330/128/225 456/129/225 454/130/225 452/131/225 450/132/225 448/133/225 446/134/225 444/135/225 442/136/225 440/137/225 438/138/225 436/139/225 434/140/225 432/141/225 430/142/225 428/143/225 426/144/225 424/145/225 422/146/225 420/147/225 418/148/225 416/149/225 414/150/225 412/151/225 410/152/225 408/153/225 406/154/225 404/155/225 402/156/225 400/157/225 398/158/225 396/159/225 394/160/225 392/161/225 390/162/225 388/163/225 386/164/225 384/165/225 382/166/225 380/167/225 378/168/225 376/169/225 374/170/225 372/171/225 370/172/225 368/173/225 366/174/225 364/175/225 362/176/225 360/177/225 358/178/225 356/179/225 354/180/225 352/181/225 350/182/225 348/183/225 346/184/225 344/185/225 342/186/225 340/187/225 338/188/225 336/189/225 334/190/225
f 453/126/226 454/125/226 456/191/226 455/192/226
f 455/192/227 456/191/227 330/193/227 329/194/227
f 329/195/228 331/196/228 333/197/228 335/198/228 337/199/228 339/200/228 341/201/228 343/202/228 345/203/228 347/204/228 349/205/228 351/206/228 353/207/228 355/208/228 357/209/228 359/210/228 361/211/228 363/212/228 365/213/228 367/214/228 369/215/228 371/216/228 373/217/228 375/218/228 377/219/228 379/220/228 381/221/228 383/222/228 385/223/228 387/224/228 389/225/228 391/226/228 393/227/228 395/228/228 397/229/228 399/230/228 401/231/228 403/232/228 405/233/228 407/234/228 409/235/228 411/236/228 413/237/228 415/238/228 417/239/228 419/240/228 421/241/228 423/242/228 425/243/228 427/244/228 429/245/228 431/246/228 433/247/228 435/248/228 437/249/228 439/250/228 441/251/228 443/252/228 445/253/228 447/254/228 449/255/228 451/256/228 453/257/228 455/258/228
o CrystalFloorBase
v 0.000000 -0.650000 -22.219999
v 0.000000 0.000000 -22.219999
v 2.177941 -0.650000 -22.113005
v 2.177941 0.000000 -22.113005
v 4.334907 -0.650000 -21.793047
v 4.334907 0.000000 -21.793047
v 6.450125 -0.650000 -21.263214
v 6.450125 0.000000 -21.263214
v 8.503226 -0.650000 -20.528603
v 8.503226 0.000000 -20.528603
v 10.474436 -0.650000 -19.596289
v 10.474436 0.000000 -19.596289
v 12.344770 -0.650000 -18.475254
v 12.344770 0.000000 -18.475254
v 14.096219 -0.650000 -17.176291
v 14.096219 0.000000 -17.176291
v 15.711912 -0.650000 -15.711912
v 15.711912 0.000000 -15.711912
v 17.176291 -0.650000 -14.096219
v 17.176291 0.000000 -14.096219
v 18.475254 -0.650000 -12.344770
v 18.475254 0.000000 -12.344770
v 19.596289 -0.650000 -10.474436
v 19.596289 0.000000 -10.474436
v 20.528603 -0.650000 -8.503226
v 20.528603 0.000000 -8.503226
v 21.263214 -0.650000 -6.450125
v 21.263214 0.000000 -6.450125
v 21.793047 -0.650000 -4.334907
v 21.793047 0.000000 -4.334907
v 22.113005 -0.650000 -2.177941
v 22.113005 0.000000 -2.177941
v 22.219999 -0.650000 0.000000
v 22.219999 0.000000 0.000000
v 22.113005 -0.650000 2.177941
v 22.113005 0.000000 2.177941
v 21.793047 -0.650000 4.334907
v 21.793047 0.000000 4.334907
v 21.263214 -0.650000 6.450125
v 21.263214 0.000000 6.450125
v 20.528603 -0.650000 8.503226
v 20.528603 0.000000 8.503226
v 19.596289 -0.650000 10.474436
v 19.596289 0.000000 10.474436
v 18.475254 -0.650000 12.344770
v 18.475254 0.000000 12.344770
v 17.176291 -0.650000 14.096219
v 17.176291 0.000000 14.096219
v 15.711912 -0.650000 15.711912
v 15.711912 0.000000 15.711912
v 14.096219 -0.650000 17.176291
v 14.096219 0.000000 17.176291
v 12.344770 -0.650000 18.475254
v 12.344770 0.000000 18.475254
v 10.474436 -0.650000 19.596289
v 10.474436 0.000000 19.596289
v 8.503226 -0.650000 20.528603
v 8.503226 0.000000 20.528603
v 6.450125 -0.650000 21.263214
v 6.450125 0.000000 21.263214
v 4.334907 -0.650000 21.793047
v 4.334907 0.000000 21.793047
v 2.177941 -0.650000 22.113005
v 2.177941 0.000000 22.113005
v 0.000000 -0.650000 22.219999
v 0.000000 0.000000 22.219999
v -2.177941 -0.650000 22.113005
v -2.177941 0.000000 22.113005
v -4.334907 -0.650000 21.793047
v -4.334907 0.000000 21.793047
v -6.450125 -0.650000 21.263214
v -6.450125 0.000000 21.263214
v -8.503226 -0.650000 20.528603
v -8.503226 0.000000 20.528603
v -10.474436 -0.650000 19.596289
v -10.474436 0.000000 19.596289
v -12.344770 -0.650000 18.475254
v -12.344770 0.000000 18.475254
v -14.096219 -0.650000 17.176291
v -14.096219 0.000000 17.176291
v -15.711912 -0.650000 15.711912
v -15.711912 0.000000 15.711912
v -17.176291 -0.650000 14.096219
v -17.176291 0.000000 14.096219
v -18.475254 -0.650000 12.344770
v -18.475254 0.000000 12.344770
v -19.596289 -0.650000 10.474436
v -19.596289 0.000000 10.474436
v -20.528603 -0.650000 8.503226
v -20.528603 0.000000 8.503226
v -21.263214 -0.650000 6.450125
v -21.263214 0.000000 6.450125
v -21.793047 -0.650000 4.334907
v -21.793047 0.000000 4.334907
v -22.113005 -0.650000 2.177941
v -22.113005 0.000000 2.177941
v -22.219999 -0.650000 0.000000
v -22.219999 0.000000 0.000000
v -22.113005 -0.650000 -2.177941
v -22.113005 0.000000 -2.177941
v -21.793047 -0.650000 -4.334907
v -21.793047 0.000000 -4.334907
v -21.263214 -0.650000 -6.450125
v -21.263214 0.000000 -6.450125
v -20.528603 -0.650000 -8.503226
v -20.528603 0.000000 -8.503226
v -19.596289 -0.650000 -10.474436
v -19.596289 0.000000 -10.474436
v -18.475254 -0.650000 -12.344770
v -18.475254 0.000000 -12.344770
v -17.176291 -0.650000 -14.096219
v -17.176291 0.000000 -14.096219
v -15.711912 -0.650000 -15.711912
v -15.711912 0.000000 -15.711912
v -14.096219 -0.650000 -17.176291
v -14.096219 0.000000 -17.176291
v -12.344770 -0.650000 -18.475254
v -12.344770 0.000000 -18.475254
v -10.474436 -0.650000 -19.596289
v -10.474436 0.000000 -19.596289
v -8.503226 -0.650000 -20.528603
v -8.503226 0.000000 -20.528603
v -6.450125 -0.650000 -21.263214
v -6.450125 0.000000 -21.263214
v -4.334907 -0.650000 -21.793047
v -4.334907 0.000000 -21.793047
v -2.177941 -0.650000 -22.113005
v -2.177941 0.000000 -22.113005
vn 0.0491 -0.0000 -0.9988
vn 0.1467 -0.0000 -0.9892
vn 0.2430 -0.0000 -0.9700
vn 0.3369 -0.0000 -0.9415
vn 0.4276 -0.0000 -0.9040
vn 0.5141 -0.0000 -0.8577
vn 0.5957 -0.0000 -0.8032
vn 0.6716 -0.0000 -0.7410
vn 0.7410 -0.0000 -0.6716
vn 0.8032 -0.0000 -0.5957
vn 0.8577 -0.0000 -0.5141
vn 0.9040 -0.0000 -0.4276
vn 0.9415 -0.0000 -0.3369
vn 0.9700 -0.0000 -0.2430
vn 0.9892 -0.0000 -0.1467
vn 0.9988 -0.0000 -0.0491
vn 0.9988 -0.0000 0.0491
vn 0.9892 -0.0000 0.1467
vn 0.9700 -0.0000 0.2430
vn 0.9415 -0.0000 0.3369
vn 0.9040 -0.0000 0.4276
vn 0.8577 -0.0000 0.5141
vn 0.8032 -0.0000 0.5957
vn 0.7410 -0.0000 0.6716
vn 0.6716 -0.0000 0.7410
vn 0.5957 -0.0000 0.8032
vn 0.5141 -0.0000 0.8577
vn 0.4276 -0.0000 0.9040
vn 0.3369 -0.0000 0.9415
vn 0.2430 -0.0000 0.9700
vn 0.1467 -0.0000 0.9892
vn 0.0491 -0.0000 0.9988
vn -0.0491 -0.0000 0.9988
vn -0.1467 -0.0000 0.9892
vn -0.2430 -0.0000 0.9700
vn -0.3369 -0.0000 0.9415
vn -0.4276 -0.0000 0.9040
vn -0.5141 -0.0000 0.8577
vn -0.5957 -0.0000 0.8032
vn -0.6716 -0.0000 0.7410
vn -0.7410 -0.0000 0.6716
vn -0.8032 -0.0000 0.5957
vn -0.8577 -0.0000 0.5141
vn -0.9040 -0.0000 0.4276
vn -0.9415 -0.0000 0.3369
vn -0.9700 -0.0000 0.2430
vn -0.9892 -0.0000 0.1467
vn -0.9988 -0.0000 0.0491
vn -0.9988 -0.0000 -0.0491
vn -0.9892 -0.0000 -0.1467
vn -0.9700 -0.0000 -0.2430
vn -0.9415 -0.0000 -0.3369
vn -0.9040 -0.0000 -0.4276
vn -0.8577 -0.0000 -0.5141
vn -0.8032 -0.0000 -0.5957
vn -0.7410 -0.0000 -0.6716
vn -0.6716 -0.0000 -0.7410
vn -0.5957 -0.0000 -0.8032
vn -0.5141 -0.0000 -0.8577
vn -0.4276 -0.0000 -0.9040
vn -0.3369 -0.0000 -0.9415
vn -0.2430 -0.0000 -0.9700
vn -0.0000 1.0000 -0.0000
vn -0.1467 -0.0000 -0.9892
vn -0.0491 -0.0000 -0.9988
vn -0.0000 -1.0000 -0.0000
vt 1.000000 0.500000
vt 1.000000 1.000000
vt 0.984375 1.000000
vt 0.984375 0.500000
vt 0.968750 1.000000
vt 0.968750 0.500000
vt 0.953125 1.000000
vt 0.953125 0.500000
vt 0.937500 1.000000
vt 0.937500 0.500000
vt 0.921875 1.000000
vt 0.921875 0.500000
vt 0.906250 1.000000
vt 0.906250 0.500000
vt 0.890625 1.000000
vt 0.890625 0.500000
vt 0.875000 1.000000
vt 0.875000 0.500000
vt 0.859375 1.000000
vt 0.859375 0.500000
vt 0.843750 1.000000
vt 0.843750 0.500000
vt 0.828125 1.000000
vt 0.828125 0.500000
vt 0.812500 1.000000
vt 0.812500 0.500000
vt 0.796875 1.000000
vt 0.796875 0.500000
vt 0.781250 1.000000
vt 0.781250 0.500000
vt 0.765625 1.000000
vt 0.765625 0.500000
vt 0.750000 1.000000
vt 0.750000 0.500000
vt 0.734375 1.000000
vt 0.734375 0.500000
vt 0.718750 1.000000
vt 0.718750 0.500000
vt 0.703125 1.000000
vt 0.703125 0.500000
vt 0.687500 1.000000
vt 0.687500 0.500000
vt 0.671875 1.000000
vt 0.671875 0.500000
vt 0.656250 1.000000
vt 0.656250 0.500000
vt 0.640625 1.000000
vt 0.640625 0.500000
vt 0.625000 1.000000
vt 0.625000 0.500000
vt 0.609375 1.000000
vt 0.609375 0.500000
vt 0.593750 1.000000
vt 0.593750 0.500000
vt 0.578125 1.000000
vt 0.578125 0.500000
vt 0.562500 1.000000
vt 0.562500 0.500000
vt 0.546875 1.000000
vt 0.546875 0.500000
vt 0.531250 1.000000
vt 0.531250 0.500000
vt 0.515625 1.000000
vt 0.515625 0.500000
vt 0.500000 1.000000
vt 0.500000 0.500000
vt 0.484375 1.000000
vt 0.484375 0.500000
vt 0.468750 1.000000
vt 0.468750 0.500000
vt 0.453125 1.000000
vt 0.453125 0.500000
vt 0.437500 1.000000
vt 0.437500 0.500000
vt 0.421875 1.000000
vt 0.421875 0.500000
vt 0.406250 1.000000
vt 0.406250 0.500000
vt 0.390625 1.000000
vt 0.390625 0.500000
vt 0.375000 1.000000
vt 0.375000 0.500000
vt 0.359375 1.000000
vt 0.359375 0.500000
vt 0.343750 1.000000
vt 0.343750 0.500000
vt 0.328125 1.000000
vt 0.328125 0.500000
vt 0.312500 1.000000
vt 0.312500 0.500000
vt 0.296875 1.000000
vt 0.296875 0.500000
vt 0.281250 1.000000
vt 0.281250 0.500000
vt 0.265625 1.000000
vt 0.265625 0.500000
vt 0.250000 1.000000
vt 0.250000 0.500000
vt 0.234375 1.000000
vt 0.234375 0.500000
vt 0.218750 1.000000
vt 0.218750 0.500000
vt 0.203125 1.000000
vt 0.203125 0.500000
vt 0.187500 1.000000
vt 0.187500 0.500000
vt 0.171875 1.000000
vt 0.171875 0.500000
vt 0.156250 1.000000
vt 0.156250 0.500000
vt 0.140625 1.000000
vt 0.140625 0.500000
vt 0.125000 1.000000
vt 0.125000 0.500000
vt 0.109375 1.000000
vt 0.109375 0.500000
vt 0.093750 1.000000
vt 0.093750 0.500000
vt 0.078125 1.000000
vt 0.078125 0.500000
vt 0.062500 1.000000
vt 0.062500 0.500000
vt 0.046875 1.000000
vt 0.046875 0.500000
vt 0.031250 1.000000
vt 0.031250 0.500000
vt 0.273524 0.488844
vt 0.250000 0.490000
vt 0.226476 0.488844
vt 0.203178 0.485388
vt 0.180332 0.479666
vt 0.158156 0.471731
vt 0.136865 0.461661
vt 0.116663 0.449553
vt 0.097746 0.435522
vt 0.080294 0.419706
vt 0.064478 0.402254
vt 0.050447 0.383337
vt 0.038339 0.363135
vt 0.028269 0.341844
vt 0.020334 0.319668
vt 0.014612 0.296822
vt 0.011156 0.273524
vt 0.010000 0.250000
vt 0.011156 0.226476
vt 0.014612 0.203178
vt 0.020334 0.180332
vt 0.028269 0.158156
vt 0.038339 0.136865
vt 0.050447 0.116663
vt 0.064478 0.097746
vt 0.080294 0.080294
vt 0.097746 0.064478
vt 0.116663 0.050447
vt 0.136865 0.038339
vt 0.158156 0.028269
vt 0.180332 0.020334
vt 0.203178 0.014612
vt 0.226476 0.011156
vt 0.250000 0.010000
vt 0.273524 0.011156
vt 0.296822 0.014612
vt 0.319668 0.020334
vt 0.341844 0.028269
vt 0.363135 0.038339
vt 0.383337 0.050447
vt 0.402254 0.064478
vt 0.419706 0.080294
vt 0.435522 0.097746
vt 0.449553 0.116663
vt 0.461661 0.136865
vt 0.471731 0.158156
vt 0.479666 0.180332
vt 0.485388 0.203178
vt 0.488844 0.226476
vt 0.490000 0.250000
vt 0.488844 0.273524
vt 0.485388 0.296822
vt 0.479666 0.319668
vt 0.471731 0.341844
vt 0.461661 0.363135
vt 0.449553 0.383337
vt 0.435522 0.402254
vt 0.419706 0.419706
vt 0.402254 0.435522
vt 0.383337 0.449553
vt 0.363135 0.461661
vt 0.341844 0.471731
vt 0.319668 0.479666
vt 0.296822 0.485388
vt 0.015625 1.000000
vt 0.015625 0.500000
vt 0.000000 1.000000
vt 0.000000 0.500000
vt 0.750000 0.490000
vt 0.773524 0.488844
vt 0.796822 0.485388
vt 0.819668 0.479666
vt 0.841844 0.471731
vt 0.863135 0.461661
vt 0.883337 0.449553
vt 0.902254 0.435522
vt 0.919706 0.419706
vt 0.935522 0.402254
vt 0.949553 0.383337
vt 0.961661 0.363135
vt 0.971731 0.341844
vt 0.979666 0.319668
vt 0.985388 0.296822
vt 0.988844 0.273524
vt 0.990000 0.250000
vt 0.988844 0.226476
vt 0.985388 0.203178
vt 0.979666 0.180332
vt 0.971731 0.158156
vt 0.961661 0.136865
vt 0.949553 0.116663
vt 0.935522 0.097746
vt 0.919706 0.080294
vt 0.902254 0.064478
vt 0.883337 0.050447
vt 0.863135 0.038339
vt 0.841844 0.028269
vt 0.819668 0.020334
vt 0.796822 0.014612
vt 0.773524 0.011156
vt 0.750000 0.010000
vt 0.726476 0.011156
vt 0.703178 0.014612
vt 0.680332 0.020334
vt 0.658156 0.028269
vt 0.636865 0.038339
vt 0.616663 0.050447
vt 0.597746 0.064478
vt 0.580294 0.080294
vt 0.564478 0.097746
vt 0.550447 0.116663
vt 0.538339 0.136865
vt 0.528269 0.158156
vt 0.520334 0.180332
vt 0.514612 0.203178
vt 0.511156 0.226476
vt 0.510000 0.250000
vt 0.511156 0.273524
vt 0.514612 0.296822
vt 0.520334 0.319668
vt 0.528269 0.341844
vt 0.538339 0.363135
vt 0.550447 0.383337
vt 0.564478 0.402254
vt 0.580294 0.419706
vt 0.597746 0.435522
vt 0.616663 0.449553
vt 0.636865 0.461661
vt 0.658156 0.471731
vt 0.680332 0.479666
vt 0.703178 0.485388
vt 0.726476 0.488844
s 0
usemtl M_AetherCrystalFloor
f 457/259/229 458/260/229 460/261/229 459/262/229
f 459/262/230 460/261/230 462/263/230 461/264/230
f 461/264/231 462/263/231 464/265/231 463/266/231
f 463/266/232 464/265/232 466/267/232 465/268/232
f 465/268/233 466/267/233 468/269/233 467/270/233
f 467/270/234 468/269/234 470/271/234 469/272/234
f 469/272/235 470/271/235 472/273/235 471/274/235
f 471/274/236 472/273/236 474/275/236 473/276/236
f 473/276/237 474/275/237 476/277/237 475/278/237
f 475/278/238 476/277/238 478/279/238 477/280/238
f 477/280/239 478/279/239 480/281/239 479/282/239
f 479/282/240 480/281/240 482/283/240 481/284/240
f 481/284/241 482/283/241 484/285/241 483/286/241
f 483/286/242 484/285/242 486/287/242 485/288/242
f 485/288/243 486/287/243 488/289/243 487/290/243
f 487/290/244 488/289/244 490/291/244 489/292/244
f 489/292/245 490/291/245 492/293/245 491/294/245
f 491/294/246 492/293/246 494/295/246 493/296/246
f 493/296/247 494/295/247 496/297/247 495/298/247
f 495/298/248 496/297/248 498/299/248 497/300/248
f 497/300/249 498/299/249 500/301/249 499/302/249
f 499/302/250 500/301/250 502/303/250 501/304/250
f 501/304/251 502/303/251 504/305/251 503/306/251
f 503/306/252 504/305/252 506/307/252 505/308/252
f 505/308/253 506/307/253 508/309/253 507/310/253
f 507/310/254 508/309/254 510/311/254 509/312/254
f 509/312/255 510/311/255 512/313/255 511/314/255
f 511/314/256 512/313/256 514/315/256 513/316/256
f 513/316/257 514/315/257 516/317/257 515/318/257
f 515/318/258 516/317/258 518/319/258 517/320/258
f 517/320/259 518/319/259 520/321/259 519/322/259
f 519/322/260 520/321/260 522/323/260 521/324/260
f 521/324/261 522/323/261 524/325/261 523/326/261
f 523/326/262 524/325/262 526/327/262 525/328/262
f 525/328/263 526/327/263 528/329/263 527/330/263
f 527/330/264 528/329/264 530/331/264 529/332/264
f 529/332/265 530/331/265 532/333/265 531/334/265
f 531/334/266 532/333/266 534/335/266 533/336/266
f 533/336/267 534/335/267 536/337/267 535/338/267
f 535/338/268 536/337/268 538/339/268 537/340/268
f 537/340/269 538/339/269 540/341/269 539/342/269
f 539/342/270 540/341/270 542/343/270 541/344/270
f 541/344/271 542/343/271 544/345/271 543/346/271
f 543/346/272 544/345/272 546/347/272 545/348/272
f 545/348/273 546/347/273 548/349/273 547/350/273
f 547/350/274 548/349/274 550/351/274 549/352/274
f 549/352/275 550/351/275 552/353/275 551/354/275
f 551/354/276 552/353/276 554/355/276 553/356/276
f 553/356/277 554/355/277 556/357/277 555/358/277
f 555/358/278 556/357/278 558/359/278 557/360/278
f 557/360/279 558/359/279 560/361/279 559/362/279
f 559/362/280 560/361/280 562/363/280 561/364/280
f 561/364/281 562/363/281 564/365/281 563/366/281
f 563/366/282 564/365/282 566/367/282 565/368/282
f 565/368/283 566/367/283 568/369/283 567/370/283
f 567/370/284 568/369/284 570/371/284 569/372/284
f 569/372/285 570/371/285 572/373/285 571/374/285
f 571/374/286 572/373/286 574/375/286 573/376/286
f 573/376/287 574/375/287 576/377/287 575/378/287
f 575/378/288 576/377/288 578/379/288 577/380/288
f 577/380/289 578/379/289 580/381/289 579/382/289
f 579/382/290 580/381/290 582/383/290 581/384/290
f 460/385/291 458/386/291 584/387/291 582/388/291 580/389/291 578/390/291 576/391/291 574/392/291 572/393/291 570/394/291 568/395/291 566/396/291 564/397/291 562/398/291 560/399/291 558/400/291 556/401/291 554/402/291 552/403/291 550/404/291 548/405/291 546/406/291 544/407/291 542/408/291 540/409/291 538/410/291 536/411/291 534/412/291 532/413/291 530/414/291 528/415/291 526/416/291 524/417/291 522/418/291 520/419/291 518/420/291 516/421/291 514/422/291 512/423/291 510/424/291 508/425/291 506/426/291 504/427/291 502/428/291 500/429/291 498/430/291 496/431/291 494/432/291 492/433/291 490/434/291 488/435/291 486/436/291 484/437/291 482/438/291 480/439/291 478/440/291 476/441/291 474/442/291 472/443/291 470/444/291 468/445/291 466/446/291 464/447/291 462/448/291
f 581/384/292 582/383/292 584/449/292 583/450/292
f 583/450/293 584/449/293 458/451/293 457/452/293
f 457/453/294 459/454/294 461/455/294 463/456/294 465/457/294 467/458/294 469/459/294 471/460/294 473/461/294 475/462/294 477/463/294 479/464/294 481/465/294 483/466/294 485/467/294 487/468/294 489/469/294 491/470/294 493/471/294 495/472/294 497/473/294 499/474/294 501/475/294 503/476/294 505/477/294 507/478/294 509/479/294 511/480/294 513/481/294 515/482/294 517/483/294 519/484/294 521/485/294 523/486/294 525/487/294 527/488/294 529/489/294 531/490/294 533/491/294 535/492/294 537/493/294 539/494/294 541/495/294 543/496/294 545/497/294 547/498/294 549/499/294 551/500/294 553/501/294 555/502/294 557/503/294 559/504/294 561/505/294 563/506/294 565/507/294 567/508/294 569/509/294 571/510/294 573/511/294 575/512/294 577/513/294 579/514/294 581/515/294 583/516/294
o FloorPlate_000
v -2.395677 -0.151813 -16.833935
v -2.395783 0.021434 -16.833691
v -1.323612 -0.153661 -15.065495
v -1.323717 0.019586 -15.065251
v -4.483173 -0.154872 -15.568454
v -4.483279 0.018375 -15.568210
v -3.411108 -0.156720 -13.800014
v -3.411213 0.016527 -13.799769
vn 0.8551 0.0013 -0.5184
vn 0.5184 -0.0009 0.8551
vn -0.8551 -0.0013 0.5184
vn -0.5184 0.0009 -0.8551
vn 0.0006 -1.0000 -0.0014
vn -0.0006 1.0000 0.0014
vt 0.375000 0.000000
vt 0.625000 0.000000
vt 0.625000 0.250000
vt 0.375000 0.250000
vt 0.625000 0.500000
vt 0.375000 0.500000
vt 0.625000 0.750000
vt 0.375000 0.750000
vt 0.625000 1.000000
vt 0.375000 1.000000
vt 0.125000 0.500000
vt 0.125000 0.750000
vt 0.875000 0.500000
vt 0.875000 0.750000
s 0
usemtl M_AetherCrystalFloor
f 585/517/295 586/518/295 588/519/295 587/520/295
f 587/520/296 588/519/296 592/521/296 591/522/296
f 591/522/297 592/521/297 590/523/297 589/524/297
f 589/524/298 590/523/298 586/525/298 585/526/298
f 587/527/299 591/522/299 589/524/299 585/528/299
f 592/521/300 588/529/300 586/530/300 590/523/300
o FloorPlate_001
v 0.362279 -0.105707 -19.935608
v 0.363874 0.166761 -19.935907
v -0.499959 -0.098875 -18.310616
v -0.498364 0.173594 -18.310915
v -0.747098 -0.099863 -20.524279
v -0.745503 0.172605 -20.524578
v -1.609336 -0.093031 -18.899286
v -1.607741 0.179438 -18.899586
vn 0.8833 -0.0047 0.4687
vn -0.4687 0.0037 0.8833
vn -0.8833 0.0047 -0.4687
vn 0.4687 -0.0037 -0.8833
vn -0.0059 -1.0000 0.0011
vn 0.0059 1.0000 -0.0011
vt 0.375000 0.000000
vt 0.625000 0.000000
vt 0.625000 0.250000
vt 0.375000 0.250000
vt 0.625000 0.500000
vt 0.375000 0.500000
vt 0.625000 0.750000
vt 0.375000 0.750000
vt 0.625000 1.000000
vt 0.375000 1.000000
vt 0.125000 0.500000
vt 0.125000 0.750000
vt 0.875000 0.500000
vt 0.875000 0.750000
s 0
usemtl M_AetherCrystalFloor
f 593/531/301 594/532/301 596/533/301 595/534/301
f 595/534/302 596/533/302 600/535/302 599/536/302
f 599/536/303 600/535/303 598/537/303 597/538/303
f 597/538/304 598/537/304 594/539/304 593/540/304
f 595/541/305 599/536/305 597/538/305 593/542/305
f 600/535/306 596/543/306 594/544/306 598/537/306
o FloorPlate_002
v -7.143811 -0.029716 3.079930
v -7.147858 0.157653 3.074996
v -7.788898 0.030701 5.903425
v -7.792945 0.218071 5.898491
v -10.189706 -0.113777 2.385829
v -10.193752 0.073593 2.380896
v -10.834793 -0.053359 5.209324
v -10.838840 0.134011 5.204391
vn 0.9747 0.0269 0.2221
vn -0.2227 0.0209 0.9747
vn -0.9747 -0.0269 -0.2221
vn 0.2227 -0.0209 -0.9747
vn 0.0216 -0.9994 0.0263
vn -0.0216 0.9994 -0.0263
vt 0.375000 0.000000
vt 0.625000 0.000000
vt 0.625000 0.250000
vt 0.375000 0.250000
vt 0.625000 0.500000
vt 0.375000 0.500000
vt 0.625000 0.750000
vt 0.375000 0.750000
vt 0.625000 1.000000
vt 0.375000 1.000000
vt 0.125000 0.500000
vt 0.125000 0.750000
vt 0.875000 0.500000
vt 0.875000 0.750000
s 0
usemtl M_AetherCrystalFloor
f 601/545/307 602/546/307 604/547/307 603/548/307
f 603/548/308 604/547/308 608/549/308 607/550/308
f 607/550/309 608/549/309 606/551/309 605/552/309
f 605/552/310 606/551/310 602/553/310 601/554/310
f 603/555/311 607/550/311 605/552/311 601/556/311
f 608/549/312 604/557/312 602/558/312 606/551/312
o FloorPlate_003
v 3.419901 -0.221469 -18.229246
v 3.417098 0.012061 -18.223858
v 2.912766 -0.190706 -19.826534
v 2.909962 0.042824 -19.821146
v 5.131586 -0.188400 -18.772066
v 5.128783 0.045131 -18.766678
v 4.624451 -0.157637 -20.369354
v 4.621647 0.075894 -20.363966
vn -0.9531 -0.0184 0.3022
vn -0.3026 0.0184 -0.9530
vn 0.9531 0.0184 -0.3022
vn 0.3026 -0.0184 0.9530
vn 0.0120 -0.9997 -0.0231
vn -0.0120 0.9997 0.0231
vt 0.375000 0.000000
vt 0.625000 0.000000
vt 0.625000 0.250000
vt 0.375000 0.250000
vt 0.625000 0.500000
vt 0.375000 0.500000
vt 0.625000 0.750000
vt 0.375000 0.750000
vt 0.625000 1.000000
vt 0.375000 1.000000
vt 0.125000 0.500000
vt 0.125000 0.750000
vt 0.875000 0.500000
vt 0.875000 0.750000
s 0
usemtl M_AetherCrystalFloor
f 609/559/313 610/560/313 612/561/313 611/562/313
f 611/562/314 612/561/314 616/563/314 615/564/314
f 615/564/315 616/563/315 614/565/315 613/566/315
f 613/566/316 614/565/316 610/567/316 609/568/316
f 611/569/317 615/564/317 613/566/317 609/570/317
f 616/563/318 612/571/318 610/572/318 614/565/318
o FloorPlate_004
v 17.509329 -0.049190 -8.270998
v 17.504911 0.169192 -8.274265
v 15.194655 -0.127775 -10.392965
v 15.190237 0.090607 -10.396233
v 18.441954 -0.045544 -9.288454
v 18.437534 0.172838 -9.291721
v 16.127279 -0.124130 -11.410421
v 16.122862 0.094252 -11.413689
vn -0.6757 -0.0026 0.7372
vn -0.7369 -0.0250 -0.6755
vn 0.6757 0.0026 -0.7372
vn 0.7369 0.0250 0.6755
vn 0.0202 -0.9997 0.0150
vn -0.0202 0.9997 -0.0150
vt 0.375000 0.000000
vt 0.625000 0.000000
vt 0.625000 0.250000
vt 0.375000 0.250000
vt 0.625000 0.500000
vt 0.375000 0.500000
vt 0.625000 0.750000
vt 0.375000 0.750000
vt 0.625000 1.000000
vt 0.375000 1.000000
vt 0.125000 0.500000
vt 0.125000 0.750000
vt 0.875000 0.500000
vt 0.875000 0.750000
s 0
usemtl M_AetherCrystalFloor
f 617/573/319 618/574/319 620/575/319 619/576/319
f 619/576/320 620/575/320 624/577/320 623/578/320
f 623/578/321 624/577/321 622/579/321 621/580/321
f 621/580/322 622/579/322 618/581/322 617/582/322
f 619/583/323 623/578/323 621/580/323 617/584/323
f 624/577/324 620/585/324 618/586/324 622/579/324
o FloorPlate_005
v -1.069656 -0.241453 10.639286
v -1.065296 0.004757 10.635861
v -1.886451 -0.209066 11.927931
v -1.882091 0.037145 11.924506
v -3.677200 -0.218272 8.985936
v -3.672840 0.027938 8.982512
v -4.493995 -0.185885 10.274581
v -4.489635 0.060326 10.271156
vn 0.8445 -0.0075 0.5355
vn -0.5352 0.0212 0.8444
vn -0.8445 0.0075 -0.5355
vn 0.5352 -0.0212 -0.8444
vn -0.0177 -0.9997 0.0139
vn 0.0177 0.9997 -0.0139
vt 0.375000 0.000000
vt 0.625000 0.000000
vt 0.625000 0.250000
vt 0.375000 0.250000
vt 0.625000 0.500000
vt 0.375000 0.500000
vt 0.625000 0.750000
vt 0.375000 0.750000
vt 0.625000 1.000000
vt 0.375000 1.000000
vt 0.125000 0.500000
vt 0.125000 0.750000
vt 0.875000 0.500000
vt 0.875000 0.750000
s 0
usemtl M_AetherCrystalFloor
f 625/587/325 626/588/325 628/589/325 627/590/325
f 627/590/326 628/589/326 632/591/326 631/592/326
f 631/592/327 632/591/327 630/593/327 629/594/327
f 629/594/328 630/593/328 626/595/328 625/596/328
f 627/597/329 631/592/329 629/594/329 625/598/329
f 632/591/330 628/599/330 626/600/330 630/593/330
o FloorPlate_006
v 12.073440 -0.120425 -6.102170
v 12.080645 0.075481 -6.101610
v 10.464876 -0.057286 -7.493283
v 10.472081 0.138621 -7.492723
v 13.350965 -0.163185 -7.581330
v 13.358170 0.032722 -7.580770
v 11.742401 -0.100045 -8.972444
v 11.749606 0.095861 -8.971883
vn -0.6535 0.0219 0.7566
vn -0.7560 0.0297 -0.6538
vn 0.6535 -0.0219 -0.7566
vn 0.7560 -0.0297 0.6538
vn -0.0368 -0.9993 -0.0029
vn 0.0368 0.9993 0.0029
vt 0.375000 0.000000
vt 0.625000 0.000000
vt 0.625000 0.250000
vt 0.375000 0.250000
vt 0.625000 0.500000
vt 0.375000 0.500000
vt 0.625000 0.750000
vt 0.375000 0.750000
vt 0.625000 1.000000
vt 0.375000 1.000000
vt 0.125000 0.500000
vt 0.125000 0.750000
vt 0.875000 0.500000
vt 0.875000 0.750000
s 0
usemtl M_AetherCrystalFloor
f 633/601/331 634/602/331 636/603/331 635/604/331
f 635/604/332 636/603/332 640/605/332 639/606/332
f 639/606/333 640/605/333 638/607/333 637/608/333
f 637/608/334 638/607/334 634/609/334 633/610/334
f 635/611/335 639/606/335 637/608/335 633/612/335
f 640/605/336 636/613/336 634/614/336 638/607/336
o FloorPlate_007
v -9.502392 -0.006568 -8.407478
v -9.496078 0.217444 -8.400652
v -7.377296 -0.066765 -8.397351
v -7.370983 0.157248 -8.390526
v -9.514177 -0.070091 -6.311851
v -9.507864 0.153922 -6.305025
v -7.389082 -0.130287 -6.301724
v -7.382769 0.093726 -6.294898
vn 0.0056 0.0303 -0.9995
vn 0.9996 -0.0283 0.0048
vn -0.0056 -0.0303 0.9995
vn -0.9996 0.0283 -0.0048
vn -0.0282 -0.9991 -0.0304
vn 0.0282 0.9991 0.0304
vt 0.375000 0.000000
vt 0.625000 0.000000
vt 0.625000 0.250000
vt 0.375000 0.250000
vt 0.625000 0.500000
vt 0.375000 0.500000
vt 0.625000 0.750000
vt 0.375000 0.750000
vt 0.625000 1.000000
vt 0.375000 1.000000
vt 0.125000 0.500000
vt 0.125000 0.750000
vt 0.875000 0.500000
vt 0.875000 0.750000
s 0
usemtl M_AetherCrystalFloor
f 641/615/337 642/616/337 644/617/337 643/618/337
f 643/618/338 644/617/338 648/619/338 647/620/338
f 647/620/339 648/619/339 646/621/339 645/622/339
f 645/622/340 646/621/340 642/623/340 641/624/340
f 643/625/341 647/620/341 645/622/341 641/626/341
f 648/619/342 644/627/342 642/628/342 646/621/342
o FloorPlate_008
v 13.047803 -0.104784 -12.446446
v 13.049694 0.129467 -12.443789
v 15.566207 -0.119966 -12.900441
v 15.568099 0.114285 -12.897783
v 13.337771 -0.125382 -10.837240
v 13.339664 0.108869 -10.834582
v 15.856176 -0.140564 -11.291235
v 15.858068 0.093686 -11.288577
vn -0.1773 0.0126 -0.9841
vn 0.9841 -0.0059 -0.1774
vn 0.1773 -0.0126 0.9841
vn -0.9841 0.0059 0.1774
vn -0.0081 -0.9999 -0.0113
vn 0.0081 0.9999 0.0113
vt 0.375000 0.000000
vt 0.625000 0.000000
vt 0.625000 0.250000
vt 0.375000 0.250000
vt 0.625000 0.500000
vt 0.375000 0.500000
vt 0.625000 0.750000
vt 0.375000 0.750000
vt 0.625000 1.000000
vt 0.375000 1.000000
vt 0.125000 0.500000
vt 0.125000 0.750000
vt 0.875000 0.500000
vt 0.875000 0.750000
s 0
usemtl M_AetherCrystalFloor
f 649/629/343 650/630/343 652/631/343 651/632/343
f 651/632/344 652/631/344 656/633/344 655/634/344
f 655/634/345 656/633/345 654/635/345 653/636/345
f 653/636/346 654/635/346 650/637/346 649/638/346
f 651/639/347 655/634/347 653/636/347 649/640/347
f 656/633/348 652/641/348 650/642/348 654/635/348
o FloorPlate_009
v -13.535588 -0.081011 10.706575
v -13.543817 0.196186 10.709495
v -16.600771 -0.162739 9.827474
v -16.608999 0.114459 9.830393
v -13.111282 -0.052808 9.224518
v -13.119511 0.224390 9.227437
v -16.176464 -0.134535 8.345416
v -16.184692 0.142662 8.348335
vn -0.2752 -0.0183 0.9612
vn -0.9609 -0.0256 -0.2756
vn 0.2752 0.0183 -0.9612
vn 0.9609 0.0256 0.2756
vn 0.0297 -0.9995 -0.0105
vn -0.0297 0.9995 0.0105
vt 0.375000 0.000000
vt 0.625000 0.000000
vt 0.625000 0.250000
vt 0.375000 0.250000
vt 0.625000 0.500000
vt 0.375000 0.500000
vt 0.625000 0.750000
vt 0.375000 0.750000
vt 0.625000 1.000000
vt 0.375000 1.000000
vt 0.125000 0.500000
vt 0.125000 0.750000
vt 0.875000 0.500000
vt 0.875000 0.750000
s 0
usemtl M_AetherCrystalFloor
f 657/643/349 658/644/349 660/645/349 659/646/349
f 659/646/350 660/645/350 664/647/350 663/648/350
f 663/648/351 664/647/351 662/649/351 661/650/351
f 661/650/352 662/649/352 658/651/352 657/652/352
f 659/653/353 663/648/353 661/650/353 657/654/353
f 664/647/354 660/655/354 658/656/354 662/649/354
o FloorPlate_010
v -13.957800 -0.106576 -13.938021
v -13.954406 0.069510 -13.936455
v -13.163941 -0.137866 -12.140015
v -13.160547 0.038220 -12.138450
v -15.276455 -0.086335 -13.355453
v -15.273061 0.089751 -13.353888
v -14.482596 -0.117625 -11.557447
v -14.479202 0.058461 -11.555882
vn 0.9146 -0.0140 -0.4041
vn 0.4039 -0.0159 0.9147
vn -0.9146 0.0140 0.4041
vn -0.4039 0.0159 -0.9147
vn -0.0193 -0.9998 -0.0089
vn 0.0193 0.9998 0.0089
vt 0.375000 0.000000
vt 0.625000 0.000000
vt 0.625000 0.250000
vt 0.375000 0.250000
vt 0.625000 0.500000
vt 0.375000 0.500000
vt 0.625000 0.750000
vt 0.375000 0.750000
vt 0.625000 1.000000
vt 0.375000 1.000000
vt 0.125000 0.500000
vt 0.125000 0.750000
vt 0.875000 0.500000
vt 0.875000 0.750000
s 0
usemtl M_AetherCrystalFloor
f 665/657/355 666/658/355 668/659/355 667/660/355
f 667/660/356 668/659/356 672/661/356 671/662/356
f 671/662/357 672/661/357 670/663/357 669/664/357
f 669/664/358 670/663/358 666/665/358 665/666/358
f 667/667/359 671/662/359 669/664/359 665/668/359
f 672/661/360 668/669/360 666/670/360 670/663/360
o FloorPlate_011
v 13.163902 -0.159452 9.251759
v 13.168461 0.008821 9.254556
v 11.549009 -0.139061 10.657112
v 11.553569 0.029211 10.659909
v 12.130242 -0.111690 8.063287
v 12.134802 0.056583 8.066084
v 10.515350 -0.091299 9.468640
v 10.519909 0.076973 9.471437
vn 0.6560 -0.0303 0.7542
vn -0.7543 0.0095 0.6564
vn -0.6560 0.0303 -0.7542
vn 0.7543 -0.0095 -0.6564
vn -0.0271 -0.9995 -0.0166
vn 0.0271 0.9995 0.0166
vt 0.375000 0.000000
vt 0.625000 0.000000
vt 0.625000 0.250000
vt 0.375000 0.250000
vt 0.625000 0.500000
vt 0.375000 0.500000
vt 0.625000 0.750000
vt 0.375000 0.750000
vt 0.625000 1.000000
vt 0.375000 1.000000
vt 0.125000 0.500000
vt 0.125000 0.750000
vt 0.875000 0.500000
vt 0.875000 0.750000
s 0
usemtl M_AetherCrystalFloor
f 673/671/361 674/672/361 676/673/361 675/674/361
f 675/674/362 676/673/362 680/675/362 679/676/362
f 679/676/363 680/675/363 678/677/363 677/678/363
f 677/678/364 678/677/364 674/679/364 673/680/364
f 675/681/365 679/676/365 677/678/365 673/682/365
f 680/675/366 676/683/366 674/684/366 678/677/366
o FloorPlate_012
v -11.392924 -0.148203 7.345196
v -11.390552 0.058123 7.343077
v -11.104316 -0.126768 9.755702
v -11.101944 0.079559 9.753583
v -14.317083 -0.110990 7.694972
v -14.314712 0.095337 7.692853
v -14.028476 -0.089554 10.105478
v -14.026103 0.116772 10.103359
vn 0.9928 -0.0126 -0.1188
vn 0.1189 0.0088 0.9929
vn -0.9928 0.0126 0.1188
vn -0.1189 -0.0088 -0.9929
vn -0.0115 -0.9999 0.0103
vn 0.0115 0.9999 -0.0103
vt 0.375000 0.000000
vt 0.625000 0.000000
vt 0.625000 0.250000
vt 0.375000 0.250000
vt 0.625000 0.500000
vt 0.375000 0.500000
vt 0.625000 0.750000
vt 0.375000 0.750000
vt 0.625000 1.000000
vt 0.375000 1.000000
vt 0.125000 0.500000
vt 0.125000 0.750000
vt 0.875000 0.500000
vt 0.875000 0.750000
s 0
usemtl M_AetherCrystalFloor
f 681/685/367 682/686/367 684/687/367 683/688/367
f 683/688/368 684/687/368 688/689/368 687/690/368
f 687/690/369 688/689/369 686/691/369 685/692/369
f 685/692/370 686/691/370 682/693/370 681/694/370
f 683/695/371 687/690/371 685/692/371 681/696/371
f 688/689/372 684/697/372 682/698/372 686/691/372
o FloorPlate_013
v -13.349841 -0.064670 -5.019674
v -13.345450 0.153297 -5.015429
v -12.656734 -0.105002 -3.665644
v -12.652344 0.112965 -3.661399
v -14.419472 -0.053794 -4.471823
v -14.415081 0.164173 -4.467578
v -13.726365 -0.094126 -3.117793
v -13.721974 0.123841 -3.113548
vn 0.8900 -0.0090 -0.4559
vn 0.4555 -0.0265 0.8898
vn -0.8900 0.0090 0.4559
vn -0.4555 0.0265 -0.8898
vn -0.0201 -0.9996 -0.0195
vn 0.0201 0.9996 0.0195
vt 0.375000 0.000000
vt 0.625000 0.000000
vt 0.625000 0.250000
vt 0.375000 0.250000
vt 0.625000 0.500000
vt 0.375000 0.500000
vt 0.625000 0.750000
vt 0.375000 0.750000
vt 0.625000 1.000000
vt 0.375000 1.000000
vt 0.125000 0.500000
vt 0.125000 0.750000
vt 0.875000 0.500000
vt 0.875000 0.750000
s 0
usemtl M_AetherCrystalFloor
f 689/699/373 690/700/373 692/701/373 691/702/373
f 691/702/374 692/701/374 696/703/374 695/704/374
f 695/704/375 696/703/375 694/705/375 693/706/375
f 693/706/376 694/705/376 690/707/376 689/708/376
f 691/709/377 695/704/377 693/706/377 689/710/377
f 696/703/378 692/711/378 690/712/378 694/705/378
o FloorPlate_014
v 0.819967 -0.069215 11.911415
v 0.820111 0.134782 11.909399
v 2.847493 -0.071646 11.810620
v 2.847638 0.132351 11.808604
v 0.879577 -0.057411 13.110206
v 0.879721 0.146585 13.108190
v 2.907103 -0.059842 13.009411
v 2.907248 0.144154 13.007395
vn -0.0497 -0.0098 -0.9987
vn 0.9988 -0.0012 -0.0497
vn 0.0497 0.0098 0.9987
vn -0.9988 0.0012 0.0497
vn -0.0007 -1.0000 0.0099
vn 0.0007 1.0000 -0.0099
vt 0.375000 0.000000
vt 0.625000 0.000000
vt 0.625000 0.250000
vt 0.375000 0.250000
vt 0.625000 0.500000
vt 0.375000 0.500000
vt 0.625000 0.750000
vt 0.375000 0.750000
vt 0.625000 1.000000
vt 0.375000 1.000000
vt 0.125000 0.500000
vt 0.125000 0.750000
vt 0.875000 0.500000
vt 0.875000 0.750000
s 0
usemtl M_AetherCrystalFloor
f 697/713/379 698/714/379 700/715/379 699/716/379
f 699/716/380 700/715/380 704/717/380 703/718/380
f 703/718/381 704/717/381 702/719/381 701/720/381
f 701/720/382 702/719/382 698/721/382 697/722/382
f 699/723/383 703/718/383 701/720/383 697/724/383
f 704/717/384 700/725/384 698/726/384 702/719/384
o FloorPlate_015
v 16.608438 -0.158928 6.267790
v 16.605274 0.090448 6.269442
v 18.571970 -0.143595 7.713702
v 18.568806 0.105781 7.715354
v 15.651077 -0.179693 7.568095
v 15.647913 0.069683 7.569747
v 17.614609 -0.164359 9.014008
v 17.611444 0.085017 9.015659
vn 0.5928 0.0129 -0.8052
vn 0.8052 0.0063 0.5929
vn -0.5928 -0.0129 0.8052
vn -0.8052 -0.0063 -0.5929
vn 0.0127 -0.9999 -0.0066
vn -0.0127 0.9999 0.0066
vt 0.375000 0.000000
vt 0.625000 0.000000
vt 0.625000 0.250000
vt 0.375000 0.250000
vt 0.625000 0.500000
vt 0.375000 0.500000
vt 0.625000 0.750000
vt 0.375000 0.750000
vt 0.625000 1.000000
vt 0.375000 1.000000
vt 0.125000 0.500000
vt 0.125000 0.750000
vt 0.875000 0.500000
vt 0.875000 0.750000
s 0
usemtl M_AetherCrystalFloor
f 705/727/385 706/728/385 708/729/385 707/730/385
f 707/730/386 708/729/386 712/731/386 711/732/386
f 711/732/387 712/731/387 710/733/387 709/734/387
f 709/734/388 710/733/388 706/735/388 705/736/388
f 707/737/389 711/732/389 709/734/389 705/738/389
f 712/731/390 708/739/390 706/740/390 710/733/390
o FloorPlate_016
v -14.719530 -0.149384 9.800524
v -14.712591 0.069897 9.803445
v -14.256168 -0.194967 12.121728
v -14.249229 0.024314 12.124648
v -17.537497 -0.067726 10.364654
v -17.530558 0.151555 10.367574
v -17.074135 -0.113309 12.685857
v -17.067196 0.105972 12.688778
vn 0.9801 -0.0284 -0.1962
vn 0.1957 -0.0193 0.9805
vn -0.9801 0.0284 0.1962
vn -0.1957 0.0193 -0.9805
vn -0.0316 -0.9994 -0.0133
vn 0.0316 0.9994 0.0133
vt 0.375000 0.000000
vt 0.625000 0.000000
vt 0.625000 0.250000
vt 0.375000 0.250000
vt 0.625000 0.500000
vt 0.375000 0.500000
vt 0.625000 0.750000
vt 0.375000 0.750000
vt 0.625000 1.000000
vt 0.375000 1.000000
vt 0.125000 0.500000
vt 0.125000 0.750000
vt 0.875000 0.500000
vt 0.875000 0.750000
s 0
usemtl M_AetherCrystalFloor
f 713/741/391 714/742/391 716/743/391 715/744/391
f 715/744/392 716/743/392 720/745/392 719/746/392
f 719/746/393 720/745/393 718/747/393 717/748/393
f 717/748/394 718/747/394 714/749/394 713/750/394
f 715/751/395 719/746/395 717/748/395 713/752/395
f 720/745/396 716/753/396 714/754/396 718/747/396
o FloorPlate_017
v -12.871081 -0.086094 -10.965421
v -12.871109 0.173101 -10.973873
v -11.079310 -0.160725 -13.259728
v -11.079338 0.098470 -13.268182
v -10.432430 -0.023785 -9.062949
v -10.432458 0.235409 -9.071403
v -8.640659 -0.098417 -11.357258
v -8.640687 0.160778 -11.365710
vn -0.7883 -0.0201 -0.6150
vn 0.6153 -0.0256 -0.7879
vn 0.7883 0.0201 0.6150
vn -0.6153 0.0256 0.7879
vn 0.0001 -0.9995 0.0326
vn -0.0001 0.9995 -0.0326
vt 0.375000 0.000000
vt 0.625000 0.000000
vt 0.625000 0.250000
vt 0.375000 0.250000
vt 0.625000 0.500000
vt 0.375000 0.500000
vt 0.625000 0.750000
vt 0.375000 0.750000
vt 0.625000 1.000000
vt 0.375000 1.000000
vt 0.125000 0.500000
vt 0.125000 0.750000
vt 0.875000 0.500000
vt 0.875000 0.750000
s 0
usemtl M_AetherCrystalFloor
f 721/755/397 722/756/397 724/757/397 723/758/397
f 723/758/398 724/757/398 728/759/398 727/760/398
f 727/760/399 728/759/399 726/761/399 725/762/399
f 725/762/400 726/761/400 722/763/400 721/764/400
f 723/765/401 727/760/401 725/762/401 721/766/401
f 728/759/402 724/767/402 722/768/402 726/761/402
o FloorPlate_018
v 4.848398 -0.132040 -19.860306
v 4.846290 0.046109 -19.856213
v 6.241369 -0.145967 -18.536842
v 6.239261 0.032182 -18.532749
v 3.972849 -0.163566 -18.939106
v 3.970742 0.014583 -18.935013
v 5.365821 -0.177493 -17.615643
v 5.363713 0.000656 -17.611549
vn 0.6887 0.0248 -0.7246
vn 0.7249 -0.0072 0.6888
vn -0.6887 -0.0248 0.7246
vn -0.7249 0.0072 -0.6888
vn 0.0118 -0.9997 -0.0230
vn -0.0118 0.9997 0.0230
vt 0.375000 0.000000
vt 0.625000 0.000000
vt 0.625000 0.250000
vt 0.375000 0.250000
vt 0.625000 0.500000
vt 0.375000 0.500000
vt 0.625000 0.750000
vt 0.375000 0.750000
vt 0.625000 1.000000
vt 0.375000 1.000000
vt 0.125000 0.500000
vt 0.125000 0.750000
vt 0.875000 0.500000
vt 0.875000 0.750000
s 0
usemtl M_AetherCrystalFloor
f 729/769/403 730/770/403 732/771/403 731/772/403
f 731/772/404 732/771/404 736/773/404 735/774/404
f 735/774/405 736/773/405 734/775/405 733/776/405
f 733/776/406 734/775/406 730/777/406 729/778/406
f 731/779/407 735/774/407 733/776/407 729/780/407
f 736/773/408 732/781/408 730/782/408 734/775/408
o FloorPlate_019
v -10.807329 -0.055645 -2.503254
v -10.814547 0.133398 -2.502769
v -12.456027 -0.113613 -4.437687
v -12.463243 0.075430 -4.437201
v -8.656437 0.031183 -4.339040
v -8.663653 0.220226 -4.338554
v -10.305134 -0.026784 -6.273473
v -10.312351 0.162259 -6.272987
vn -0.7603 -0.0307 0.6489
vn -0.6485 -0.0228 -0.7609
vn 0.7603 0.0307 -0.6489
vn 0.6485 0.0228 0.7609
vn 0.0381 -0.9993 -0.0026
vn -0.0381 0.9993 0.0026
vt 0.375000 0.000000
vt 0.625000 0.000000
vt 0.625000 0.250000
vt 0.375000 0.250000
vt 0.625000 0.500000
vt 0.375000 0.500000
vt 0.625000 0.750000
vt 0.375000 0.750000
vt 0.625000 1.000000
vt 0.375000 1.000000
vt 0.125000 0.500000
vt 0.125000 0.750000
vt 0.875000 0.500000
vt 0.875000 0.750000
s 0
usemtl M_AetherCrystalFloor
f 737/783/409 738/784/409 740/785/409 739/786/409
f 739/786/410 740/785/410 744/787/410 743/788/410
f 743/788/411 744/787/411 742/789/411 741/790/411
f 741/790/412 742/789/412 738/791/412 737/792/412
f 739/793/413 743/788/413 741/790/413 737/794/413
f 744/787/414 740/795/414 738/796/414 742/789/414
o FloorPlate_020
v 4.998857 -0.070832 -11.857194
v 4.999434 0.154824 -11.859608
v 6.377223 -0.070121 -11.461814
v 6.377799 0.155535 -11.464228
v 4.405268 -0.047182 -9.787874
v 4.405844 0.178473 -9.790288
v 5.783633 -0.046472 -9.392494
v 5.784209 0.179184 -9.394908
vn 0.2757 -0.0110 -0.9612
vn 0.9612 0.0005 0.2757
vn -0.2757 0.0110 0.9612
vn -0.9612 -0.0005 -0.2757
vn -0.0026 -0.9999 0.0107
vn 0.0026 0.9999 -0.0107
vt 0.375000 0.000000
vt 0.625000 0.000000
vt 0.625000 0.250000
vt 0.375000 0.250000
vt 0.625000 0.500000
vt 0.375000 0.500000
vt 0.625000 0.750000
vt 0.375000 0.750000
vt 0.625000 1.000000
vt 0.375000 1.000000
vt 0.125000 0.500000
vt 0.125000 0.750000
vt 0.875000 0.500000
vt 0.875000 0.750000
s 0
usemtl M_AetherCrystalFloor
f 745/797/415 746/798/415 748/799/415 747/800/415
f 747/800/416 748/799/416 752/801/416 751/802/416
f 751/802/417 752/801/417 750/803/417 749/804/417
f 749/804/418 750/803/418 746/805/418 745/806/418
f 747/807/419 751/802/419 749/804/419 745/808/419
f 752/801/420 748/809/420 746/810/420 750/803/420
o FloorPlate_021
v -2.885270 -0.266523 13.647682
v -2.881058 -0.059187 13.653756
v -5.505774 -0.168178 12.107650
v -5.501561 0.039157 12.113723
v -1.818101 -0.235070 11.833808
v -1.813889 -0.027735 11.839881
v -4.438604 -0.136726 10.293775
v -4.434392 0.070610 10.299849
vn -0.5070 -0.0149 0.8618
vn -0.8617 0.0323 -0.5064
vn 0.5070 0.0149 -0.8618
vn 0.8617 -0.0323 0.5064
vn -0.0203 -0.9994 -0.0293
vn 0.0203 0.9994 0.0293
vt 0.375000 0.000000
vt 0.625000 0.000000
vt 0.625000 0.250000
vt 0.375000 0.250000
vt 0.625000 0.500000
vt 0.375000 0.500000
vt 0.625000 0.750000
vt 0.375000 0.750000
vt 0.625000 1.000000
vt 0.375000 1.000000
vt 0.125000 0.500000
vt 0.125000 0.750000
vt 0.875000 0.500000
vt 0.875000 0.750000
s 0
usemtl M_AetherCrystalFloor
f 753/811/421 754/812/421 756/813/421 755/814/421
f 755/814/422 756/813/422 760/815/422 759/816/422
f 759/816/423 760/815/423 758/817/423 757/818/423
f 757/818/424 758/817/424 754/819/424 753/820/424
f 755/821/425 759/816/425 757/818/425 753/822/425
f 760/815/426 756/823/426 754/824/426 758/817/426
o FloorPlate_022
v 9.803342 -0.043471 13.875197
v 9.798477 0.122904 13.870249
v 10.032371 -0.002761 15.018664
v 10.027506 0.163615 15.013716
v 7.630156 -0.094016 14.312271
v 7.625291 0.072360 14.307323
v 7.859185 -0.053305 15.455738
v 7.854320 0.113070 15.450789
vn 0.9801 0.0228 -0.1971
vn 0.1963 0.0349 0.9799
vn -0.9801 -0.0228 0.1971
vn -0.1963 -0.0349 -0.9799
vn 0.0292 -0.9991 0.0297
vn -0.0292 0.9991 -0.0297
vt 0.375000 0.000000
vt 0.625000 0.000000
vt 0.625000 0.250000
vt 0.375000 0.250000
vt 0.625000 0.500000
vt 0.375000 0.500000
vt 0.625000 0.750000
vt 0.375000 0.750000
vt 0.625000 1.000000
vt 0.375000 1.000000
vt 0.125000 0.500000
vt 0.125000 0.750000
vt 0.875000 0.500000
vt 0.875000 0.750000
s 0
usemtl M_AetherCrystalFloor
f 761/825/427 762/826/427 764/827/427 763/828/427
f 763/828/428 764/827/428 768/829/428 767/830/428
f 767/830/429 768/829/429 766/831/429 765/832/429
f 765/832/430 766/831/430 762/833/430 761/834/430
f 763/835/431 767/830/431 765/832/431 761/836/431
f 768/829/432 764/837/432 762/838/432 766/831/432
o FloorPlate_023
v 7.371990 -0.097855 -9.814864
v 7.366522 0.135621 -9.809307
v 5.234137 -0.167702 -8.984099
v 5.228668 0.065773 -8.978542
v 6.330814 -0.058546 -12.490875
v 6.325346 0.174929 -12.485318
v 4.192961 -0.128394 -11.660110
v 4.187492 0.105081 -11.654553
vn 0.3626 -0.0137 0.9319
vn -0.9317 -0.0304 0.3620
vn -0.3626 0.0137 -0.9319
vn 0.9317 0.0304 -0.3620
vn 0.0234 -0.9994 -0.0238
vn -0.0234 0.9994 0.0238
vt 0.375000 0.000000
vt 0.625000 0.000000
vt 0.625000 0.250000
vt 0.375000 0.250000
vt 0.625000 0.500000
vt 0.375000 0.500000
vt 0.625000 0.750000
vt 0.375000 0.750000
vt 0.625000 1.000000
vt 0.375000 1.000000
vt 0.125000 0.500000
vt 0.125000 0.750000
vt 0.875000 0.500000
vt 0.875000 0.750000
s 0
usemtl M_AetherCrystalFloor
f 769/839/433 770/840/433 772/841/433 771/842/433
f 771/842/434 772/841/434 776/843/434 775/844/434
f 775/844/435 776/843/435 774/845/435 773/846/435
f 773/846/436 774/845/436 770/847/436 769/848/436
f 771/849/437 775/844/437 773/846/437 769/850/437
f 776/843/438 772/851/438 770/852/438 774/845/438
o FloorPlate_024
v 16.180382 -0.093384 8.760069
v 16.176186 0.130597 8.765498
v 15.168126 -0.122948 9.197217
v 15.163930 0.101033 9.202646
v 15.093392 -0.052798 6.245794
v 15.089196 0.171183 6.251224
v 14.081137 -0.082362 6.682942
v 14.076941 0.141619 6.688372
vn 0.3968 -0.0148 0.9178
vn -0.9177 -0.0268 0.3963
vn -0.3968 0.0148 -0.9178
vn 0.9177 0.0268 -0.3963
vn 0.0187 -0.9995 -0.0242
vn -0.0187 0.9995 0.0242
vt 0.375000 0.000000
vt 0.625000 0.000000
vt 0.625000 0.250000
vt 0.375000 0.250000
vt 0.625000 0.500000
vt 0.375000 0.500000
vt 0.625000 0.750000
vt 0.375000 0.750000
vt 0.625000 1.000000
vt 0.375000 1.000000
vt 0.125000 0.500000
vt 0.125000 0.750000
vt 0.875000 0.500000
vt 0.875000 0.750000
s 0
usemtl M_AetherCrystalFloor
f 777/853/439 778/854/439 780/855/439 779/856/439
f 779/856/440 780/855/440 784/857/440 783/858/440
f 783/858/441 784/857/441 782/859/441 781/860/441
f 781/860/442 782/859/442 778/861/442 777/862/442
f 779/863/443 783/858/443 781/860/443 777/864/443
f 784/857/444 780/865/444 778/866/444 782/859/444
o FloorPlate_025
v -1.810370 -0.037914 21.892870
v -1.808349 0.160368 21.893610
v -2.084056 -0.027862 19.946320
v -2.082035 0.170419 19.947060
v 0.218272 -0.057525 21.607540
v 0.220293 0.140756 21.608280
v -0.055414 -0.047474 19.660990
v -0.053393 0.150807 19.661730
vn -0.9902 0.0096 0.1393
vn -0.1392 0.0051 -0.9902
vn 0.9902 -0.0096 -0.1393
vn 0.1392 -0.0051 0.9902
vn -0.0102 -0.9999 -0.0037
vn 0.0102 0.9999 0.0037
vt 0.375000 0.000000
vt 0.625000 0.000000
vt 0.625000 0.250000
vt 0.375000 0.250000
vt 0.625000 0.500000
vt 0.375000 0.500000
vt 0.625000 0.750000
vt 0.375000 0.750000
vt 0.625000 1.000000
vt 0.375000 1.000000
vt 0.125000 0.500000
vt 0.125000 0.750000
vt 0.875000 0.500000
vt 0.875000 0.750000
s 0
usemtl M_AetherCrystalFloor
f 785/867/445 786/868/445 788/869/445 787/870/445
f 787/870/446 788/869/446 792/871/446 791/872/446
f 791/872/447 792/871/447 790/873/447 789/874/447
f 789/874/448 790/873/448 786/875/448 785/876/448
f 787/877/449 791/872/449 789/874/449 785/878/449
f 792/871/450 788/879/450 786/880/450 790/873/450
o FloorPlate_026
v 12.305707 -0.126234 -1.648787
v 12.304859 0.038139 -1.651987
v 9.189866 -0.142997 -1.684599
v 9.189018 0.021375 -1.687799
v 12.335613 -0.176278 -4.227369
v 12.334765 -0.011906 -4.230568
v 9.219772 -0.193041 -4.263180
v 9.218925 -0.028669 -4.266380
vn -0.0116 0.0194 0.9997
vn -0.9999 -0.0054 -0.0115
vn 0.0116 -0.0194 -0.9997
vn 0.9999 0.0054 0.0115
vn 0.0052 -0.9998 0.0195
vn -0.0052 0.9998 -0.0195
vt 0.375000 0.000000
vt 0.625000 0.000000
vt 0.625000 0.250000
vt 0.375000 0.250000
vt 0.625000 0.500000
vt 0.375000 0.500000
vt 0.625000 0.750000
vt 0.375000 0.750000
vt 0.625000 1.000000
vt 0.375000 1.000000
vt 0.125000 0.500000
vt 0.125000 0.750000
vt 0.875000 0.500000
vt 0.875000 0.750000
s 0
usemtl M_AetherCrystalFloor
f 793/881/451 794/882/451 796/883/451 795/884/451
f 795/884/452 796/883/452 800/885/452 799/886/452
f 799/886/453 800/885/453 798/887/453 797/888/453
f 797/888/454 798/887/454 794/889/454 793/890/454
f 795/891/455 799/886/455 797/888/455 793/892/455
f 800/885/456 796/893/456 794/894/456 798/887/456
o FloorPlate_027
v -0.499291 -0.084684 -17.847969
v -0.495022 0.165505 -17.850048
v -3.416127 -0.033536 -17.682434
v -3.411858 0.216654 -17.684515
v -0.630552 -0.101634 -20.155653
v -0.626283 0.148556 -20.157734
v -3.547387 -0.050485 -19.990120
v -3.543118 0.199704 -19.992199
vn 0.0568 0.0073 0.9984
vn -0.9982 0.0175 0.0567
vn -0.0568 -0.0073 -0.9984
vn 0.9982 -0.0175 -0.0567
vn -0.0171 -0.9998 0.0083
vn 0.0171 0.9998 -0.0083
vt 0.375000 0.000000
vt 0.625000 0.000000
vt 0.625000 0.250000
vt 0.375000 0.250000
vt 0.625000 0.500000
vt 0.375000 0.500000
vt 0.625000 0.750000
vt 0.375000 0.750000
vt 0.625000 1.000000
vt 0.375000 1.000000
vt 0.125000 0.500000
vt 0.125000 0.750000
vt 0.875000 0.500000
vt 0.875000 0.750000
s 0
usemtl M_AetherCrystalFloor
f 801/895/457 802/896/457 804/897/457 803/898/457
f 803/898/458 804/897/458 808/899/458 807/900/458
f 807/900/459 808/899/459 806/901/459 805/902/459
f 805/902/460 806/901/460 802/903/460 801/904/460
f 803/905/461 807/900/461 805/902/461 801/906/461
f 808/899/462 804/907/462 802/908/462 806/901/462
o FloorPlate_028
v -8.618042 -0.080191 7.950110
v -8.611928 0.113787 7.947712
v -9.415518 -0.067762 6.922197
v -9.409404 0.126216 6.919799
v -6.918395 -0.150077 6.630644
v -6.912281 0.043901 6.628245
v -7.715871 -0.137648 5.602731
v -7.709757 0.056330 5.600333
vn -0.7895 0.0325 0.6129
vn -0.6129 0.0096 -0.7901
vn 0.7895 -0.0325 -0.6129
vn 0.6129 -0.0096 0.7901
vn -0.0315 -0.9994 0.0124
vn 0.0315 0.9994 -0.0124
vt 0.375000 0.000000
vt 0.625000 0.000000
vt 0.625000 0.250000
vt 0.375000 0.250000
vt 0.625000 0.500000
vt 0.375000 0.500000
vt 0.625000 0.750000
vt 0.375000 0.750000
vt 0.625000 1.000000
vt 0.375000 1.000000
vt 0.125000 0.500000
vt 0.125000 0.750000
vt 0.875000 0.500000
vt 0.875000 0.750000
s 0
usemtl M_AetherCrystalFloor
f 809/909/463 810/910/463 812/911/463 811/912/463
f 811/912/464 812/911/464 816/913/464 815/914/464
f 815/914/465 816/913/465 814/915/465 813/916/465
f 813/916/466 814/915/466 810/917/466 809/918/466
f 811/919/467 815/914/467 813/916/467 809/920/467
f 816/913/468 812/921/468 810/922/468 814/915/468
o FloorPlate_029
v -2.091182 -0.047405 21.878262
v -2.094304 0.114956 21.879158
v -4.071312 -0.072745 19.570461
v -4.074435 0.089617 19.571358
v 0.449340 0.013503 19.697784
v 0.446217 0.175864 19.698681
v -1.530790 -0.011837 17.389984
v -1.533913 0.150525 17.390881
vn -0.7587 -0.0182 0.6512
vn -0.6512 -0.0083 -0.7589
vn 0.7587 0.0182 -0.6512
vn 0.6512 0.0083 0.7589
vn 0.0192 -0.9998 -0.0055
vn -0.0192 0.9998 0.0055
vt 0.375000 0.000000
vt 0.625000 0.000000
vt 0.625000 0.250000
vt 0.375000 0.250000
vt 0.625000 0.500000
vt 0.375000 0.500000
vt 0.625000 0.750000
vt 0.375000 0.750000
vt 0.625000 1.000000
vt 0.375000 1.000000
vt 0.125000 0.500000
vt 0.125000 0.750000
vt 0.875000 0.500000
vt 0.875000 0.750000
s 0
usemtl M_AetherCrystalFloor
f 817/923/469 818/924/469 820/925/469 819/926/469
f 819/926/470 820/925/470 824/927/470 823/928/470
f 823/928/471 824/927/471 822/929/471 821/930/471
f 821/930/472 822/929/472 818/931/472 817/932/472
f 819/933/473 823/928/473 821/930/473 817/934/473
f 824/927/474 820/935/474 818/936/474 822/929/474
o FloorPlate_030
v 3.536613 -0.118546 -13.769722
v 3.540830 0.088241 -13.773563
v 1.401351 -0.113234 -15.827824
v 1.405568 0.093552 -15.831665
v 4.873701 -0.171585 -15.157074
v 4.877918 0.035201 -15.160915
v 2.738439 -0.166274 -17.215176
v 2.742656 0.040513 -17.219017
vn -0.6937 0.0275 0.7198
vn -0.7200 0.0018 -0.6940
vn 0.6937 -0.0275 -0.7198
vn 0.7200 -0.0018 0.6940
vn -0.0204 -0.9996 0.0186
vn 0.0204 0.9996 -0.0186
vt 0.375000 0.000000
vt 0.625000 0.000000
vt 0.625000 0.250000
vt 0.375000 0.250000
vt 0.625000 0.500000
vt 0.375000 0.500000
vt 0.625000 0.750000
vt 0.375000 0.750000
vt 0.625000 1.000000
vt 0.375000 1.000000
vt 0.125000 0.500000
vt 0.125000 0.750000
vt 0.875000 0.500000
vt 0.875000 0.750000
s 0
usemtl M_AetherCrystalFloor
f 825/937/475 826/938/475 828/939/475 827/940/475
f 827/940/476 828/939/476 832/941/476 831/942/476
f 831/942/477 832/941/477 830/943/477 829/944/477
f 829/944/478 830/943/478 826/945/478 825/946/478
f 827/947/479 831/942/479 829/944/479 825/948/479
f 832/941/480 828/949/480 826/950/480 830/943/480
o FloorPlate_031
v 7.455617 -0.186912 17.961567
v 7.459157 0.058728 17.962418
v 8.925439 -0.215618 20.136433
v 8.928978 0.030021 20.137281
v 5.532064 -0.163691 19.261854
v 5.535604 0.081949 19.262703
v 7.001885 -0.192397 21.436718
v 7.005425 0.053242 21.437569
vn 0.8284 -0.0100 -0.5600
vn 0.5599 -0.0109 0.8285
vn -0.8284 0.0100 0.5600
vn -0.5599 0.0109 -0.8285
vn -0.0144 -0.9999 -0.0035
vn 0.0144 0.9999 0.0035
vt 0.375000 0.000000
vt 0.625000 0.000000
vt 0.625000 0.250000
vt 0.375000 0.250000
vt 0.625000 0.500000
vt 0.375000 0.500000
vt 0.625000 0.750000
vt 0.375000 0.750000
vt 0.625000 1.000000
vt 0.375000 1.000000
vt 0.125000 0.500000
vt 0.125000 0.750000
vt 0.875000 0.500000
vt 0.875000 0.750000
s 0
usemtl M_AetherCrystalFloor
f 833/951/481 834/952/481 836/953/481 835/954/481
f 835/954/482 836/953/482 840/955/482 839/956/482
f 839/956/483 840/955/483 838/957/483 837/958/483
f 837/958/484 838/957/484 834/959/484 833/960/484
f 835/961/485 839/956/485 837/958/485 833/962/485
f 840/955/486 836/963/486 834/964/486 838/957/486
o FloorPlate_032
v 13.387340 -0.140427 13.200024
v 13.390876 0.081480 13.193082
v 13.681766 -0.199861 11.450298
v 13.685302 0.022047 11.443356
v 15.899774 -0.167211 13.623701
v 15.903310 0.054697 13.616758
v 16.194201 -0.226644 11.873975
v 16.197737 -0.004736 11.867033
vn -0.9860 0.0105 -0.1663
vn 0.1658 -0.0335 -0.9856
vn 0.9860 -0.0105 0.1663
vn -0.1658 0.0335 0.9856
vn -0.0159 -0.9994 0.0313
vn 0.0159 0.9994 -0.0313
vt 0.375000 0.000000
vt 0.625000 0.000000
vt 0.625000 0.250000
vt 0.375000 0.250000
vt 0.625000 0.500000
vt 0.375000 0.500000
vt 0.625000 0.750000
vt 0.375000 0.750000
vt 0.625000 1.000000
vt 0.375000 1.000000
vt 0.125000 0.500000
vt 0.125000 0.750000
vt 0.875000 0.500000
vt 0.875000 0.750000
s 0
usemtl M_AetherCrystalFloor
f 841/965/487 842/966/487 844/967/487 843/968/487
f 843/968/488 844/967/488 848/969/488 847/970/488
f 847/970/489 848/969/489 846/971/489 845/972/489
f 845/972/490 846/971/490 842/973/490 841/974/490
f 843/975/491 847/970/491 845/972/491 841/976/491
f 848/969/492 844/977/492 842/978/492 846/971/492
o FloorPlate_033
v 10.671332 -0.227172 17.534054
v 10.677850 -0.009905 17.535236
v 9.941807 -0.221832 20.572500
v 9.948323 -0.004566 20.573683
v 8.256040 -0.151566 16.954012
v 8.262556 0.065700 16.955194
v 7.526513 -0.146227 19.992458
v 7.533030 0.071040 19.993641
vn 0.9719 -0.0304 0.2334
vn -0.2335 0.0017 0.9724
vn -0.9719 0.0304 -0.2334
vn 0.2335 -0.0017 -0.9724
vn -0.0300 -0.9995 -0.0054
vn 0.0300 0.9995 0.0054
vt 0.375000 0.000000
vt 0.625000 0.000000
vt 0.625000 0.250000
vt 0.375000 0.250000
vt 0.625000 0.500000
vt 0.375000 0.500000
vt 0.625000 0.750000
vt 0.375000 0.750000
vt 0.625000 1.000000
vt 0.375000 1.000000
vt 0.125000 0.500000
vt 0.125000 0.750000
vt 0.875000 0.500000
vt 0.875000 0.750000
s 0
usemtl M_AetherCrystalFloor
f 849/979/493 850/980/493 852/981/493 851/982/493
f 851/982/494 852/981/494 856/983/494 855/984/494
f 855/984/495 856/983/495 854/985/495 853/986/495
f 853/986/496 854/985/496 850/987/496 849/988/496
f 851/989/497 855/984/497 853/986/497 849/990/497
f 856/983/498 852/991/498 850/992/498 854/985/498
o FloorPlate_034
v 4.088775 -0.193872 20.956406
v 4.085988 0.009715 20.958229
v 2.607707 -0.189992 18.260534
v 2.604920 0.013595 18.262360
v 5.897696 -0.160203 19.962662
v 5.894909 0.043385 19.964487
v 4.416628 -0.156322 17.266792
v 4.413841 0.047265 17.268616
vn -0.8763 -0.0163 0.4814
vn -0.4815 0.0013 -0.8764
vn 0.8763 0.0163 -0.4814
vn 0.4815 -0.0013 0.8764
vn 0.0137 -0.9999 -0.0090
vn -0.0137 0.9999 0.0090
vt 0.375000 0.000000
vt 0.625000 0.000000
vt 0.625000 0.250000
vt 0.375000 0.250000
vt 0.625000 0.500000
vt 0.375000 0.500000
vt 0.625000 0.750000
vt 0.375000 0.750000
vt 0.625000 1.000000
vt 0.375000 1.000000
vt 0.125000 0.500000
vt 0.125000 0.750000
vt 0.875000 0.500000
vt 0.875000 0.750000
s 0
usemtl M_AetherCrystalFloor
f 857/993/499 858/994/499 860/995/499 859/996/499
f 859/996/500 860/995/500 864/997/500 863/998/500
f 863/998/501 864/997/501 862/999/501 861/1000/501
f 861/1000/502 862/999/502 858/1001/502 857/1002/502
f 859/1003/503 863/998/503 861/1000/503 857/1004/503
f 864/997/504 860/1005/504 858/1006/504 862/999/504
o FloorPlate_035
v 0.488661 -0.157510 7.078659
v 0.491301 0.014778 7.077691
v 0.313938 -0.140590 9.614076
v 0.316577 0.031698 9.613108
v -2.115468 -0.118621 6.898941
v -2.112828 0.053667 6.897973
v -2.290191 -0.101701 9.434358
v -2.287551 0.070587 9.433390
vn 0.9975 -0.0149 0.0688
vn -0.0687 0.0067 0.9976
vn -0.9975 0.0149 -0.0688
vn 0.0687 -0.0067 -0.9976
vn -0.0153 -0.9999 0.0056
vn 0.0153 0.9999 -0.0056
vt 0.375000 0.000000
vt 0.625000 0.000000
vt 0.625000 0.250000
vt 0.375000 0.250000
vt 0.625000 0.500000
vt 0.375000 0.500000
vt 0.625000 0.750000
vt 0.375000 0.750000
vt 0.625000 1.000000
vt 0.375000 1.000000
vt 0.125000 0.500000
vt 0.125000 0.750000
vt 0.875000 0.500000
vt 0.875000 0.750000
s 0
usemtl M_AetherCrystalFloor
f 865/1007/505 866/1008/505 868/1009/505 867/1010/505
f 867/1010/506 868/1009/506 872/1011/506 871/1012/506
f 871/1012/507 872/1011/507 870/1013/507 869/1014/507
f 869/1014/508 870/1013/508 866/1015/508 865/1016/508
f 867/1017/509 871/1012/509 869/1014/509 865/1018/509
f 872/1011/510 868/1019/510 866/1020/510 870/1013/510
o FloorPlate_036
v -12.165464 -0.076806 1.794154
v -12.163168 0.147062 1.799960
v -10.211569 -0.140544 3.478731
v -10.209272 0.083325 3.484537
v -14.015457 -0.113441 3.938524
v -14.013161 0.110428 3.944330
v -12.061562 -0.177178 5.623101
v -12.059265 0.046690 5.628908
vn 0.6532 0.0129 -0.7571
vn 0.7571 -0.0247 0.6528
vn -0.6532 -0.0129 0.7571
vn -0.7571 0.0247 -0.6528
vn -0.0103 -0.9996 -0.0259
vn 0.0103 0.9996 0.0259
vt 0.375000 0.000000
vt 0.625000 0.000000
vt 0.625000 0.250000
vt 0.375000 0.250000
vt 0.625000 0.500000
vt 0.375000 0.500000
vt 0.625000 0.750000
vt 0.375000 0.750000
vt 0.625000 1.000000
vt 0.375000 1.000000
vt 0.125000 0.500000
vt 0.125000 0.750000
vt 0.875000 0.500000
vt 0.875000 0.750000
s 0
usemtl M_AetherCrystalFloor
f 873/1021/511 874/1022/511 876/1023/511 875/1024/511
f 875/1024/512 876/1023/512 880/1025/512 879/1026/512
f 879/1026/513 880/1025/513 878/1027/513 877/1028/513
f 877/1028/514 878/1027/514 874/1029/514 873/1030/514
f 875/1031/515 879/1026/515 877/1028/515 873/1032/515
f 880/1025/516 876/1033/516 874/1034/516 878/1027/516
o FloorPlate_037
v -13.276573 -0.175734 -8.588052
v -13.275807 0.059562 -8.580435
v -16.060743 -0.130911 -9.692468
v -16.059977 0.104386 -9.684851
v -12.745245 -0.134156 -9.925814
v -12.744478 0.101141 -9.918197
v -15.529414 -0.089333 -11.030230
v -15.528648 0.145964 -11.022613
vn -0.3690 -0.0289 0.9290
vn -0.9294 0.0150 -0.3687
vn 0.3690 0.0289 -0.9290
vn 0.9294 -0.0150 0.3687
vn -0.0033 -0.9995 -0.0324
vn 0.0033 0.9995 0.0324
vt 0.375000 0.000000
vt 0.625000 0.000000
vt 0.625000 0.250000
vt 0.375000 0.250000
vt 0.625000 0.500000
vt 0.375000 0.500000
vt 0.625000 0.750000
vt 0.375000 0.750000
vt 0.625000 1.000000
vt 0.375000 1.000000
vt 0.125000 0.500000
vt 0.125000 0.750000
vt 0.875000 0.500000
vt 0.875000 0.750000
s 0
usemtl M_AetherCrystalFloor
f 881/1035/517 882/1036/517 884/1037/517 883/1038/517
f 883/1038/518 884/1037/518 888/1039/518 887/1040/518
f 887/1040/519 888/1039/519 886/1041/519 885/1042/519
f 885/1042/520 886/1041/520 882/1043/520 881/1044/520
f 883/1045/521 887/1040/521 885/1042/521 881/1046/521
f 888/1039/522 884/1047/522 882/1048/522 886/1041/522
o FloorPlate_038
v -15.294454 -0.160423 11.806970
v -15.290411 0.039213 11.808118
v -14.176799 -0.172314 9.938285
v -14.172756 0.027322 9.939432
v -13.663288 -0.199062 12.782810
v -13.659245 0.000574 12.783957
v -12.545633 -0.210953 10.914124
v -12.541591 -0.011317 10.915273
vn -0.8580 0.0203 -0.5133
vn 0.5133 -0.0055 -0.8582
vn 0.8580 -0.0203 0.5133
vn -0.5133 0.0055 0.8582
vn -0.0202 -0.9998 -0.0057
vn 0.0202 0.9998 0.0057
vt 0.375000 0.000000
vt 0.625000 0.000000
vt 0.625000 0.250000
vt 0.375000 0.250000
vt 0.625000 0.500000
vt 0.375000 0.500000
vt 0.625000 0.750000
vt 0.375000 0.750000
vt 0.625000 1.000000
vt 0.375000 1.000000
vt 0.125000 0.500000
vt 0.125000 0.750000
vt 0.875000 0.500000
vt 0.875000 0.750000
s 0
usemtl M_AetherCrystalFloor
f 889/1049/523 890/1050/523 892/1051/523 891/1052/523
f 891/1052/524 892/1051/524 896/1053/524 895/1054/524
f 895/1054/525 896/1053/525 894/1055/525 893/1056/525
f 893/1056/526 894/1055/526 890/1057/526 889/1058/526
f 891/1059/527 895/1054/527 893/1056/527 889/1060/527
f 896/1053/528 892/1061/528 890/1062/528 894/1055/528
o FloorPlate_039
v 7.970392 -0.127817 -3.951383
v 7.969536 0.130111 -3.954623
v 7.823286 -0.101355 -1.805641
v 7.822429 0.156574 -1.808880
v 4.901894 -0.140647 -4.161594
v 4.901038 0.117281 -4.164834
v 4.754787 -0.114184 -2.015851
v 4.753931 0.143744 -2.019091
vn 0.9977 0.0042 0.0683
vn -0.0684 0.0123 0.9976
vn -0.9977 -0.0042 -0.0683
vn 0.0684 -0.0123 -0.9976
vn 0.0033 -0.9999 0.0126
vn -0.0033 0.9999 -0.0126
vt 0.375000 0.000000
vt 0.625000 0.000000
vt 0.625000 0.250000
vt 0.375000 0.250000
vt 0.625000 0.500000
vt 0.375000 0.500000
vt 0.625000 0.750000
vt 0.375000 0.750000
vt 0.625000 1.000000
vt 0.375000 1.000000
vt 0.125000 0.500000
vt 0.125000 0.750000
vt 0.875000 0.500000
vt 0.875000 0.750000
s 0
usemtl M_AetherCrystalFloor
f 897/1063/529 898/1064/529 900/1065/529 899/1066/529
f 899/1066/530 900/1065/530 904/1067/530 903/1068/530
f 903/1068/531 904/1067/531 902/1069/531 901/1070/531
f 901/1070/532 902/1069/532 898/1071/532 897/1072/532
f 899/1073/533 903/1068/533 901/1070/533 897/1074/533
f 904/1067/534 900/1075/534 898/1076/534 902/1069/534
o FloorPlate_040
v -9.638927 -0.175285 14.352586
v -9.639856 0.025012 14.344892
v -11.011779 -0.097992 16.530653
v -11.012709 0.102305 16.522959
v -11.063490 -0.216339 13.456130
v -11.064420 -0.016042 13.448436
v -12.436342 -0.139046 15.634198
v -12.437272 0.061251 15.626504
vn 0.8461 0.0244 0.5324
vn -0.5330 0.0300 0.8456
vn -0.8461 -0.0244 -0.5324
vn 0.5330 -0.0300 -0.8456
vn 0.0046 -0.9993 0.0384
vn -0.0046 0.9993 -0.0384
vt 0.375000 0.000000
vt 0.625000 0.000000
vt 0.625000 0.250000
vt 0.375000 0.250000
vt 0.625000 0.500000
vt 0.375000 0.500000
vt 0.625000 0.750000
vt 0.375000 0.750000
vt 0.625000 1.000000
vt 0.375000 1.000000
vt 0.125000 0.500000
vt 0.125000 0.750000
vt 0.875000 0.500000
vt 0.875000 0.750000
s 0
usemtl M_AetherCrystalFloor
f 905/1077/535 906/1078/535 908/1079/535 907/1080/535
f 907/1080/536 908/1079/536 912/1081/536 911/1082/536
f 911/1082/537 912/1081/537 910/1083/537 909/1084/537
f 909/1084/538 910/1083/538 906/1085/538 905/1086/538
f 907/1087/539 911/1082/539 909/1084/539 905/1088/539
f 912/1081/540 908/1089/540 906/1090/540 910/1083/540
o FloorPlate_041
v 5.829065 -0.087890 -9.171570
v 5.826055 0.117956 -9.170758
v 8.221134 -0.049511 -10.031356
v 8.218123 0.156335 -10.030545
v 6.303557 -0.086152 -7.851377
v 6.300546 0.119694 -7.850566
v 8.695626 -0.047773 -8.711164
v 8.692616 0.158073 -8.710352
vn -0.3382 -0.0012 -0.9411
vn 0.9410 0.0151 -0.3382
vn 0.3382 0.0012 0.9411
vn -0.9410 -0.0151 0.3382
vn 0.0146 -0.9999 -0.0039
vn -0.0146 0.9999 0.0039
vt 0.375000 0.000000
vt 0.625000 0.000000
vt 0.625000 0.250000
vt 0.375000 0.250000
vt 0.625000 0.500000
vt 0.375000 0.500000
vt 0.625000 0.750000
vt 0.375000 0.750000
vt 0.625000 1.000000
vt 0.375000 1.000000
vt 0.125000 0.500000
vt 0.125000 0.750000
vt 0.875000 0.500000
vt 0.875000 0.750000
s 0
usemtl M_AetherCrystalFloor
f 913/1091/541 914/1092/541 916/1093/541 915/1094/541
f 915/1094/542 916/1093/542 920/1095/542 919/1096/542
f 919/1096/543 920/1095/543 918/1097/543 917/1098/543
f 917/1098/544 918/1097/544 914/1099/544 913/1100/544
f 915/1101/545 919/1096/545 917/1098/545 913/1102/545
f 920/1095/546 916/1103/546 914/1104/546 918/1097/546
o FloorPlate_042
v 10.336495 -0.053312 17.407694
v 10.339120 0.109562 17.412460
v 10.017434 0.019327 15.101145
v 10.020059 0.182201 15.105911
v 13.616183 -0.092853 16.952774
v 13.618808 0.070021 16.957541
v 13.297122 -0.020215 14.646225
v 13.299747 0.142659 14.650991
vn -0.9904 0.0119 0.1374
vn -0.1370 0.0312 -0.9901
vn 0.9904 -0.0119 -0.1374
vn 0.1370 -0.0312 0.9901
vn -0.0161 -0.9994 -0.0292
vn 0.0161 0.9994 0.0292
vt 0.375000 0.000000
vt 0.625000 0.000000
vt 0.625000 0.250000
vt 0.375000 0.250000
vt 0.625000 0.500000
vt 0.375000 0.500000
vt 0.625000 0.750000
vt 0.375000 0.750000
vt 0.625000 1.000000
vt 0.375000 1.000000
vt 0.125000 0.500000
vt 0.125000 0.750000
vt 0.875000 0.500000
vt 0.875000 0.750000
s 0
usemtl M_AetherCrystalFloor
f 921/1105/547 922/1106/547 924/1107/547 923/1108/547
f 923/1108/548 924/1107/548 928/1109/548 927/1110/548
f 927/1110/549 928/1109/549 926/1111/549 925/1112/549
f 925/1112/550 926/1111/550 922/1113/550 921/1114/550
f 923/1115/551 927/1110/551 925/1112/551 921/1116/551
f 928/1109/552 924/1117/552 922/1118/552 926/1111/552
o FloorPlate_043
v 0.008487 -0.157068 -7.701220
v 0.002410 0.065462 -7.700714
v -0.038496 -0.162123 -6.041992
v -0.044573 0.060407 -6.041486
v -1.230756 -0.190832 -7.736413
v -1.236833 0.031698 -7.735907
v -1.277739 -0.195887 -6.077185
v -1.283816 0.026643 -6.076679
vn 0.9992 0.0272 0.0284
vn -0.0283 -0.0030 0.9996
vn -0.9992 -0.0272 -0.0284
vn 0.0283 0.0030 -0.9996
vn 0.0273 -0.9996 -0.0023
vn -0.0273 0.9996 0.0023
vt 0.375000 0.000000
vt 0.625000 0.000000
vt 0.625000 0.250000
vt 0.375000 0.250000
vt 0.625000 0.500000
vt 0.375000 0.500000
vt 0.625000 0.750000
vt 0.375000 0.750000
vt 0.625000 1.000000
vt 0.375000 1.000000
vt 0.125000 0.500000
vt 0.125000 0.750000
vt 0.875000 0.500000
vt 0.875000 0.750000
s 0
usemtl M_AetherCrystalFloor
f 929/1119/553 930/1120/553 932/1121/553 931/1122/553
f 931/1122/554 932/1121/554 936/1123/554 935/1124/554
f 935/1124/555 936/1123/555 934/1125/555 933/1126/555
f 933/1126/556 934/1125/556 930/1127/556 929/1128/556
f 931/1129/557 935/1124/557 933/1126/557 929/1130/557
f 936/1123/558 932/1131/558 930/1132/558 934/1125/558
o FloorPlate_044
v -0.859443 -0.095835 -18.820812
v -0.854268 0.157156 -18.815802
v 0.774850 -0.087062 -20.952349
v 0.780026 0.165929 -20.947340
v 0.270729 -0.136108 -17.954451
v 0.275904 0.116882 -17.949442
v 1.905022 -0.127335 -20.085989
v 1.910198 0.125655 -20.080978
vn -0.7933 0.0283 -0.6081
vn 0.6085 0.0033 -0.7936
vn 0.7933 -0.0283 0.6081
vn -0.6085 -0.0033 0.7936
vn -0.0204 -0.9996 -0.0198
vn 0.0204 0.9996 0.0198
vt 0.375000 0.000000
vt 0.625000 0.000000
vt 0.625000 0.250000
vt 0.375000 0.250000
vt 0.625000 0.500000
vt 0.375000 0.500000
vt 0.625000 0.750000
vt 0.375000 0.750000
vt 0.625000 1.000000
vt 0.375000 1.000000
vt 0.125000 0.500000
vt 0.125000 0.750000
vt 0.875000 0.500000
vt 0.875000 0.750000
s 0
usemtl M_AetherCrystalFloor
f 937/1133/559 938/1134/559 940/1135/559 939/1136/559
f 939/1136/560 940/1135/560 944/1137/560 943/1138/560
f 943/1138/561 944/1137/561 942/1139/561 941/1140/561
f 941/1140/562 942/1139/562 938/1141/562 937/1142/562
f 939/1143/563 943/1138/563 941/1140/563 937/1144/563
f 944/1137/564 940/1145/564 938/1146/564 942/1139/564
o FloorPlate_045
v -2.848021 -0.007508 -20.278219
v -2.850256 0.170732 -20.275911
v -2.700998 -0.032939 -18.173006
v -2.703233 0.145301 -18.170696
v -4.308448 -0.027135 -20.176464
v -4.310682 0.151104 -20.174154
v -4.161425 -0.052567 -18.071249
v -4.163660 0.125673 -18.068941
vn 0.9975 0.0134 -0.0695
vn 0.0697 -0.0120 0.9975
vn -0.9975 -0.0134 0.0695
vn -0.0697 0.0120 -0.9975
vn 0.0125 -0.9998 -0.0130
vn -0.0125 0.9998 0.0130
vt 0.375000 0.000000
vt 0.625000 0.000000
vt 0.625000 0.250000
vt 0.375000 0.250000
vt 0.625000 0.500000
vt 0.375000 0.500000
vt 0.625000 0.750000
vt 0.375000 0.750000
vt 0.625000 1.000000
vt 0.375000 1.000000
vt 0.125000 0.500000
vt 0.125000 0.750000
vt 0.875000 0.500000
vt 0.875000 0.750000
s 0
usemtl M_AetherCrystalFloor
f 945/1147/565 946/1148/565 948/1149/565 947/1150/565
f 947/1150/566 948/1149/566 952/1151/566 951/1152/566
f 951/1152/567 952/1151/567 950/1153/567 949/1154/567
f 949/1154/568 950/1153/568 946/1155/568 945/1156/568
f 947/1157/569 951/1152/569 949/1154/569 945/1158/569
f 952/1151/570 948/1159/570 946/1160/570 950/1153/570
o FloorPlate_046
v 1.726394 -0.140105 -9.635724
v 1.731170 0.121533 -9.642571
v 4.770967 -0.210355 -10.196642
v 4.775743 0.051283 -10.203489
v 1.955094 -0.111884 -8.397907
v 1.959870 0.149753 -8.404755
v 4.999667 -0.182134 -8.958825
v 5.004443 0.079504 -8.965672
vn -0.1816 -0.0224 -0.9831
vn 0.9832 -0.0227 -0.1811
vn 0.1816 0.0224 0.9831
vn -0.9832 0.0227 0.1811
vn -0.0182 -0.9995 0.0262
vn 0.0182 0.9995 -0.0262
vt 0.375000 0.000000
vt 0.625000 0.000000
vt 0.625000 0.250000
vt 0.375000 0.250000
vt 0.625000 0.500000
vt 0.375000 0.500000
vt 0.625000 0.750000
vt 0.375000 0.750000
vt 0.625000 1.000000
vt 0.375000 1.000000
vt 0.125000 0.500000
vt 0.125000 0.750000
vt 0.875000 0.500000
vt 0.875000 0.750000
s 0
usemtl M_AetherCrystalFloor
f 953/1161/571 954/1162/571 956/1163/571 955/1164/571
f 955/1164/572 956/1163/572 960/1165/572 959/1166/572
f 959/1166/573 960/1165/573 958/1167/573 957/1168/573
f 957/1168/574 958/1167/574 954/1169/574 953/1170/574
f 955/1171/575 959/1166/575 957/1168/575 953/1172/575
f 960/1165/576 956/1173/576 954/1174/576 958/1167/576
o FloorPlate_047
v -12.891909 -0.113628 -6.239810
v -12.888601 0.074545 -6.240596
v -13.963316 -0.097595 -6.909525
v -13.960009 0.090579 -6.910311
v -11.278728 -0.152763 -8.821505
v -11.275421 0.035411 -8.822290
v -12.350136 -0.136729 -9.491220
v -12.346828 0.051444 -9.492005
vn -0.5299 0.0129 0.8480
vn -0.8479 0.0127 -0.5300
vn 0.5299 -0.0129 -0.8480
vn 0.8479 -0.0127 0.5300
vn -0.0176 -0.9998 0.0042
vn 0.0176 0.9998 -0.0042
vt 0.375000 0.000000
vt 0.625000 0.000000
vt 0.625000 0.250000
vt 0.375000 0.250000
vt 0.625000 0.500000
vt 0.375000 0.500000
vt 0.625000 0.750000
vt 0.375000 0.750000
vt 0.625000 1.000000
vt 0.375000 1.000000
vt 0.125000 0.500000
vt 0.125000 0.750000
vt 0.875000 0.500000
vt 0.875000 0.750000
s 0
usemtl M_AetherCrystalFloor
f 961/1175/577 962/1176/577 964/1177/577 963/1178/577
f 963/1178/578 964/1177/578 968/1179/578 967/1180/578
f 967/1180/579 968/1179/579 966/1181/579 965/1182/579
f 965/1182/580 966/1181/580 962/1183/580 961/1184/580
f 963/1185/581 967/1180/581 965/1182/581 961/1186/581
f 968/1179/582 964/1187/582 962/1188/582 966/1181/582
o FloorPlate_048
v 8.182942 -0.222516 -19.794638
v 8.187420 -0.030796 -19.789297
v 6.662770 -0.256107 -17.314819
v 6.667247 -0.064387 -17.309479
v 5.620573 -0.118957 -21.364014
v 5.625050 0.072763 -21.358673
v 4.100400 -0.152548 -18.884195
v 4.104877 0.039172 -18.878855
vn 0.8523 -0.0344 0.5220
vn -0.5226 -0.0115 0.8525
vn -0.8523 0.0344 -0.5220
vn 0.5226 0.0115 -0.8525
vn -0.0233 -0.9993 -0.0278
vn 0.0233 0.9993 0.0278
vt 0.375000 0.000000
vt 0.625000 0.000000
vt 0.625000 0.250000
vt 0.375000 0.250000
vt 0.625000 0.500000
vt 0.375000 0.500000
vt 0.625000 0.750000
vt 0.375000 0.750000
vt 0.625000 1.000000
vt 0.375000 1.000000
vt 0.125000 0.500000
vt 0.125000 0.750000
vt 0.875000 0.500000
vt 0.875000 0.750000
s 0
usemtl M_AetherCrystalFloor
f 969/1189/583 970/1190/583 972/1191/583 971/1192/583
f 971/1192/584 972/1191/584 976/1193/584 975/1194/584
f 975/1194/585 976/1193/585 974/1195/585 973/1196/585
f 973/1196/586 974/1195/586 970/1197/586 969/1198/586
f 971/1199/587 975/1194/587 973/1196/587 969/1200/587
f 976/1193/588 972/1201/588 970/1202/588 974/1195/588
o FloorPlate_049
v 1.347723 -0.073351 10.409946
v 1.351701 0.101311 10.409207
v 2.814699 -0.108876 9.911045
v 2.818677 0.065786 9.910305
v 2.215349 -0.082312 12.961763
v 2.219327 0.092350 12.961023
v 3.682326 -0.117837 12.462861
v 3.686304 0.056825 12.462122
vn -0.3219 0.0033 -0.9468
vn 0.9465 -0.0229 -0.3219
vn 0.3219 -0.0033 0.9468
vn -0.9465 0.0229 0.3219
vn -0.0228 -0.9997 0.0042
vn 0.0228 0.9997 -0.0042
vt 0.375000 0.000000
vt 0.625000 0.000000
vt 0.625000 0.250000
vt 0.375000 0.250000
vt 0.625000 0.500000
vt 0.375000 0.500000
vt 0.625000 0.750000
vt 0.375000 0.750000
vt 0.625000 1.000000
vt 0.375000 1.000000
vt 0.125000 0.500000
vt 0.125000 0.750000
vt 0.875000 0.500000
vt 0.875000 0.750000
s 0
usemtl M_AetherCrystalFloor
f 977/1203/589 978/1204/589 980/1205/589 979/1206/589
f 979/1206/590 980/1205/590 984/1207/590 983/1208/590
f 983/1208/591 984/1207/591 982/1209/591 981/1210/591
f 981/1210/592 982/1209/592 978/1211/592 977/1212/592
f 979/1213/593 983/1208/593 981/1210/593 977/1214/593
f 984/1207/594 980/1215/594 978/1216/594 982/1209/594
o FloorPlate_050
v -12.356979 -0.080716 -7.358610
v -12.355965 0.197686 -7.354855
v -11.531044 -0.123169 -4.434080
v -11.530029 0.155233 -4.430326
v -14.290871 -0.081036 -6.812451
v -14.289856 0.197366 -6.808697
v -13.464935 -0.123489 -3.887922
v -13.463921 0.154913 -3.884167
vn 0.9624 0.0002 -0.2718
vn 0.2718 -0.0140 0.9623
vn -0.9624 -0.0002 0.2718
vn -0.2718 0.0140 -0.9623
vn -0.0036 -0.9999 -0.0135
vn 0.0036 0.9999 0.0135
vt 0.375000 0.000000
vt 0.625000 0.000000
vt 0.625000 0.250000
vt 0.375000 0.250000
vt 0.625000 0.500000
vt 0.375000 0.500000
vt 0.625000 0.750000
vt 0.375000 0.750000
vt 0.625000 1.000000
vt 0.375000 1.000000
vt 0.125000 0.500000
vt 0.125000 0.750000
vt 0.875000 0.500000
vt 0.875000 0.750000
s 0
usemtl M_AetherCrystalFloor
f 985/1217/595 986/1218/595 988/1219/595 987/1220/595
f 987/1220/596 988/1219/596 992/1221/596 991/1222/596
f 991/1222/597 992/1221/597 990/1223/597 989/1224/597
f 989/1224/598 990/1223/598 986/1225/598 985/1226/598
f 987/1227/599 991/1222/599 989/1224/599 985/1228/599
f 992/1221/600 988/1229/600 986/1230/600 990/1223/600
o FloorPlate_051
v -6.094480 -0.172044 -9.557417
v -6.097556 0.032078 -9.553848
v -7.534508 -0.188475 -9.858828
v -7.537585 0.015647 -9.855258
v -5.772213 -0.140233 -11.098825
v -5.775289 0.063890 -11.095255
v -7.212242 -0.156663 -11.400234
v -7.215318 0.047459 -11.396666
vn -0.2046 -0.0202 0.9786
vn -0.9787 -0.0112 -0.2049
vn 0.2046 0.0202 -0.9786
vn 0.9787 0.0112 0.2049
vn 0.0151 -0.9997 -0.0175
vn -0.0151 0.9997 0.0175
vt 0.375000 0.000000
vt 0.625000 0.000000
vt 0.625000 0.250000
vt 0.375000 0.250000
vt 0.625000 0.500000
vt 0.375000 0.500000
vt 0.625000 0.750000
vt 0.375000 0.750000
vt 0.625000 1.000000
vt 0.375000 1.000000
vt 0.125000 0.500000
vt 0.125000 0.750000
vt 0.875000 0.500000
vt 0.875000 0.750000
s 0
usemtl M_AetherCrystalFloor
f 993/1231/601 994/1232/601 996/1233/601 995/1234/601
f 995/1234/602 996/1233/602 1000/1235/602 999/1236/602
f 999/1236/603 1000/1235/603 998/1237/603 997/1238/603
f 997/1238/604 998/1237/604 994/1239/604 993/1240/604
f 995/1241/605 999/1236/605 997/1238/605 993/1242/605
f 1000/1235/606 996/1243/606 994/1244/606 998/1237/606
o FloorPlate_052
v 6.512406 -0.219189 3.662488
v 6.509048 0.021666 3.663170
v 7.984502 -0.196202 2.791559
v 7.981144 0.044653 2.792241
v 7.380260 -0.211246 5.129595
v 7.376903 0.029609 5.130278
v 8.852356 -0.188259 4.258666
v 8.848998 0.052596 4.259348
vn -0.5091 -0.0047 -0.8607
vn 0.8606 0.0134 -0.5091
vn 0.5091 0.0047 0.8607
vn -0.8606 -0.0134 0.5091
vn 0.0139 -0.9999 -0.0028
vn -0.0139 0.9999 0.0028
vt 0.375000 0.000000
vt 0.625000 0.000000
vt 0.625000 0.250000
vt 0.375000 0.250000
vt 0.625000 0.500000
vt 0.375000 0.500000
vt 0.625000 0.750000
vt 0.375000 0.750000
vt 0.625000 1.000000
vt 0.375000 1.000000
vt 0.125000 0.500000
vt 0.125000 0.750000
vt 0.875000 0.500000
vt 0.875000 0.750000
s 0
usemtl M_AetherCrystalFloor
f 1001/1245/607 1002/1246/607 1004/1247/607 1003/1248/607
f 1003/1248/608 1004/1247/608 1008/1249/608 1007/1250/608
f 1007/1250/609 1008/1249/609 1006/1251/609 1005/1252/609
f 1005/1252/610 1006/1251/610 1002/1253/610 1001/1254/610
f 1003/1255/611 1007/1250/611 1005/1252/611 1001/1256/611
f 1008/1249/612 1004/1257/612 1002/1258/612 1006/1251/612
o FloorPlate_053
v 11.467840 -0.096493 -4.547619
v 11.465883 0.071697 -4.552653
v 11.335985 -0.149662 -6.272912
v 11.334029 0.018528 -6.277946
v 13.854192 -0.074214 -4.730681
v 13.852236 0.093976 -4.735715
v 13.722338 -0.127383 -6.455974
v 13.720381 0.040807 -6.461008
vn -0.9970 -0.0093 0.0765
vn -0.0762 -0.0307 -0.9966
vn 0.9970 0.0093 -0.0765
vn 0.0762 0.0307 0.9966
vn 0.0116 -0.9995 0.0299
vn -0.0116 0.9995 -0.0299
vt 0.375000 0.000000
vt 0.625000 0.000000
vt 0.625000 0.250000
vt 0.375000 0.250000
vt 0.625000 0.500000
vt 0.375000 0.500000
vt 0.625000 0.750000
vt 0.375000 0.750000
vt 0.625000 1.000000
vt 0.375000 1.000000
vt 0.125000 0.500000
vt 0.125000 0.750000
vt 0.875000 0.500000
vt 0.875000 0.750000
s 0
usemtl M_AetherCrystalFloor
f 1009/1259/613 1010/1260/613 1012/1261/613 1011/1262/613
f 1011/1262/614 1012/1261/614 1016/1263/614 1015/1264/614
f 1015/1264/615 1016/1263/615 1014/1265/615 1013/1266/615
f 1013/1266/616 1014/1265/616 1010/1267/616 1009/1268/616
f 1011/1269/617 1015/1264/617 1013/1266/617 1009/1270/617
f 1016/1263/618 1012/1271/618 1010/1272/618 1014/1265/618
o FloorPlate_054
v 8.348803 -0.154076 -5.214214
v 8.350448 0.058412 -5.206065
v 6.295094 -0.083886 -6.629888
v 6.296740 0.128602 -6.621739
v 10.148922 -0.068026 -7.821368
v 10.150567 0.144462 -7.813219
v 8.095214 0.002164 -9.237041
v 8.096859 0.214652 -9.228893
vn -0.5680 -0.0272 0.8226
vn -0.8230 0.0281 -0.5673
vn 0.5680 0.0272 -0.8226
vn 0.8230 -0.0281 0.5673
vn -0.0077 -0.9992 -0.0383
vn 0.0077 0.9992 0.0383
vt 0.375000 0.000000
vt 0.625000 0.000000
vt 0.625000 0.250000
vt 0.375000 0.250000
vt 0.625000 0.500000
vt 0.375000 0.500000
vt 0.625000 0.750000
vt 0.375000 0.750000
vt 0.625000 1.000000
vt 0.375000 1.000000
vt 0.125000 0.500000
vt 0.125000 0.750000
vt 0.875000 0.500000
vt 0.875000 0.750000
s 0
usemtl M_AetherCrystalFloor
f 1017/1273/619 1018/1274/619 1020/1275/619 1019/1276/619
f 1019/1276/620 1020/1275/620 1024/1277/620 1023/1278/620
f 1023/1278/621 1024/1277/621 1022/1279/621 1021/1280/621
f 1021/1280/622 1022/1279/622 1018/1281/622 1017/1282/622
f 1019/1283/623 1023/1278/623 1021/1280/623 1017/1284/623
f 1024/1277/624 1020/1285/624 1018/1286/624 1022/1279/624
o FloorPlate_055
v -13.422614 -0.077519 14.485129
v -13.421762 0.197748 14.492831
v -10.994788 -0.050275 13.242645
v -10.993936 0.224992 13.250347
v -12.237842 -0.145922 16.798685
v -12.236989 0.129345 16.806387
v -9.810016 -0.118678 15.556201
v -9.809163 0.156589 15.563903
vn -0.4557 0.0263 -0.8898
vn 0.8902 0.0100 -0.4556
vn 0.4557 -0.0263 0.8898
vn -0.8902 -0.0100 0.4556
vn -0.0031 -0.9996 -0.0280
vn 0.0031 0.9996 0.0280
vt 0.375000 0.000000
vt 0.625000 0.000000
vt 0.625000 0.250000
vt 0.375000 0.250000
vt 0.625000 0.500000
vt 0.375000 0.500000
vt 0.625000 0.750000
vt 0.375000 0.750000
vt 0.625000 1.000000
vt 0.375000 1.000000
vt 0.125000 0.500000
vt 0.125000 0.750000
vt 0.875000 0.500000
vt 0.875000 0.750000
s 0
usemtl M_AetherCrystalFloor
f 1025/1287/625 1026/1288/625 1028/1289/625 1027/1290/625
f 1027/1290/626 1028/1289/626 1032/1291/626 1031/1292/626
f 1031/1292/627 1032/1291/627 1030/1293/627 1029/1294/627
f 1029/1294/628 1030/1293/628 1026/1295/628 1025/1296/628
f 1027/1297/629 1031/1292/629 1029/1294/629 1025/1298/629
f 1032/1291/630 1028/1299/630 1026/1300/630 1030/1293/630
o FloorPlate_056
v -15.784543 -0.131525 -15.335202
v -15.782346 0.043379 -15.335608
v -13.680295 -0.156058 -14.513923
v -13.678097 0.018846 -14.514328
v -16.250097 -0.122910 -14.142124
v -16.247900 0.051994 -14.142529
v -14.145848 -0.147443 -13.320844
v -14.143651 0.027461 -13.321250
vn 0.3635 -0.0067 -0.9316
vn 0.9315 -0.0109 0.3636
vn -0.3635 0.0067 0.9316
vn -0.9315 0.0109 -0.3636
vn -0.0126 -0.9999 0.0023
vn 0.0126 0.9999 -0.0023
vt 0.375000 0.000000
vt 0.625000 0.000000
vt 0.625000 0.250000
vt 0.375000 0.250000
vt 0.625000 0.500000
vt 0.375000 0.500000
vt 0.625000 0.750000
vt 0.375000 0.750000
vt 0.625000 1.000000
vt 0.375000 1.000000
vt 0.125000 0.500000
vt 0.125000 0.750000
vt 0.875000 0.500000
vt 0.875000 0.750000
s 0
usemtl M_AetherCrystalFloor
f 1033/1301/631 1034/1302/631 1036/1303/631 1035/1304/631
f 1035/1304/632 1036/1303/632 1040/1305/632 1039/1306/632
f 1039/1306/633 1040/1305/633 1038/1307/633 1037/1308/633
f 1037/1308/634 1038/1307/634 1034/1309/634 1033/1310/634
f 1035/1311/635 1039/1306/635 1037/1308/635 1033/1312/635
f 1040/1305/636 1036/1313/636 1034/1314/636 1038/1307/636
o FloorPlate_057
v 15.987849 -0.161316 -5.581708
v 15.992884 0.085031 -5.583436
v 16.533976 -0.159735 -3.764906
v 16.539011 0.086612 -3.766634
v 14.043538 -0.117479 -4.997291
v 14.048573 0.128869 -4.999019
v 14.589664 -0.115897 -3.180489
v 14.594699 0.130450 -3.182217
vn 0.9575 -0.0216 -0.2878
vn 0.2879 0.0008 0.9577
vn -0.9575 0.0216 0.2878
vn -0.2879 -0.0008 -0.9577
vn -0.0204 -0.9998 0.0070
vn 0.0204 0.9998 -0.0070
vt 0.375000 0.000000
vt 0.625000 0.000000
vt 0.625000 0.250000
vt 0.375000 0.250000
vt 0.625000 0.500000
vt 0.375000 0.500000
vt 0.625000 0.750000
vt 0.375000 0.750000
vt 0.625000 1.000000
vt 0.375000 1.000000
vt 0.125000 0.500000
vt 0.125000 0.750000
vt 0.875000 0.500000
vt 0.875000 0.750000
s 0
usemtl M_AetherCrystalFloor
f 1041/1315/637 1042/1316/637 1044/1317/637 1043/1318/637
f 1043/1318/638 1044/1317/638 1048/1319/638 1047/1320/638
f 1047/1320/639 1048/1319/639 1046/1321/639 1045/1322/639
f 1045/1322/640 1046/1321/640 1042/1323/640 1041/1324/640
f 1043/1325/641 1047/1320/641 1045/1322/641 1041/1326/641
f 1048/1319/642 1044/1327/642 1042/1328/642 1046/1321/642
o FloorPlate_058
v -2.034848 -0.190435 10.397034
v -2.042616 0.024210 10.397886
v 0.632287 -0.089487 9.282597
v 0.624519 0.125158 9.283448
v -1.102509 -0.165559 12.630614
v -1.110277 0.049086 12.631466
v 1.564626 -0.064612 11.516176
v 1.556858 0.150033 11.517029
vn -0.3852 -0.0103 -0.9228
vn 0.9221 0.0349 -0.3853
vn 0.3852 0.0103 0.9228
vn -0.9221 -0.0349 0.3853
vn 0.0362 -0.9993 -0.0040
vn -0.0362 0.9993 0.0040
vt 0.375000 0.000000
vt 0.625000 0.000000
vt 0.625000 0.250000
vt 0.375000 0.250000
vt 0.625000 0.500000
vt 0.375000 0.500000
vt 0.625000 0.750000
vt 0.375000 0.750000
vt 0.625000 1.000000
vt 0.375000 1.000000
vt 0.125000 0.500000
vt 0.125000 0.750000
vt 0.875000 0.500000
vt 0.875000 0.750000
s 0
usemtl M_AetherCrystalFloor
f 1049/1329/643 1050/1330/643 1052/1331/643 1051/1332/643
f 1051/1332/644 1052/1331/644 1056/1333/644 1055/1334/644
f 1055/1334/645 1056/1333/645 1054/1335/645 1053/1336/645
f 1053/1336/646 1054/1335/646 1050/1337/646 1049/1338/646
f 1051/1339/647 1055/1334/647 1053/1336/647 1049/1340/647
f 1056/1333/648 1052/1341/648 1050/1342/648 1054/1335/648
o FloorPlate_059
v -14.360958 -0.139180 -10.445172
v -14.360105 0.128348 -10.444896
v -16.245815 -0.133613 -10.011038
v -16.244963 0.133915 -10.010761
v -15.078405 -0.133667 -13.560144
v -15.077552 0.133861 -13.559868
v -16.963264 -0.128101 -13.126010
v -16.962410 0.139427 -13.125733
vn 0.2244 -0.0017 0.9745
vn -0.9745 0.0029 0.2244
vn -0.2244 0.0017 -0.9745
vn 0.9745 -0.0029 -0.2244
vn -0.0032 -1.0000 -0.0010
vn 0.0032 1.0000 0.0010
vt 0.375000 0.000000
vt 0.625000 0.000000
vt 0.625000 0.250000
vt 0.375000 0.250000
vt 0.625000 0.500000
vt 0.375000 0.500000
vt 0.625000 0.750000
vt 0.375000 0.750000
vt 0.625000 1.000000
vt 0.375000 1.000000
vt 0.125000 0.500000
vt 0.125000 0.750000
vt 0.875000 0.500000
vt 0.875000 0.750000
s 0
usemtl M_AetherCrystalFloor
f 1057/1343/649 1058/1344/649 1060/1345/649 1059/1346/649
f 1059/1346/650 1060/1345/650 1064/1347/650 1063/1348/650
f 1063/1348/651 1064/1347/651 1062/1349/651 1061/1350/651
f 1061/1350/652 1062/1349/652 1058/1351/652 1057/1352/652
f 1059/1353/653 1063/1348/653 1061/1350/653 1057/1354/653
f 1064/1347/654 1060/1355/654 1058/1356/654 1062/1349/654
o FloorPlate_060
v -7.771939 -0.118986 6.101825
v -7.766562 0.107425 6.096040
v -9.741354 -0.054192 6.807393
v -9.735977 0.172219 6.801608
v -8.654530 -0.160877 3.642143
v -8.649153 0.065535 3.636358
v -10.623944 -0.096083 4.347712
v -10.618568 0.130328 4.341927
vn 0.3377 0.0160 0.9411
vn -0.9410 0.0310 0.3371
vn -0.3377 -0.0160 -0.9411
vn 0.9410 -0.0310 -0.3371
vn -0.0237 -0.9994 0.0255
vn 0.0237 0.9994 -0.0255
vt 0.375000 0.000000
vt 0.625000 0.000000
vt 0.625000 0.250000
vt 0.375000 0.250000
vt 0.625000 0.500000
vt 0.375000 0.500000
vt 0.625000 0.750000
vt 0.375000 0.750000
vt 0.625000 1.000000
vt 0.375000 1.000000
vt 0.125000 0.500000
vt 0.125000 0.750000
vt 0.875000 0.500000
vt 0.875000 0.750000
s 0
usemtl M_AetherCrystalFloor
f 1065/1357/655 1066/1358/655 1068/1359/655 1067/1360/655
f 1067/1360/656 1068/1359/656 1072/1361/656 1071/1362/656
f 1071/1362/657 1072/1361/657 1070/1363/657 1069/1364/657
f 1069/1364/658 1070/1363/658 1066/1365/658 1065/1366/658
f 1067/1367/659 1071/1362/659 1069/1364/659 1065/1368/659
f 1072/1361/660 1068/1369/660 1066/1370/660 1070/1363/660
o FloorPlate_061
v 0.756015 -0.167540 -11.911733
v 0.759453 -0.004799 -11.915369
v -0.453421 -0.127991 -11.285164
v -0.449984 0.034751 -11.288800
v -0.482315 -0.194754 -14.300309
v -0.478878 -0.032013 -14.303946
v -1.691752 -0.155205 -13.673740
v -1.688314 0.007537 -13.677377
vn 0.4602 0.0101 0.8877
vn -0.8875 0.0290 0.4598
vn -0.4602 -0.0101 -0.8877
vn 0.8875 -0.0290 -0.4598
vn -0.0211 -0.9995 0.0223
vn 0.0211 0.9995 -0.0223
vt 0.375000 0.000000
vt 0.625000 0.000000
vt 0.625000 0.250000
vt 0.375000 0.250000
vt 0.625000 0.500000
vt 0.375000 0.500000
vt 0.625000 0.750000
vt 0.375000 0.750000
vt 0.625000 1.000000
vt 0.375000 1.000000
vt 0.125000 0.500000
vt 0.125000 0.750000
vt 0.875000 0.500000
vt 0.875000 0.750000
s 0
usemtl M_AetherCrystalFloor
f 1073/1371/661 1074/1372/661 1076/1373/661 1075/1374/661
f 1075/1374/662 1076/1373/662 1080/1375/662 1079/1376/662
f 1079/1376/663 1080/1375/663 1078/1377/663 1077/1378/663
f 1077/1378/664 1078/1377/664 1074/1379/664 1073/1380/664
f 1075/1381/665 1079/1376/665 1077/1378/665 1073/1382/665
f 1080/1375/666 1076/1383/666 1074/1384/666 1078/1377/666
o FloorPlate_062
v 18.921288 -0.094423 7.608858
v 18.915340 0.090261 7.607829
v 17.197371 -0.144825 8.526593
v 17.191423 0.039860 8.525564
v 18.167398 -0.126599 6.190950
v 18.161451 0.058085 6.189921
v 16.443481 -0.177001 7.108686
v 16.437534 0.007684 7.107657
vn 0.4694 0.0200 0.8828
vn -0.8824 -0.0258 0.4698
vn -0.4694 -0.0200 -0.8828
vn 0.8824 0.0258 -0.4698
vn 0.0322 -0.9995 0.0056
vn -0.0322 0.9995 -0.0056
vt 0.375000 0.000000
vt 0.625000 0.000000
vt 0.625000 0.250000
vt 0.375000 0.250000
vt 0.625000 0.500000
vt 0.375000 0.500000
vt 0.625000 0.750000
vt 0.375000 0.750000
vt 0.625000 1.000000
vt 0.375000 1.000000
vt 0.125000 0.500000
vt 0.125000 0.750000
vt 0.875000 0.500000
vt 0.875000 0.750000
s 0
usemtl M_AetherCrystalFloor
f 1081/1385/667 1082/1386/667 1084/1387/667 1083/1388/667
f 1083/1388/668 1084/1387/668 1088/1389/668 1087/1390/668
f 1087/1390/669 1088/1389/669 1086/1391/669 1085/1392/669
f 1085/1392/670 1086/1391/670 1082/1393/670 1081/1394/670
f 1083/1395/671 1087/1390/671 1085/1392/671 1081/1396/671
f 1088/1389/672 1084/1397/672 1082/1398/672 1086/1391/672
o FloorPlate_063
v -0.872382 -0.074955 10.452303
v -0.865167 0.110578 10.451958
v -3.286005 0.016358 9.080299
v -3.278790 0.201890 9.079955
v 0.270516 -0.123142 8.438514
v 0.277731 0.062390 8.438169
v -2.143107 -0.031829 7.066511
v -2.135892 0.153703 7.066166
vn -0.4935 0.0208 0.8695
vn -0.8689 0.0329 -0.4939
vn 0.4935 -0.0208 -0.8695
vn 0.8689 -0.0329 0.4939
vn -0.0389 -0.9992 0.0019
vn 0.0389 0.9992 -0.0019
vt 0.375000 0.000000
vt 0.625000 0.000000
vt 0.625000 0.250000
vt 0.375000 0.250000
vt 0.625000 0.500000
vt 0.375000 0.500000
vt 0.625000 0.750000
vt 0.375000 0.750000
vt 0.625000 1.000000
vt 0.375000 1.000000
vt 0.125000 0.500000
vt 0.125000 0.750000
vt 0.875000 0.500000
vt 0.875000 0.750000
s 0
usemtl M_AetherCrystalFloor
f 1089/1399/673 1090/1400/673 1092/1401/673 1091/1402/673
f 1091/1402/674 1092/1401/674 1096/1403/674 1095/1404/674
f 1095/1404/675 1096/1403/675 1094/1405/675 1093/1406/675
f 1093/1406/676 1094/1405/676 1090/1407/676 1089/1408/676
f 1091/1409/677 1095/1404/677 1093/1406/677 1089/1410/677
f 1096/1403/678 1092/1411/678 1090/1412/678 1094/1405/678
o FloorPlate_064
v 7.530833 -0.134997 -10.602015
v 7.534242 0.078950 -10.606745
v 8.333085 -0.209701 -13.403291
v 8.336493 0.004246 -13.408021
v 9.453712 -0.153444 -10.050834
v 9.457120 0.060503 -10.055564
v 10.255963 -0.228149 -12.852110
v 10.259372 -0.014202 -12.856839
vn -0.9612 0.0092 -0.2755
vn 0.2752 -0.0256 -0.9610
vn 0.9612 -0.0092 0.2755
vn -0.2752 0.0256 0.9610
vn -0.0159 -0.9996 0.0221
vn 0.0159 0.9996 -0.0221
vt 0.375000 0.000000
vt 0.625000 0.000000
vt 0.625000 0.250000
vt 0.375000 0.250000
vt 0.625000 0.500000
vt 0.375000 0.500000
vt 0.625000 0.750000
vt 0.375000 0.750000
vt 0.625000 1.000000
vt 0.375000 1.000000
vt 0.125000 0.500000
vt 0.125000 0.750000
vt 0.875000 0.500000
vt 0.875000 0.750000
s 0
usemtl M_AetherCrystalFloor
f 1097/1413/679 1098/1414/679 1100/1415/679 1099/1416/679
f 1099/1416/680 1100/1415/680 1104/1417/680 1103/1418/680
f 1103/1418/681 1104/1417/681 1102/1419/681 1101/1420/681
f 1101/1420/682 1102/1419/682 1098/1421/682 1097/1422/682
f 1099/1423/683 1103/1418/683 1101/1420/683 1097/1424/683
f 1104/1417/684 1100/1425/684 1098/1426/684 1102/1419/684
o FloorPlate_065
v 17.469219 -0.023643 -7.096630
v 17.469830 0.138569 -7.094305
v 19.071362 -0.018525 -7.874266
v 19.071972 0.143687 -7.871941
v 18.633495 -0.062400 -4.698161
v 18.634106 0.099813 -4.695836
v 20.235638 -0.057282 -5.475797
v 20.236248 0.104931 -5.473472
vn -0.4366 0.0145 -0.8995
vn 0.8996 0.0029 -0.4367
vn 0.4366 -0.0145 0.8995
vn -0.8996 -0.0029 0.4367
vn -0.0038 -0.9999 -0.0143
vn 0.0038 0.9999 0.0143
vt 0.375000 0.000000
vt 0.625000 0.000000
vt 0.625000 0.250000
vt 0.375000 0.250000
vt 0.625000 0.500000
vt 0.375000 0.500000
vt 0.625000 0.750000
vt 0.375000 0.750000
vt 0.625000 1.000000
vt 0.375000 1.000000
vt 0.125000 0.500000
vt 0.125000 0.750000
vt 0.875000 0.500000
vt 0.875000 0.750000
s 0
usemtl M_AetherCrystalFloor
f 1105/1427/685 1106/1428/685 1108/1429/685 1107/1430/685
f 1107/1430/686 1108/1429/686 1112/1431/686 1111/1432/686
f 1111/1432/687 1112/1431/687 1110/1433/687 1109/1434/687
f 1109/1434/688 1110/1433/688 1106/1435/688 1105/1436/688
f 1107/1437/689 1111/1432/689 1109/1434/689 1105/1438/689
f 1112/1431/690 1108/1439/690 1106/1440/690 1110/1433/690
o FloorPlate_066
v 2.622573 -0.097903 -16.314333
v 2.610566 0.148112 -16.315619
v 0.173331 -0.207094 -14.336678
v 0.161325 0.038920 -14.337963
v 0.730596 -0.202523 -18.663242
v 0.718589 0.043491 -18.664528
v -1.718646 -0.311715 -16.685587
v -1.730653 -0.065700 -16.686872
vn 0.6269 0.0347 0.7783
vn -0.7776 -0.0347 0.6278
vn -0.6269 -0.0347 -0.7783
vn 0.7776 0.0347 -0.6278
vn 0.0487 -0.9988 0.0052
vn -0.0487 0.9988 -0.0052
vt 0.375000 0.000000
vt 0.625000 0.000000
vt 0.625000 0.250000
vt 0.375000 0.250000
vt 0.625000 0.500000
vt 0.375000 0.500000
vt 0.625000 0.750000
vt 0.375000 0.750000
vt 0.625000 1.000000
vt 0.375000 1.000000
vt 0.125000 0.500000
vt 0.125000 0.750000
vt 0.875000 0.500000
vt 0.875000 0.750000
s 0
usemtl M_AetherCrystalFloor
f 1113/1441/691 1114/1442/691 1116/1443/691 1115/1444/691
f 1115/1444/692 1116/1443/692 1120/1445/692 1119/1446/692
f 1119/1446/693 1120/1445/693 1118/1447/693 1117/1448/693
f 1117/1448/694 1118/1447/694 1114/1449/694 1113/1450/694
f 1115/1451/695 1119/1446/695 1117/1448/695 1113/1452/695
f 1120/1445/696 1116/1453/696 1114/1454/696 1118/1447/696
o FloorPlate_067
v 0.391408 -0.105912 -10.217628
v 0.392141 0.106774 -10.223996
v 1.434612 -0.172280 -12.313845
v 1.435346 0.040407 -12.320213
v 3.075180 -0.075197 -8.882994
v 3.075913 0.137489 -8.889362
v 4.118384 -0.141565 -10.979211
v 4.119117 0.071122 -10.985579
vn -0.8953 -0.0102 -0.4453
vn 0.4454 -0.0283 -0.8949
vn 0.8953 0.0102 0.4453
vn -0.4454 0.0283 0.8949
vn -0.0034 -0.9995 0.0299
vn 0.0034 0.9995 -0.0299
vt 0.375000 0.000000
vt 0.625000 0.000000
vt 0.625000 0.250000
vt 0.375000 0.250000
vt 0.625000 0.500000
vt 0.375000 0.500000
vt 0.625000 0.750000
vt 0.375000 0.750000
vt 0.625000 1.000000
vt 0.375000 1.000000
vt 0.125000 0.500000
vt 0.125000 0.750000
vt 0.875000 0.500000
vt 0.875000 0.750000
s 0
usemtl M_AetherCrystalFloor
f 1121/1455/697 1122/1456/697 1124/1457/697 1123/1458/697
f 1123/1458/698 1124/1457/698 1128/1459/698 1127/1460/698
f 1127/1460/699 1128/1459/699 1126/1461/699 1125/1462/699
f 1125/1462/700 1126/1461/700 1122/1463/700 1121/1464/700
f 1123/1465/701 1127/1460/701 1125/1462/701 1121/1466/701
f 1128/1459/702 1124/1467/702 1122/1468/702 1126/1461/702
o FloorPlate_068
v 7.845362 -0.249011 6.268966
v 7.846458 0.006395 6.274268
v 6.036232 -0.236015 6.017034
v 6.037328 0.019391 6.022335
v 8.265189 -0.188294 3.257313
v 8.266286 0.067112 3.262614
v 6.456059 -0.175298 3.005380
v 6.457156 0.080108 3.010682
vn -0.1380 -0.0200 0.9902
vn -0.9904 0.0071 -0.1379
vn 0.1380 0.0200 -0.9902
vn 0.9904 -0.0071 0.1379
vn -0.0043 -0.9998 -0.0208
vn 0.0043 0.9998 0.0208
vt 0.375000 0.000000
vt 0.625000 0.000000
vt 0.625000 0.250000
vt 0.375000 0.250000
vt 0.625000 0.500000
vt 0.375000 0.500000
vt 0.625000 0.750000
vt 0.375000 0.750000
vt 0.625000 1.000000
vt 0.375000 1.000000
vt 0.125000 0.500000
vt 0.125000 0.750000
vt 0.875000 0.500000
vt 0.875000 0.750000
s 0
usemtl M_AetherCrystalFloor
f 1129/1469/703 1130/1470/703 1132/1471/703 1131/1472/703
f 1131/1472/704 1132/1471/704 1136/1473/704 1135/1474/704
f 1135/1474/705 1136/1473/705 1134/1475/705 1133/1476/705
f 1133/1476/706 1134/1475/706 1130/1477/706 1129/1478/706
f 1131/1479/707 1135/1474/707 1133/1476/707 1129/1480/707
f 1136/1473/708 1132/1481/708 1130/1482/708 1134/1475/708
o FloorPlate_069
v 8.641580 -0.103169 8.065681
v 8.641591 0.096189 8.063223
v 11.519785 -0.100942 8.259700
v 11.519796 0.098416 8.257240
v 8.512363 -0.079518 9.982298
v 8.512375 0.119840 9.979838
v 11.390569 -0.077291 10.176315
v 11.390580 0.122067 10.173857
vn 0.0673 -0.0123 -0.9977
vn 0.9977 0.0008 0.0673
vn -0.0673 0.0123 0.9977
vn -0.9977 -0.0008 -0.0673
vn -0.0001 -0.9999 0.0123
vn 0.0001 0.9999 -0.0123
vt 0.375000 0.000000
vt 0.625000 0.000000
vt 0.625000 0.250000
vt 0.375000 0.250000
vt 0.625000 0.500000
vt 0.375000 0.500000
vt 0.625000 0.750000
vt 0.375000 0.750000
vt 0.625000 1.000000
vt 0.375000 1.000000
vt 0.125000 0.500000
vt 0.125000 0.750000
vt 0.875000 0.500000
vt 0.875000 0.750000
s 0
usemtl M_AetherCrystalFloor
f 1137/1483/709 1138/1484/709 1140/1485/709 1139/1486/709
f 1139/1486/710 1140/1485/710 1144/1487/710 1143/1488/710
f 1143/1488/711 1144/1487/711 1142/1489/711 1141/1490/711
f 1141/1490/712 1142/1489/712 1138/1491/712 1137/1492/712
f 1139/1493/713 1143/1488/713 1141/1490/713 1137/1494/713
f 1144/1487/714 1140/1495/714 1138/1496/714 1142/1489/714
o FloorPlate_070
v -5.932357 -0.168834 13.952579
v -5.941100 0.087093 13.953027
v -7.126197 -0.206404 12.115314
v -7.134939 0.049523 12.115760
v -4.359101 -0.113304 12.929156
v -4.367844 0.142623 12.929603
v -5.552941 -0.150874 11.091889
v -5.561683 0.105053 11.092337
vn -0.8379 -0.0296 0.5451
vn -0.5448 -0.0171 -0.8384
vn 0.8379 0.0296 -0.5451
vn 0.5448 0.0171 0.8384
vn 0.0341 -0.9994 -0.0017
vn -0.0341 0.9994 0.0017
vt 0.375000 0.000000
vt 0.625000 0.000000
vt 0.625000 0.250000
vt 0.375000 0.250000
vt 0.625000 0.500000
vt 0.375000 0.500000
vt 0.625000 0.750000
vt 0.375000 0.750000
vt 0.625000 1.000000
vt 0.375000 1.000000
vt 0.125000 0.500000
vt 0.125000 0.750000
vt 0.875000 0.500000
vt 0.875000 0.750000
s 0
usemtl M_AetherCrystalFloor
f 1145/1497/715 1146/1498/715 1148/1499/715 1147/1500/715
f 1147/1500/716 1148/1499/716 1152/1501/716 1151/1502/716
f 1151/1502/717 1152/1501/717 1150/1503/717 1149/1504/717
f 1149/1504/718 1150/1503/718 1146/1505/718 1145/1506/718
f 1147/1507/719 1151/1502/719 1149/1504/719 1145/1508/719
f 1152/1501/720 1148/1509/720 1146/1510/720 1150/1503/720
o FloorPlate_071
v -13.741993 -0.181991 12.643139
v -13.740341 0.014352 12.646067
v -13.103936 -0.202151 13.635045
v -13.102283 -0.005809 13.637973
v -15.438120 -0.183987 13.734155
v -15.436467 0.012355 13.737082
v -14.800062 -0.204147 14.726061
v -14.798410 -0.007805 14.728989
vn 0.8410 0.0010 -0.5410
vn 0.5409 -0.0171 0.8409
vn -0.8410 -0.0010 0.5410
vn -0.5409 0.0171 -0.8409
vn -0.0084 -0.9999 -0.0149
vn 0.0084 0.9999 0.0149
vt 0.375000 0.000000
vt 0.625000 0.000000
vt 0.625000 0.250000
vt 0.375000 0.250000
vt 0.625000 0.500000
vt 0.375000 0.500000
vt 0.625000 0.750000
vt 0.375000 0.750000
vt 0.625000 1.000000
vt 0.375000 1.000000
vt 0.125000 0.500000
vt 0.125000 0.750000
vt 0.875000 0.500000
vt 0.875000 0.750000
s 0
usemtl M_AetherCrystalFloor
f 1153/1511/721 1154/1512/721 1156/1513/721 1155/1514/721
f 1155/1514/722 1156/1513/722 1160/1515/722 1159/1516/722
f 1159/1516/723 1160/1515/723 1158/1517/723 1157/1518/723
f 1157/1518/724 1158/1517/724 1154/1519/724 1153/1520/724
f 1155/1521/725 1159/1516/725 1157/1518/725 1153/1522/725
f 1160/1515/726 1156/1523/726 1154/1524/726 1158/1517/726
o FloorPlate_072
v 0.507489 -0.217213 6.190298
v 0.509940 0.061805 6.187494
v 1.281655 -0.236316 4.965757
v 1.284106 0.042702 4.962954
v 3.123069 -0.223573 7.843991
v 3.125520 0.055445 7.841187
v 3.897235 -0.242676 6.619451
v 3.899685 0.036342 6.616647
vn -0.8452 0.0021 -0.5344
vn 0.5343 -0.0132 -0.8452
vn 0.8452 -0.0021 0.5344
vn -0.5343 0.0132 0.8452
vn -0.0088 -0.9999 0.0100
vn 0.0088 0.9999 -0.0100
vt 0.375000 0.000000
vt 0.625000 0.000000
vt 0.625000 0.250000
vt 0.375000 0.250000
vt 0.625000 0.500000
vt 0.375000 0.500000
vt 0.625000 0.750000
vt 0.375000 0.750000
vt 0.625000 1.000000
vt 0.375000 1.000000
vt 0.125000 0.500000
vt 0.125000 0.750000
vt 0.875000 0.500000
vt 0.875000 0.750000
s 0
usemtl M_AetherCrystalFloor
f 1161/1525/727 1162/1526/727 1164/1527/727 1163/1528/727
f 1163/1528/728 1164/1527/728 1168/1529/728 1167/1530/728
f 1167/1530/729 1168/1529/729 1166/1531/729 1165/1532/729
f 1165/1532/730 1166/1531/730 1162/1533/730 1161/1534/730
f 1163/1535/731 1167/1530/731 1165/1532/731 1161/1536/731
f 1168/1529/732 1164/1537/732 1162/1538/732 1166/1531/732
o FloorPlate_073
v 3.245536 -0.040418 6.997801
v 3.253689 0.214906 7.003673
v 5.974132 -0.118592 6.608309
v 5.982285 0.136733 6.614180
v 3.576118 -0.104525 9.326567
v 3.584271 0.150800 9.332438
v 6.304714 -0.182698 8.937074
v 6.312867 0.072626 8.942945
vn -0.1405 0.0272 -0.9897
vn 0.9896 -0.0284 -0.1413
vn 0.1405 -0.0272 0.9897
vn -0.9896 0.0284 0.1413
vn -0.0319 -0.9992 -0.0230
vn 0.0319 0.9992 0.0230
vt 0.375000 0.000000
vt 0.625000 0.000000
vt 0.625000 0.250000
vt 0.375000 0.250000
vt 0.625000 0.500000
vt 0.375000 0.500000
vt 0.625000 0.750000
vt 0.375000 0.750000
vt 0.625000 1.000000
vt 0.375000 1.000000
vt 0.125000 0.500000
vt 0.125000 0.750000
vt 0.875000 0.500000
vt 0.875000 0.750000
s 0
usemtl M_AetherCrystalFloor
f 1169/1539/733 1170/1540/733 1172/1541/733 1171/1542/733
f 1171/1542/734 1172/1541/734 1176/1543/734 1175/1544/734
f 1175/1544/735 1176/1543/735 1174/1545/735 1173/1546/735
f 1173/1546/736 1174/1545/736 1170/1547/736 1169/1548/736
f 1171/1549/737 1175/1544/737 1173/1546/737 1169/1550/737
f 1176/1543/738 1172/1551/738 1170/1552/738 1174/1545/738
o FloorPlate_074
v -12.403929 -0.184284 -12.122410
v -12.398917 0.037150 -12.129063
v -11.423347 -0.145804 -10.102988
v -11.418335 0.075630 -10.109640
v -13.608683 -0.139469 -11.538265
v -13.603671 0.081965 -11.544917
v -12.628100 -0.100990 -9.518843
v -12.623089 0.120445 -9.525496
vn 0.8993 -0.0335 -0.4360
vn 0.4367 0.0171 0.8994
vn -0.8993 0.0335 0.4360
vn -0.4367 -0.0171 -0.8994
vn -0.0226 -0.9993 0.0300
vn 0.0226 0.9993 -0.0300
vt 0.375000 0.000000
vt 0.625000 0.000000
vt 0.625000 0.250000
vt 0.375000 0.250000
vt 0.625000 0.500000
vt 0.375000 0.500000
vt 0.625000 0.750000
vt 0.375000 0.750000
vt 0.625000 1.000000
vt 0.375000 1.000000
vt 0.125000 0.500000
vt 0.125000 0.750000
vt 0.875000 0.500000
vt 0.875000 0.750000
s 0
usemtl M_AetherCrystalFloor
f 1177/1553/739 1178/1554/739 1180/1555/739 1179/1556/739
f 1179/1556/740 1180/1555/740 1184/1557/740 1183/1558/740
f 1183/1558/741 1184/1557/741 1182/1559/741 1181/1560/741
f 1181/1560/742 1182/1559/742 1178/1561/742 1177/1562/742
f 1179/1563/743 1183/1558/743 1181/1560/743 1177/1564/743
f 1184/1557/744 1180/1565/744 1178/1566/744 1182/1559/744
o FloorPlate_075
v -9.639259 -0.046531 -10.222925
v -9.637856 0.168163 -10.222936
v -7.219684 -0.062373 -10.457973
v -7.218279 0.152322 -10.457983
v -9.455301 -0.047642 -8.329180
v -9.453897 0.167052 -8.329190
v -7.035725 -0.063484 -8.564227
v -7.034321 0.151211 -8.564238
vn -0.0967 0.0006 -0.9953
vn 0.9953 -0.0065 -0.0967
vn 0.0967 -0.0006 0.9953
vn -0.9953 0.0065 0.0967
vn -0.0065 -1.0000 -0.0000
vn 0.0065 1.0000 -0.0000
vt 0.375000 0.000000
vt 0.625000 0.000000
vt 0.625000 0.250000
vt 0.375000 0.250000
vt 0.625000 0.500000
vt 0.375000 0.500000
vt 0.625000 0.750000
vt 0.375000 0.750000
vt 0.625000 1.000000
vt 0.375000 1.000000
vt 0.125000 0.500000
vt 0.125000 0.750000
vt 0.875000 0.500000
vt 0.875000 0.750000
s 0
usemtl M_AetherCrystalFloor
f 1185/1567/745 1186/1568/745 1188/1569/745 1187/1570/745
f 1187/1570/746 1188/1569/746 1192/1571/746 1191/1572/746
f 1191/1572/747 1192/1571/747 1190/1573/747 1189/1574/747
f 1189/1574/748 1190/1573/748 1186/1575/748 1185/1576/748
f 1187/1577/749 1191/1572/749 1189/1574/749 1185/1578/749
f 1192/1571/750 1188/1579/750 1186/1580/750 1190/1573/750
o FloorPlate_076
v -2.737547 -0.089578 19.022089
v -2.740079 0.124404 19.023638
v -3.516344 -0.085379 17.167797
v -3.518876 0.128603 17.169344
v -0.126746 -0.050753 17.925650
v -0.129278 0.163229 17.927197
v -0.905543 -0.046553 16.071356
v -0.908075 0.167429 16.072905
vn -0.9219 -0.0137 0.3872
vn -0.3872 0.0021 -0.9220
vn 0.9219 0.0137 -0.3872
vn 0.3872 -0.0021 0.9220
vn 0.0118 -0.9999 -0.0072
vn -0.0118 0.9999 0.0072
vt 0.375000 0.000000
vt 0.625000 0.000000
vt 0.625000 0.250000
vt 0.375000 0.250000
vt 0.625000 0.500000
vt 0.375000 0.500000
vt 0.625000 0.750000
vt 0.375000 0.750000
vt 0.625000 1.000000
vt 0.375000 1.000000
vt 0.125000 0.500000
vt 0.125000 0.750000
vt 0.875000 0.500000
vt 0.875000 0.750000
s 0
usemtl M_AetherCrystalFloor
f 1193/1581/751 1194/1582/751 1196/1583/751 1195/1584/751
f 1195/1584/752 1196/1583/752 1200/1585/752 1199/1586/752
f 1199/1586/753 1200/1585/753 1198/1587/753 1197/1588/753
f 1197/1588/754 1198/1587/754 1194/1589/754 1193/1590/754
f 1195/1591/755 1199/1586/755 1197/1588/755 1193/1592/755
f 1200/1585/756 1196/1593/756 1194/1594/756 1198/1587/756
o FloorPlate_077
v 14.949002 -0.135556 -10.018694
v 14.952274 0.091949 -10.023519
v 13.370852 -0.165254 -12.489633
v 13.374124 0.062250 -12.494457
v 17.704657 -0.212490 -11.777763
v 17.707930 0.015015 -11.782588
v 16.126507 -0.242189 -14.248702
v 16.129780 -0.014684 -14.253527
vn -0.8427 0.0235 0.5379
vn -0.5382 -0.0101 -0.8427
vn 0.8427 -0.0235 -0.5379
vn 0.5382 0.0101 0.8427
vn -0.0144 -0.9997 0.0212
vn 0.0144 0.9997 -0.0212
vt 0.375000 0.000000
vt 0.625000 0.000000
vt 0.625000 0.250000
vt 0.375000 0.250000
vt 0.625000 0.500000
vt 0.375000 0.500000
vt 0.625000 0.750000
vt 0.375000 0.750000
vt 0.625000 1.000000
vt 0.375000 1.000000
vt 0.125000 0.500000
vt 0.125000 0.750000
vt 0.875000 0.500000
vt 0.875000 0.750000
s 0
usemtl M_AetherCrystalFloor
f 1201/1595/757 1202/1596/757 1204/1597/757 1203/1598/757
f 1203/1598/758 1204/1597/758 1208/1599/758 1207/1600/758
f 1207/1600/759 1208/1599/759 1206/1601/759 1205/1602/759
f 1205/1602/760 1206/1601/760 1202/1603/760 1201/1604/760
f 1203/1605/761 1207/1600/761 1205/1602/761 1201/1606/761
f 1208/1599/762 1204/1607/762 1202/1608/762 1206/1601/762
o FloorPlate_078
v -11.661749 -0.109660 -15.371361
v -11.656108 0.158783 -15.365998
v -11.607295 -0.166125 -12.602066
v -11.601654 0.102317 -12.596704
v -13.148746 -0.079011 -15.341496
v -13.143106 0.189432 -15.336134
v -13.094293 -0.135477 -12.572202
v -13.088652 0.132966 -12.566839
vn 0.9996 -0.0206 -0.0201
vn 0.0197 -0.0204 0.9996
vn -0.9996 0.0206 0.0201
vn -0.0197 0.0204 -0.9996
vn -0.0210 -0.9996 -0.0200
vn 0.0210 0.9996 0.0200
vt 0.375000 0.000000
vt 0.625000 0.000000
vt 0.625000 0.250000
vt 0.375000 0.250000
vt 0.625000 0.500000
vt 0.375000 0.500000
vt 0.625000 0.750000
vt 0.375000 0.750000
vt 0.625000 1.000000
vt 0.375000 1.000000
vt 0.125000 0.500000
vt 0.125000 0.750000
vt 0.875000 0.500000
vt 0.875000 0.750000
s 0
usemtl M_AetherCrystalFloor
f 1209/1609/763 1210/1610/763 1212/1611/763 1211/1612/763
f 1211/1612/764 1212/1611/764 1216/1613/764 1215/1614/764
f 1215/1614/765 1216/1613/765 1214/1615/765 1213/1616/765
f 1213/1616/766 1214/1615/766 1210/1617/766 1209/1618/766
f 1211/1619/767 1215/1614/767 1213/1616/767 1209/1620/767
f 1216/1613/768 1212/1621/768 1210/1622/768 1214/1615/768
o FloorPlate_079
v 3.903187 -0.251878 6.747359
v 3.891854 0.024586 6.751639
v 5.001938 -0.173487 4.593292
v 4.990605 0.102978 4.597573
v 6.254835 -0.174095 7.949723
v 6.243502 0.102369 7.954004
v 7.353586 -0.095704 5.795657
v 7.342253 0.180761 5.799938
vn -0.8900 -0.0294 -0.4550
vn 0.4541 0.0324 -0.8903
vn 0.8900 0.0294 0.4550
vn -0.4541 -0.0324 0.8903
vn 0.0410 -0.9990 -0.0155
vn -0.0410 0.9990 0.0155
vt 0.375000 0.000000
vt 0.625000 0.000000
vt 0.625000 0.250000
vt 0.375000 0.250000
vt 0.625000 0.500000
vt 0.375000 0.500000
vt 0.625000 0.750000
vt 0.375000 0.750000
vt 0.625000 1.000000
vt 0.375000 1.000000
vt 0.125000 0.500000
vt 0.125000 0.750000
vt 0.875000 0.500000
vt 0.875000 0.750000
s 0
usemtl M_AetherCrystalFloor
f 1217/1623/769 1218/1624/769 1220/1625/769 1219/1626/769
f 1219/1626/770 1220/1625/770 1224/1627/770 1223/1628/770
f 1223/1628/771 1224/1627/771 1222/1629/771 1221/1630/771
f 1221/1630/772 1222/1629/772 1218/1631/772 1217/1632/772
f 1219/1633/773 1223/1628/773 1221/1630/773 1217/1634/773
f 1224/1627/774 1220/1635/774 1218/1636/774 1222/1629/774
o FloorPlate_080
v 19.079342 -0.190716 -7.493367
v 19.072880 0.073788 -7.490283
v 18.004505 -0.241165 -5.418683
v 17.998043 0.023339 -5.415599
v 17.636223 -0.217246 -8.241652
v 17.629761 0.047258 -8.238568
v 16.561386 -0.267695 -6.166968
v 16.554924 -0.003191 -6.163884
vn 0.8876 0.0163 0.4603
vn -0.4599 -0.0216 0.8877
vn -0.8876 -0.0163 -0.4603
vn 0.4599 0.0216 -0.8877
vn 0.0244 -0.9996 -0.0117
vn -0.0244 0.9996 0.0117
vt 0.375000 0.000000
vt 0.625000 0.000000
vt 0.625000 0.250000
vt 0.375000 0.250000
vt 0.625000 0.500000
vt 0.375000 0.500000
vt 0.625000 0.750000
vt 0.375000 0.750000
vt 0.625000 1.000000
vt 0.375000 1.000000
vt 0.125000 0.500000
vt 0.125000 0.750000
vt 0.875000 0.500000
vt 0.875000 0.750000
s 0
usemtl M_AetherCrystalFloor
f 1225/1637/775 1226/1638/775 1228/1639/775 1227/1640/775
f 1227/1640/776 1228/1639/776 1232/1641/776 1231/1642/776
f 1231/1642/777 1232/1641/777 1230/1643/777 1229/1644/777
f 1229/1644/778 1230/1643/778 1226/1645/778 1225/1646/778
f 1227/1647/779 1231/1642/779 1229/1644/779 1225/1648/779
f 1232/1641/780 1228/1649/780 1226/1650/780 1230/1643/780
o FloorPlate_081
v 6.173799 -0.163190 -17.363619
v 6.175143 0.009613 -17.366289
v 7.853999 -0.193058 -18.450623
v 7.855343 -0.020255 -18.453293
v 7.820643 -0.136680 -14.818790
v 7.821988 0.036123 -14.821461
v 9.500843 -0.166548 -15.905794
v 9.502188 0.006255 -15.908464
vn -0.5433 -0.0087 -0.8395
vn 0.8395 -0.0149 -0.5431
vn 0.5433 0.0087 0.8395
vn -0.8395 0.0149 0.5431
vn -0.0078 -0.9999 0.0154
vn 0.0078 0.9999 -0.0154
vt 0.375000 0.000000
vt 0.625000 0.000000
vt 0.625000 0.250000
vt 0.375000 0.250000
vt 0.625000 0.500000
vt 0.375000 0.500000
vt 0.625000 0.750000
vt 0.375000 0.750000
vt 0.625000 1.000000
vt 0.375000 1.000000
vt 0.125000 0.500000
vt 0.125000 0.750000
vt 0.875000 0.500000
vt 0.875000 0.750000
s 0
usemtl M_AetherCrystalFloor
f 1233/1651/781 1234/1652/781 1236/1653/781 1235/1654/781
f 1235/1654/782 1236/1653/782 1240/1655/782 1239/1656/782
f 1239/1656/783 1240/1655/783 1238/1657/783 1237/1658/783
f 1237/1658/784 1238/1657/784 1234/1659/784 1233/1660/784
f 1235/1661/785 1239/1656/785 1237/1658/785 1233/1662/785
f 1240/1655/786 1236/1663/786 1234/1664/786 1238/1657/786
o FloorPlate_082
v 10.796211 -0.068857 -14.233232
v 10.794935 0.141250 -14.232612
v 8.636254 -0.082641 -14.006911
v 8.634979 0.127465 -14.006289
v 10.628157 -0.065133 -15.836871
v 10.626882 0.144974 -15.836249
v 8.468201 -0.078917 -15.610549
v 8.466925 0.131189 -15.609928
vn 0.1042 -0.0023 0.9946
vn -0.9945 -0.0063 0.1042
vn -0.1042 0.0023 -0.9946
vn 0.9945 0.0063 -0.1042
vn 0.0061 -1.0000 -0.0030
vn -0.0061 1.0000 0.0030
vt 0.375000 0.000000
vt 0.625000 0.000000
vt 0.625000 0.250000
vt 0.375000 0.250000
vt 0.625000 0.500000
vt 0.375000 0.500000
vt 0.625000 0.750000
vt 0.375000 0.750000
vt 0.625000 1.000000
vt 0.375000 1.000000
vt 0.125000 0.500000
vt 0.125000 0.750000
vt 0.875000 0.500000
vt 0.875000 0.750000
s 0
usemtl M_AetherCrystalFloor
f 1241/1665/787 1242/1666/787 1244/1667/787 1243/1668/787
f 1243/1668/788 1244/1667/788 1248/1669/788 1247/1670/788
f 1247/1670/789 1248/1669/789 1246/1671/789 1245/1672/789
f 1245/1672/790 1246/1671/790 1242/1673/790 1241/1674/790
f 1243/1675/791 1247/1670/791 1245/1672/791 1241/1676/791
f 1248/1669/792 1244/1677/792 1242/1678/792 1246/1671/792
o FloorPlate_083
v 4.205063 -0.167616 -6.606851
v 4.201210 0.077430 -6.614129
v 2.607648 -0.229262 -7.836753
v 2.603796 0.015784 -7.844032
v 6.259939 -0.214512 -9.273402
v 6.256087 0.030534 -9.280681
v 4.662525 -0.276158 -10.503304
v 4.658672 -0.031112 -10.510583
vn -0.6103 0.0139 0.7920
vn -0.7920 -0.0306 -0.6098
vn 0.6103 -0.0139 -0.7920
vn 0.7920 0.0306 0.6098
vn 0.0157 -0.9994 0.0297
vn -0.0157 0.9994 -0.0297
vt 0.375000 0.000000
vt 0.625000 0.000000
vt 0.625000 0.250000
vt 0.375000 0.250000
vt 0.625000 0.500000
vt 0.375000 0.500000
vt 0.625000 0.750000
vt 0.375000 0.750000
vt 0.625000 1.000000
vt 0.375000 1.000000
vt 0.125000 0.500000
vt 0.125000 0.750000
vt 0.875000 0.500000
vt 0.875000 0.750000
s 0
usemtl M_AetherCrystalFloor
f 1249/1679/793 1250/1680/793 1252/1681/793 1251/1682/793
f 1251/1682/794 1252/1681/794 1256/1683/794 1255/1684/794
f 1255/1684/795 1256/1683/795 1254/1685/795 1253/1686/795
f 1253/1686/796 1254/1685/796 1250/1687/796 1249/1688/796
f 1251/1689/797 1255/1684/797 1253/1686/797 1249/1690/797
f 1256/1683/798 1252/1691/798 1250/1692/798 1254/1685/798
o FloorPlate_084
v -14.550731 -0.198485 7.534629
v -14.561888 0.080566 7.536203
v -13.301305 -0.156128 8.880749
v -13.312462 0.122922 8.882323
v -15.768194 -0.253549 8.666373
v -15.779351 0.025502 8.667948
v -14.518768 -0.211192 10.012493
v -14.529925 0.067859 10.014068
vn 0.7320 0.0331 -0.6805
vn 0.6801 0.0231 0.7327
vn -0.7320 -0.0331 0.6805
vn -0.6801 -0.0231 -0.7327
vn 0.0399 -0.9992 -0.0056
vn -0.0399 0.9992 0.0056
vt 0.375000 0.000000
vt 0.625000 0.000000
vt 0.625000 0.250000
vt 0.375000 0.250000
vt 0.625000 0.500000
vt 0.375000 0.500000
vt 0.625000 0.750000
vt 0.375000 0.750000
vt 0.625000 1.000000
vt 0.375000 1.000000
vt 0.125000 0.500000
vt 0.125000 0.750000
vt 0.875000 0.500000
vt 0.875000 0.750000
s 0
usemtl M_AetherCrystalFloor
f 1257/1693/799 1258/1694/799 1260/1695/799 1259/1696/799
f 1259/1696/800 1260/1695/800 1264/1697/800 1263/1698/800
f 1263/1698/801 1264/1697/801 1262/1699/801 1261/1700/801
f 1261/1700/802 1262/1699/802 1258/1701/802 1257/1702/802
f 1259/1703/803 1263/1698/803 1261/1700/803 1257/1704/803
f 1264/1697/804 1260/1705/804 1258/1706/804 1262/1699/804
o FloorPlate_085
v -4.520542 -0.226137 4.375874
v -4.525988 0.018738 4.376466
v -5.220615 -0.235790 1.928361
v -5.226061 0.009086 1.928953
v -2.620503 -0.182571 3.832226
v -2.625948 0.062304 3.832817
v -3.320576 -0.192223 1.384712
v -3.326021 0.052652 1.385304
vn -0.9612 -0.0220 0.2750
vn -0.2750 -0.0038 -0.9614
vn 0.9612 0.0220 -0.2750
vn 0.2750 0.0038 0.9614
vn 0.0222 -0.9998 -0.0024
vn -0.0222 0.9997 0.0024
vt 0.375000 0.000000
vt 0.625000 0.000000
vt 0.625000 0.250000
vt 0.375000 0.250000
vt 0.625000 0.500000
vt 0.375000 0.500000
vt 0.625000 0.750000
vt 0.375000 0.750000
vt 0.625000 1.000000
vt 0.375000 1.000000
vt 0.125000 0.500000
vt 0.125000 0.750000
vt 0.875000 0.500000
vt 0.875000 0.750000
s 0
usemtl M_AetherCrystalFloor
f 1265/1707/805 1266/1708/805 1268/1709/805 1267/1710/805
f 1267/1710/806 1268/1709/806 1272/1711/806 1271/1712/806
f 1271/1712/807 1272/1711/807 1270/1713/807 1269/1714/807
f 1269/1714/808 1270/1713/808 1266/1715/808 1265/1716/808
f 1267/1717/809 1271/1712/809 1269/1714/809 1265/1718/809
f 1272/1711/810 1268/1719/810 1266/1720/810 1270/1713/810
o FloorPlate_086
v 6.019887 -0.095967 -8.411445
v 6.024437 0.080087 -8.411451
v 6.986666 -0.120858 -5.960793
v 6.991216 0.055197 -5.960799
v 4.477258 -0.056075 -7.802475
v 4.481808 0.119979 -7.802482
v 5.444037 -0.080966 -5.351822
v 5.448587 0.095089 -5.351830
vn 0.9299 -0.0240 -0.3671
vn 0.3670 -0.0094 0.9302
vn -0.9299 0.0240 0.3671
vn -0.3670 0.0094 -0.9302
vn -0.0258 -0.9997 -0.0000
vn 0.0258 0.9997 -0.0000
vt 0.375000 0.000000
vt 0.625000 0.000000
vt 0.625000 0.250000
vt 0.375000 0.250000
vt 0.625000 0.500000
vt 0.375000 0.500000
vt 0.625000 0.750000
vt 0.375000 0.750000
vt 0.625000 1.000000
vt 0.375000 1.000000
vt 0.125000 0.500000
vt 0.125000 0.750000
vt 0.875000 0.500000
vt 0.875000 0.750000
s 0
usemtl M_AetherCrystalFloor
f 1273/1721/811 1274/1722/811 1276/1723/811 1275/1724/811
f 1275/1724/812 1276/1723/812 1280/1725/812 1279/1726/812
f 1279/1726/813 1280/1725/813 1278/1727/813 1277/1728/813
f 1277/1728/814 1278/1727/814 1274/1729/814 1273/1730/814
f 1275/1731/815 1279/1726/815 1277/1728/815 1273/1732/815
f 1280/1725/816 1276/1733/816 1274/1734/816 1278/1727/816
o FloorPlate_087
v 8.097046 -0.168231 15.272674
v 8.101437 -0.000533 15.271984
v 6.817151 -0.139852 14.025193
v 6.821541 0.027847 14.024505
v 9.924334 -0.223776 13.396640
v 9.928723 -0.056078 13.395951
v 8.644438 -0.195397 12.149160
v 8.648829 -0.027699 12.148471
vn -0.6976 0.0212 0.7162
vn -0.7160 0.0159 -0.6979
vn 0.6976 -0.0212 -0.7162
vn 0.7160 -0.0159 0.6979
vn -0.0262 -0.9996 0.0041
vn 0.0262 0.9996 -0.0041
vt 0.375000 0.000000
vt 0.625000 0.000000
vt 0.625000 0.250000
vt 0.375000 0.250000
vt 0.625000 0.500000
vt 0.375000 0.500000
vt 0.625000 0.750000
vt 0.375000 0.750000
vt 0.625000 1.000000
vt 0.375000 1.000000
vt 0.125000 0.500000
vt 0.125000 0.750000
vt 0.875000 0.500000
vt 0.875000 0.750000
s 0
usemtl M_AetherCrystalFloor
f 1281/1735/817 1282/1736/817 1284/1737/817 1283/1738/817
f 1283/1738/818 1284/1737/818 1288/1739/818 1287/1740/818
f 1287/1740/819 1288/1739/819 1286/1741/819 1285/1742/819
f 1285/1742/820 1286/1741/820 1282/1743/820 1281/1744/820
f 1283/1745/821 1287/1740/821 1285/1742/821 1281/1746/821
f 1288/1739/822 1284/1747/822 1282/1748/822 1286/1741/822
o FloorPlate_088
v -21.435013 0.004267 1.925099
v -21.431097 0.165731 1.928301
v -19.239170 -0.066009 2.782781
v -19.235254 0.095455 2.785983
v -22.111311 -0.013633 3.655093
v -22.107395 0.147830 3.658295
v -19.915468 -0.083909 4.512775
v -19.911552 0.077554 4.515978
vn 0.3641 0.0096 -0.9313
vn 0.9311 -0.0298 0.3637
vn -0.3641 -0.0096 0.9313
vn -0.9311 0.0298 -0.3637
vn -0.0242 -0.9995 -0.0198
vn 0.0242 0.9995 0.0198
vt 0.375000 0.000000
vt 0.625000 0.000000
vt 0.625000 0.250000
vt 0.375000 0.250000
vt 0.625000 0.500000
vt 0.375000 0.500000
vt 0.625000 0.750000
vt 0.375000 0.750000
vt 0.625000 1.000000
vt 0.375000 1.000000
vt 0.125000 0.500000
vt 0.125000 0.750000
vt 0.875000 0.500000
vt 0.875000 0.750000
s 0
usemtl M_AetherCrystalFloor
f 1289/1749/823 1290/1750/823 1292/1751/823 1291/1752/823
f 1291/1752/824 1292/1751/824 1296/1753/824 1295/1754/824
f 1295/1754/825 1296/1753/825 1294/1755/825 1293/1756/825
f 1293/1756/826 1294/1755/826 1290/1757/826 1289/1758/826
f 1291/1759/827 1295/1754/827 1293/1756/827 1289/1760/827
f 1296/1753/828 1292/1761/828 1290/1762/828 1294/1755/828
o FloorPlate_089
v -13.180301 -0.081632 6.609266
v -13.180312 0.102048 6.616734
v -11.189392 -0.157580 8.480150
v -11.189404 0.026100 8.487618
v -14.877527 -0.155049 8.412396
v -14.877539 0.028631 8.419865
v -12.886619 -0.230997 10.283280
v -12.886630 -0.047317 10.290749
vn 0.6851 0.0296 -0.7278
vn 0.7285 -0.0278 0.6845
vn -0.6851 -0.0296 0.7278
vn -0.7285 0.0278 -0.6845
vn 0.0001 -0.9992 -0.0406
vn -0.0001 0.9992 0.0406
vt 0.375000 0.000000
vt 0.625000 0.000000
vt 0.625000 0.250000
vt 0.375000 0.250000
vt 0.625000 0.500000
vt 0.375000 0.500000
vt 0.625000 0.750000
vt 0.375000 0.750000
vt 0.625000 1.000000
vt 0.375000 1.000000
vt 0.125000 0.500000
vt 0.125000 0.750000
vt 0.875000 0.500000
vt 0.875000 0.750000
s 0
usemtl M_AetherCrystalFloor
f 1297/1763/829 1298/1764/829 1300/1765/829 1299/1766/829
f 1299/1766/830 1300/1765/830 1304/1767/830 1303/1768/830
f 1303/1768/831 1304/1767/831 1302/1769/831 1301/1770/831
f 1301/1770/832 1302/1769/832 1298/1771/832 1297/1772/832
f 1299/1773/833 1303/1768/833 1301/1770/833 1297/1774/833
f 1304/1767/834 1300/1775/834 1298/1776/834 1302/1769/834
o FloorPlate_090
v -16.867226 -0.120801 6.998718
v -16.866024 0.049953 7.000817
v -15.497254 -0.143114 8.029379
v -15.496052 0.027640 8.031478
v -17.721329 -0.128740 8.133834
v -17.720127 0.042014 8.135933
v -16.351357 -0.151053 9.164495
v -16.350155 0.019701 9.166594
vn 0.6012 0.0056 -0.7991
vn 0.7990 -0.0130 0.6011
vn -0.6012 -0.0056 0.7991
vn -0.7990 0.0130 -0.6011
vn -0.0070 -0.9999 -0.0123
vn 0.0070 0.9999 0.0123
vt 0.375000 0.000000
vt 0.625000 0.000000
vt 0.625000 0.250000
vt 0.375000 0.250000
vt 0.625000 0.500000
vt 0.375000 0.500000
vt 0.625000 0.750000
vt 0.375000 0.750000
vt 0.625000 1.000000
vt 0.375000 1.000000
vt 0.125000 0.500000
vt 0.125000 0.750000
vt 0.875000 0.500000
vt 0.875000 0.750000
s 0
usemtl M_AetherCrystalFloor
f 1305/1777/835 1306/1778/835 1308/1779/835 1307/1780/835
f 1307/1780/836 1308/1779/836 1312/1781/836 1311/1782/836
f 1311/1782/837 1312/1781/837 1310/1783/837 1309/1784/837
f 1309/1784/838 1310/1783/838 1306/1785/838 1305/1786/838
f 1307/1787/839 1311/1782/839 1309/1784/839 1305/1788/839
f 1312/1781/840 1308/1789/840 1306/1790/840 1310/1783/840
o FloorPlate_091
v -3.414811 -0.127500 -15.697700
v -3.413799 0.093924 -15.697321
v -2.128765 -0.137328 -13.385898
v -2.127753 0.084097 -13.385519
v -6.081303 -0.117853 -14.214300
v -6.080291 0.103572 -14.213922
v -4.795257 -0.127680 -11.902498
v -4.794245 0.093744 -11.902120
vn 0.8739 -0.0032 -0.4861
vn 0.4861 -0.0037 0.8739
vn -0.8739 0.0032 0.4861
vn -0.4861 0.0037 -0.8739
vn -0.0046 -1.0000 -0.0017
vn 0.0046 1.0000 0.0017
vt 0.375000 0.000000
vt 0.625000 0.000000
vt 0.625000 0.250000
vt 0.375000 0.250000
vt 0.625000 0.500000
vt 0.375000 0.500000
vt 0.625000 0.750000
vt 0.375000 0.750000
vt 0.625000 1.000000
vt 0.375000 1.000000
vt 0.125000 0.500000
vt 0.125000 0.750000
vt 0.875000 0.500000
vt 0.875000 0.750000
s 0
usemtl M_AetherCrystalFloor
f 1313/1791/841 1314/1792/841 1316/1793/841 1315/1794/841
f 1315/1794/842 1316/1793/842 1320/1795/842 1319/1796/842
f 1319/1796/843 1320/1795/843 1318/1797/843 1317/1798/843
f 1317/1798/844 1318/1797/844 1314/1799/844 1313/1800/844
f 1315/1801/845 1319/1796/845 1317/1798/845 1313/1802/845
f 1320/1795/846 1316/1803/846 1314/1804/846 1318/1797/846
o FloorPlate_092
v 15.607401 -0.122067 -14.061974
v 15.607905 0.040252 -14.065906
v 17.076683 -0.125535 -14.016561
v 17.077187 0.036783 -14.020493
v 15.548129 -0.075346 -12.140787
v 15.548634 0.086973 -12.144719
v 17.017412 -0.078814 -12.095374
v 17.017916 0.083504 -12.099306
vn 0.0308 -0.0243 -0.9992
vn 0.9995 -0.0024 0.0309
vn -0.0308 0.0243 0.9992
vn -0.9995 0.0024 -0.0309
vn -0.0031 -0.9997 0.0242
vn 0.0031 0.9997 -0.0242
vt 0.375000 0.000000
vt 0.625000 0.000000
vt 0.625000 0.250000
vt 0.375000 0.250000
vt 0.625000 0.500000
vt 0.375000 0.500000
vt 0.625000 0.750000
vt 0.375000 0.750000
vt 0.625000 1.000000
vt 0.375000 1.000000
vt 0.125000 0.500000
vt 0.125000 0.750000
vt 0.875000 0.500000
vt 0.875000 0.750000
s 0
usemtl M_AetherCrystalFloor
f 1321/1805/847 1322/1806/847 1324/1807/847 1323/1808/847
f 1323/1808/848 1324/1807/848 1328/1809/848 1327/1810/848
f 1327/1810/849 1328/1809/849 1326/1811/849 1325/1812/849
f 1325/1812/850 1326/1811/850 1322/1813/850 1321/1814/850
f 1323/1815/851 1327/1810/851 1325/1812/851 1321/1816/851
f 1328/1809/852 1324/1817/852 1322/1818/852 1326/1811/852
o FloorPlate_093
v -15.599925 -0.121842 -6.881087
v -15.598837 0.152098 -6.887331
v -17.225246 -0.126987 -7.390071
v -17.224157 0.146953 -7.396316
v -14.812947 -0.182239 -9.393506
v -14.811859 0.091701 -9.399751
v -16.438269 -0.187384 -9.902490
v -16.437181 0.086557 -9.908734
vn -0.2988 0.0229 0.9540
vn -0.9543 -0.0030 -0.2988
vn 0.2988 -0.0229 -0.9540
vn 0.9543 0.0030 0.2988
vn -0.0040 -0.9997 0.0228
vn 0.0040 0.9997 -0.0228
vt 0.375000 0.000000
vt 0.625000 0.000000
vt 0.625000 0.250000
vt 0.375000 0.250000
vt 0.625000 0.500000
vt 0.375000 0.500000
vt 0.625000 0.750000
vt 0.375000 0.750000
vt 0.625000 1.000000
vt 0.375000 1.000000
vt 0.125000 0.500000
vt 0.125000 0.750000
vt 0.875000 0.500000
vt 0.875000 0.750000
s 0
usemtl M_AetherCrystalFloor
f 1329/1819/853 1330/1820/853 1332/1821/853 1331/1822/853
f 1331/1822/854 1332/1821/854 1336/1823/854 1335/1824/854
f 1335/1824/855 1336/1823/855 1334/1825/855 1333/1826/855
f 1333/1826/856 1334/1825/856 1330/1827/856 1329/1828/856
f 1331/1829/857 1335/1824/857 1333/1826/857 1329/1830/857
f 1336/1823/858 1332/1831/858 1330/1832/858 1334/1825/858
o FloorPlate_094
v 10.813604 -0.111023 15.586610
v 10.820024 0.167121 15.582743
v 12.465590 -0.136512 16.495728
v 12.472010 0.141633 16.491859
v 9.573338 -0.051040 17.842022
v 9.579757 0.227104 17.838154
v 11.225323 -0.076528 18.751139
v 11.231743 0.201616 18.747271
vn 0.4817 -0.0233 -0.8760
vn 0.8760 -0.0135 0.4821
vn -0.4817 0.0233 0.8760
vn -0.8760 0.0135 -0.4821
vn -0.0231 -0.9996 0.0139
vn 0.0231 0.9996 -0.0139
vt 0.375000 0.000000
vt 0.625000 0.000000
vt 0.625000 0.250000
vt 0.375000 0.250000
vt 0.625000 0.500000
vt 0.375000 0.500000
vt 0.625000 0.750000
vt 0.375000 0.750000
vt 0.625000 1.000000
vt 0.375000 1.000000
vt 0.125000 0.500000
vt 0.125000 0.750000
vt 0.875000 0.500000
vt 0.875000 0.750000
s 0
usemtl M_AetherCrystalFloor
f 1337/1833/859 1338/1834/859 1340/1835/859 1339/1836/859
f 1339/1836/860 1340/1835/860 1344/1837/860 1343/1838/860
f 1343/1838/861 1344/1837/861 1342/1839/861 1341/1840/861
f 1341/1840/862 1342/1839/862 1338/1841/862 1337/1842/862
f 1339/1843/863 1343/1838/863 1341/1840/863 1337/1844/863
f 1344/1837/864 1340/1845/864 1338/1846/864 1342/1839/864
o FloorPlate_095
v -3.633389 -0.079140 4.998131
v -3.637108 0.177197 4.999228
v -3.491092 -0.088811 7.737524
v -3.494812 0.167526 7.738622
v -6.272523 -0.118022 5.135082
v -6.276242 0.138316 5.136180
v -6.130227 -0.127692 7.874475
v -6.133946 0.128645 7.875573
vn 0.9985 0.0147 -0.0518
vn 0.0519 -0.0035 0.9986
vn -0.9985 -0.0147 0.0518
vn -0.0519 0.0035 -0.9986
vn 0.0145 -0.9999 -0.0043
vn -0.0145 0.9999 0.0043
vt 0.375000 0.000000
vt 0.625000 0.000000
vt 0.625000 0.250000
vt 0.375000 0.250000
vt 0.625000 0.500000
vt 0.375000 0.500000
vt 0.625000 0.750000
vt 0.375000 0.750000
vt 0.625000 1.000000
vt 0.375000 1.000000
vt 0.125000 0.500000
vt 0.125000 0.750000
vt 0.875000 0.500000
vt 0.875000 0.750000
s 0
usemtl M_AetherCrystalFloor
f 1345/1847/865 1346/1848/865 1348/1849/865 1347/1850/865
f 1347/1850/866 1348/1849/866 1352/1851/866 1351/1852/866
f 1351/1852/867 1352/1851/867 1350/1853/867 1349/1854/867
f 1349/1854/868 1350/1853/868 1346/1855/868 1345/1856/868
f 1347/1857/869 1351/1852/869 1349/1854/869 1345/1858/869
f 1352/1851/870 1348/1859/870 1346/1860/870 1350/1853/870
o FloorPlate_096
v 17.446682 -0.178406 5.905619
v 17.445225 0.068482 5.911827
v 15.756098 -0.237027 7.839978
v 15.754641 0.009862 7.846187
v 16.289877 -0.159823 4.895163
v 16.288420 0.087065 4.901371
v 14.599294 -0.218444 6.829522
v 14.597836 0.028445 6.835731
vn 0.7531 -0.0121 0.6578
vn -0.6579 -0.0228 0.7528
vn -0.7531 0.0121 -0.6578
vn 0.6579 0.0228 -0.7528
vn 0.0059 -0.9997 -0.0251
vn -0.0059 0.9997 0.0251
vt 0.375000 0.000000
vt 0.625000 0.000000
vt 0.625000 0.250000
vt 0.375000 0.250000
vt 0.625000 0.500000
vt 0.375000 0.500000
vt 0.625000 0.750000
vt 0.375000 0.750000
vt 0.625000 1.000000
vt 0.375000 1.000000
vt 0.125000 0.500000
vt 0.125000 0.750000
vt 0.875000 0.500000
vt 0.875000 0.750000
s 0
usemtl M_AetherCrystalFloor
f 1353/1861/871 1354/1862/871 1356/1863/871 1355/1864/871
f 1355/1864/872 1356/1863/872 1360/1865/872 1359/1866/872
f 1359/1866/873 1360/1865/873 1358/1867/873 1357/1868/873
f 1357/1868/874 1358/1867/874 1354/1869/874 1353/1870/874
f 1355/1871/875 1359/1866/875 1357/1868/875 1353/1872/875
f 1360/1865/876 1356/1873/876 1354/1874/876 1358/1867/876
o FloorPlate_097
v -4.648396 -0.270494 -12.203612
v -4.653566 -0.062662 -12.197997
v -3.909330 -0.181834 -14.804678
v -3.914500 0.025997 -14.799063
v -1.794339 -0.221457 -11.390989
v -1.799509 -0.013625 -11.385374
v -1.055273 -0.132797 -13.992055
v -1.060443 0.075035 -13.986440
vn -0.9616 -0.0165 -0.2738
vn 0.2732 0.0328 -0.9614
vn 0.9616 0.0165 0.2738
vn -0.2732 -0.0328 0.9614
vn 0.0249 -0.9993 -0.0270
vn -0.0249 0.9993 0.0270
vt 0.375000 0.000000
vt 0.625000 0.000000
vt 0.625000 0.250000
vt 0.375000 0.250000
vt 0.625000 0.500000
vt 0.375000 0.500000
vt 0.625000 0.750000
vt 0.375000 0.750000
vt 0.625000 1.000000
vt 0.375000 1.000000
vt 0.125000 0.500000
vt 0.125000 0.750000
vt 0.875000 0.500000
vt 0.875000 0.750000
s 0
usemtl M_AetherCrystalFloor
f 1361/1875/877 1362/1876/877 1364/1877/877 1363/1878/877
f 1363/1878/878 1364/1877/878 1368/1879/878 1367/1880/878
f 1367/1880/879 1368/1879/879 1366/1881/879 1365/1882/879
f 1365/1882/880 1366/1881/880 1362/1883/880 1361/1884/880
f 1363/1885/881 1367/1880/881 1365/1882/881 1361/1886/881
f 1368/1879/882 1364/1887/882 1362/1888/882 1366/1881/882
o FloorPlate_098
v 6.570989 -0.173123 -12.043540
v 6.571764 0.045593 -12.036889
v 4.515595 -0.162513 -12.152652
v 4.516371 0.056202 -12.146000
v 6.704954 -0.097076 -14.559719
v 6.705729 0.121639 -14.553067
v 4.649560 -0.086466 -14.668830
v 4.650336 0.132249 -14.662179
vn -0.0531 -0.0302 0.9981
vn -0.9986 0.0052 -0.0530
vn 0.0531 0.0302 -0.9981
vn 0.9986 -0.0052 0.0530
vn -0.0035 -0.9995 -0.0304
vn 0.0035 0.9995 0.0304
vt 0.375000 0.000000
vt 0.625000 0.000000
vt 0.625000 0.250000
vt 0.375000 0.250000
vt 0.625000 0.500000
vt 0.375000 0.500000
vt 0.625000 0.750000
vt 0.375000 0.750000
vt 0.625000 1.000000
vt 0.375000 1.000000
vt 0.125000 0.500000
vt 0.125000 0.750000
vt 0.875000 0.500000
vt 0.875000 0.750000
s 0
usemtl M_AetherCrystalFloor
f 1369/1889/883 1370/1890/883 1372/1891/883 1371/1892/883
f 1371/1892/884 1372/1891/884 1376/1893/884 1375/1894/884
f 1375/1894/885 1376/1893/885 1374/1895/885 1373/1896/885
f 1373/1896/886 1374/1895/886 1370/1897/886 1369/1898/886
f 1371/1899/887 1375/1894/887 1373/1896/887 1369/1900/887
f 1376/1893/888 1372/1901/888 1370/1902/888 1374/1895/888
o FloorPlate_099
v 5.057288 -0.054115 5.602465
v 5.059314 0.176289 5.599785
v 5.902107 -0.091081 3.062822
v 5.904132 0.139323 3.060143
v 6.353622 -0.060493 6.033787
v 6.355648 0.169911 6.031107
v 7.198441 -0.097458 3.494144
v 7.200466 0.132946 3.491464
vn -0.9488 0.0047 -0.3157
vn 0.3156 -0.0138 -0.9488
vn 0.9488 -0.0047 0.3157
vn -0.3156 0.0138 0.9488
vn -0.0088 -0.9999 0.0116
vn 0.0088 0.9999 -0.0116
vt 0.375000 0.000000
vt 0.625000 0.000000
vt 0.625000 0.250000
vt 0.375000 0.250000
vt 0.625000 0.500000
vt 0.375000 0.500000
vt 0.625000 0.750000
vt 0.375000 0.750000
vt 0.625000 1.000000
vt 0.375000 1.000000
vt 0.125000 0.500000
vt 0.125000 0.750000
vt 0.875000 0.500000
vt 0.875000 0.750000
s 0
usemtl M_AetherCrystalFloor
f 1377/1903/889 1378/1904/889 1380/1905/889 1379/1906/889
f 1379/1906/890 1380/1905/890 1384/1907/890 1383/1908/890
f 1383/1908/891 1384/1907/891 1382/1909/891 1381/1910/891
f 1381/1910/892 1382/1909/892 1378/1911/892 1377/1912/892
f 1379/1913/893 1383/1908/893 1381/1910/893 1377/1914/893
f 1384/1907/894 1380/1915/894 1378/1916/894 1382/1909/894
o FloorPlate_100
v 5.971812 -0.160498 -6.446487
v 5.969024 0.043591 -6.454022
v 6.365303 -0.245429 -8.892490
v 6.362514 -0.041340 -8.900025
v 8.816365 -0.104807 -5.990815
v 8.813577 0.099282 -5.998350
v 9.209856 -0.189738 -8.436818
v 9.207067 0.014351 -8.444353
vn -0.9872 -0.0193 -0.1581
vn 0.1587 -0.0343 -0.9867
vn 0.9872 0.0193 0.1581
vn -0.1587 0.0343 0.9867
vn 0.0137 -0.9992 0.0369
vn -0.0137 0.9992 -0.0369
vt 0.375000 0.000000
vt 0.625000 0.000000
vt 0.625000 0.250000
vt 0.375000 0.250000
vt 0.625000 0.500000
vt 0.375000 0.500000
vt 0.625000 0.750000
vt 0.375000 0.750000
vt 0.625000 1.000000
vt 0.375000 1.000000
vt 0.125000 0.500000
vt 0.125000 0.750000
vt 0.875000 0.500000
vt 0.875000 0.750000
s 0
usemtl M_AetherCrystalFloor
f 1385/1917/895 1386/1918/895 1388/1919/895 1387/1920/895
f 1387/1920/896 1388/1919/896 1392/1921/896 1391/1922/896
f 1391/1922/897 1392/1921/897 1390/1923/897 1389/1924/897
f 1389/1924/898 1390/1923/898 1386/1925/898 1385/1926/898
f 1387/1927/899 1391/1922/899 1389/1924/899 1385/1928/899
f 1392/1921/900 1388/1929/900 1386/1930/900 1390/1923/900
o FloorPlate_101
v -14.211080 -0.220253 -9.995871
v -14.220575 0.010480 -9.995842
v -12.898829 -0.166031 -11.749559
v -12.908326 0.064703 -11.749532
v -12.268914 -0.140498 -8.540122
v -12.278411 0.090236 -8.540094
v -10.956665 -0.086275 -10.293812
v -10.966161 0.144458 -10.293783
vn -0.7997 -0.0328 -0.5994
vn 0.5989 0.0247 -0.8004
vn 0.7997 0.0328 0.5994
vn -0.5989 -0.0247 0.8004
vn 0.0411 -0.9992 -0.0001
vn -0.0411 0.9992 0.0001
vt 0.375000 0.000000
vt 0.625000 0.000000
vt 0.625000 0.250000
vt 0.375000 0.250000
vt 0.625000 0.500000
vt 0.375000 0.500000
vt 0.625000 0.750000
vt 0.375000 0.750000
vt 0.625000 1.000000
vt 0.375000 1.000000
vt 0.125000 0.500000
vt 0.125000 0.750000
vt 0.875000 0.500000
vt 0.875000 0.750000
s 0
usemtl M_AetherCrystalFloor
f 1393/1931/901 1394/1932/901 1396/1933/901 1395/1934/901
f 1395/1934/902 1396/1933/902 1400/1935/902 1399/1936/902
f 1399/1936/903 1400/1935/903 1398/1937/903 1397/1938/903
f 1397/1938/904 1398/1937/904 1394/1939/904 1393/1940/904
f 1395/1941/905 1399/1936/905 1397/1938/905 1393/1942/905
f 1400/1935/906 1396/1943/906 1394/1944/906 1398/1937/906
o FloorPlate_102
v 10.974837 -0.205478 -13.726192
v 10.980360 -0.026955 -13.728458
v 11.333437 -0.199417 -12.374450
v 11.338960 -0.020894 -12.376715
v 9.105903 -0.141378 -13.230677
v 9.111425 0.037145 -13.232942
v 9.464502 -0.135318 -11.878933
v 9.470025 0.043206 -11.881199
vn 0.9661 -0.0331 -0.2561
vn 0.2564 0.0043 0.9666
vn -0.9661 0.0331 0.2561
vn -0.2564 -0.0043 -0.9666
vn -0.0309 -0.9994 0.0127
vn 0.0309 0.9994 -0.0127
vt 0.375000 0.000000
vt 0.625000 0.000000
vt 0.625000 0.250000
vt 0.375000 0.250000
vt 0.625000 0.500000
vt 0.375000 0.500000
vt 0.625000 0.750000
vt 0.375000 0.750000
vt 0.625000 1.000000
vt 0.375000 1.000000
vt 0.125000 0.500000
vt 0.125000 0.750000
vt 0.875000 0.500000
vt 0.875000 0.750000
s 0
usemtl M_AetherCrystalFloor
f 1401/1945/907 1402/1946/907 1404/1947/907 1403/1948/907
f 1403/1948/908 1404/1947/908 1408/1949/908 1407/1950/908
f 1407/1950/909 1408/1949/909 1406/1951/909 1405/1952/909
f 1405/1952/910 1406/1951/910 1402/1953/910 1401/1954/910
f 1403/1955/911 1407/1950/911 1405/1952/911 1401/1956/911
f 1408/1949/912 1404/1957/912 1402/1958/912 1406/1951/912
o FloorPlate_103
v -10.078518 -0.133526 -11.154061
v -10.084553 0.055060 -11.154206
v -11.114481 -0.165563 -9.700220
v -11.120516 0.023022 -9.700365
v -12.412773 -0.209501 -12.819056
v -12.418808 -0.020916 -12.819201
v -13.448736 -0.241539 -11.365214
v -13.454771 -0.052953 -11.365359
vn 0.8138 0.0265 0.5805
vn -0.5802 -0.0179 0.8143
vn -0.8138 -0.0265 -0.5805
vn 0.5802 0.0179 -0.8143
vn 0.0320 -0.9995 0.0008
vn -0.0320 0.9995 -0.0008
vt 0.375000 0.000000
vt 0.625000 0.000000
vt 0.625000 0.250000
vt 0.375000 0.250000
vt 0.625000 0.500000
vt 0.375000 0.500000
vt 0.625000 0.750000
vt 0.375000 0.750000
vt 0.625000 1.000000
vt 0.375000 1.000000
vt 0.125000 0.500000
vt 0.125000 0.750000
vt 0.875000 0.500000
vt 0.875000 0.750000
s 0
usemtl M_AetherCrystalFloor
f 1409/1959/913 1410/1960/913 1412/1961/913 1411/1962/913
f 1411/1962/914 1412/1961/914 1416/1963/914 1415/1964/914
f 1415/1964/915 1416/1963/915 1414/1965/915 1413/1966/915
f 1413/1966/916 1414/1965/916 1410/1967/916 1409/1968/916
f 1411/1969/917 1415/1964/917 1413/1966/917 1409/1970/917
f 1416/1963/918 1412/1971/918 1410/1972/918 1414/1965/918
o MainCauseway
v -25.000000 -0.020000 2.100000
v -25.000000 0.280000 2.100000
v -25.000000 -0.020000 -2.100000
v -25.000000 0.280000 -2.100000
v 25.000000 -0.020000 2.100000
v 25.000000 0.280000 2.100000
v 25.000000 -0.020000 -2.100000
v 25.000000 0.280000 -2.100000
vn -1.0000 -0.0000 -0.0000
vn -0.0000 -0.0000 -1.0000
vn 1.0000 -0.0000 -0.0000
vn -0.0000 -0.0000 1.0000
vn -0.0000 -1.0000 -0.0000
vn -0.0000 1.0000 -0.0000
vt 0.375000 0.000000
vt 0.625000 0.000000
vt 0.625000 0.250000
vt 0.375000 0.250000
vt 0.625000 0.500000
vt 0.375000 0.500000
vt 0.625000 0.750000
vt 0.375000 0.750000
vt 0.625000 1.000000
vt 0.375000 1.000000
vt 0.125000 0.500000
vt 0.125000 0.750000
vt 0.875000 0.500000
vt 0.875000 0.750000
s 0
usemtl M_Causeway
f 1417/1973/919 1418/1974/919 1420/1975/919 1419/1976/919
f 1419/1976/920 1420/1975/920 1424/1977/920 1423/1978/920
f 1423/1978/921 1424/1977/921 1422/1979/921 1421/1980/921
f 1421/1980/922 1422/1979/922 1418/1981/922 1417/1982/922
f 1419/1983/923 1423/1978/923 1421/1980/923 1417/1984/923
f 1424/1977/924 1420/1985/924 1418/1986/924 1422/1979/924
o CausewayFracture_L_0
v -22.000477 0.315580 1.497445
v -22.000181 0.322119 1.506441
v -21.999819 0.322119 1.517559
v -21.999523 0.315580 1.526554
v -21.999411 0.305000 1.529990
v -21.999523 0.294420 1.526554
v -21.999819 0.287881 1.517559
v -22.000181 0.287881 1.506441
v -22.000477 0.294420 1.497445
v -22.000589 0.305000 1.494010
v -19.250826 0.315580 1.392563
v -19.250530 0.322119 1.401559
v -19.250168 0.322119 1.412677
v -19.249872 0.315580 1.421672
v -19.249760 0.305000 1.425108
v -19.249872 0.294420 1.421672
v -19.250168 0.287881 1.412677
v -19.250530 0.287881 1.401559
v -19.250826 0.294420 1.392563
v -19.250938 0.305000 1.389128
v -16.500242 0.315580 1.317420
v -16.500092 0.322119 1.326418
v -16.499908 0.322119 1.337541
v -16.499758 0.315580 1.346540
v -16.499701 0.305000 1.349977
v -16.499758 0.294420 1.346540
v -16.499908 0.287881 1.337541
v -16.500092 0.287881 1.326418
v -16.500242 0.294420 1.317420
v -16.500299 0.305000 1.313982
v -13.749855 0.315580 1.301176
v -13.749892 0.322119 1.310176
v -13.749940 0.322119 1.321300
v -13.749977 0.315580 1.330300
v -13.749991 0.305000 1.333738
v -13.749977 0.294420 1.330300
v -13.749940 0.287881 1.321300
v -13.749892 0.287881 1.310176
v -13.749855 0.294420 1.301176
v -13.749841 0.305000 1.297738
v -10.999563 0.315580 1.340581
v -10.999833 0.322119 1.349577
v -11.000167 0.322119 1.360697
v -11.000437 0.315580 1.369693
v -11.000540 0.305000 1.373129
v -11.000437 0.294420 1.369693
v -11.000167 0.287881 1.360697
v -10.999833 0.287881 1.349577
v -10.999563 0.294420 1.340581
v -10.999460 0.305000 1.337145
v -8.249583 0.315580 1.466271
v -8.249910 0.322119 1.475265
v -8.250315 0.322119 1.486383
v -8.250642 0.315580 1.495377
v -8.250768 0.305000 1.498812
v -8.250642 0.294420 1.495377
v -8.250315 0.287881 1.486383
v -8.249910 0.287881 1.475265
v -8.249583 0.294420 1.466271
v -8.249457 0.305000 1.462836
v -5.500275 0.315580 1.540775
v -5.500105 0.322119 1.549774
v -5.499895 0.322119 1.560896
v -5.499725 0.315580 1.569895
v -5.499660 0.305000 1.573332
v -5.499725 0.294420 1.569895
v -5.499895 0.287881 1.560896
v -5.500105 0.287881 1.549774
v -5.500275 0.294420 1.540775
v -5.500340 0.305000 1.537338
v -2.750893 0.315580 1.362217
v -2.750360 0.322119 1.371202
v -2.749701 0.322119 1.382307
v -2.749167 0.315580 1.391291
v -2.748963 0.305000 1.394722
v -2.749167 0.294420 1.391291
v -2.749701 0.287881 1.382307
v -2.750360 0.287881 1.371202
v -2.750893 0.294420 1.362217
v -2.751097 0.305000 1.358786
v 0.000127 0.315580 1.214207
v 0.000049 0.322119 1.223207
v -0.000049 0.322119 1.234331
v -0.000127 0.315580 1.243331
v -0.000157 0.305000 1.246768
v -0.000127 0.294420 1.243331
v -0.000049 0.287881 1.234331
v 0.000049 0.287881 1.223207
v 0.000127 0.294420 1.214207
v 0.000157 0.305000 1.210770
v 2.751189 0.315580 1.410517
v 2.750521 0.322119 1.419492
v 2.749695 0.322119 1.430586
v 2.749027 0.315580 1.439561
v 2.748771 0.305000 1.442990
v 2.749027 0.294420 1.439561
v 2.749695 0.287881 1.430586
v 2.750521 0.287881 1.419492
v 2.751189 0.294420 1.410517
v 2.751444 0.305000 1.407089
v 5.500386 0.315580 1.623696
v 5.500147 0.322119 1.632693
v 5.499853 0.322119 1.643814
v 5.499614 0.315580 1.652811
v 5.499523 0.305000 1.656247
v 5.499614 0.294420 1.652811
v 5.499853 0.287881 1.643814
v 5.500147 0.287881 1.632693
v 5.500386 0.294420 1.623696
v 5.500477 0.305000 1.620260
v 8.249665 0.315580 1.556657
v 8.250010 0.322119 1.565651
v 8.250436 0.322119 1.576767
v 8.250781 0.315580 1.585761
v 8.250913 0.305000 1.589196
v 8.250781 0.294420 1.585761
v 8.250436 0.287881 1.576767
v 8.250010 0.287881 1.565651
v 8.249665 0.294420 1.556657
v 8.249534 0.305000 1.553222
v 10.999405 0.315580 1.412839
v 10.999773 0.322119 1.421831
v 11.000227 0.322119 1.432947
v 11.000595 0.315580 1.441939
v 11.000736 0.305000 1.445374
v 11.000595 0.294420 1.441939
v 11.000227 0.287881 1.432947
v 10.999773 0.287881 1.421831
v 10.999405 0.294420 1.412839
v 10.999264 0.305000 1.409404
v 13.749341 0.315580 1.331640
v 13.749530 0.322119 1.340638
v 13.749763 0.322119 1.351760
v 13.749951 0.315580 1.360758
v 13.750024 0.305000 1.364195
v 13.749951 0.294420 1.360758
v 13.749763 0.287881 1.351760
v 13.749530 0.287881 1.340638
v 13.749341 0.294420 1.331640
v 13.749269 0.305000 1.328203
v 16.500011 0.315580 1.297457
v 16.500004 0.322119 1.306457
v 16.499996 0.322119 1.317582
v 16.499989 0.315580 1.326582
v 16.499985 0.305000 1.330020
v 16.499989 0.294420 1.326582
v 16.499996 0.287881 1.317582
v 16.500004 0.287881 1.306457
v 16.500011 0.294420 1.297457
v 16.500015 0.305000 1.294020
v 19.250454 0.315580 1.336106
v 19.250273 0.322119 1.345104
v 19.250051 0.322119 1.356227
v 19.249870 0.315580 1.365225
v 19.249802 0.305000 1.368662
v 19.249870 0.294420 1.365225
v 19.250051 0.287881 1.356227
v 19.250273 0.287881 1.345104
v 19.250454 0.294420 1.336106
v 19.250523 0.305000 1.332669
v 22.000292 0.315580 1.407796
v 22.000111 0.322119 1.416794
v 21.999889 0.322119 1.427916
v 21.999708 0.315580 1.436915
v 21.999640 0.305000 1.440352
v 21.999708 0.294420 1.436915
v 21.999889 0.287881 1.427916
v 22.000111 0.287881 1.416794
v 22.000292 0.294420 1.407796
v 22.000360 0.305000 1.404359
vn -0.0308 0.5883 -0.8081
vn -0.0117 0.9514 -0.3078
vn 0.0118 0.9507 0.3098
vn 0.0309 0.5873 0.8088
vn 0.0381 -0.0000 0.9993
vn 0.0309 -0.5873 0.8088
vn 0.0118 -0.9507 0.3098
vn -0.0117 -0.9514 -0.3078
vn -0.0308 -0.5883 -0.8081
vn -0.0381 -0.0000 -0.9993
vn -0.0265 0.5873 -0.8090
vn -0.0101 0.9507 -0.3098
vn 0.0101 0.9514 0.3079
vn 0.0265 0.5883 0.8082
vn 0.0327 -0.0000 0.9995
vn 0.0265 -0.5883 0.8082
vn 0.0101 -0.9514 0.3079
vn -0.0101 -0.9507 -0.3098
vn -0.0265 -0.5873 -0.8090
vn -0.0327 -0.0000 -0.9995
vn -0.0134 0.5868 -0.8096
vn -0.0052 0.9504 -0.3109
vn 0.0051 0.9517 0.3071
vn 0.0134 0.5888 0.8082
vn 0.0166 -0.0000 0.9999
vn 0.0134 -0.5888 0.8082
vn 0.0051 -0.9517 0.3071
vn -0.0052 -0.9504 -0.3109
vn -0.0134 -0.5868 -0.8096
vn -0.0166 -0.0000 -0.9999
vn 0.0034 0.5868 -0.8097
vn 0.0013 0.9505 -0.3108
vn -0.0013 0.9516 0.3072
vn -0.0034 0.5887 0.8083
vn -0.0042 -0.0000 1.0000
vn -0.0034 -0.5887 0.8083
vn -0.0013 -0.9516 0.3072
vn 0.0013 -0.9505 -0.3108
vn 0.0034 -0.5868 -0.8097
vn 0.0042 -0.0000 -1.0000
vn 0.0243 0.5863 -0.8097
vn 0.0094 0.9502 -0.3116
vn -0.0092 0.9520 0.3061
vn -0.0242 0.5893 0.8076
vn -0.0300 -0.0000 0.9995
vn -0.0242 -0.5893 0.8076
vn -0.0092 -0.9520 0.3061
vn 0.0094 -0.9502 -0.3116
vn 0.0243 -0.5863 -0.8097
vn 0.0300 -0.0000 -0.9996
vn 0.0294 0.5886 -0.8079
vn 0.0112 0.9516 -0.3072
vn -0.0113 0.9505 0.3105
vn -0.0294 0.5868 0.8092
vn -0.0364 -0.0000 0.9993
vn -0.0294 -0.5868 0.8092
vn -0.0113 -0.9505 0.3105
vn 0.0112 -0.9516 -0.3072
vn 0.0294 -0.5886 -0.8079
vn 0.0364 -0.0000 -0.9993
vn -0.0152 0.5923 -0.8056
vn -0.0057 0.9537 -0.3006
vn 0.0060 0.9484 0.3170
vn 0.0153 0.5837 0.8118
vn 0.0189 -0.0000 0.9998
vn 0.0153 -0.5837 0.8118
vn 0.0060 -0.9484 0.3170
vn -0.0057 -0.9537 -0.3006
vn -0.0152 -0.5923 -0.8056
vn -0.0189 -0.0000 -0.9998
vn -0.0480 0.5870 -0.8081
vn -0.0184 0.9507 -0.3096
vn 0.0183 0.9513 0.3077
vn 0.0479 0.5881 0.8074
vn 0.0593 -0.0000 0.9982
vn 0.0479 -0.5881 0.8074
vn 0.0183 -0.9513 0.3077
vn -0.0184 -0.9507 -0.3096
vn -0.0480 -0.5870 -0.8081
vn -0.0593 -0.0000 -0.9982
vn 0.0071 0.5823 -0.8129
vn 0.0028 0.9475 -0.3198
vn -0.0026 0.9547 0.2976
vn -0.0070 0.5940 0.8044
vn -0.0087 -0.0000 1.0000
vn -0.0070 -0.5940 0.8044
vn -0.0026 -0.9547 0.2976
vn 0.0028 -0.9475 -0.3198
vn 0.0071 -0.5823 -0.8129
vn 0.0087 -0.0000 -1.0000
vn 0.0601 0.5872 -0.8072
vn 0.0230 0.9508 -0.3089
vn -0.0229 0.9512 0.3078
vn -0.0601 0.5878 0.8068
vn -0.0742 -0.0000 0.9972
vn -0.0601 -0.5878 0.8068
vn -0.0229 -0.9512 0.3078
vn 0.0230 -0.9508 -0.3089
vn 0.0601 -0.5872 -0.8072
vn 0.0742 -0.0000 -0.9972
vn 0.0213 0.5928 -0.8051
vn 0.0079 0.9540 -0.2997
vn -0.0084 0.9481 0.3178
vn -0.0215 0.5833 0.8120
vn -0.0265 -0.0000 0.9996
vn -0.0215 -0.5833 0.8120
vn -0.0084 -0.9481 0.3178
vn 0.0079 -0.9540 -0.2997
vn 0.0213 -0.5928 -0.8051
vn 0.0265 -0.0000 -0.9996
vn -0.0310 0.5890 -0.8075
vn -0.0117 0.9518 -0.3064
vn 0.0119 0.9502 0.3113
vn 0.0310 0.5864 0.8094
vn 0.0383 -0.0000 0.9993
vn 0.0310 -0.5864 0.8094
vn 0.0119 -0.9502 0.3113
vn -0.0117 -0.9518 -0.3064
vn -0.0310 -0.5890 -0.8075
vn -0.0383 -0.0000 -0.9993
vn -0.0331 0.5867 -0.8091
vn -0.0127 0.9504 -0.3108
vn 0.0125 0.9517 0.3067
vn 0.0330 0.5889 0.8076
vn 0.0409 -0.0000 0.9992
vn 0.0330 -0.5889 0.8076
vn 0.0125 -0.9517 0.3067
vn -0.0127 -0.9504 -0.3108
vn -0.0331 -0.5867 -0.8091
vn -0.0409 -0.0000 -0.9992
vn -0.0170 0.5870 -0.8094
vn -0.0065 0.9506 -0.3105
vn 0.0064 0.9515 0.3074
vn 0.0170 0.5886 0.8083
vn 0.0210 -0.0000 0.9998
vn 0.0170 -0.5886 0.8083
vn 0.0064 -0.9515 0.3074
vn -0.0065 -0.9506 -0.3105
vn -0.0170 -0.5870 -0.8094
vn -0.0210 -0.0000 -0.9998
vn 0.0007 0.5866 -0.8099
vn 0.0003 0.9503 -0.3114
vn -0.0002 0.9518 0.3067
vn -0.0007 0.5890 0.8081
vn -0.0008 -0.0000 1.0000
vn -0.0007 -0.5890 0.8081
vn -0.0002 -0.9518 0.3067
vn 0.0003 -0.9503 -0.3114
vn 0.0007 -0.5866 -0.8099
vn 0.0008 -0.0000 -1.0000
vn 0.0162 0.5872 -0.8093
vn 0.0062 0.9507 -0.3100
vn -0.0062 0.9514 0.3079
vn -0.0162 0.5883 0.8084
vn -0.0201 -0.0000 0.9998
vn -0.0162 -0.5883 0.8084
vn -0.0062 -0.9514 0.3079
vn 0.0062 -0.9507 -0.3100
vn 0.0162 -0.5872 -0.8093
vn 0.0201 -0.0000 -0.9998
vn 0.0211 0.5883 -0.8083
vn 0.0080 0.9514 -0.3078
vn -0.0081 0.9507 0.3100
vn -0.0211 0.5872 0.8092
vn -0.0261 -0.0000 0.9997
vn -0.0211 -0.5872 0.8092
vn -0.0081 -0.9507 0.3100
vn 0.0080 -0.9514 -0.3078
vn 0.0211 -0.5883 -0.8083
vn 0.0261 -0.0000 -0.9997
vt 0.000000 1.000000
vt 0.062500 1.000000
vt 0.062500 0.900000
vt 0.000000 0.900000
vt 0.000000 0.100000
vt 0.062500 0.100000
vt 0.062500 0.000000
vt 0.000000 0.000000
vt 0.000000 0.200000
vt 0.062500 0.200000
vt 0.000000 0.300000
vt 0.062500 0.300000
vt 0.000000 0.400000
vt 0.062500 0.400000
vt 0.000000 0.500000
vt 0.062500 0.500000
vt 0.000000 0.600000
vt 0.062500 0.600000
vt 0.000000 0.700000
vt 0.062500 0.700000
vt 0.000000 0.800000
vt 0.062500 0.800000
vt 0.125000 1.000000
vt 0.125000 0.900000
vt 0.125000 0.100000
vt 0.125000 0.000000
vt 0.125000 0.200000
vt 0.125000 0.300000
vt 0.125000 0.400000
vt 0.125000 0.500000
vt 0.125000 0.600000
vt 0.125000 0.700000
vt 0.125000 0.800000
vt 0.187500 1.000000
vt 0.187500 0.900000
vt 0.187500 0.100000
vt 0.187500 0.000000
vt 0.187500 0.200000
vt 0.187500 0.300000
vt 0.187500 0.400000
vt 0.187500 0.500000
vt 0.187500 0.600000
vt 0.187500 0.700000
vt 0.187500 0.800000
vt 0.250000 1.000000
vt 0.250000 0.900000
vt 0.250000 0.100000
vt 0.250000 0.000000
vt 0.250000 0.200000
vt 0.250000 0.300000
vt 0.250000 0.400000
vt 0.250000 0.500000
vt 0.250000 0.600000
vt 0.250000 0.700000
vt 0.250000 0.800000
vt 0.312500 1.000000
vt 0.312500 0.900000
vt 0.312500 0.100000
vt 0.312500 0.000000
vt 0.312500 0.200000
vt 0.312500 0.300000
vt 0.312500 0.400000
vt 0.312500 0.500000
vt 0.312500 0.600000
vt 0.312500 0.700000
vt 0.312500 0.800000
vt 0.375000 1.000000
vt 0.375000 0.900000
vt 0.375000 0.100000
vt 0.375000 0.000000
vt 0.375000 0.200000
vt 0.375000 0.300000
vt 0.375000 0.400000
vt 0.375000 0.500000
vt 0.375000 0.600000
vt 0.375000 0.700000
vt 0.375000 0.800000
vt 0.437500 1.000000
vt 0.437500 0.900000
vt 0.437500 0.100000
vt 0.437500 0.000000
vt 0.437500 0.200000
vt 0.437500 0.300000
vt 0.437500 0.400000
vt 0.437500 0.500000
vt 0.437500 0.600000
vt 0.437500 0.700000
vt 0.437500 0.800000
vt 0.500000 1.000000
vt 0.500000 0.900000
vt 0.500000 0.100000
vt 0.500000 0.000000
vt 0.500000 0.200000
vt 0.500000 0.300000
vt 0.500000 0.400000
vt 0.500000 0.500000
vt 0.500000 0.600000
vt 0.500000 0.700000
vt 0.500000 0.800000
vt 0.562500 1.000000
vt 0.562500 0.900000
vt 0.562500 0.100000
vt 0.562500 0.000000
vt 0.562500 0.200000
vt 0.562500 0.300000
vt 0.562500 0.400000
vt 0.562500 0.500000
vt 0.562500 0.600000
vt 0.562500 0.700000
vt 0.562500 0.800000
vt 0.625000 1.000000
vt 0.625000 0.900000
vt 0.625000 0.100000
vt 0.625000 0.000000
vt 0.625000 0.200000
vt 0.625000 0.300000
vt 0.625000 0.400000
vt 0.625000 0.500000
vt 0.625000 0.600000
vt 0.625000 0.700000
vt 0.625000 0.800000
vt 0.687500 1.000000
vt 0.687500 0.900000
vt 0.687500 0.100000
vt 0.687500 0.000000
vt 0.687500 0.200000
vt 0.687500 0.300000
vt 0.687500 0.400000
vt 0.687500 0.500000
vt 0.687500 0.600000
vt 0.687500 0.700000
vt 0.687500 0.800000
vt 0.750000 1.000000
vt 0.750000 0.900000
vt 0.750000 0.100000
vt 0.750000 0.000000
vt 0.750000 0.200000
vt 0.750000 0.300000
vt 0.750000 0.400000
vt 0.750000 0.500000
vt 0.750000 0.600000
vt 0.750000 0.700000
vt 0.750000 0.800000
vt 0.812500 1.000000
vt 0.812500 0.900000
vt 0.812500 0.100000
vt 0.812500 0.000000
vt 0.812500 0.200000
vt 0.812500 0.300000
vt 0.812500 0.400000
vt 0.812500 0.500000
vt 0.812500 0.600000
vt 0.812500 0.700000
vt 0.812500 0.800000
vt 0.875000 1.000000
vt 0.875000 0.900000
vt 0.875000 0.100000
vt 0.875000 0.000000
vt 0.875000 0.200000
vt 0.875000 0.300000
vt 0.875000 0.400000
vt 0.875000 0.500000
vt 0.875000 0.600000
vt 0.875000 0.700000
vt 0.875000 0.800000
vt 0.937500 1.000000
vt 0.937500 0.900000
vt 0.937500 0.100000
vt 0.937500 0.000000
vt 0.937500 0.200000
vt 0.937500 0.300000
vt 0.937500 0.400000
vt 0.937500 0.500000
vt 0.937500 0.600000
vt 0.937500 0.700000
vt 0.937500 0.800000
vt 1.000000 1.000000
vt 1.000000 0.900000
vt 1.000000 0.100000
vt 1.000000 0.000000
vt 1.000000 0.200000
vt 1.000000 0.300000
vt 1.000000 0.400000
vt 1.000000 0.500000
vt 1.000000 0.600000
vt 1.000000 0.700000
vt 1.000000 0.800000
s 1
usemtl M_AetherEnergy
f 1425/1987/925 1435/1988/935 1444/1989/944 1434/1990/934
f 1426/1991/926 1436/1992/936 1435/1993/935 1425/1994/925
f 1427/1995/927 1437/1996/937 1436/1992/936 1426/1991/926
f 1428/1997/928 1438/1998/938 1437/1996/937 1427/1995/927
f 1429/1999/929 1439/2000/939 1438/1998/938 1428/1997/928
f 1430/2001/930 1440/2002/940 1439/2000/939 1429/1999/929
f 1431/2003/931 1441/2004/941 1440/2002/940 1430/2001/930
f 1432/2005/932 1442/2006/942 1441/2004/941 1431/2003/931
f 1433/2007/933 1443/2008/943 1442/2006/942 1432/2005/932
f 1434/1990/934 1444/1989/944 1443/2008/943 1433/2007/933
f 1435/1988/935 1445/2009/945 1454/2010/954 1444/1989/944
f 1436/1992/936 1446/2011/946 1445/2012/945 1435/1993/935
f 1437/1996/937 1447/2013/947 1446/2011/946 1436/1992/936
f 1438/1998/938 1448/2014/948 1447/2013/947 1437/1996/937
f 1439/2000/939 1449/2015/949 1448/2014/948 1438/1998/938
f 1440/2002/940 1450/2016/950 1449/2015/949 1439/2000/939
f 1441/2004/941 1451/2017/951 1450/2016/950 1440/2002/940
f 1442/2006/942 1452/2018/952 1451/2017/951 1441/2004/941
f 1443/2008/943 1453/2019/953 1452/2018/952 1442/2006/942
f 1444/1989/944 1454/2010/954 1453/2019/953 1443/2008/943
f 1445/2009/945 1455/2020/955 1464/2021/964 1454/2010/954
f 1446/2011/946 1456/2022/956 1455/2023/955 1445/2012/945
f 1447/2013/947 1457/2024/957 1456/2022/956 1446/2011/946
f 1448/2014/948 1458/2025/958 1457/2024/957 1447/2013/947
f 1449/2015/949 1459/2026/959 1458/2025/958 1448/2014/948
f 1450/2016/950 1460/2027/960 1459/2026/959 1449/2015/949
f 1451/2017/951 1461/2028/961 1460/2027/960 1450/2016/950
f 1452/2018/952 1462/2029/962 1461/2028/961 1451/2017/951
f 1453/2019/953 1463/2030/963 1462/2029/962 1452/2018/952
f 1454/2010/954 1464/2021/964 1463/2030/963 1453/2019/953
f 1455/2020/955 1465/2031/965 1474/2032/974 1464/2021/964
f 1456/2022/956 1466/2033/966 1465/2034/965 1455/2023/955
f 1457/2024/957 1467/2035/967 1466/2033/966 1456/2022/956
f 1458/2025/958 1468/2036/968 1467/2035/967 1457/2024/957
f 1459/2026/959 1469/2037/969 1468/2036/968 1458/2025/958
f 1460/2027/960 1470/2038/970 1469/2037/969 1459/2026/959
f 1461/2028/961 1471/2039/971 1470/2038/970 1460/2027/960
f 1462/2029/962 1472/2040/972 1471/2039/971 1461/2028/961
f 1463/2030/963 1473/2041/973 1472/2040/972 1462/2029/962
f 1464/2021/964 1474/2032/974 1473/2041/973 1463/2030/963
f 1465/2031/965 1475/2042/975 1484/2043/984 1474/2032/974
f 1466/2033/966 1476/2044/976 1475/2045/975 1465/2034/965
f 1467/2035/967 1477/2046/977 1476/2044/976 1466/2033/966
f 1468/2036/968 1478/2047/978 1477/2046/977 1467/2035/967
f 1469/2037/969 1479/2048/979 1478/2047/978 1468/2036/968
f 1470/2038/970 1480/2049/980 1479/2048/979 1469/2037/969
f 1471/2039/971 1481/2050/981 1480/2049/980 1470/2038/970
f 1472/2040/972 1482/2051/982 1481/2050/981 1471/2039/971
f 1473/2041/973 1483/2052/983 1482/2051/982 1472/2040/972
f 1474/2032/974 1484/2043/984 1483/2052/983 1473/2041/973
f 1475/2042/975 1485/2053/985 1494/2054/994 1484/2043/984
f 1476/2044/976 1486/2055/986 1485/2056/985 1475/2045/975
f 1477/2046/977 1487/2057/987 1486/2055/986 1476/2044/976
f 1478/2047/978 1488/2058/988 1487/2057/987 1477/2046/977
f 1479/2048/979 1489/2059/989 1488/2058/988 1478/2047/978
f 1480/2049/980 1490/2060/990 1489/2059/989 1479/2048/979
f 1481/2050/981 1491/2061/991 1490/2060/990 1480/2049/980
f 1482/2051/982 1492/2062/992 1491/2061/991 1481/2050/981
f 1483/2052/983 1493/2063/993 1492/2062/992 1482/2051/982
f 1484/2043/984 1494/2054/994 1493/2063/993 1483/2052/983
f 1485/2053/985 1495/2064/995 1504/2065/1004 1494/2054/994
f 1486/2055/986 1496/2066/996 1495/2067/995 1485/2056/985
f 1487/2057/987 1497/2068/997 1496/2066/996 1486/2055/986
f 1488/2058/988 1498/2069/998 1497/2068/997 1487/2057/987
f 1489/2059/989 1499/2070/999 1498/2069/998 1488/2058/988
f 1490/2060/990 1500/2071/1000 1499/2070/999 1489/2059/989
f 1491/2061/991 1501/2072/1001 1500/2071/1000 1490/2060/990
f 1492/2062/992 1502/2073/1002 1501/2072/1001 1491/2061/991
f 1493/2063/993 1503/2074/1003 1502/2073/1002 1492/2062/992
f 1494/2054/994 1504/2065/1004 1503/2074/1003 1493/2063/993
f 1495/2064/995 1505/2075/1005 1514/2076/1014 1504/2065/1004
f 1496/2066/996 1506/2077/1006 1505/2078/1005 1495/2067/995
f 1497/2068/997 1507/2079/1007 1506/2077/1006 1496/2066/996
f 1498/2069/998 1508/2080/1008 1507/2079/1007 1497/2068/997
f 1499/2070/999 1509/2081/1009 1508/2080/1008 1498/2069/998
f 1500/2071/1000 1510/2082/1010 1509/2081/1009 1499/2070/999
f 1501/2072/1001 1511/2083/1011 1510/2082/1010 1500/2071/1000
f 1502/2073/1002 1512/2084/1012 1511/2083/1011 1501/2072/1001
f 1503/2074/1003 1513/2085/1013 1512/2084/1012 1502/2073/1002
f 1504/2065/1004 1514/2076/1014 1513/2085/1013 1503/2074/1003
f 1505/2075/1005 1515/2086/1015 1524/2087/1024 1514/2076/1014
f 1506/2077/1006 1516/2088/1016 1515/2089/1015 1505/2078/1005
f 1507/2079/1007 1517/2090/1017 1516/2088/1016 1506/2077/1006
f 1508/2080/1008 1518/2091/1018 1517/2090/1017 1507/2079/1007
f 1509/2081/1009 1519/2092/1019 1518/2091/1018 1508/2080/1008
f 1510/2082/1010 1520/2093/1020 1519/2092/1019 1509/2081/1009
f 1511/2083/1011 1521/2094/1021 1520/2093/1020 1510/2082/1010
f 1512/2084/1012 1522/2095/1022 1521/2094/1021 1511/2083/1011
f 1513/2085/1013 1523/2096/1023 1522/2095/1022 1512/2084/1012
f 1514/2076/1014 1524/2087/1024 1523/2096/1023 1513/2085/1013
f 1515/2086/1015 1525/2097/1025 1534/2098/1034 1524/2087/1024
f 1516/2088/1016 1526/2099/1026 1525/2100/1025 1515/2089/1015
f 1517/2090/1017 1527/2101/1027 1526/2099/1026 1516/2088/1016
f 1518/2091/1018 1528/2102/1028 1527/2101/1027 1517/2090/1017
f 1519/2092/1019 1529/2103/1029 1528/2102/1028 1518/2091/1018
f 1520/2093/1020 1530/2104/1030 1529/2103/1029 1519/2092/1019
f 1521/2094/1021 1531/2105/1031 1530/2104/1030 1520/2093/1020
f 1522/2095/1022 1532/2106/1032 1531/2105/1031 1521/2094/1021
f 1523/2096/1023 1533/2107/1033 1532/2106/1032 1522/2095/1022
f 1524/2087/1024 1534/2098/1034 1533/2107/1033 1523/2096/1023
f 1525/2097/1025 1535/2108/1035 1544/2109/1044 1534/2098/1034
f 1526/2099/1026 1536/2110/1036 1535/2111/1035 1525/2100/1025
f 1527/2101/1027 1537/2112/1037 1536/2110/1036 1526/2099/1026
f 1528/2102/1028 1538/2113/1038 1537/2112/1037 1527/2101/1027
f 1529/2103/1029 1539/2114/1039 1538/2113/1038 1528/2102/1028
f 1530/2104/1030 1540/2115/1040 1539/2114/1039 1529/2103/1029
f 1531/2105/1031 1541/2116/1041 1540/2115/1040 1530/2104/1030
f 1532/2106/1032 1542/2117/1042 1541/2116/1041 1531/2105/1031
f 1533/2107/1033 1543/2118/1043 1542/2117/1042 1532/2106/1032
f 1534/2098/1034 1544/2109/1044 1543/2118/1043 1533/2107/1033
f 1535/2108/1035 1545/2119/1045 1554/2120/1054 1544/2109/1044
f 1536/2110/1036 1546/2121/1046 1545/2122/1045 1535/2111/1035
f 1537/2112/1037 1547/2123/1047 1546/2121/1046 1536/2110/1036
f 1538/2113/1038 1548/2124/1048 1547/2123/1047 1537/2112/1037
f 1539/2114/1039 1549/2125/1049 1548/2124/1048 1538/2113/1038
f 1540/2115/1040 1550/2126/1050 1549/2125/1049 1539/2114/1039
f 1541/2116/1041 1551/2127/1051 1550/2126/1050 1540/2115/1040
f 1542/2117/1042 1552/2128/1052 1551/2127/1051 1541/2116/1041
f 1543/2118/1043 1553/2129/1053 1552/2128/1052 1542/2117/1042
f 1544/2109/1044 1554/2120/1054 1553/2129/1053 1543/2118/1043
f 1545/2119/1045 1555/2130/1055 1564/2131/1064 1554/2120/1054
f 1546/2121/1046 1556/2132/1056 1555/2133/1055 1545/2122/1045
f 1547/2123/1047 1557/2134/1057 1556/2132/1056 1546/2121/1046
f 1548/2124/1048 1558/2135/1058 1557/2134/1057 1547/2123/1047
f 1549/2125/1049 1559/2136/1059 1558/2135/1058 1548/2124/1048
f 1550/2126/1050 1560/2137/1060 1559/2136/1059 1549/2125/1049
f 1551/2127/1051 1561/2138/1061 1560/2137/1060 1550/2126/1050
f 1552/2128/1052 1562/2139/1062 1561/2138/1061 1551/2127/1051
f 1553/2129/1053 1563/2140/1063 1562/2139/1062 1552/2128/1052
f 1554/2120/1054 1564/2131/1064 1563/2140/1063 1553/2129/1053
f 1555/2130/1055 1565/2141/1065 1574/2142/1074 1564/2131/1064
f 1556/2132/1056 1566/2143/1066 1565/2144/1065 1555/2133/1055
f 1557/2134/1057 1567/2145/1067 1566/2143/1066 1556/2132/1056
f 1558/2135/1058 1568/2146/1068 1567/2145/1067 1557/2134/1057
f 1559/2136/1059 1569/2147/1069 1568/2146/1068 1558/2135/1058
f 1560/2137/1060 1570/2148/1070 1569/2147/1069 1559/2136/1059
f 1561/2138/1061 1571/2149/1071 1570/2148/1070 1560/2137/1060
f 1562/2139/1062 1572/2150/1072 1571/2149/1071 1561/2138/1061
f 1563/2140/1063 1573/2151/1073 1572/2150/1072 1562/2139/1062
f 1564/2131/1064 1574/2142/1074 1573/2151/1073 1563/2140/1063
f 1565/2141/1065 1575/2152/1075 1584/2153/1084 1574/2142/1074
f 1566/2143/1066 1576/2154/1076 1575/2155/1075 1565/2144/1065
f 1567/2145/1067 1577/2156/1077 1576/2154/1076 1566/2143/1066
f 1568/2146/1068 1578/2157/1078 1577/2156/1077 1567/2145/1067
f 1569/2147/1069 1579/2158/1079 1578/2157/1078 1568/2146/1068
f 1570/2148/1070 1580/2159/1080 1579/2158/1079 1569/2147/1069
f 1571/2149/1071 1581/2160/1081 1580/2159/1080 1570/2148/1070
f 1572/2150/1072 1582/2161/1082 1581/2160/1081 1571/2149/1071
f 1573/2151/1073 1583/2162/1083 1582/2161/1082 1572/2150/1072
f 1574/2142/1074 1584/2153/1084 1583/2162/1083 1573/2151/1073
f 1575/2152/1075 1585/2163/1085 1594/2164/1094 1584/2153/1084
f 1576/2154/1076 1586/2165/1086 1585/2166/1085 1575/2155/1075
f 1577/2156/1077 1587/2167/1087 1586/2165/1086 1576/2154/1076
f 1578/2157/1078 1588/2168/1088 1587/2167/1087 1577/2156/1077
f 1579/2158/1079 1589/2169/1089 1588/2168/1088 1578/2157/1078
f 1580/2159/1080 1590/2170/1090 1589/2169/1089 1579/2158/1079
f 1581/2160/1081 1591/2171/1091 1590/2170/1090 1580/2159/1080
f 1582/2161/1082 1592/2172/1092 1591/2171/1091 1581/2160/1081
f 1583/2162/1083 1593/2173/1093 1592/2172/1092 1582/2161/1082
f 1584/2153/1084 1594/2164/1094 1593/2173/1093 1583/2162/1083
o CausewayFracture_L_0
v -22.000477 0.315580 1.497445
v -22.000181 0.322119 1.506441
v -21.999819 0.322119 1.517559
v -21.999523 0.315580 1.526554
v -21.999411 0.305000 1.529990
v -21.999523 0.294420 1.526554
v -21.999819 0.287881 1.517559
v -22.000181 0.287881 1.506441
v -22.000477 0.294420 1.497445
v -22.000589 0.305000 1.494010
v -19.250826 0.315580 1.392563
v -19.250530 0.322119 1.401559
v -19.250168 0.322119 1.412677
v -19.249872 0.315580 1.421672
v -19.249760 0.305000 1.425108
v -19.249872 0.294420 1.421672
v -19.250168 0.287881 1.412677
v -19.250530 0.287881 1.401559
v -19.250826 0.294420 1.392563
v -19.250938 0.305000 1.389128
v -16.500242 0.315580 1.317420
v -16.500092 0.322119 1.326418
v -16.499908 0.322119 1.337541
v -16.499758 0.315580 1.346540
v -16.499701 0.305000 1.349977
v -16.499758 0.294420 1.346540
v -16.499908 0.287881 1.337541
v -16.500092 0.287881 1.326418
v -16.500242 0.294420 1.317420
v -16.500299 0.305000 1.313982
v -13.749855 0.315580 1.301176
v -13.749892 0.322119 1.310176
v -13.749940 0.322119 1.321300
v -13.749977 0.315580 1.330300
v -13.749991 0.305000 1.333738
v -13.749977 0.294420 1.330300
v -13.749940 0.287881 1.321300
v -13.749892 0.287881 1.310176
v -13.749855 0.294420 1.301176
v -13.749841 0.305000 1.297738
v -10.999563 0.315580 1.340581
v -10.999833 0.322119 1.349577
v -11.000167 0.322119 1.360697
v -11.000437 0.315580 1.369693
v -11.000540 0.305000 1.373129
v -11.000437 0.294420 1.369693
v -11.000167 0.287881 1.360697
v -10.999833 0.287881 1.349577
v -10.999563 0.294420 1.340581
v -10.999460 0.305000 1.337145
v -8.249583 0.315580 1.466271
v -8.249910 0.322119 1.475265
v -8.250315 0.322119 1.486383
v -8.250642 0.315580 1.495377
v -8.250768 0.305000 1.498812
v -8.250642 0.294420 1.495377
v -8.250315 0.287881 1.486383
v -8.249910 0.287881 1.475265
v -8.249583 0.294420 1.466271
v -8.249457 0.305000 1.462836
v -5.500275 0.315580 1.540775
v -5.500105 0.322119 1.549774
v -5.499895 0.322119 1.560896
v -5.499725 0.315580 1.569895
v -5.499660 0.305000 1.573332
v -5.499725 0.294420 1.569895
v -5.499895 0.287881 1.560896
v -5.500105 0.287881 1.549774
v -5.500275 0.294420 1.540775
v -5.500340 0.305000 1.537338
v -2.750893 0.315580 1.362217
v -2.750360 0.322119 1.371202
v -2.749701 0.322119 1.382307
v -2.749167 0.315580 1.391291
v -2.748963 0.305000 1.394722
v -2.749167 0.294420 1.391291
v -2.749701 0.287881 1.382307
v -2.750360 0.287881 1.371202
v -2.750893 0.294420 1.362217
v -2.751097 0.305000 1.358786
v 0.000127 0.315580 1.214207
v 0.000049 0.322119 1.223207
v -0.000049 0.322119 1.234331
v -0.000127 0.315580 1.243331
v -0.000157 0.305000 1.246768
v -0.000127 0.294420 1.243331
v -0.000049 0.287881 1.234331
v 0.000049 0.287881 1.223207
v 0.000127 0.294420 1.214207
v 0.000157 0.305000 1.210770
v 2.751189 0.315580 1.410517
v 2.750521 0.322119 1.419492
v 2.749695 0.322119 1.430586
v 2.749027 0.315580 1.439561
v 2.748771 0.305000 1.442990
v 2.749027 0.294420 1.439561
v 2.749695 0.287881 1.430586
v 2.750521 0.287881 1.419492
v 2.751189 0.294420 1.410517
v 2.751444 0.305000 1.407089
v 5.500386 0.315580 1.623696
v 5.500147 0.322119 1.632693
v 5.499853 0.322119 1.643814
v 5.499614 0.315580 1.652811
v 5.499523 0.305000 1.656247
v 5.499614 0.294420 1.652811
v 5.499853 0.287881 1.643814
v 5.500147 0.287881 1.632693
v 5.500386 0.294420 1.623696
v 5.500477 0.305000 1.620260
v 8.249665 0.315580 1.556657
v 8.250010 0.322119 1.565651
v 8.250436 0.322119 1.576767
v 8.250781 0.315580 1.585761
v 8.250913 0.305000 1.589196
v 8.250781 0.294420 1.585761
v 8.250436 0.287881 1.576767
v 8.250010 0.287881 1.565651
v 8.249665 0.294420 1.556657
v 8.249534 0.305000 1.553222
v 10.999405 0.315580 1.412839
v 10.999773 0.322119 1.421831
v 11.000227 0.322119 1.432947
v 11.000595 0.315580 1.441939
v 11.000736 0.305000 1.445374
v 11.000595 0.294420 1.441939
v 11.000227 0.287881 1.432947
v 10.999773 0.287881 1.421831
v 10.999405 0.294420 1.412839
v 10.999264 0.305000 1.409404
v 13.749341 0.315580 1.331640
v 13.749530 0.322119 1.340638
v 13.749763 0.322119 1.351760
v 13.749951 0.315580 1.360758
v 13.750024 0.305000 1.364195
v 13.749951 0.294420 1.360758
v 13.749763 0.287881 1.351760
v 13.749530 0.287881 1.340638
v 13.749341 0.294420 1.331640
v 13.749269 0.305000 1.328203
v 16.500011 0.315580 1.297457
v 16.500004 0.322119 1.306457
v 16.499996 0.322119 1.317582
v 16.499989 0.315580 1.326582
v 16.499985 0.305000 1.330020
v 16.499989 0.294420 1.326582
v 16.499996 0.287881 1.317582
v 16.500004 0.287881 1.306457
v 16.500011 0.294420 1.297457
v 16.500015 0.305000 1.294020
v 19.250454 0.315580 1.336106
v 19.250273 0.322119 1.345104
v 19.250051 0.322119 1.356227
v 19.249870 0.315580 1.365225
v 19.249802 0.305000 1.368662
v 19.249870 0.294420 1.365225
v 19.250051 0.287881 1.356227
v 19.250273 0.287881 1.345104
v 19.250454 0.294420 1.336106
v 19.250523 0.305000 1.332669
v 22.000292 0.315580 1.407796
v 22.000111 0.322119 1.416794
v 21.999889 0.322119 1.427916
v 21.999708 0.315580 1.436915
v 21.999640 0.305000 1.440352
v 21.999708 0.294420 1.436915
v 21.999889 0.287881 1.427916
v 22.000111 0.287881 1.416794
v 22.000292 0.294420 1.407796
v 22.000360 0.305000 1.404359
vn -0.0308 0.5883 -0.8081
vn -0.0117 0.9514 -0.3078
vn 0.0118 0.9507 0.3098
vn 0.0309 0.5873 0.8088
vn 0.0381 -0.0000 0.9993
vn 0.0309 -0.5873 0.8088
vn 0.0118 -0.9507 0.3098
vn -0.0117 -0.9514 -0.3078
vn -0.0308 -0.5883 -0.8081
vn -0.0381 -0.0000 -0.9993
vn -0.0265 0.5873 -0.8090
vn -0.0101 0.9507 -0.3098
vn 0.0101 0.9514 0.3079
vn 0.0265 0.5883 0.8082
vn 0.0327 -0.0000 0.9995
vn 0.0265 -0.5883 0.8082
vn 0.0101 -0.9514 0.3079
vn -0.0101 -0.9507 -0.3098
vn -0.0265 -0.5873 -0.8090
vn -0.0327 -0.0000 -0.9995
vn -0.0134 0.5868 -0.8096
vn -0.0052 0.9504 -0.3109
vn 0.0051 0.9517 0.3071
vn 0.0134 0.5888 0.8082
vn 0.0166 -0.0000 0.9999
vn 0.0134 -0.5888 0.8082
vn 0.0051 -0.9517 0.3071
vn -0.0052 -0.9504 -0.3109
vn -0.0134 -0.5868 -0.8096
vn -0.0166 -0.0000 -0.9999
vn 0.0034 0.5868 -0.8097
vn 0.0013 0.9505 -0.3108
vn -0.0013 0.9516 0.3072
vn -0.0034 0.5887 0.8083
vn -0.0042 -0.0000 1.0000
vn -0.0034 -0.5887 0.8083
vn -0.0013 -0.9516 0.3072
vn 0.0013 -0.9505 -0.3108
vn 0.0034 -0.5868 -0.8097
vn 0.0042 -0.0000 -1.0000
vn 0.0243 0.5863 -0.8097
vn 0.0094 0.9502 -0.3116
vn -0.0092 0.9520 0.3061
vn -0.0242 0.5893 0.8076
vn -0.0300 -0.0000 0.9995
vn -0.0242 -0.5893 0.8076
vn -0.0092 -0.9520 0.3061
vn 0.0094 -0.9502 -0.3116
vn 0.0243 -0.5863 -0.8097
vn 0.0300 -0.0000 -0.9996
vn 0.0294 0.5886 -0.8079
vn 0.0112 0.9516 -0.3072
vn -0.0113 0.9505 0.3105
vn -0.0294 0.5868 0.8092
vn -0.0364 -0.0000 0.9993
vn -0.0294 -0.5868 0.8092
vn -0.0113 -0.9505 0.3105
vn 0.0112 -0.9516 -0.3072
vn 0.0294 -0.5886 -0.8079
vn 0.0364 -0.0000 -0.9993
vn -0.0152 0.5923 -0.8056
vn -0.0057 0.9537 -0.3006
vn 0.0060 0.9484 0.3170
vn 0.0153 0.5837 0.8118
vn 0.0189 -0.0000 0.9998
vn 0.0153 -0.5837 0.8118
vn 0.0060 -0.9484 0.3170
vn -0.0057 -0.9537 -0.3006
vn -0.0152 -0.5923 -0.8056
vn -0.0189 -0.0000 -0.9998
vn -0.0480 0.5870 -0.8081
vn -0.0184 0.9507 -0.3096
vn 0.0183 0.9513 0.3077
vn 0.0479 0.5881 0.8074
vn 0.0593 -0.0000 0.9982
vn 0.0479 -0.5881 0.8074
vn 0.0183 -0.9513 0.3077
vn -0.0184 -0.9507 -0.3096
vn -0.0480 -0.5870 -0.8081
vn -0.0593 -0.0000 -0.9982
vn 0.0071 0.5823 -0.8129
vn 0.0028 0.9475 -0.3198
vn -0.0026 0.9547 0.2976
vn -0.0070 0.5940 0.8044
vn -0.0087 -0.0000 1.0000
vn -0.0070 -0.5940 0.8044
vn -0.0026 -0.9547 0.2976
vn 0.0028 -0.9475 -0.3198
vn 0.0071 -0.5823 -0.8129
vn 0.0087 -0.0000 -1.0000
vn 0.0601 0.5872 -0.8072
vn 0.0230 0.9508 -0.3089
vn -0.0229 0.9512 0.3078
vn -0.0601 0.5878 0.8068
vn -0.0742 -0.0000 0.9972
vn -0.0601 -0.5878 0.8068
vn -0.0229 -0.9512 0.3078
vn 0.0230 -0.9508 -0.3089
vn 0.0601 -0.5872 -0.8072
vn 0.0742 -0.0000 -0.9972
vn 0.0213 0.5928 -0.8051
vn 0.0079 0.9540 -0.2997
vn -0.0084 0.9481 0.3178
vn -0.0215 0.5833 0.8120
vn -0.0265 -0.0000 0.9996
vn -0.0215 -0.5833 0.8120
vn -0.0084 -0.9481 0.3178
vn 0.0079 -0.9540 -0.2997
vn 0.0213 -0.5928 -0.8051
vn 0.0265 -0.0000 -0.9996
vn -0.0310 0.5890 -0.8075
vn -0.0117 0.9518 -0.3064
vn 0.0119 0.9502 0.3113
vn 0.0310 0.5864 0.8094
vn 0.0383 -0.0000 0.9993
vn 0.0310 -0.5864 0.8094
vn 0.0119 -0.9502 0.3113
vn -0.0117 -0.9518 -0.3064
vn -0.0310 -0.5890 -0.8075
vn -0.0383 -0.0000 -0.9993
vn -0.0331 0.5867 -0.8091
vn -0.0127 0.9504 -0.3108
vn 0.0125 0.9517 0.3067
vn 0.0330 0.5889 0.8076
vn 0.0409 -0.0000 0.9992
vn 0.0330 -0.5889 0.8076
vn 0.0125 -0.9517 0.3067
vn -0.0127 -0.9504 -0.3108
vn -0.0331 -0.5867 -0.8091
vn -0.0409 -0.0000 -0.9992
vn -0.0170 0.5870 -0.8094
vn -0.0065 0.9506 -0.3105
vn 0.0064 0.9515 0.3074
vn 0.0170 0.5886 0.8083
vn 0.0210 -0.0000 0.9998
vn 0.0170 -0.5886 0.8083
vn 0.0064 -0.9515 0.3074
vn -0.0065 -0.9506 -0.3105
vn -0.0170 -0.5870 -0.8094
vn -0.0210 -0.0000 -0.9998
vn 0.0007 0.5866 -0.8099
vn 0.0003 0.9503 -0.3114
vn -0.0002 0.9518 0.3067
vn -0.0007 0.5890 0.8081
vn -0.0008 -0.0000 1.0000
vn -0.0007 -0.5890 0.8081
vn -0.0002 -0.9518 0.3067
vn 0.0003 -0.9503 -0.3114
vn 0.0007 -0.5866 -0.8099
vn 0.0008 -0.0000 -1.0000
vn 0.0162 0.5872 -0.8093
vn 0.0062 0.9507 -0.3100
vn -0.0062 0.9514 0.3079
vn -0.0162 0.5883 0.8084
vn -0.0201 -0.0000 0.9998
vn -0.0162 -0.5883 0.8084
vn -0.0062 -0.9514 0.3079
vn 0.0062 -0.9507 -0.3100
vn 0.0162 -0.5872 -0.8093
vn 0.0201 -0.0000 -0.9998
vn 0.0211 0.5883 -0.8083
vn 0.0080 0.9514 -0.3078
vn -0.0081 0.9507 0.3100
vn -0.0211 0.5872 0.8092
vn -0.0261 -0.0000 0.9997
vn -0.0211 -0.5872 0.8092
vn -0.0081 -0.9507 0.3100
vn 0.0080 -0.9514 -0.3078
vn 0.0211 -0.5883 -0.8083
vn 0.0261 -0.0000 -0.9997
vt 0.000000 1.000000
vt 0.062500 1.000000
vt 0.062500 0.900000
vt 0.000000 0.900000
vt 0.000000 0.100000
vt 0.062500 0.100000
vt 0.062500 0.000000
vt 0.000000 0.000000
vt 0.000000 0.200000
vt 0.062500 0.200000
vt 0.000000 0.300000
vt 0.062500 0.300000
vt 0.000000 0.400000
vt 0.062500 0.400000
vt 0.000000 0.500000
vt 0.062500 0.500000
vt 0.000000 0.600000
vt 0.062500 0.600000
vt 0.000000 0.700000
vt 0.062500 0.700000
vt 0.000000 0.800000
vt 0.062500 0.800000
vt 0.125000 1.000000
vt 0.125000 0.900000
vt 0.125000 0.100000
vt 0.125000 0.000000
vt 0.125000 0.200000
vt 0.125000 0.300000
vt 0.125000 0.400000
vt 0.125000 0.500000
vt 0.125000 0.600000
vt 0.125000 0.700000
vt 0.125000 0.800000
vt 0.187500 1.000000
vt 0.187500 0.900000
vt 0.187500 0.100000
vt 0.187500 0.000000
vt 0.187500 0.200000
vt 0.187500 0.300000
vt 0.187500 0.400000
vt 0.187500 0.500000
vt 0.187500 0.600000
vt 0.187500 0.700000
vt 0.187500 0.800000
vt 0.250000 1.000000
vt 0.250000 0.900000
vt 0.250000 0.100000
vt 0.250000 0.000000
vt 0.250000 0.200000
vt 0.250000 0.300000
vt 0.250000 0.400000
vt 0.250000 0.500000
vt 0.250000 0.600000
vt 0.250000 0.700000
vt 0.250000 0.800000
vt 0.312500 1.000000
vt 0.312500 0.900000
vt 0.312500 0.100000
vt 0.312500 0.000000
vt 0.312500 0.200000
vt 0.312500 0.300000
vt 0.312500 0.400000
vt 0.312500 0.500000
vt 0.312500 0.600000
vt 0.312500 0.700000
vt 0.312500 0.800000
vt 0.375000 1.000000
vt 0.375000 0.900000
vt 0.375000 0.100000
vt 0.375000 0.000000
vt 0.375000 0.200000
vt 0.375000 0.300000
vt 0.375000 0.400000
vt 0.375000 0.500000
vt 0.375000 0.600000
vt 0.375000 0.700000
vt 0.375000 0.800000
vt 0.437500 1.000000
vt 0.437500 0.900000
vt 0.437500 0.100000
vt 0.437500 0.000000
vt 0.437500 0.200000
vt 0.437500 0.300000
vt 0.437500 0.400000
vt 0.437500 0.500000
vt 0.437500 0.600000
vt 0.437500 0.700000
vt 0.437500 0.800000
vt 0.500000 1.000000
vt 0.500000 0.900000
vt 0.500000 0.100000
vt 0.500000 0.000000
vt 0.500000 0.200000
vt 0.500000 0.300000
vt 0.500000 0.400000
vt 0.500000 0.500000
vt 0.500000 0.600000
vt 0.500000 0.700000
vt 0.500000 0.800000
vt 0.562500 1.000000
vt 0.562500 0.900000
vt 0.562500 0.100000
vt 0.562500 0.000000
vt 0.562500 0.200000
vt 0.562500 0.300000
vt 0.562500 0.400000
vt 0.562500 0.500000
vt 0.562500 0.600000
vt 0.562500 0.700000
vt 0.562500 0.800000
vt 0.625000 1.000000
vt 0.625000 0.900000
vt 0.625000 0.100000
vt 0.625000 0.000000
vt 0.625000 0.200000
vt 0.625000 0.300000
vt 0.625000 0.400000
vt 0.625000 0.500000
vt 0.625000 0.600000
vt 0.625000 0.700000
vt 0.625000 0.800000
vt 0.687500 1.000000
vt 0.687500 0.900000
vt 0.687500 0.100000
vt 0.687500 0.000000
vt 0.687500 0.200000
vt 0.687500 0.300000
vt 0.687500 0.400000
vt 0.687500 0.500000
vt 0.687500 0.600000
vt 0.687500 0.700000
vt 0.687500 0.800000
vt 0.750000 1.000000
vt 0.750000 0.900000
vt 0.750000 0.100000
vt 0.750000 0.000000
vt 0.750000 0.200000
vt 0.750000 0.300000
vt 0.750000 0.400000
vt 0.750000 0.500000
vt 0.750000 0.600000
vt 0.750000 0.700000
vt 0.750000 0.800000
vt 0.812500 1.000000
vt 0.812500 0.900000
vt 0.812500 0.100000
vt 0.812500 0.000000
vt 0.812500 0.200000
vt 0.812500 0.300000
vt 0.812500 0.400000
vt 0.812500 0.500000
vt 0.812500 0.600000
vt 0.812500 0.700000
vt 0.812500 0.800000
vt 0.875000 1.000000
vt 0.875000 0.900000
vt 0.875000 0.100000
vt 0.875000 0.000000
vt 0.875000 0.200000
vt 0.875000 0.300000
vt 0.875000 0.400000
vt 0.875000 0.500000
vt 0.875000 0.600000
vt 0.875000 0.700000
vt 0.875000 0.800000
vt 0.937500 1.000000
vt 0.937500 0.900000
vt 0.937500 0.100000
vt 0.937500 0.000000
vt 0.937500 0.200000
vt 0.937500 0.300000
vt 0.937500 0.400000
vt 0.937500 0.500000
vt 0.937500 0.600000
vt 0.937500 0.700000
vt 0.937500 0.800000
vt 1.000000 1.000000
vt 1.000000 0.900000
vt 1.000000 0.100000
vt 1.000000 0.000000
vt 1.000000 0.200000
vt 1.000000 0.300000
vt 1.000000 0.400000
vt 1.000000 0.500000
vt 1.000000 0.600000
vt 1.000000 0.700000
vt 1.000000 0.800000
s 1
usemtl M_AetherEnergy
f 1595/2174/1095 1605/2175/1105 1614/2176/1114 1604/2177/1104
f 1596/2178/1096 1606/2179/1106 1605/2180/1105 1595/2181/1095
f 1597/2182/1097 1607/2183/1107 1606/2179/1106 1596/2178/1096
f 1598/2184/1098 1608/2185/1108 1607/2183/1107 1597/2182/1097
f 1599/2186/1099 1609/2187/1109 1608/2185/1108 1598/2184/1098
f 1600/2188/1100 1610/2189/1110 1609/2187/1109 1599/2186/1099
f 1601/2190/1101 1611/2191/1111 1610/2189/1110 1600/2188/1100
f 1602/2192/1102 1612/2193/1112 1611/2191/1111 1601/2190/1101
f 1603/2194/1103 1613/2195/1113 1612/2193/1112 1602/2192/1102
f 1604/2177/1104 1614/2176/1114 1613/2195/1113 1603/2194/1103
f 1605/2175/1105 1615/2196/1115 1624/2197/1124 1614/2176/1114
f 1606/2179/1106 1616/2198/1116 1615/2199/1115 1605/2180/1105
f 1607/2183/1107 1617/2200/1117 1616/2198/1116 1606/2179/1106
f 1608/2185/1108 1618/2201/1118 1617/2200/1117 1607/2183/1107
f 1609/2187/1109 1619/2202/1119 1618/2201/1118 1608/2185/1108
f 1610/2189/1110 1620/2203/1120 1619/2202/1119 1609/2187/1109
f 1611/2191/1111 1621/2204/1121 1620/2203/1120 1610/2189/1110
f 1612/2193/1112 1622/2205/1122 1621/2204/1121 1611/2191/1111
f 1613/2195/1113 1623/2206/1123 1622/2205/1122 1612/2193/1112
f 1614/2176/1114 1624/2197/1124 1623/2206/1123 1613/2195/1113
f 1615/2196/1115 1625/2207/1125 1634/2208/1134 1624/2197/1124
f 1616/2198/1116 1626/2209/1126 1625/2210/1125 1615/2199/1115
f 1617/2200/1117 1627/2211/1127 1626/2209/1126 1616/2198/1116
f 1618/2201/1118 1628/2212/1128 1627/2211/1127 1617/2200/1117
f 1619/2202/1119 1629/2213/1129 1628/2212/1128 1618/2201/1118
f 1620/2203/1120 1630/2214/1130 1629/2213/1129 1619/2202/1119
f 1621/2204/1121 1631/2215/1131 1630/2214/1130 1620/2203/1120
f 1622/2205/1122 1632/2216/1132 1631/2215/1131 1621/2204/1121
f 1623/2206/1123 1633/2217/1133 1632/2216/1132 1622/2205/1122
f 1624/2197/1124 1634/2208/1134 1633/2217/1133 1623/2206/1123
f 1625/2207/1125 1635/2218/1135 1644/2219/1144 1634/2208/1134
f 1626/2209/1126 1636/2220/1136 1635/2221/1135 1625/2210/1125
f 1627/2211/1127 1637/2222/1137 1636/2220/1136 1626/2209/1126
f 1628/2212/1128 1638/2223/1138 1637/2222/1137 1627/2211/1127
f 1629/2213/1129 1639/2224/1139 1638/2223/1138 1628/2212/1128
f 1630/2214/1130 1640/2225/1140 1639/2224/1139 1629/2213/1129
f 1631/2215/1131 1641/2226/1141 1640/2225/1140 1630/2214/1130
f 1632/2216/1132 1642/2227/1142 1641/2226/1141 1631/2215/1131
f 1633/2217/1133 1643/2228/1143 1642/2227/1142 1632/2216/1132
f 1634/2208/1134 1644/2219/1144 1643/2228/1143 1633/2217/1133
f 1635/2218/1135 1645/2229/1145 1654/2230/1154 1644/2219/1144
f 1636/2220/1136 1646/2231/1146 1645/2232/1145 1635/2221/1135
f 1637/2222/1137 1647/2233/1147 1646/2231/1146 1636/2220/1136
f 1638/2223/1138 1648/2234/1148 1647/2233/1147 1637/2222/1137
f 1639/2224/1139 1649/2235/1149 1648/2234/1148 1638/2223/1138
f 1640/2225/1140 1650/2236/1150 1649/2235/1149 1639/2224/1139
f 1641/2226/1141 1651/2237/1151 1650/2236/1150 1640/2225/1140
f 1642/2227/1142 1652/2238/1152 1651/2237/1151 1641/2226/1141
f 1643/2228/1143 1653/2239/1153 1652/2238/1152 1642/2227/1142
f 1644/2219/1144 1654/2230/1154 1653/2239/1153 1643/2228/1143
f 1645/2229/1145 1655/2240/1155 1664/2241/1164 1654/2230/1154
f 1646/2231/1146 1656/2242/1156 1655/2243/1155 1645/2232/1145
f 1647/2233/1147 1657/2244/1157 1656/2242/1156 1646/2231/1146
f 1648/2234/1148 1658/2245/1158 1657/2244/1157 1647/2233/1147
f 1649/2235/1149 1659/2246/1159 1658/2245/1158 1648/2234/1148
f 1650/2236/1150 1660/2247/1160 1659/2246/1159 1649/2235/1149
f 1651/2237/1151 1661/2248/1161 1660/2247/1160 1650/2236/1150
f 1652/2238/1152 1662/2249/1162 1661/2248/1161 1651/2237/1151
f 1653/2239/1153 1663/2250/1163 1662/2249/1162 1652/2238/1152
f 1654/2230/1154 1664/2241/1164 1663/2250/1163 1653/2239/1153
f 1655/2240/1155 1665/2251/1165 1674/2252/1174 1664/2241/1164
f 1656/2242/1156 1666/2253/1166 1665/2254/1165 1655/2243/1155
f 1657/2244/1157 1667/2255/1167 1666/2253/1166 1656/2242/1156
f 1658/2245/1158 1668/2256/1168 1667/2255/1167 1657/2244/1157
f 1659/2246/1159 1669/2257/1169 1668/2256/1168 1658/2245/1158
f 1660/2247/1160 1670/2258/1170 1669/2257/1169 1659/2246/1159
f 1661/2248/1161 1671/2259/1171 1670/2258/1170 1660/2247/1160
f 1662/2249/1162 1672/2260/1172 1671/2259/1171 1661/2248/1161
f 1663/2250/1163 1673/2261/1173 1672/2260/1172 1662/2249/1162
f 1664/2241/1164 1674/2252/1174 1673/2261/1173 1663/2250/1163
f 1665/2251/1165 1675/2262/1175 1684/2263/1184 1674/2252/1174
f 1666/2253/1166 1676/2264/1176 1675/2265/1175 1665/2254/1165
f 1667/2255/1167 1677/2266/1177 1676/2264/1176 1666/2253/1166
f 1668/2256/1168 1678/2267/1178 1677/2266/1177 1667/2255/1167
f 1669/2257/1169 1679/2268/1179 1678/2267/1178 1668/2256/1168
f 1670/2258/1170 1680/2269/1180 1679/2268/1179 1669/2257/1169
f 1671/2259/1171 1681/2270/1181 1680/2269/1180 1670/2258/1170
f 1672/2260/1172 1682/2271/1182 1681/2270/1181 1671/2259/1171
f 1673/2261/1173 1683/2272/1183 1682/2271/1182 1672/2260/1172
f 1674/2252/1174 1684/2263/1184 1683/2272/1183 1673/2261/1173
f 1675/2262/1175 1685/2273/1185 1694/2274/1194 1684/2263/1184
f 1676/2264/1176 1686/2275/1186 1685/2276/1185 1675/2265/1175
f 1677/2266/1177 1687/2277/1187 1686/2275/1186 1676/2264/1176
f 1678/2267/1178 1688/2278/1188 1687/2277/1187 1677/2266/1177
f 1679/2268/1179 1689/2279/1189 1688/2278/1188 1678/2267/1178
f 1680/2269/1180 1690/2280/1190 1689/2279/1189 1679/2268/1179
f 1681/2270/1181 1691/2281/1191 1690/2280/1190 1680/2269/1180
f 1682/2271/1182 1692/2282/1192 1691/2281/1191 1681/2270/1181
f 1683/2272/1183 1693/2283/1193 1692/2282/1192 1682/2271/1182
f 1684/2263/1184 1694/2274/1194 1693/2283/1193 1683/2272/1183
f 1685/2273/1185 1695/2284/1195 1704/2285/1204 1694/2274/1194
f 1686/2275/1186 1696/2286/1196 1695/2287/1195 1685/2276/1185
f 1687/2277/1187 1697/2288/1197 1696/2286/1196 1686/2275/1186
f 1688/2278/1188 1698/2289/1198 1697/2288/1197 1687/2277/1187
f 1689/2279/1189 1699/2290/1199 1698/2289/1198 1688/2278/1188
f 1690/2280/1190 1700/2291/1200 1699/2290/1199 1689/2279/1189
f 1691/2281/1191 1701/2292/1201 1700/2291/1200 1690/2280/1190
f 1692/2282/1192 1702/2293/1202 1701/2292/1201 1691/2281/1191
f 1693/2283/1193 1703/2294/1203 1702/2293/1202 1692/2282/1192
f 1694/2274/1194 1704/2285/1204 1703/2294/1203 1693/2283/1193
f 1695/2284/1195 1705/2295/1205 1714/2296/1214 1704/2285/1204
f 1696/2286/1196 1706/2297/1206 1705/2298/1205 1695/2287/1195
f 1697/2288/1197 1707/2299/1207 1706/2297/1206 1696/2286/1196
f 1698/2289/1198 1708/2300/1208 1707/2299/1207 1697/2288/1197
f 1699/2290/1199 1709/2301/1209 1708/2300/1208 1698/2289/1198
f 1700/2291/1200 1710/2302/1210 1709/2301/1209 1699/2290/1199
f 1701/2292/1201 1711/2303/1211 1710/2302/1210 1700/2291/1200
f 1702/2293/1202 1712/2304/1212 1711/2303/1211 1701/2292/1201
f 1703/2294/1203 1713/2305/1213 1712/2304/1212 1702/2293/1202
f 1704/2285/1204 1714/2296/1214 1713/2305/1213 1703/2294/1203
f 1705/2295/1205 1715/2306/1215 1724/2307/1224 1714/2296/1214
f 1706/2297/1206 1716/2308/1216 1715/2309/1215 1705/2298/1205
f 1707/2299/1207 1717/2310/1217 1716/2308/1216 1706/2297/1206
f 1708/2300/1208 1718/2311/1218 1717/2310/1217 1707/2299/1207
f 1709/2301/1209 1719/2312/1219 1718/2311/1218 1708/2300/1208
f 1710/2302/1210 1720/2313/1220 1719/2312/1219 1709/2301/1209
f 1711/2303/1211 1721/2314/1221 1720/2313/1220 1710/2302/1210
f 1712/2304/1212 1722/2315/1222 1721/2314/1221 1711/2303/1211
f 1713/2305/1213 1723/2316/1223 1722/2315/1222 1712/2304/1212
f 1714/2296/1214 1724/2307/1224 1723/2316/1223 1713/2305/1213
f 1715/2306/1215 1725/2317/1225 1734/2318/1234 1724/2307/1224
f 1716/2308/1216 1726/2319/1226 1725/2320/1225 1715/2309/1215
f 1717/2310/1217 1727/2321/1227 1726/2319/1226 1716/2308/1216
f 1718/2311/1218 1728/2322/1228 1727/2321/1227 1717/2310/1217
f 1719/2312/1219 1729/2323/1229 1728/2322/1228 1718/2311/1218
f 1720/2313/1220 1730/2324/1230 1729/2323/1229 1719/2312/1219
f 1721/2314/1221 1731/2325/1231 1730/2324/1230 1720/2313/1220
f 1722/2315/1222 1732/2326/1232 1731/2325/1231 1721/2314/1221
f 1723/2316/1223 1733/2327/1233 1732/2326/1232 1722/2315/1222
f 1724/2307/1224 1734/2318/1234 1733/2327/1233 1723/2316/1223
f 1725/2317/1225 1735/2328/1235 1744/2329/1244 1734/2318/1234
f 1726/2319/1226 1736/2330/1236 1735/2331/1235 1725/2320/1225
f 1727/2321/1227 1737/2332/1237 1736/2330/1236 1726/2319/1226
f 1728/2322/1228 1738/2333/1238 1737/2332/1237 1727/2321/1227
f 1729/2323/1229 1739/2334/1239 1738/2333/1238 1728/2322/1228
f 1730/2324/1230 1740/2335/1240 1739/2334/1239 1729/2323/1229
f 1731/2325/1231 1741/2336/1241 1740/2335/1240 1730/2324/1230
f 1732/2326/1232 1742/2337/1242 1741/2336/1241 1731/2325/1231
f 1733/2327/1233 1743/2338/1243 1742/2337/1242 1732/2326/1232
f 1734/2318/1234 1744/2329/1244 1743/2338/1243 1733/2327/1233
f 1735/2328/1235 1745/2339/1245 1754/2340/1254 1744/2329/1244
f 1736/2330/1236 1746/2341/1246 1745/2342/1245 1735/2331/1235
f 1737/2332/1237 1747/2343/1247 1746/2341/1246 1736/2330/1236
f 1738/2333/1238 1748/2344/1248 1747/2343/1247 1737/2332/1237
f 1739/2334/1239 1749/2345/1249 1748/2344/1248 1738/2333/1238
f 1740/2335/1240 1750/2346/1250 1749/2345/1249 1739/2334/1239
f 1741/2336/1241 1751/2347/1251 1750/2346/1250 1740/2335/1240
f 1742/2337/1242 1752/2348/1252 1751/2347/1251 1741/2336/1241
f 1743/2338/1243 1753/2349/1253 1752/2348/1252 1742/2337/1242
f 1744/2329/1244 1754/2340/1254 1753/2349/1253 1743/2338/1243
f 1745/2339/1245 1755/2350/1255 1764/2351/1264 1754/2340/1254
f 1746/2341/1246 1756/2352/1256 1755/2353/1255 1745/2342/1245
f 1747/2343/1247 1757/2354/1257 1756/2352/1256 1746/2341/1246
f 1748/2344/1248 1758/2355/1258 1757/2354/1257 1747/2343/1247
f 1749/2345/1249 1759/2356/1259 1758/2355/1258 1748/2344/1248
f 1750/2346/1250 1760/2357/1260 1759/2356/1259 1749/2345/1249
f 1751/2347/1251 1761/2358/1261 1760/2357/1260 1750/2346/1250
f 1752/2348/1252 1762/2359/1262 1761/2358/1261 1751/2347/1251
f 1753/2349/1253 1763/2360/1263 1762/2359/1262 1752/2348/1252
f 1754/2340/1254 1764/2351/1264 1763/2360/1263 1753/2349/1253
o CausewayFracture_L_1
v -22.000298 0.318519 1.489456
v -22.000113 0.326874 1.500955
v -21.999887 0.326874 1.515168
v -21.999702 0.318519 1.526666
v -21.999634 0.305000 1.531058
v -21.999702 0.291481 1.526666
v -21.999887 0.283126 1.515168
v -22.000113 0.283126 1.500955
v -22.000298 0.291481 1.489456
v -22.000366 0.305000 1.485064
v -19.250353 0.318519 1.423984
v -19.250168 0.326874 1.435482
v -19.249943 0.326874 1.449695
v -19.249758 0.318519 1.461194
v -19.249689 0.305000 1.465586
v -19.249758 0.291481 1.461194
v -19.249943 0.283126 1.449695
v -19.250168 0.283126 1.435482
v -19.250353 0.291481 1.423984
v -19.250422 0.305000 1.419592
v -16.499813 0.318519 1.401734
v -16.499928 0.326874 1.413234
v -16.500072 0.326874 1.427448
v -16.500187 0.318519 1.438947
v -16.500233 0.305000 1.443339
v -16.500187 0.291481 1.438947
v -16.500072 0.283126 1.427448
v -16.499928 0.283126 1.413234
v -16.499813 0.291481 1.401734
v -16.499767 0.305000 1.397342
v -13.748592 0.318519 1.479469
v -13.749026 0.326874 1.490961
v -13.749562 0.326874 1.505165
v -13.749996 0.318519 1.516657
v -13.750162 0.305000 1.521047
v -13.749996 0.291481 1.516657
v -13.749562 0.283126 1.505165
v -13.749026 0.283126 1.490961
v -13.748592 0.291481 1.479469
v -13.748426 0.305000 1.475079
v -10.998930 0.318519 1.609361
v -10.999591 0.326874 1.620842
v -11.000409 0.326874 1.635033
v -11.001070 0.318519 1.646515
v -11.001323 0.305000 1.650900
v -11.001070 0.291481 1.646515
v -11.000409 0.283126 1.635033
v -10.999591 0.283126 1.620842
v -10.998930 0.291481 1.609361
v -10.998677 0.305000 1.604976
v -8.249651 0.318519 1.796270
v -8.250213 0.326874 1.807756
v -8.250905 0.326874 1.821954
v -8.251467 0.318519 1.833440
v -8.251680 0.305000 1.837827
v -8.251466 0.291481 1.833440
v -8.250905 0.283126 1.821954
v -8.250213 0.283126 1.807756
v -8.249651 0.291481 1.796270
v -8.249437 0.305000 1.791882
v -5.500593 0.318519 1.877954
v -5.500226 0.326874 1.889448
v -5.499774 0.326874 1.903655
v -5.499407 0.318519 1.915150
v -5.499267 0.305000 1.919540
v -5.499407 0.291481 1.915150
v -5.499774 0.283126 1.903655
v -5.500226 0.283126 1.889448
v -5.500593 0.291481 1.877954
v -5.500733 0.305000 1.873563
v -2.751762 0.318519 1.620254
v -2.750696 0.326874 1.631705
v -2.749378 0.326874 1.645858
v -2.748312 0.318519 1.657309
v -2.747905 0.305000 1.661682
v -2.748312 0.291481 1.657309
v -2.749378 0.283126 1.645858
v -2.750696 0.283126 1.631705
v -2.751762 0.291481 1.620254
v -2.752169 0.305000 1.615881
v -0.000429 0.318519 1.365968
v -0.000164 0.326874 1.377465
v 0.000164 0.326874 1.391676
v 0.000429 0.318519 1.403173
v 0.000531 0.305000 1.407565
v 0.000429 0.291481 1.403173
v 0.000164 0.283126 1.391676
v -0.000164 0.283126 1.377465
v -0.000429 0.291481 1.365968
v -0.000531 0.305000 1.361577
v 2.750840 0.318519 1.492626
v 2.750229 0.326874 1.504110
v 2.749473 0.326874 1.518304
v 2.748862 0.318519 1.529788
v 2.748628 0.305000 1.534174
v 2.748862 0.291481 1.529788
v 2.749473 0.283126 1.518304
v 2.750229 0.283126 1.504110
v 2.750840 0.291481 1.492626
v 2.751074 0.305000 1.488240
v 5.500219 0.318519 1.658854
v 5.500083 0.326874 1.670353
v 5.499917 0.326874 1.684567
v 5.499781 0.318519 1.696066
v 5.499730 0.305000 1.700459
v 5.499781 0.291481 1.696066
v 5.499917 0.283126 1.684567
v 5.500083 0.283126 1.670353
v 5.500219 0.291481 1.658854
v 5.500270 0.305000 1.654462
v 8.249317 0.318519 1.557453
v 8.249820 0.326874 1.568942
v 8.250440 0.326874 1.583143
v 8.250942 0.318519 1.594632
v 8.251134 0.305000 1.599021
v 8.250942 0.291481 1.594632
v 8.250440 0.283126 1.583143
v 8.249820 0.283126 1.568942
v 8.249317 0.291481 1.557453
v 8.249125 0.305000 1.553065
v 10.999464 0.318519 1.418430
v 10.999795 0.326874 1.429925
v 11.000205 0.326874 1.444134
v 11.000536 0.318519 1.455629
v 11.000662 0.305000 1.460020
v 11.000536 0.291481 1.455629
v 11.000205 0.283126 1.444134
v 10.999795 0.283126 1.429925
v 10.999464 0.291481 1.418430
v 10.999338 0.305000 1.414039
v 13.750299 0.318519 1.398979
v 13.750223 0.326874 1.410479
v 13.750130 0.326874 1.424693
v 13.750054 0.318519 1.436193
v 13.750026 0.305000 1.440585
v 13.750054 0.291481 1.436193
v 13.750130 0.283126 1.424693
v 13.750223 0.283126 1.410479
v 13.750299 0.291481 1.398979
v 13.750327 0.305000 1.394586
v 16.500589 0.318519 1.454483
v 16.500225 0.326874 1.465977
v 16.499775 0.326874 1.480185
v 16.499411 0.318519 1.491679
v 16.499271 0.305000 1.496069
v 16.499411 0.291481 1.491679
v 16.499775 0.283126 1.480185
v 16.500225 0.283126 1.465977
v 16.500589 0.291481 1.454483
v 16.500729 0.305000 1.450092
v 19.251587 0.318519 1.573166
v 19.251019 0.326874 1.584652
v 19.250317 0.326874 1.598850
v 19.249748 0.318519 1.610336
v 19.249533 0.305000 1.614723
v 19.249748 0.291481 1.610336
v 19.250317 0.283126 1.598850
v 19.251019 0.283126 1.584652
v 19.251587 0.291481 1.573166
v 19.251802 0.305000 1.568779
v 22.000919 0.318519 1.726341
v 22.000351 0.326874 1.737827
v 21.999649 0.326874 1.752025
v 21.999081 0.318519 1.763511
v 21.998865 0.305000 1.767898
v 21.999081 0.291481 1.763511
v 21.999649 0.283126 1.752025
v 22.000351 0.283126 1.737827
v 22.000919 0.291481 1.726341
v 22.001135 0.305000 1.721954
vn -0.0192 0.5885 -0.8083
vn -0.0073 0.9515 -0.3075
vn 0.0074 0.9506 0.3103
vn 0.0193 0.5870 0.8093
vn 0.0238 -0.0000 0.9997
vn 0.0193 -0.5870 0.8093
vn 0.0074 -0.9506 0.3103
vn -0.0073 -0.9515 -0.3075
vn -0.0192 -0.5885 -0.8083
vn -0.0238 -0.0000 -0.9997
vn -0.0129 0.5870 -0.8095
vn -0.0049 0.9506 -0.3104
vn 0.0049 0.9515 0.3076
vn 0.0129 0.5885 0.8084
vn 0.0159 -0.0000 0.9999
vn 0.0129 -0.5885 0.8084
vn 0.0049 -0.9515 0.3076
vn -0.0049 -0.9506 -0.3104
vn -0.0129 -0.5870 -0.8095
vn -0.0159 -0.0000 -0.9999
vn 0.0082 0.5861 -0.8102
vn 0.0031 0.9500 -0.3122
vn -0.0031 0.9521 0.3058
vn -0.0081 0.5895 0.8077
vn -0.0101 -0.0000 0.9999
vn -0.0081 -0.5895 0.8077
vn -0.0031 -0.9521 0.3058
vn 0.0031 -0.9500 -0.3122
vn 0.0082 -0.5861 -0.8102
vn 0.0101 -0.0000 -0.9999
vn 0.0305 0.5869 -0.8091
vn 0.0117 0.9505 -0.3105
vn -0.0116 0.9516 0.3071
vn -0.0305 0.5887 0.8078
vn -0.0377 -0.0000 0.9993
vn -0.0305 -0.5887 0.8078
vn -0.0116 -0.9516 0.3071
vn 0.0117 -0.9505 -0.3105
vn 0.0305 -0.5869 -0.8091
vn 0.0377 -0.0000 -0.9993
vn 0.0466 0.5868 -0.8084
vn 0.0179 0.9505 -0.3103
vn -0.0177 0.9516 0.3067
vn -0.0465 0.5887 0.8070
vn -0.0575 -0.0000 0.9983
vn -0.0465 -0.5887 0.8070
vn -0.0177 -0.9517 0.3067
vn 0.0179 -0.9505 -0.3103
vn 0.0466 -0.5868 -0.8084
vn 0.0575 -0.0000 -0.9983
vn 0.0394 0.5895 -0.8068
vn 0.0149 0.9521 -0.3053
vn -0.0152 0.9499 0.3121
vn -0.0395 0.5859 0.8094
vn -0.0488 -0.0000 0.9988
vn -0.0395 -0.5859 0.8094
vn -0.0152 -0.9499 0.3121
vn 0.0149 -0.9521 -0.3053
vn 0.0394 -0.5895 -0.8068
vn 0.0488 -0.0000 -0.9988
vn -0.0256 0.5939 -0.8041
vn -0.0095 0.9546 -0.2976
vn 0.0102 0.9475 0.3195
vn 0.0259 0.5824 0.8125
vn 0.0319 -0.0000 0.9995
vn 0.0259 -0.5824 0.8125
vn 0.0102 -0.9475 0.3195
vn -0.0095 -0.9546 -0.2976
vn -0.0256 -0.5939 -0.8041
vn -0.0319 -0.0000 -0.9995
vn -0.0750 0.5874 -0.8058
vn -0.0287 0.9509 -0.3080
vn 0.0287 0.9510 0.3078
vn 0.0750 0.5875 0.8057
vn 0.0927 -0.0000 0.9957
vn 0.0750 -0.5875 0.8057
vn 0.0287 -0.9510 0.3078
vn -0.0287 -0.9509 -0.3080
vn -0.0750 -0.5874 -0.8058
vn -0.0927 -0.0000 -0.9957
vn -0.0188 0.5818 -0.8131
vn -0.0074 0.9471 -0.3208
vn 0.0068 0.9551 0.2963
vn 0.0186 0.5947 0.8037
vn 0.0231 -0.0000 0.9997
vn 0.0186 -0.5947 0.8037
vn 0.0068 -0.9551 0.2963
vn -0.0074 -0.9471 -0.3208
vn -0.0188 -0.5818 -0.8131
vn -0.0231 -0.0000 -0.9997
vn 0.0431 0.5868 -0.8086
vn 0.0165 0.9506 -0.3101
vn -0.0164 0.9514 0.3075
vn -0.0430 0.5882 0.8076
vn -0.0532 -0.0000 0.9986
vn -0.0430 -0.5882 0.8076
vn -0.0164 -0.9514 0.3075
vn 0.0165 -0.9506 -0.3101
vn 0.0431 -0.5868 -0.8086
vn 0.0532 -0.0000 -0.9986
vn 0.0095 0.5926 -0.8055
vn 0.0035 0.9539 -0.3002
vn -0.0037 0.9483 0.3175
vn -0.0096 0.5835 0.8121
vn -0.0118 -0.0000 0.9999
vn -0.0096 -0.5835 0.8121
vn -0.0037 -0.9483 0.3175
vn 0.0035 -0.9539 -0.3002
vn 0.0095 -0.5926 -0.8055
vn 0.0118 -0.0000 -0.9999
vn -0.0353 0.5883 -0.8079
vn -0.0134 0.9514 -0.3076
vn 0.0136 0.9506 0.3100
vn 0.0354 0.5870 0.8088
vn 0.0437 -0.0000 0.9990
vn 0.0354 -0.5870 0.8088
vn 0.0136 -0.9506 0.3100
vn -0.0134 -0.9514 -0.3076
vn -0.0353 -0.5883 -0.8079
vn -0.0437 -0.0000 -0.9990
vn -0.0233 0.5858 -0.8101
vn -0.0090 0.9498 -0.3127
vn 0.0088 0.9523 0.3050
vn 0.0232 0.5899 0.8072
vn 0.0288 -0.0000 0.9996
vn 0.0232 -0.5899 0.8072
vn 0.0088 -0.9523 0.3050
vn -0.0090 -0.9498 -0.3127
vn -0.0233 -0.5858 -0.8101
vn -0.0288 -0.0000 -0.9996
vn 0.0053 0.5865 -0.8099
vn 0.0020 0.9503 -0.3114
vn -0.0020 0.9518 0.3066
vn -0.0053 0.5891 0.8081
vn -0.0066 -0.0000 1.0000
vn -0.0053 -0.5891 0.8081
vn -0.0020 -0.9518 0.3066
vn 0.0020 -0.9503 -0.3114
vn 0.0053 -0.5865 -0.8099
vn 0.0066 -0.0000 -1.0000
vn 0.0256 0.5867 -0.8094
vn 0.0098 0.9504 -0.3109
vn -0.0097 0.9517 0.3068
vn -0.0256 0.5889 0.8078
vn -0.0316 -0.0000 0.9995
vn -0.0256 -0.5889 0.8078
vn -0.0097 -0.9517 0.3068
vn 0.0098 -0.9504 -0.3109
vn 0.0256 -0.5867 -0.8094
vn 0.0316 -0.0000 -0.9995
vn 0.0400 0.5872 -0.8085
vn 0.0153 0.9507 -0.3098
vn -0.0152 0.9514 0.3075
vn -0.0399 0.5884 0.8076
vn -0.0494 -0.0000 0.9988
vn -0.0399 -0.5884 0.8076
vn -0.0152 -0.9514 0.3075
vn 0.0153 -0.9507 -0.3098
vn 0.0400 -0.5872 -0.8085
vn 0.0494 -0.0000 -0.9988
vn 0.0450 0.5884 -0.8073
vn 0.0171 0.9514 -0.3074
vn -0.0173 0.9507 0.3096
vn -0.0450 0.5872 0.8082
vn -0.0556 -0.0000 0.9985
vn -0.0450 -0.5872 0.8082
vn -0.0173 -0.9507 0.3096
vn 0.0171 -0.9514 -0.3074
vn 0.0450 -0.5884 -0.8073
vn 0.0556 -0.0000 -0.9985
vt 0.000000 1.000000
vt 0.062500 1.000000
vt 0.062500 0.900000
vt 0.000000 0.900000
vt 0.000000 0.100000
vt 0.062500 0.100000
vt 0.062500 0.000000
vt 0.000000 0.000000
vt 0.000000 0.200000
vt 0.062500 0.200000
vt 0.000000 0.300000
vt 0.062500 0.300000
vt 0.000000 0.400000
vt 0.062500 0.400000
vt 0.000000 0.500000
vt 0.062500 0.500000
vt 0.000000 0.600000
vt 0.062500 0.600000
vt 0.000000 0.700000
vt 0.062500 0.700000
vt 0.000000 0.800000
vt 0.062500 0.800000
vt 0.125000 1.000000
vt 0.125000 0.900000
vt 0.125000 0.100000
vt 0.125000 0.000000
vt 0.125000 0.200000
vt 0.125000 0.300000
vt 0.125000 0.400000
vt 0.125000 0.500000
vt 0.125000 0.600000
vt 0.125000 0.700000
vt 0.125000 0.800000
vt 0.187500 1.000000
vt 0.187500 0.900000
vt 0.187500 0.100000
vt 0.187500 0.000000
vt 0.187500 0.200000
vt 0.187500 0.300000
vt 0.187500 0.400000
vt 0.187500 0.500000
vt 0.187500 0.600000
vt 0.187500 0.700000
vt 0.187500 0.800000
vt 0.250000 1.000000
vt 0.250000 0.900000
vt 0.250000 0.100000
vt 0.250000 0.000000
vt 0.250000 0.200000
vt 0.250000 0.300000
vt 0.250000 0.400000
vt 0.250000 0.500000
vt 0.250000 0.600000
vt 0.250000 0.700000
vt 0.250000 0.800000
vt 0.312500 1.000000
vt 0.312500 0.900000
vt 0.312500 0.100000
vt 0.312500 0.000000
vt 0.312500 0.200000
vt 0.312500 0.300000
vt 0.312500 0.400000
vt 0.312500 0.500000
vt 0.312500 0.600000
vt 0.312500 0.700000
vt 0.312500 0.800000
vt 0.375000 1.000000
vt 0.375000 0.900000
vt 0.375000 0.100000
vt 0.375000 0.000000
vt 0.375000 0.200000
vt 0.375000 0.300000
vt 0.375000 0.400000
vt 0.375000 0.500000
vt 0.375000 0.600000
vt 0.375000 0.700000
vt 0.375000 0.800000
vt 0.437500 1.000000
vt 0.437500 0.900000
vt 0.437500 0.100000
vt 0.437500 0.000000
vt 0.437500 0.200000
vt 0.437500 0.300000
vt 0.437500 0.400000
vt 0.437500 0.500000
vt 0.437500 0.600000
vt 0.437500 0.700000
vt 0.437500 0.800000
vt 0.500000 1.000000
vt 0.500000 0.900000
vt 0.500000 0.100000
vt 0.500000 0.000000
vt 0.500000 0.200000
vt 0.500000 0.300000
vt 0.500000 0.400000
vt 0.500000 0.500000
vt 0.500000 0.600000
vt 0.500000 0.700000
vt 0.500000 0.800000
vt 0.562500 1.000000
vt 0.562500 0.900000
vt 0.562500 0.100000
vt 0.562500 0.000000
vt 0.562500 0.200000
vt 0.562500 0.300000
vt 0.562500 0.400000
vt 0.562500 0.500000
vt 0.562500 0.600000
vt 0.562500 0.700000
vt 0.562500 0.800000
vt 0.625000 1.000000
vt 0.625000 0.900000
vt 0.625000 0.100000
vt 0.625000 0.000000
vt 0.625000 0.200000
vt 0.625000 0.300000
vt 0.625000 0.400000
vt 0.625000 0.500000
vt 0.625000 0.600000
vt 0.625000 0.700000
vt 0.625000 0.800000
vt 0.687500 1.000000
vt 0.687500 0.900000
vt 0.687500 0.100000
vt 0.687500 0.000000
vt 0.687500 0.200000
vt 0.687500 0.300000
vt 0.687500 0.400000
vt 0.687500 0.500000
vt 0.687500 0.600000
vt 0.687500 0.700000
vt 0.687500 0.800000
vt 0.750000 1.000000
vt 0.750000 0.900000
vt 0.750000 0.100000
vt 0.750000 0.000000
vt 0.750000 0.200000
vt 0.750000 0.300000
vt 0.750000 0.400000
vt 0.750000 0.500000
vt 0.750000 0.600000
vt 0.750000 0.700000
vt 0.750000 0.800000
vt 0.812500 1.000000
vt 0.812500 0.900000
vt 0.812500 0.100000
vt 0.812500 0.000000
vt 0.812500 0.200000
vt 0.812500 0.300000
vt 0.812500 0.400000
vt 0.812500 0.500000
vt 0.812500 0.600000
vt 0.812500 0.700000
vt 0.812500 0.800000
vt 0.875000 1.000000
vt 0.875000 0.900000
vt 0.875000 0.100000
vt 0.875000 0.000000
vt 0.875000 0.200000
vt 0.875000 0.300000
vt 0.875000 0.400000
vt 0.875000 0.500000
vt 0.875000 0.600000
vt 0.875000 0.700000
vt 0.875000 0.800000
vt 0.937500 1.000000
vt 0.937500 0.900000
vt 0.937500 0.100000
vt 0.937500 0.000000
vt 0.937500 0.200000
vt 0.937500 0.300000
vt 0.937500 0.400000
vt 0.937500 0.500000
vt 0.937500 0.600000
vt 0.937500 0.700000
vt 0.937500 0.800000
vt 1.000000 1.000000
vt 1.000000 0.900000
vt 1.000000 0.100000
vt 1.000000 0.000000
vt 1.000000 0.200000
vt 1.000000 0.300000
vt 1.000000 0.400000
vt 1.000000 0.500000
vt 1.000000 0.600000
vt 1.000000 0.700000
vt 1.000000 0.800000
s 1
usemtl M_AetherEnergy
f 1765/2361/1265 1775/2362/1275 1784/2363/1284 1774/2364/1274
f 1766/2365/1266 1776/2366/1276 1775/2367/1275 1765/2368/1265
f 1767/2369/1267 1777/2370/1277 1776/2366/1276 1766/2365/1266
f 1768/2371/1268 1778/2372/1278 1777/2370/1277 1767/2369/1267
f 1769/2373/1269 1779/2374/1279 1778/2372/1278 1768/2371/1268
f 1770/2375/1270 1780/2376/1280 1779/2374/1279 1769/2373/1269
f 1771/2377/1271 1781/2378/1281 1780/2376/1280 1770/2375/1270
f 1772/2379/1272 1782/2380/1282 1781/2378/1281 1771/2377/1271
f 1773/2381/1273 1783/2382/1283 1782/2380/1282 1772/2379/1272
f 1774/2364/1274 1784/2363/1284 1783/2382/1283 1773/2381/1273
f 1775/2362/1275 1785/2383/1285 1794/2384/1294 1784/2363/1284
f 1776/2366/1276 1786/2385/1286 1785/2386/1285 1775/2367/1275
f 1777/2370/1277 1787/2387/1287 1786/2385/1286 1776/2366/1276
f 1778/2372/1278 1788/2388/1288 1787/2387/1287 1777/2370/1277
f 1779/2374/1279 1789/2389/1289 1788/2388/1288 1778/2372/1278
f 1780/2376/1280 1790/2390/1290 1789/2389/1289 1779/2374/1279
f 1781/2378/1281 1791/2391/1291 1790/2390/1290 1780/2376/1280
f 1782/2380/1282 1792/2392/1292 1791/2391/1291 1781/2378/1281
f 1783/2382/1283 1793/2393/1293 1792/2392/1292 1782/2380/1282
f 1784/2363/1284 1794/2384/1294 1793/2393/1293 1783/2382/1283
f 1785/2383/1285 1795/2394/1295 1804/2395/1304 1794/2384/1294
f 1786/2385/1286 1796/2396/1296 1795/2397/1295 1785/2386/1285
f 1787/2387/1287 1797/2398/1297 1796/2396/1296 1786/2385/1286
f 1788/2388/1288 1798/2399/1298 1797/2398/1297 1787/2387/1287
f 1789/2389/1289 1799/2400/1299 1798/2399/1298 1788/2388/1288
f 1790/2390/1290 1800/2401/1300 1799/2400/1299 1789/2389/1289
f 1791/2391/1291 1801/2402/1301 1800/2401/1300 1790/2390/1290
f 1792/2392/1292 1802/2403/1302 1801/2402/1301 1791/2391/1291
f 1793/2393/1293 1803/2404/1303 1802/2403/1302 1792/2392/1292
f 1794/2384/1294 1804/2395/1304 1803/2404/1303 1793/2393/1293
f 1795/2394/1295 1805/2405/1305 1814/2406/1314 1804/2395/1304
f 1796/2396/1296 1806/2407/1306 1805/2408/1305 1795/2397/1295
f 1797/2398/1297 1807/2409/1307 1806/2407/1306 1796/2396/1296
f 1798/2399/1298 1808/2410/1308 1807/2409/1307 1797/2398/1297
f 1799/2400/1299 1809/2411/1309 1808/2410/1308 1798/2399/1298
f 1800/2401/1300 1810/2412/1310 1809/2411/1309 1799/2400/1299
f 1801/2402/1301 1811/2413/1311 1810/2412/1310 1800/2401/1300
f 1802/2403/1302 1812/2414/1312 1811/2413/1311 1801/2402/1301
f 1803/2404/1303 1813/2415/1313 1812/2414/1312 1802/2403/1302
f 1804/2395/1304 1814/2406/1314 1813/2415/1313 1803/2404/1303
f 1805/2405/1305 1815/2416/1315 1824/2417/1324 1814/2406/1314
f 1806/2407/1306 1816/2418/1316 1815/2419/1315 1805/2408/1305
f 1807/2409/1307 1817/2420/1317 1816/2418/1316 1806/2407/1306
f 1808/2410/1308 1818/2421/1318 1817/2420/1317 1807/2409/1307
f 1809/2411/1309 1819/2422/1319 1818/2421/1318 1808/2410/1308
f 1810/2412/1310 1820/2423/1320 1819/2422/1319 1809/2411/1309
f 1811/2413/1311 1821/2424/1321 1820/2423/1320 1810/2412/1310
f 1812/2414/1312 1822/2425/1322 1821/2424/1321 1811/2413/1311
f 1813/2415/1313 1823/2426/1323 1822/2425/1322 1812/2414/1312
f 1814/2406/1314 1824/2417/1324 1823/2426/1323 1813/2415/1313
f 1815/2416/1315 1825/2427/1325 1834/2428/1334 1824/2417/1324
f 1816/2418/1316 1826/2429/1326 1825/2430/1325 1815/2419/1315
f 1817/2420/1317 1827/2431/1327 1826/2429/1326 1816/2418/1316
f 1818/2421/1318 1828/2432/1328 1827/2431/1327 1817/2420/1317
f 1819/2422/1319 1829/2433/1329 1828/2432/1328 1818/2421/1318
f 1820/2423/1320 1830/2434/1330 1829/2433/1329 1819/2422/1319
f 1821/2424/1321 1831/2435/1331 1830/2434/1330 1820/2423/1320
f 1822/2425/1322 1832/2436/1332 1831/2435/1331 1821/2424/1321
f 1823/2426/1323 1833/2437/1333 1832/2436/1332 1822/2425/1322
f 1824/2417/1324 1834/2428/1334 1833/2437/1333 1823/2426/1323
f 1825/2427/1325 1835/2438/1335 1844/2439/1344 1834/2428/1334
f 1826/2429/1326 1836/2440/1336 1835/2441/1335 1825/2430/1325
f 1827/2431/1327 1837/2442/1337 1836/2440/1336 1826/2429/1326
f 1828/2432/1328 1838/2443/1338 1837/2442/1337 1827/2431/1327
f 1829/2433/1329 1839/2444/1339 1838/2443/1338 1828/2432/1328
f 1830/2434/1330 1840/2445/1340 1839/2444/1339 1829/2433/1329
f 1831/2435/1331 1841/2446/1341 1840/2445/1340 1830/2434/1330
f 1832/2436/1332 1842/2447/1342 1841/2446/1341 1831/2435/1331
f 1833/2437/1333 1843/2448/1343 1842/2447/1342 1832/2436/1332
f 1834/2428/1334 1844/2439/1344 1843/2448/1343 1833/2437/1333
f 1835/2438/1335 1845/2449/1345 1854/2450/1354 1844/2439/1344
f 1836/2440/1336 1846/2451/1346 1845/2452/1345 1835/2441/1335
f 1837/2442/1337 1847/2453/1347 1846/2451/1346 1836/2440/1336
f 1838/2443/1338 1848/2454/1348 1847/2453/1347 1837/2442/1337
f 1839/2444/1339 1849/2455/1349 1848/2454/1348 1838/2443/1338
f 1840/2445/1340 1850/2456/1350 1849/2455/1349 1839/2444/1339
f 1841/2446/1341 1851/2457/1351 1850/2456/1350 1840/2445/1340
f 1842/2447/1342 1852/2458/1352 1851/2457/1351 1841/2446/1341
f 1843/2448/1343 1853/2459/1353 1852/2458/1352 1842/2447/1342
f 1844/2439/1344 1854/2450/1354 1853/2459/1353 1843/2448/1343
f 1845/2449/1345 1855/2460/1355 1864/2461/1364 1854/2450/1354
f 1846/2451/1346 1856/2462/1356 1855/2463/1355 1845/2452/1345
f 1847/2453/1347 1857/2464/1357 1856/2462/1356 1846/2451/1346
f 1848/2454/1348 1858/2465/1358 1857/2464/1357 1847/2453/1347
f 1849/2455/1349 1859/2466/1359 1858/2465/1358 1848/2454/1348
f 1850/2456/1350 1860/2467/1360 1859/2466/1359 1849/2455/1349
f 1851/2457/1351 1861/2468/1361 1860/2467/1360 1850/2456/1350
f 1852/2458/1352 1862/2469/1362 1861/2468/1361 1851/2457/1351
f 1853/2459/1353 1863/2470/1363 1862/2469/1362 1852/2458/1352
f 1854/2450/1354 1864/2461/1364 1863/2470/1363 1853/2459/1353
f 1855/2460/1355 1865/2471/1365 1874/2472/1374 1864/2461/1364
f 1856/2462/1356 1866/2473/1366 1865/2474/1365 1855/2463/1355
f 1857/2464/1357 1867/2475/1367 1866/2473/1366 1856/2462/1356
f 1858/2465/1358 1868/2476/1368 1867/2475/1367 1857/2464/1357
f 1859/2466/1359 1869/2477/1369 1868/2476/1368 1858/2465/1358
f 1860/2467/1360 1870/2478/1370 1869/2477/1369 1859/2466/1359
f 1861/2468/1361 1871/2479/1371 1870/2478/1370 1860/2467/1360
f 1862/2469/1362 1872/2480/1372 1871/2479/1371 1861/2468/1361
f 1863/2470/1363 1873/2481/1373 1872/2480/1372 1862/2469/1362
f 1864/2461/1364 1874/2472/1374 1873/2481/1373 1863/2470/1363
f 1865/2471/1365 1875/2482/1375 1884/2483/1384 1874/2472/1374
f 1866/2473/1366 1876/2484/1376 1875/2485/1375 1865/2474/1365
f 1867/2475/1367 1877/2486/1377 1876/2484/1376 1866/2473/1366
f 1868/2476/1368 1878/2487/1378 1877/2486/1377 1867/2475/1367
f 1869/2477/1369 1879/2488/1379 1878/2487/1378 1868/2476/1368
f 1870/2478/1370 1880/2489/1380 1879/2488/1379 1869/2477/1369
f 1871/2479/1371 1881/2490/1381 1880/2489/1380 1870/2478/1370
f 1872/2480/1372 1882/2491/1382 1881/2490/1381 1871/2479/1371
f 1873/2481/1373 1883/2492/1383 1882/2491/1382 1872/2480/1372
f 1874/2472/1374 1884/2483/1384 1883/2492/1383 1873/2481/1373
f 1875/2482/1375 1885/2493/1385 1894/2494/1394 1884/2483/1384
f 1876/2484/1376 1886/2495/1386 1885/2496/1385 1875/2485/1375
f 1877/2486/1377 1887/2497/1387 1886/2495/1386 1876/2484/1376
f 1878/2487/1378 1888/2498/1388 1887/2497/1387 1877/2486/1377
f 1879/2488/1379 1889/2499/1389 1888/2498/1388 1878/2487/1378
f 1880/2489/1380 1890/2500/1390 1889/2499/1389 1879/2488/1379
f 1881/2490/1381 1891/2501/1391 1890/2500/1390 1880/2489/1380
f 1882/2491/1382 1892/2502/1392 1891/2501/1391 1881/2490/1381
f 1883/2492/1383 1893/2503/1393 1892/2502/1392 1882/2491/1382
f 1884/2483/1384 1894/2494/1394 1893/2503/1393 1883/2492/1383
f 1885/2493/1385 1895/2504/1395 1904/2505/1404 1894/2494/1394
f 1886/2495/1386 1896/2506/1396 1895/2507/1395 1885/2496/1385
f 1887/2497/1387 1897/2508/1397 1896/2506/1396 1886/2495/1386
f 1888/2498/1388 1898/2509/1398 1897/2508/1397 1887/2497/1387
f 1889/2499/1389 1899/2510/1399 1898/2509/1398 1888/2498/1388
f 1890/2500/1390 1900/2511/1400 1899/2510/1399 1889/2499/1389
f 1891/2501/1391 1901/2512/1401 1900/2511/1400 1890/2500/1390
f 1892/2502/1392 1902/2513/1402 1901/2512/1401 1891/2501/1391
f 1893/2503/1393 1903/2514/1403 1902/2513/1402 1892/2502/1392
f 1894/2494/1394 1904/2505/1404 1903/2514/1403 1893/2503/1393
f 1895/2504/1395 1905/2515/1405 1914/2516/1414 1904/2505/1404
f 1896/2506/1396 1906/2517/1406 1905/2518/1405 1895/2507/1395
f 1897/2508/1397 1907/2519/1407 1906/2517/1406 1896/2506/1396
f 1898/2509/1398 1908/2520/1408 1907/2519/1407 1897/2508/1397
f 1899/2510/1399 1909/2521/1409 1908/2520/1408 1898/2509/1398
f 1900/2511/1400 1910/2522/1410 1909/2521/1409 1899/2510/1399
f 1901/2512/1401 1911/2523/1411 1910/2522/1410 1900/2511/1400
f 1902/2513/1402 1912/2524/1412 1911/2523/1411 1901/2512/1401
f 1903/2514/1403 1913/2525/1413 1912/2524/1412 1902/2513/1402
f 1904/2505/1404 1914/2516/1414 1913/2525/1413 1903/2514/1403
f 1905/2515/1405 1915/2526/1415 1924/2527/1424 1914/2516/1414
f 1906/2517/1406 1916/2528/1416 1915/2529/1415 1905/2518/1405
f 1907/2519/1407 1917/2530/1417 1916/2528/1416 1906/2517/1406
f 1908/2520/1408 1918/2531/1418 1917/2530/1417 1907/2519/1407
f 1909/2521/1409 1919/2532/1419 1918/2531/1418 1908/2520/1408
f 1910/2522/1410 1920/2533/1420 1919/2532/1419 1909/2521/1409
f 1911/2523/1411 1921/2534/1421 1920/2533/1420 1910/2522/1410
f 1912/2524/1412 1922/2535/1422 1921/2534/1421 1911/2523/1411
f 1913/2525/1413 1923/2536/1423 1922/2535/1422 1912/2524/1412
f 1914/2516/1414 1924/2527/1424 1923/2536/1423 1913/2525/1413
f 1915/2526/1415 1925/2537/1425 1934/2538/1434 1924/2527/1424
f 1916/2528/1416 1926/2539/1426 1925/2540/1425 1915/2529/1415
f 1917/2530/1417 1927/2541/1427 1926/2539/1426 1916/2528/1416
f 1918/2531/1418 1928/2542/1428 1927/2541/1427 1917/2530/1417
f 1919/2532/1419 1929/2543/1429 1928/2542/1428 1918/2531/1418
f 1920/2533/1420 1930/2544/1430 1929/2543/1429 1919/2532/1419
f 1921/2534/1421 1931/2545/1431 1930/2544/1430 1920/2533/1420
f 1922/2535/1422 1932/2546/1432 1931/2545/1431 1921/2534/1421
f 1923/2536/1423 1933/2547/1433 1932/2546/1432 1922/2535/1422
f 1924/2527/1424 1934/2538/1434 1933/2547/1433 1923/2536/1423
o CausewayFracture_L_1
v -22.000298 0.318519 1.489456
v -22.000113 0.326874 1.500955
v -21.999887 0.326874 1.515168
v -21.999702 0.318519 1.526666
v -21.999634 0.305000 1.531058
v -21.999702 0.291481 1.526666
v -21.999887 0.283126 1.515168
v -22.000113 0.283126 1.500955
v -22.000298 0.291481 1.489456
v -22.000366 0.305000 1.485064
v -19.250353 0.318519 1.423984
v -19.250168 0.326874 1.435482
v -19.249943 0.326874 1.449695
v -19.249758 0.318519 1.461194
v -19.249689 0.305000 1.465586
v -19.249758 0.291481 1.461194
v -19.249943 0.283126 1.449695
v -19.250168 0.283126 1.435482
v -19.250353 0.291481 1.423984
v -19.250422 0.305000 1.419592
v -16.499813 0.318519 1.401734
v -16.499928 0.326874 1.413234
v -16.500072 0.326874 1.427448
v -16.500187 0.318519 1.438947
v -16.500233 0.305000 1.443339
v -16.500187 0.291481 1.438947
v -16.500072 0.283126 1.427448
v -16.499928 0.283126 1.413234
v -16.499813 0.291481 1.401734
v -16.499767 0.305000 1.397342
v -13.748592 0.318519 1.479469
v -13.749026 0.326874 1.490961
v -13.749562 0.326874 1.505165
v -13.749996 0.318519 1.516657
v -13.750162 0.305000 1.521047
v -13.749996 0.291481 1.516657
v -13.749562 0.283126 1.505165
v -13.749026 0.283126 1.490961
v -13.748592 0.291481 1.479469
v -13.748426 0.305000 1.475079
v -10.998930 0.318519 1.609361
v -10.999591 0.326874 1.620842
v -11.000409 0.326874 1.635033
v -11.001070 0.318519 1.646515
v -11.001323 0.305000 1.650900
v -11.001070 0.291481 1.646515
v -11.000409 0.283126 1.635033
v -10.999591 0.283126 1.620842
v -10.998930 0.291481 1.609361
v -10.998677 0.305000 1.604976
v -8.249651 0.318519 1.796270
v -8.250213 0.326874 1.807756
v -8.250905 0.326874 1.821954
v -8.251467 0.318519 1.833440
v -8.251680 0.305000 1.837827
v -8.251466 0.291481 1.833440
v -8.250905 0.283126 1.821954
v -8.250213 0.283126 1.807756
v -8.249651 0.291481 1.796270
v -8.249437 0.305000 1.791882
v -5.500593 0.318519 1.877954
v -5.500226 0.326874 1.889448
v -5.499774 0.326874 1.903655
v -5.499407 0.318519 1.915150
v -5.499267 0.305000 1.919540
v -5.499407 0.291481 1.915150
v -5.499774 0.283126 1.903655
v -5.500226 0.283126 1.889448
v -5.500593 0.291481 1.877954
v -5.500733 0.305000 1.873563
v -2.751762 0.318519 1.620254
v -2.750696 0.326874 1.631705
v -2.749378 0.326874 1.645858
v -2.748312 0.318519 1.657309
v -2.747905 0.305000 1.661682
v -2.748312 0.291481 1.657309
v -2.749378 0.283126 1.645858
v -2.750696 0.283126 1.631705
v -2.751762 0.291481 1.620254
v -2.752169 0.305000 1.615881
v -0.000429 0.318519 1.365968
v -0.000164 0.326874 1.377465
v 0.000164 0.326874 1.391676
v 0.000429 0.318519 1.403173
v 0.000531 0.305000 1.407565
v 0.000429 0.291481 1.403173
v 0.000164 0.283126 1.391676
v -0.000164 0.283126 1.377465
v -0.000429 0.291481 1.365968
v -0.000531 0.305000 1.361577
v 2.750840 0.318519 1.492626
v 2.750229 0.326874 1.504110
v 2.749473 0.326874 1.518304
v 2.748862 0.318519 1.529788
v 2.748628 0.305000 1.534174
v 2.748862 0.291481 1.529788
v 2.749473 0.283126 1.518304
v 2.750229 0.283126 1.504110
v 2.750840 0.291481 1.492626
v 2.751074 0.305000 1.488240
v 5.500219 0.318519 1.658854
v 5.500083 0.326874 1.670353
v 5.499917 0.326874 1.684567
v 5.499781 0.318519 1.696066
v 5.499730 0.305000 1.700459
v 5.499781 0.291481 1.696066
v 5.499917 0.283126 1.684567
v 5.500083 0.283126 1.670353
v 5.500219 0.291481 1.658854
v 5.500270 0.305000 1.654462
v 8.249317 0.318519 1.557453
v 8.249820 0.326874 1.568942
v 8.250440 0.326874 1.583143
v 8.250942 0.318519 1.594632
v 8.251134 0.305000 1.599021
v 8.250942 0.291481 1.594632
v 8.250440 0.283126 1.583143
v 8.249820 0.283126 1.568942
v 8.249317 0.291481 1.557453
v 8.249125 0.305000 1.553065
v 10.999464 0.318519 1.418430
v 10.999795 0.326874 1.429925
v 11.000205 0.326874 1.444134
v 11.000536 0.318519 1.455629
v 11.000662 0.305000 1.460020
v 11.000536 0.291481 1.455629
v 11.000205 0.283126 1.444134
v 10.999795 0.283126 1.429925
v 10.999464 0.291481 1.418430
v 10.999338 0.305000 1.414039
v 13.750299 0.318519 1.398979
v 13.750223 0.326874 1.410479
v 13.750130 0.326874 1.424693
v 13.750054 0.318519 1.436193
v 13.750026 0.305000 1.440585
v 13.750054 0.291481 1.436193
v 13.750130 0.283126 1.424693
v 13.750223 0.283126 1.410479
v 13.750299 0.291481 1.398979
v 13.750327 0.305000 1.394586
v 16.500589 0.318519 1.454483
v 16.500225 0.326874 1.465977
v 16.499775 0.326874 1.480185
v 16.499411 0.318519 1.491679
v 16.499271 0.305000 1.496069
v 16.499411 0.291481 1.491679
v 16.499775 0.283126 1.480185
v 16.500225 0.283126 1.465977
v 16.500589 0.291481 1.454483
v 16.500729 0.305000 1.450092
v 19.251587 0.318519 1.573166
v 19.251019 0.326874 1.584652
v 19.250317 0.326874 1.598850
v 19.249748 0.318519 1.610336
v 19.249533 0.305000 1.614723
v 19.249748 0.291481 1.610336
v 19.250317 0.283126 1.598850
v 19.251019 0.283126 1.584652
v 19.251587 0.291481 1.573166
v 19.251802 0.305000 1.568779
v 22.000919 0.318519 1.726341
v 22.000351 0.326874 1.737827
v 21.999649 0.326874 1.752025
v 21.999081 0.318519 1.763511
v 21.998865 0.305000 1.767898
v 21.999081 0.291481 1.763511
v 21.999649 0.283126 1.752025
v 22.000351 0.283126 1.737827
v 22.000919 0.291481 1.726341
v 22.001135 0.305000 1.721954
vn -0.0192 0.5885 -0.8083
vn -0.0073 0.9515 -0.3075
vn 0.0074 0.9506 0.3103
vn 0.0193 0.5870 0.8093
vn 0.0238 -0.0000 0.9997
vn 0.0193 -0.5870 0.8093
vn 0.0074 -0.9506 0.3103
vn -0.0073 -0.9515 -0.3075
vn -0.0192 -0.5885 -0.8083
vn -0.0238 -0.0000 -0.9997
vn -0.0129 0.5870 -0.8095
vn -0.0049 0.9506 -0.3104
vn 0.0049 0.9515 0.3076
vn 0.0129 0.5885 0.8084
vn 0.0159 -0.0000 0.9999
vn 0.0129 -0.5885 0.8084
vn 0.0049 -0.9515 0.3076
vn -0.0049 -0.9506 -0.3104
vn -0.0129 -0.5870 -0.8095
vn -0.0159 -0.0000 -0.9999
vn 0.0082 0.5861 -0.8102
vn 0.0031 0.9500 -0.3122
vn -0.0031 0.9521 0.3058
vn -0.0081 0.5895 0.8077
vn -0.0101 -0.0000 0.9999
vn -0.0081 -0.5895 0.8077
vn -0.0031 -0.9521 0.3058
vn 0.0031 -0.9500 -0.3122
vn 0.0082 -0.5861 -0.8102
vn 0.0101 -0.0000 -0.9999
vn 0.0305 0.5869 -0.8091
vn 0.0117 0.9505 -0.3105
vn -0.0116 0.9516 0.3071
vn -0.0305 0.5887 0.8078
vn -0.0377 -0.0000 0.9993
vn -0.0305 -0.5887 0.8078
vn -0.0116 -0.9516 0.3071
vn 0.0117 -0.9505 -0.3105
vn 0.0305 -0.5869 -0.8091
vn 0.0377 -0.0000 -0.9993
vn 0.0466 0.5868 -0.8084
vn 0.0179 0.9505 -0.3103
vn -0.0177 0.9516 0.3067
vn -0.0465 0.5887 0.8070
vn -0.0575 -0.0000 0.9983
vn -0.0465 -0.5887 0.8070
vn -0.0177 -0.9517 0.3067
vn 0.0179 -0.9505 -0.3103
vn 0.0466 -0.5868 -0.8084
vn 0.0575 -0.0000 -0.9983
vn 0.0394 0.5895 -0.8068
vn 0.0149 0.9521 -0.3053
vn -0.0152 0.9499 0.3121
vn -0.0395 0.5859 0.8094
vn -0.0488 -0.0000 0.9988
vn -0.0395 -0.5859 0.8094
vn -0.0152 -0.9499 0.3121
vn 0.0149 -0.9521 -0.3053
vn 0.0394 -0.5895 -0.8068
vn 0.0488 -0.0000 -0.9988
vn -0.0256 0.5939 -0.8041
vn -0.0095 0.9546 -0.2976
vn 0.0102 0.9475 0.3195
vn 0.0259 0.5824 0.8125
vn 0.0319 -0.0000 0.9995
vn 0.0259 -0.5824 0.8125
vn 0.0102 -0.9475 0.3195
vn -0.0095 -0.9546 -0.2976
vn -0.0256 -0.5939 -0.8041
vn -0.0319 -0.0000 -0.9995
vn -0.0750 0.5874 -0.8058
vn -0.0287 0.9509 -0.3080
vn 0.0287 0.9510 0.3078
vn 0.0750 0.5875 0.8057
vn 0.0927 -0.0000 0.9957
vn 0.0750 -0.5875 0.8057
vn 0.0287 -0.9510 0.3078
vn -0.0287 -0.9509 -0.3080
vn -0.0750 -0.5874 -0.8058
vn -0.0927 -0.0000 -0.9957
vn -0.0188 0.5818 -0.8131
vn -0.0074 0.9471 -0.3208
vn 0.0068 0.9551 0.2963
vn 0.0186 0.5947 0.8037
vn 0.0231 -0.0000 0.9997
vn 0.0186 -0.5947 0.8037
vn 0.0068 -0.9551 0.2963
vn -0.0074 -0.9471 -0.3208
vn -0.0188 -0.5818 -0.8131
vn -0.0231 -0.0000 -0.9997
vn 0.0431 0.5868 -0.8086
vn 0.0165 0.9506 -0.3101
vn -0.0164 0.9514 0.3075
vn -0.0430 0.5882 0.8076
vn -0.0532 -0.0000 0.9986
vn -0.0430 -0.5882 0.8076
vn -0.0164 -0.9514 0.3075
vn 0.0165 -0.9506 -0.3101
vn 0.0431 -0.5868 -0.8086
vn 0.0532 -0.0000 -0.9986
vn 0.0095 0.5926 -0.8055
vn 0.0035 0.9539 -0.3002
vn -0.0037 0.9483 0.3175
vn -0.0096 0.5835 0.8121
vn -0.0118 -0.0000 0.9999
vn -0.0096 -0.5835 0.8121
vn -0.0037 -0.9483 0.3175
vn 0.0035 -0.9539 -0.3002
vn 0.0095 -0.5926 -0.8055
vn 0.0118 -0.0000 -0.9999
vn -0.0353 0.5883 -0.8079
vn -0.0134 0.9514 -0.3076
vn 0.0136 0.9506 0.3100
vn 0.0354 0.5870 0.8088
vn 0.0437 -0.0000 0.9990
vn 0.0354 -0.5870 0.8088
vn 0.0136 -0.9506 0.3100
vn -0.0134 -0.9514 -0.3076
vn -0.0353 -0.5883 -0.8079
vn -0.0437 -0.0000 -0.9990
vn -0.0233 0.5858 -0.8101
vn -0.0090 0.9498 -0.3127
vn 0.0088 0.9523 0.3050
vn 0.0232 0.5899 0.8072
vn 0.0288 -0.0000 0.9996
vn 0.0232 -0.5899 0.8072
vn 0.0088 -0.9523 0.3050
vn -0.0090 -0.9498 -0.3127
vn -0.0233 -0.5858 -0.8101
vn -0.0288 -0.0000 -0.9996
vn 0.0053 0.5865 -0.8099
vn 0.0020 0.9503 -0.3114
vn -0.0020 0.9518 0.3066
vn -0.0053 0.5891 0.8081
vn -0.0066 -0.0000 1.0000
vn -0.0053 -0.5891 0.8081
vn -0.0020 -0.9518 0.3066
vn 0.0020 -0.9503 -0.3114
vn 0.0053 -0.5865 -0.8099
vn 0.0066 -0.0000 -1.0000
vn 0.0256 0.5867 -0.8094
vn 0.0098 0.9504 -0.3109
vn -0.0097 0.9517 0.3068
vn -0.0256 0.5889 0.8078
vn -0.0316 -0.0000 0.9995
vn -0.0256 -0.5889 0.8078
vn -0.0097 -0.9517 0.3068
vn 0.0098 -0.9504 -0.3109
vn 0.0256 -0.5867 -0.8094
vn 0.0316 -0.0000 -0.9995
vn 0.0400 0.5872 -0.8085
vn 0.0153 0.9507 -0.3098
vn -0.0152 0.9514 0.3075
vn -0.0399 0.5884 0.8076
vn -0.0494 -0.0000 0.9988
vn -0.0399 -0.5884 0.8076
vn -0.0152 -0.9514 0.3075
vn 0.0153 -0.9507 -0.3098
vn 0.0400 -0.5872 -0.8085
vn 0.0494 -0.0000 -0.9988
vn 0.0450 0.5884 -0.8073
vn 0.0171 0.9514 -0.3074
vn -0.0173 0.9507 0.3096
vn -0.0450 0.5872 0.8082
vn -0.0556 -0.0000 0.9985
vn -0.0450 -0.5872 0.8082
vn -0.0173 -0.9507 0.3096
vn 0.0171 -0.9514 -0.3074
vn 0.0450 -0.5884 -0.8073
vn 0.0556 -0.0000 -0.9985
vt 0.000000 1.000000
vt 0.062500 1.000000
vt 0.062500 0.900000
vt 0.000000 0.900000
vt 0.000000 0.100000
vt 0.062500 0.100000
vt 0.062500 0.000000
vt 0.000000 0.000000
vt 0.000000 0.200000
vt 0.062500 0.200000
vt 0.000000 0.300000
vt 0.062500 0.300000
vt 0.000000 0.400000
vt 0.062500 0.400000
vt 0.000000 0.500000
vt 0.062500 0.500000
vt 0.000000 0.600000
vt 0.062500 0.600000
vt 0.000000 0.700000
vt 0.062500 0.700000
vt 0.000000 0.800000
vt 0.062500 0.800000
vt 0.125000 1.000000
vt 0.125000 0.900000
vt 0.125000 0.100000
vt 0.125000 0.000000
vt 0.125000 0.200000
vt 0.125000 0.300000
vt 0.125000 0.400000
vt 0.125000 0.500000
vt 0.125000 0.600000
vt 0.125000 0.700000
vt 0.125000 0.800000
vt 0.187500 1.000000
vt 0.187500 0.900000
vt 0.187500 0.100000
vt 0.187500 0.000000
vt 0.187500 0.200000
vt 0.187500 0.300000
vt 0.187500 0.400000
vt 0.187500 0.500000
vt 0.187500 0.600000
vt 0.187500 0.700000
vt 0.187500 0.800000
vt 0.250000 1.000000
vt 0.250000 0.900000
vt 0.250000 0.100000
vt 0.250000 0.000000
vt 0.250000 0.200000
vt 0.250000 0.300000
vt 0.250000 0.400000
vt 0.250000 0.500000
vt 0.250000 0.600000
vt 0.250000 0.700000
vt 0.250000 0.800000
vt 0.312500 1.000000
vt 0.312500 0.900000
vt 0.312500 0.100000
vt 0.312500 0.000000
vt 0.312500 0.200000
vt 0.312500 0.300000
vt 0.312500 0.400000
vt 0.312500 0.500000
vt 0.312500 0.600000
vt 0.312500 0.700000
vt 0.312500 0.800000
vt 0.375000 1.000000
vt 0.375000 0.900000
vt 0.375000 0.100000
vt 0.375000 0.000000
vt 0.375000 0.200000
vt 0.375000 0.300000
vt 0.375000 0.400000
vt 0.375000 0.500000
vt 0.375000 0.600000
vt 0.375000 0.700000
vt 0.375000 0.800000
vt 0.437500 1.000000
vt 0.437500 0.900000
vt 0.437500 0.100000
vt 0.437500 0.000000
vt 0.437500 0.200000
vt 0.437500 0.300000
vt 0.437500 0.400000
vt 0.437500 0.500000
vt 0.437500 0.600000
vt 0.437500 0.700000
vt 0.437500 0.800000
vt 0.500000 1.000000
vt 0.500000 0.900000
vt 0.500000 0.100000
vt 0.500000 0.000000
vt 0.500000 0.200000
vt 0.500000 0.300000
vt 0.500000 0.400000
vt 0.500000 0.500000
vt 0.500000 0.600000
vt 0.500000 0.700000
vt 0.500000 0.800000
vt 0.562500 1.000000
vt 0.562500 0.900000
vt 0.562500 0.100000
vt 0.562500 0.000000
vt 0.562500 0.200000
vt 0.562500 0.300000
vt 0.562500 0.400000
vt 0.562500 0.500000
vt 0.562500 0.600000
vt 0.562500 0.700000
vt 0.562500 0.800000
vt 0.625000 1.000000
vt 0.625000 0.900000
vt 0.625000 0.100000
vt 0.625000 0.000000
vt 0.625000 0.200000
vt 0.625000 0.300000
vt 0.625000 0.400000
vt 0.625000 0.500000
vt 0.625000 0.600000
vt 0.625000 0.700000
vt 0.625000 0.800000
vt 0.687500 1.000000
vt 0.687500 0.900000
vt 0.687500 0.100000
vt 0.687500 0.000000
vt 0.687500 0.200000
vt 0.687500 0.300000
vt 0.687500 0.400000
vt 0.687500 0.500000
vt 0.687500 0.600000
vt 0.687500 0.700000
vt 0.687500 0.800000
vt 0.750000 1.000000
vt 0.750000 0.900000
vt 0.750000 0.100000
vt 0.750000 0.000000
vt 0.750000 0.200000
vt 0.750000 0.300000
vt 0.750000 0.400000
vt 0.750000 0.500000
vt 0.750000 0.600000
vt 0.750000 0.700000
vt 0.750000 0.800000
vt 0.812500 1.000000
vt 0.812500 0.900000
vt 0.812500 0.100000
vt 0.812500 0.000000
vt 0.812500 0.200000
vt 0.812500 0.300000
vt 0.812500 0.400000
vt 0.812500 0.500000
vt 0.812500 0.600000
vt 0.812500 0.700000
vt 0.812500 0.800000
vt 0.875000 1.000000
vt 0.875000 0.900000
vt 0.875000 0.100000
vt 0.875000 0.000000
vt 0.875000 0.200000
vt 0.875000 0.300000
vt 0.875000 0.400000
vt 0.875000 0.500000
vt 0.875000 0.600000
vt 0.875000 0.700000
vt 0.875000 0.800000
vt 0.937500 1.000000
vt 0.937500 0.900000
vt 0.937500 0.100000
vt 0.937500 0.000000
vt 0.937500 0.200000
vt 0.937500 0.300000
vt 0.937500 0.400000
vt 0.937500 0.500000
vt 0.937500 0.600000
vt 0.937500 0.700000
vt 0.937500 0.800000
vt 1.000000 1.000000
vt 1.000000 0.900000
vt 1.000000 0.100000
vt 1.000000 0.000000
vt 1.000000 0.200000
vt 1.000000 0.300000
vt 1.000000 0.400000
vt 1.000000 0.500000
vt 1.000000 0.600000
vt 1.000000 0.700000
vt 1.000000 0.800000
s 1
usemtl M_AetherEnergy
f 1935/2548/1435 1945/2549/1445 1954/2550/1454 1944/2551/1444
f 1936/2552/1436 1946/2553/1446 1945/2554/1445 1935/2555/1435
f 1937/2556/1437 1947/2557/1447 1946/2553/1446 1936/2552/1436
f 1938/2558/1438 1948/2559/1448 1947/2557/1447 1937/2556/1437
f 1939/2560/1439 1949/2561/1449 1948/2559/1448 1938/2558/1438
f 1940/2562/1440 1950/2563/1450 1949/2561/1449 1939/2560/1439
f 1941/2564/1441 1951/2565/1451 1950/2563/1450 1940/2562/1440
f 1942/2566/1442 1952/2567/1452 1951/2565/1451 1941/2564/1441
f 1943/2568/1443 1953/2569/1453 1952/2567/1452 1942/2566/1442
f 1944/2551/1444 1954/2550/1454 1953/2569/1453 1943/2568/1443
f 1945/2549/1445 1955/2570/1455 1964/2571/1464 1954/2550/1454
f 1946/2553/1446 1956/2572/1456 1955/2573/1455 1945/2554/1445
f 1947/2557/1447 1957/2574/1457 1956/2572/1456 1946/2553/1446
f 1948/2559/1448 1958/2575/1458 1957/2574/1457 1947/2557/1447
f 1949/2561/1449 1959/2576/1459 1958/2575/1458 1948/2559/1448
f 1950/2563/1450 1960/2577/1460 1959/2576/1459 1949/2561/1449
f 1951/2565/1451 1961/2578/1461 1960/2577/1460 1950/2563/1450
f 1952/2567/1452 1962/2579/1462 1961/2578/1461 1951/2565/1451
f 1953/2569/1453 1963/2580/1463 1962/2579/1462 1952/2567/1452
f 1954/2550/1454 1964/2571/1464 1963/2580/1463 1953/2569/1453
f 1955/2570/1455 1965/2581/1465 1974/2582/1474 1964/2571/1464
f 1956/2572/1456 1966/2583/1466 1965/2584/1465 1955/2573/1455
f 1957/2574/1457 1967/2585/1467 1966/2583/1466 1956/2572/1456
f 1958/2575/1458 1968/2586/1468 1967/2585/1467 1957/2574/1457
f 1959/2576/1459 1969/2587/1469 1968/2586/1468 1958/2575/1458
f 1960/2577/1460 1970/2588/1470 1969/2587/1469 1959/2576/1459
f 1961/2578/1461 1971/2589/1471 1970/2588/1470 1960/2577/1460
f 1962/2579/1462 1972/2590/1472 1971/2589/1471 1961/2578/1461
f 1963/2580/1463 1973/2591/1473 1972/2590/1472 1962/2579/1462
f 1964/2571/1464 1974/2582/1474 1973/2591/1473 1963/2580/1463
f 1965/2581/1465 1975/2592/1475 1984/2593/1484 1974/2582/1474
f 1966/2583/1466 1976/2594/1476 1975/2595/1475 1965/2584/1465
f 1967/2585/1467 1977/2596/1477 1976/2594/1476 1966/2583/1466
f 1968/2586/1468 1978/2597/1478 1977/2596/1477 1967/2585/1467
f 1969/2587/1469 1979/2598/1479 1978/2597/1478 1968/2586/1468
f 1970/2588/1470 1980/2599/1480 1979/2598/1479 1969/2587/1469
f 1971/2589/1471 1981/2600/1481 1980/2599/1480 1970/2588/1470
f 1972/2590/1472 1982/2601/1482 1981/2600/1481 1971/2589/1471
f 1973/2591/1473 1983/2602/1483 1982/2601/1482 1972/2590/1472
f 1974/2582/1474 1984/2593/1484 1983/2602/1483 1973/2591/1473
f 1975/2592/1475 1985/2603/1485 1994/2604/1494 1984/2593/1484
f 1976/2594/1476 1986/2605/1486 1985/2606/1485 1975/2595/1475
f 1977/2596/1477 1987/2607/1487 1986/2605/1486 1976/2594/1476
f 1978/2597/1478 1988/2608/1488 1987/2607/1487 1977/2596/1477
f 1979/2598/1479 1989/2609/1489 1988/2608/1488 1978/2597/1478
f 1980/2599/1480 1990/2610/1490 1989/2609/1489 1979/2598/1479
f 1981/2600/1481 1991/2611/1491 1990/2610/1490 1980/2599/1480
f 1982/2601/1482 1992/2612/1492 1991/2611/1491 1981/2600/1481
f 1983/2602/1483 1993/2613/1493 1992/2612/1492 1982/2601/1482
f 1984/2593/1484 1994/2604/1494 1993/2613/1493 1983/2602/1483
f 1985/2603/1485 1995/2614/1495 2004/2615/1504 1994/2604/1494
f 1986/2605/1486 1996/2616/1496 1995/2617/1495 1985/2606/1485
f 1987/2607/1487 1997/2618/1497 1996/2616/1496 1986/2605/1486
f 1988/2608/1488 1998/2619/1498 1997/2618/1497 1987/2607/1487
f 1989/2609/1489 1999/2620/1499 1998/2619/1498 1988/2608/1488
f 1990/2610/1490 2000/2621/1500 1999/2620/1499 1989/2609/1489
f 1991/2611/1491 2001/2622/1501 2000/2621/1500 1990/2610/1490
f 1992/2612/1492 2002/2623/1502 2001/2622/1501 1991/2611/1491
f 1993/2613/1493 2003/2624/1503 2002/2623/1502 1992/2612/1492
f 1994/2604/1494 2004/2615/1504 2003/2624/1503 1993/2613/1493
f 1995/2614/1495 2005/2625/1505 2014/2626/1514 2004/2615/1504
f 1996/2616/1496 2006/2627/1506 2005/2628/1505 1995/2617/1495
f 1997/2618/1497 2007/2629/1507 2006/2627/1506 1996/2616/1496
f 1998/2619/1498 2008/2630/1508 2007/2629/1507 1997/2618/1497
f 1999/2620/1499 2009/2631/1509 2008/2630/1508 1998/2619/1498
f 2000/2621/1500 2010/2632/1510 2009/2631/1509 1999/2620/1499
f 2001/2622/1501 2011/2633/1511 2010/2632/1510 2000/2621/1500
f 2002/2623/1502 2012/2634/1512 2011/2633/1511 2001/2622/1501
f 2003/2624/1503 2013/2635/1513 2012/2634/1512 2002/2623/1502
f 2004/2615/1504 2014/2626/1514 2013/2635/1513 2003/2624/1503
f 2005/2625/1505 2015/2636/1515 2024/2637/1524 2014/2626/1514
f 2006/2627/1506 2016/2638/1516 2015/2639/1515 2005/2628/1505
f 2007/2629/1507 2017/2640/1517 2016/2638/1516 2006/2627/1506
f 2008/2630/1508 2018/2641/1518 2017/2640/1517 2007/2629/1507
f 2009/2631/1509 2019/2642/1519 2018/2641/1518 2008/2630/1508
f 2010/2632/1510 2020/2643/1520 2019/2642/1519 2009/2631/1509
f 2011/2633/1511 2021/2644/1521 2020/2643/1520 2010/2632/1510
f 2012/2634/1512 2022/2645/1522 2021/2644/1521 2011/2633/1511
f 2013/2635/1513 2023/2646/1523 2022/2645/1522 2012/2634/1512
f 2014/2626/1514 2024/2637/1524 2023/2646/1523 2013/2635/1513
f 2015/2636/1515 2025/2647/1525 2034/2648/1534 2024/2637/1524
f 2016/2638/1516 2026/2649/1526 2025/2650/1525 2015/2639/1515
f 2017/2640/1517 2027/2651/1527 2026/2649/1526 2016/2638/1516
f 2018/2641/1518 2028/2652/1528 2027/2651/1527 2017/2640/1517
f 2019/2642/1519 2029/2653/1529 2028/2652/1528 2018/2641/1518
f 2020/2643/1520 2030/2654/1530 2029/2653/1529 2019/2642/1519
f 2021/2644/1521 2031/2655/1531 2030/2654/1530 2020/2643/1520
f 2022/2645/1522 2032/2656/1532 2031/2655/1531 2021/2644/1521
f 2023/2646/1523 2033/2657/1533 2032/2656/1532 2022/2645/1522
f 2024/2637/1524 2034/2648/1534 2033/2657/1533 2023/2646/1523
f 2025/2647/1525 2035/2658/1535 2044/2659/1544 2034/2648/1534
f 2026/2649/1526 2036/2660/1536 2035/2661/1535 2025/2650/1525
f 2027/2651/1527 2037/2662/1537 2036/2660/1536 2026/2649/1526
f 2028/2652/1528 2038/2663/1538 2037/2662/1537 2027/2651/1527
f 2029/2653/1529 2039/2664/1539 2038/2663/1538 2028/2652/1528
f 2030/2654/1530 2040/2665/1540 2039/2664/1539 2029/2653/1529
f 2031/2655/1531 2041/2666/1541 2040/2665/1540 2030/2654/1530
f 2032/2656/1532 2042/2667/1542 2041/2666/1541 2031/2655/1531
f 2033/2657/1533 2043/2668/1543 2042/2667/1542 2032/2656/1532
f 2034/2648/1534 2044/2659/1544 2043/2668/1543 2033/2657/1533
f 2035/2658/1535 2045/2669/1545 2054/2670/1554 2044/2659/1544
f 2036/2660/1536 2046/2671/1546 2045/2672/1545 2035/2661/1535
f 2037/2662/1537 2047/2673/1547 2046/2671/1546 2036/2660/1536
f 2038/2663/1538 2048/2674/1548 2047/2673/1547 2037/2662/1537
f 2039/2664/1539 2049/2675/1549 2048/2674/1548 2038/2663/1538
f 2040/2665/1540 2050/2676/1550 2049/2675/1549 2039/2664/1539
f 2041/2666/1541 2051/2677/1551 2050/2676/1550 2040/2665/1540
f 2042/2667/1542 2052/2678/1552 2051/2677/1551 2041/2666/1541
f 2043/2668/1543 2053/2679/1553 2052/2678/1552 2042/2667/1542
f 2044/2659/1544 2054/2670/1554 2053/2679/1553 2043/2668/1543
f 2045/2669/1545 2055/2680/1555 2064/2681/1564 2054/2670/1554
f 2046/2671/1546 2056/2682/1556 2055/2683/1555 2045/2672/1545
f 2047/2673/1547 2057/2684/1557 2056/2682/1556 2046/2671/1546
f 2048/2674/1548 2058/2685/1558 2057/2684/1557 2047/2673/1547
f 2049/2675/1549 2059/2686/1559 2058/2685/1558 2048/2674/1548
f 2050/2676/1550 2060/2687/1560 2059/2686/1559 2049/2675/1549
f 2051/2677/1551 2061/2688/1561 2060/2687/1560 2050/2676/1550
f 2052/2678/1552 2062/2689/1562 2061/2688/1561 2051/2677/1551
f 2053/2679/1553 2063/2690/1563 2062/2689/1562 2052/2678/1552
f 2054/2670/1554 2064/2681/1564 2063/2690/1563 2053/2679/1553
f 2055/2680/1555 2065/2691/1565 2074/2692/1574 2064/2681/1564
f 2056/2682/1556 2066/2693/1566 2065/2694/1565 2055/2683/1555
f 2057/2684/1557 2067/2695/1567 2066/2693/1566 2056/2682/1556
f 2058/2685/1558 2068/2696/1568 2067/2695/1567 2057/2684/1557
f 2059/2686/1559 2069/2697/1569 2068/2696/1568 2058/2685/1558
f 2060/2687/1560 2070/2698/1570 2069/2697/1569 2059/2686/1559
f 2061/2688/1561 2071/2699/1571 2070/2698/1570 2060/2687/1560
f 2062/2689/1562 2072/2700/1572 2071/2699/1571 2061/2688/1561
f 2063/2690/1563 2073/2701/1573 2072/2700/1572 2062/2689/1562
f 2064/2681/1564 2074/2692/1574 2073/2701/1573 2063/2690/1563
f 2065/2691/1565 2075/2702/1575 2084/2703/1584 2074/2692/1574
f 2066/2693/1566 2076/2704/1576 2075/2705/1575 2065/2694/1565
f 2067/2695/1567 2077/2706/1577 2076/2704/1576 2066/2693/1566
f 2068/2696/1568 2078/2707/1578 2077/2706/1577 2067/2695/1567
f 2069/2697/1569 2079/2708/1579 2078/2707/1578 2068/2696/1568
f 2070/2698/1570 2080/2709/1580 2079/2708/1579 2069/2697/1569
f 2071/2699/1571 2081/2710/1581 2080/2709/1580 2070/2698/1570
f 2072/2700/1572 2082/2711/1582 2081/2710/1581 2071/2699/1571
f 2073/2701/1573 2083/2712/1583 2082/2711/1582 2072/2700/1572
f 2074/2692/1574 2084/2703/1584 2083/2712/1583 2073/2701/1573
f 2075/2702/1575 2085/2713/1585 2094/2714/1594 2084/2703/1584
f 2076/2704/1576 2086/2715/1586 2085/2716/1585 2075/2705/1575
f 2077/2706/1577 2087/2717/1587 2086/2715/1586 2076/2704/1576
f 2078/2707/1578 2088/2718/1588 2087/2717/1587 2077/2706/1577
f 2079/2708/1579 2089/2719/1589 2088/2718/1588 2078/2707/1578
f 2080/2709/1580 2090/2720/1590 2089/2719/1589 2079/2708/1579
f 2081/2710/1581 2091/2721/1591 2090/2720/1590 2080/2709/1580
f 2082/2711/1582 2092/2722/1592 2091/2721/1591 2081/2710/1581
f 2083/2712/1583 2093/2723/1593 2092/2722/1592 2082/2711/1582
f 2084/2703/1584 2094/2714/1594 2093/2723/1593 2083/2712/1583
f 2085/2713/1585 2095/2724/1595 2104/2725/1604 2094/2714/1594
f 2086/2715/1586 2096/2726/1596 2095/2727/1595 2085/2716/1585
f 2087/2717/1587 2097/2728/1597 2096/2726/1596 2086/2715/1586
f 2088/2718/1588 2098/2729/1598 2097/2728/1597 2087/2717/1587
f 2089/2719/1589 2099/2730/1599 2098/2729/1598 2088/2718/1588
f 2090/2720/1590 2100/2731/1600 2099/2730/1599 2089/2719/1589
f 2091/2721/1591 2101/2732/1601 2100/2731/1600 2090/2720/1590
f 2092/2722/1592 2102/2733/1602 2101/2732/1601 2091/2721/1591
f 2093/2723/1593 2103/2734/1603 2102/2733/1602 2092/2722/1592
f 2094/2714/1594 2104/2725/1604 2103/2734/1603 2093/2723/1593
o CausewayFracture_L_2
v -21.999435 0.321458 1.494302
v -21.999784 0.331630 1.508297
v -22.000216 0.331630 1.525597
v -22.000565 0.321458 1.539593
v -22.000698 0.305000 1.544938
v -22.000565 0.288542 1.539593
v -22.000216 0.278370 1.525597
v -21.999784 0.278370 1.508297
v -21.999435 0.288542 1.494302
v -21.999302 0.305000 1.488956
v -19.248863 0.321458 1.546515
v -19.249212 0.331630 1.560511
v -19.249643 0.331630 1.577810
v -19.249992 0.321458 1.591806
v -19.250126 0.305000 1.597152
v -19.249992 0.288542 1.591806
v -19.249643 0.278370 1.577810
v -19.249212 0.278370 1.560511
v -19.248863 0.288542 1.546515
v -19.248730 0.305000 1.541169
v -16.498922 0.321458 1.631381
v -16.499588 0.331630 1.645365
v -16.500412 0.331630 1.662650
v -16.501078 0.321458 1.676634
v -16.501333 0.305000 1.681976
v -16.501078 0.288542 1.676634
v -16.500412 0.278370 1.662650
v -16.499588 0.278370 1.645365
v -16.498922 0.288542 1.631381
v -16.498667 0.305000 1.626039
v -13.748380 0.321458 1.808734
v -13.749296 0.331630 1.822704
v -13.750427 0.331630 1.839972
v -13.751344 0.321458 1.853942
v -13.751693 0.305000 1.859278
v -13.751344 0.288542 1.853942
v -13.750427 0.278370 1.839972
v -13.749296 0.278370 1.822704
v -13.748380 0.288542 1.808734
v -13.748031 0.305000 1.803398
v -10.998547 0.321458 1.991923
v -10.999445 0.331630 2.005895
v -11.000555 0.331630 2.023164
v -11.001453 0.321458 2.037135
v -11.001796 0.305000 2.042472
v -11.001453 0.288542 2.037135
v -11.000555 0.278370 2.023164
v -10.999445 0.278370 2.005895
v -10.998547 0.288542 1.991923
v -10.998204 0.305000 1.986587
v -8.249110 0.321458 2.162228
v -8.249560 0.331630 2.176221
v -8.250117 0.331630 2.193516
v -8.250567 0.321458 2.207509
v -8.250739 0.305000 2.212854
v -8.250567 0.288542 2.207509
v -8.250117 0.278370 2.193516
v -8.249560 0.278370 2.176221
v -8.249110 0.288542 2.162228
v -8.248939 0.305000 2.156883
v -5.501537 0.321458 2.169014
v -5.500587 0.331630 2.182982
v -5.499413 0.331630 2.200247
v -5.498463 0.321458 2.214215
v -5.498100 0.305000 2.219550
v -5.498463 0.288542 2.214215
v -5.499413 0.278370 2.200247
v -5.500587 0.278370 2.182982
v -5.501537 0.288542 2.169014
v -5.501900 0.305000 2.163679
v -2.753193 0.321458 1.786487
v -2.751272 0.331630 1.800355
v -2.748897 0.331630 1.817496
v -2.746975 0.321458 1.831363
v -2.746241 0.305000 1.836660
v -2.746975 0.288542 1.831363
v -2.748897 0.278370 1.817496
v -2.751272 0.278370 1.800355
v -2.753193 0.288542 1.786487
v -2.753927 0.305000 1.781190
v -0.001339 0.321458 1.406874
v -0.000511 0.331630 1.420850
v 0.000511 0.331630 1.438125
v 0.001339 0.321458 1.452100
v 0.001655 0.305000 1.457438
v 0.001339 0.288542 1.452100
v 0.000511 0.278370 1.438125
v -0.000511 0.278370 1.420850
v -0.001339 0.288542 1.406874
v -0.001655 0.305000 1.401536
v 2.749812 0.321458 1.458629
v 2.749305 0.331630 1.472620
v 2.748680 0.331630 1.489914
v 2.748173 0.321458 1.503904
v 2.747980 0.305000 1.509248
v 2.748173 0.288542 1.503904
v 2.748680 0.278370 1.489914
v 2.749305 0.278370 1.472620
v 2.749812 0.288542 1.458629
v 2.750005 0.305000 1.453285
v 5.500371 0.321458 1.605975
v 5.500142 0.331630 1.619973
v 5.499858 0.331630 1.637276
v 5.499629 0.321458 1.651274
v 5.499542 0.305000 1.656621
v 5.499629 0.288542 1.651274
v 5.499858 0.278370 1.637276
v 5.500142 0.278370 1.619973
v 5.500371 0.288542 1.605975
v 5.500458 0.305000 1.600628
v 8.249625 0.321458 1.548789
v 8.249891 0.331630 1.562786
v 8.250221 0.331630 1.580088
v 8.250487 0.321458 1.594085
v 8.250589 0.305000 1.599432
v 8.250487 0.288542 1.594085
v 8.250221 0.278370 1.580088
v 8.249891 0.278370 1.562786
v 8.249625 0.288542 1.548789
v 8.249523 0.305000 1.543442
v 11.000218 0.321458 1.501308
v 11.000083 0.331630 1.515307
v 10.999917 0.331630 1.532611
v 10.999782 0.321458 1.546611
v 10.999730 0.305000 1.551958
v 10.999782 0.288542 1.546611
v 10.999917 0.278370 1.532611
v 11.000083 0.278370 1.515307
v 11.000218 0.288542 1.501308
v 11.000270 0.305000 1.495961
v 13.752211 0.321458 1.601872
v 13.751535 0.331630 1.615856
v 13.750700 0.331630 1.633141
v 13.750025 0.321458 1.647124
v 13.749767 0.305000 1.652466
v 13.750025 0.288542 1.647124
v 13.750700 0.278370 1.633141
v 13.751535 0.278370 1.615856
v 13.752211 0.288542 1.601872
v 13.752468 0.305000 1.596531
v 16.501348 0.321458 1.766920
v 16.500515 0.331630 1.780895
v 16.499485 0.331630 1.798170
v 16.498652 0.321458 1.812145
v 16.498333 0.305000 1.817483
v 16.498652 0.288542 1.812145
v 16.499485 0.278370 1.798169
v 16.500515 0.278370 1.780895
v 16.501348 0.288542 1.766920
v 16.501667 0.305000 1.761582
v 19.251678 0.321458 1.929814
v 19.250826 0.331630 1.943788
v 19.249769 0.331630 1.961060
v 19.248917 0.321458 1.975034
v 19.248590 0.305000 1.980372
v 19.248917 0.288542 1.975034
v 19.249769 0.278370 1.961060
v 19.250826 0.278370 1.943788
v 19.251678 0.288542 1.929814
v 19.252005 0.305000 1.924476
v 22.001381 0.321458 2.102998
v 22.000528 0.331630 2.116972
v 21.999472 0.331630 2.134245
v 21.998619 0.321458 2.148219
v 21.998293 0.305000 2.153556
v 21.998619 0.288542 2.148219
v 21.999472 0.278370 2.134245
v 22.000528 0.278370 2.116972
v 22.001381 0.288542 2.102998
v 22.001707 0.305000 2.097661
vn 0.0153 0.5883 -0.8085
vn 0.0058 0.9514 -0.3079
vn -0.0059 0.9507 0.3100
vn -0.0154 0.5872 0.8093
vn -0.0190 -0.0000 0.9998
vn -0.0154 -0.5872 0.8093
vn -0.0059 -0.9507 0.3100
vn 0.0058 -0.9514 -0.3079
vn 0.0153 -0.5883 -0.8085
vn 0.0190 -0.0000 -0.9998
vn 0.0202 0.5872 -0.8092
vn 0.0077 0.9507 -0.3100
vn -0.0077 0.9514 0.3079
vn -0.0201 0.5883 0.8084
vn -0.0249 -0.0000 0.9997
vn -0.0201 -0.5883 0.8084
vn -0.0077 -0.9514 0.3079
vn 0.0077 -0.9507 -0.3100
vn 0.0202 -0.5872 -0.8092
vn 0.0249 -0.0000 -0.9997
vn 0.0386 0.5862 -0.8092
vn 0.0149 0.9501 -0.3116
vn -0.0146 0.9520 0.3057
vn -0.0385 0.5894 0.8069
vn -0.0476 -0.0000 0.9989
vn -0.0385 -0.5894 0.8069
vn -0.0146 -0.9520 0.3057
vn 0.0149 -0.9501 -0.3116
vn 0.0386 -0.5862 -0.8092
vn 0.0476 -0.0000 -0.9989
vn 0.0529 0.5877 -0.8074
vn 0.0202 0.9510 -0.3086
vn -0.0202 0.9511 0.3082
vn -0.0529 0.5879 0.8072
vn -0.0654 -0.0000 0.9979
vn -0.0529 -0.5879 0.8072
vn -0.0202 -0.9511 0.3082
vn 0.0202 -0.9510 -0.3086
vn 0.0529 -0.5877 -0.8074
vn 0.0654 -0.0000 -0.9979
vn 0.0519 0.5880 -0.8072
vn 0.0198 0.9512 -0.3080
vn -0.0198 0.9509 0.3088
vn -0.0519 0.5875 0.8075
vn -0.0641 -0.0000 0.9979
vn -0.0519 -0.5875 0.8075
vn -0.0198 -0.9509 0.3088
vn 0.0198 -0.9512 -0.3080
vn 0.0519 -0.5880 -0.8072
vn 0.0641 -0.0000 -0.9979
vn 0.0260 0.5905 -0.8067
vn 0.0098 0.9527 -0.3037
vn -0.0101 0.9493 0.3142
vn -0.0261 0.5849 0.8107
vn -0.0321 -0.0000 0.9995
vn -0.0261 -0.5849 0.8107
vn -0.0101 -0.9493 0.3142
vn 0.0098 -0.9527 -0.3037
vn 0.0260 -0.5905 -0.8067
vn 0.0322 -0.0000 -0.9995
vn -0.0545 0.5948 -0.8020
vn -0.0201 0.9551 -0.2955
vn 0.0218 0.9470 0.3204
vn 0.0552 0.5817 0.8116
vn 0.0679 -0.0000 0.9977
vn 0.0552 -0.5817 0.8116
vn 0.0218 -0.9470 0.3204
vn -0.0201 -0.9551 -0.2955
vn -0.0545 -0.5948 -0.8020
vn -0.0679 -0.0000 -0.9977
vn -0.1111 0.5873 -0.8017
vn -0.0425 0.9509 -0.3065
vn 0.0424 0.9510 0.3063
vn 0.1111 0.5874 0.8016
vn 0.1373 -0.0000 0.9905
vn 0.1111 -0.5874 0.8016
vn 0.0424 -0.9510 0.3063
vn -0.0425 -0.9509 -0.3065
vn -0.1111 -0.5873 -0.8017
vn -0.1373 -0.0000 -0.9905
vn -0.0481 0.5811 -0.8124
vn -0.0191 0.9466 -0.3218
vn 0.0174 0.9556 0.2942
vn 0.0475 0.5956 0.8018
vn 0.0591 -0.0000 0.9983
vn 0.0475 -0.5956 0.8018
vn 0.0174 -0.9556 0.2942
vn -0.0191 -0.9466 -0.3218
vn -0.0481 -0.5811 -0.8124
vn -0.0591 -0.0000 -0.9983
vn 0.0293 0.5859 -0.8099
vn 0.0113 0.9500 -0.3121
vn -0.0111 0.9520 0.3059
vn -0.0292 0.5891 0.8075
vn -0.0362 -0.0000 0.9993
vn -0.0292 -0.5891 0.8075
vn -0.0111 -0.9520 0.3059
vn 0.0113 -0.9500 -0.3121
vn 0.0293 -0.5859 -0.8099
vn 0.0362 -0.0000 -0.9993
vn 0.0132 0.5914 -0.8063
vn 0.0049 0.9532 -0.3023
vn -0.0052 0.9489 0.3155
vn -0.0133 0.5844 0.8113
vn -0.0164 -0.0000 0.9999
vn -0.0133 -0.5844 0.8113
vn -0.0052 -0.9489 0.3155
vn 0.0049 -0.9532 -0.3023
vn 0.0132 -0.5914 -0.8063
vn 0.0164 -0.0000 -0.9999
vn -0.0154 0.5875 -0.8090
vn -0.0059 0.9509 -0.3093
vn 0.0059 0.9511 0.3087
vn 0.0154 0.5879 0.8088
vn 0.0190 -0.0000 0.9998
vn 0.0154 -0.5879 0.8088
vn 0.0059 -0.9511 0.3087
vn -0.0059 -0.9509 -0.3093
vn -0.0154 -0.5875 -0.8090
vn -0.0190 -0.0000 -0.9998
vn 0.0078 0.5853 -0.8108
vn 0.0030 0.9495 -0.3137
vn -0.0029 0.9526 0.3042
vn -0.0078 0.5904 0.8071
vn -0.0096 -0.0000 1.0000
vn -0.0078 -0.5904 0.8071
vn -0.0029 -0.9526 0.3042
vn 0.0030 -0.9495 -0.3137
vn 0.0078 -0.5853 -0.8108
vn 0.0096 -0.0000 -1.0000
vn 0.0391 0.5867 -0.8089
vn 0.0150 0.9504 -0.3107
vn -0.0148 0.9517 0.3066
vn -0.0390 0.5889 0.8073
vn -0.0482 -0.0000 0.9988
vn -0.0390 -0.5889 0.8073
vn -0.0148 -0.9517 0.3066
vn 0.0150 -0.9504 -0.3107
vn 0.0391 -0.5867 -0.8089
vn 0.0482 -0.0000 -0.9988
vn 0.0482 0.5878 -0.8076
vn 0.0184 0.9511 -0.3084
vn -0.0184 0.9510 0.3085
vn -0.0482 0.5877 0.8076
vn -0.0595 -0.0000 0.9982
vn -0.0482 -0.5877 0.8076
vn -0.0184 -0.9510 0.3085
vn 0.0184 -0.9511 -0.3084
vn 0.0482 -0.5878 -0.8076
vn 0.0595 -0.0000 -0.9982
vn 0.0494 0.5876 -0.8076
vn 0.0189 0.9509 -0.3088
vn -0.0188 0.9512 0.3081
vn -0.0493 0.5880 0.8074
vn -0.0610 -0.0000 0.9981
vn -0.0493 -0.5880 0.8074
vn -0.0188 -0.9512 0.3081
vn 0.0189 -0.9509 -0.3088
vn 0.0494 -0.5876 -0.8076
vn 0.0610 -0.0000 -0.9981
vn 0.0508 0.5880 -0.8073
vn 0.0194 0.9512 -0.3081
vn -0.0194 0.9509 0.3087
vn -0.0509 0.5876 0.8076
vn -0.0629 -0.0000 0.9980
vn -0.0509 -0.5876 0.8076
vn -0.0194 -0.9509 0.3087
vn 0.0194 -0.9512 -0.3081
vn 0.0508 -0.5880 -0.8073
vn 0.0629 -0.0000 -0.9980
vt 0.000000 1.000000
vt 0.062500 1.000000
vt 0.062500 0.900000
vt 0.000000 0.900000
vt 0.000000 0.100000
vt 0.062500 0.100000
vt 0.062500 0.000000
vt 0.000000 0.000000
vt 0.000000 0.200000
vt 0.062500 0.200000
vt 0.000000 0.300000
vt 0.062500 0.300000
vt 0.000000 0.400000
vt 0.062500 0.400000
vt 0.000000 0.500000
vt 0.062500 0.500000
vt 0.000000 0.600000
vt 0.062500 0.600000
vt 0.000000 0.700000
vt 0.062500 0.700000
vt 0.000000 0.800000
vt 0.062500 0.800000
vt 0.125000 1.000000
vt 0.125000 0.900000
vt 0.125000 0.100000
vt 0.125000 0.000000
vt 0.125000 0.200000
vt 0.125000 0.300000
vt 0.125000 0.400000
vt 0.125000 0.500000
vt 0.125000 0.600000
vt 0.125000 0.700000
vt 0.125000 0.800000
vt 0.187500 1.000000
vt 0.187500 0.900000
vt 0.187500 0.100000
vt 0.187500 0.000000
vt 0.187500 0.200000
vt 0.187500 0.300000
vt 0.187500 0.400000
vt 0.187500 0.500000
vt 0.187500 0.600000
vt 0.187500 0.700000
vt 0.187500 0.800000
vt 0.250000 1.000000
vt 0.250000 0.900000
vt 0.250000 0.100000
vt 0.250000 0.000000
vt 0.250000 0.200000
vt 0.250000 0.300000
vt 0.250000 0.400000
vt 0.250000 0.500000
vt 0.250000 0.600000
vt 0.250000 0.700000
vt 0.250000 0.800000
vt 0.312500 1.000000
vt 0.312500 0.900000
vt 0.312500 0.100000
vt 0.312500 0.000000
vt 0.312500 0.200000
vt 0.312500 0.300000
vt 0.312500 0.400000
vt 0.312500 0.500000
vt 0.312500 0.600000
vt 0.312500 0.700000
vt 0.312500 0.800000
vt 0.375000 1.000000
vt 0.375000 0.900000
vt 0.375000 0.100000
vt 0.375000 0.000000
vt 0.375000 0.200000
vt 0.375000 0.300000
vt 0.375000 0.400000
vt 0.375000 0.500000
vt 0.375000 0.600000
vt 0.375000 0.700000
vt 0.375000 0.800000
vt 0.437500 1.000000
vt 0.437500 0.900000
vt 0.437500 0.100000
vt 0.437500 0.000000
vt 0.437500 0.200000
vt 0.437500 0.300000
vt 0.437500 0.400000
vt 0.437500 0.500000
vt 0.437500 0.600000
vt 0.437500 0.700000
vt 0.437500 0.800000
vt 0.500000 1.000000
vt 0.500000 0.900000
vt 0.500000 0.100000
vt 0.500000 0.000000
vt 0.500000 0.200000
vt 0.500000 0.300000
vt 0.500000 0.400000
vt 0.500000 0.500000
vt 0.500000 0.600000
vt 0.500000 0.700000
vt 0.500000 0.800000
vt 0.562500 1.000000
vt 0.562500 0.900000
vt 0.562500 0.100000
vt 0.562500 0.000000
vt 0.562500 0.200000
vt 0.562500 0.300000
vt 0.562500 0.400000
vt 0.562500 0.500000
vt 0.562500 0.600000
vt 0.562500 0.700000
vt 0.562500 0.800000
vt 0.625000 1.000000
vt 0.625000 0.900000
vt 0.625000 0.100000
vt 0.625000 0.000000
vt 0.625000 0.200000
vt 0.625000 0.300000
vt 0.625000 0.400000
vt 0.625000 0.500000
vt 0.625000 0.600000
vt 0.625000 0.700000
vt 0.625000 0.800000
vt 0.687500 1.000000
vt 0.687500 0.900000
vt 0.687500 0.100000
vt 0.687500 0.000000
vt 0.687500 0.200000
vt 0.687500 0.300000
vt 0.687500 0.400000
vt 0.687500 0.500000
vt 0.687500 0.600000
vt 0.687500 0.700000
vt 0.687500 0.800000
vt 0.750000 1.000000
vt 0.750000 0.900000
vt 0.750000 0.100000
vt 0.750000 0.000000
vt 0.750000 0.200000
vt 0.750000 0.300000
vt 0.750000 0.400000
vt 0.750000 0.500000
vt 0.750000 0.600000
vt 0.750000 0.700000
vt 0.750000 0.800000
vt 0.812500 1.000000
vt 0.812500 0.900000
vt 0.812500 0.100000
vt 0.812500 0.000000
vt 0.812500 0.200000
vt 0.812500 0.300000
vt 0.812500 0.400000
vt 0.812500 0.500000
vt 0.812500 0.600000
vt 0.812500 0.700000
vt 0.812500 0.800000
vt 0.875000 1.000000
vt 0.875000 0.900000
vt 0.875000 0.100000
vt 0.875000 0.000000
vt 0.875000 0.200000
vt 0.875000 0.300000
vt 0.875000 0.400000
vt 0.875000 0.500000
vt 0.875000 0.600000
vt 0.875000 0.700000
vt 0.875000 0.800000
vt 0.937500 1.000000
vt 0.937500 0.900000
vt 0.937500 0.100000
vt 0.937500 0.000000
vt 0.937500 0.200000
vt 0.937500 0.300000
vt 0.937500 0.400000
vt 0.937500 0.500000
vt 0.937500 0.600000
vt 0.937500 0.700000
vt 0.937500 0.800000
vt 1.000000 1.000000
vt 1.000000 0.900000
vt 1.000000 0.100000
vt 1.000000 0.000000
vt 1.000000 0.200000
vt 1.000000 0.300000
vt 1.000000 0.400000
vt 1.000000 0.500000
vt 1.000000 0.600000
vt 1.000000 0.700000
vt 1.000000 0.800000
s 1
usemtl M_AetherEnergy
f 2105/2735/1605 2115/2736/1615 2124/2737/1624 2114/2738/1614
f 2106/2739/1606 2116/2740/1616 2115/2741/1615 2105/2742/1605
f 2107/2743/1607 2117/2744/1617 2116/2740/1616 2106/2739/1606
f 2108/2745/1608 2118/2746/1618 2117/2744/1617 2107/2743/1607
f 2109/2747/1609 2119/2748/1619 2118/2746/1618 2108/2745/1608
f 2110/2749/1610 2120/2750/1620 2119/2748/1619 2109/2747/1609
f 2111/2751/1611 2121/2752/1621 2120/2750/1620 2110/2749/1610
f 2112/2753/1612 2122/2754/1622 2121/2752/1621 2111/2751/1611
f 2113/2755/1613 2123/2756/1623 2122/2754/1622 2112/2753/1612
f 2114/2738/1614 2124/2737/1624 2123/2756/1623 2113/2755/1613
f 2115/2736/1615 2125/2757/1625 2134/2758/1634 2124/2737/1624
f 2116/2740/1616 2126/2759/1626 2125/2760/1625 2115/2741/1615
f 2117/2744/1617 2127/2761/1627 2126/2759/1626 2116/2740/1616
f 2118/2746/1618 2128/2762/1628 2127/2761/1627 2117/2744/1617
f 2119/2748/1619 2129/2763/1629 2128/2762/1628 2118/2746/1618
f 2120/2750/1620 2130/2764/1630 2129/2763/1629 2119/2748/1619
f 2121/2752/1621 2131/2765/1631 2130/2764/1630 2120/2750/1620
f 2122/2754/1622 2132/2766/1632 2131/2765/1631 2121/2752/1621
f 2123/2756/1623 2133/2767/1633 2132/2766/1632 2122/2754/1622
f 2124/2737/1624 2134/2758/1634 2133/2767/1633 2123/2756/1623
f 2125/2757/1625 2135/2768/1635 2144/2769/1644 2134/2758/1634
f 2126/2759/1626 2136/2770/1636 2135/2771/1635 2125/2760/1625
f 2127/2761/1627 2137/2772/1637 2136/2770/1636 2126/2759/1626
f 2128/2762/1628 2138/2773/1638 2137/2772/1637 2127/2761/1627
f 2129/2763/1629 2139/2774/1639 2138/2773/1638 2128/2762/1628
f 2130/2764/1630 2140/2775/1640 2139/2774/1639 2129/2763/1629
f 2131/2765/1631 2141/2776/1641 2140/2775/1640 2130/2764/1630
f 2132/2766/1632 2142/2777/1642 2141/2776/1641 2131/2765/1631
f 2133/2767/1633 2143/2778/1643 2142/2777/1642 2132/2766/1632
f 2134/2758/1634 2144/2769/1644 2143/2778/1643 2133/2767/1633
f 2135/2768/1635 2145/2779/1645 2154/2780/1654 2144/2769/1644
f 2136/2770/1636 2146/2781/1646 2145/2782/1645 2135/2771/1635
f 2137/2772/1637 2147/2783/1647 2146/2781/1646 2136/2770/1636
f 2138/2773/1638 2148/2784/1648 2147/2783/1647 2137/2772/1637
f 2139/2774/1639 2149/2785/1649 2148/2784/1648 2138/2773/1638
f 2140/2775/1640 2150/2786/1650 2149/2785/1649 2139/2774/1639
f 2141/2776/1641 2151/2787/1651 2150/2786/1650 2140/2775/1640
f 2142/2777/1642 2152/2788/1652 2151/2787/1651 2141/2776/1641
f 2143/2778/1643 2153/2789/1653 2152/2788/1652 2142/2777/1642
f 2144/2769/1644 2154/2780/1654 2153/2789/1653 2143/2778/1643
f 2145/2779/1645 2155/2790/1655 2164/2791/1664 2154/2780/1654
f 2146/2781/1646 2156/2792/1656 2155/2793/1655 2145/2782/1645
f 2147/2783/1647 2157/2794/1657 2156/2792/1656 2146/2781/1646
f 2148/2784/1648 2158/2795/1658 2157/2794/1657 2147/2783/1647
f 2149/2785/1649 2159/2796/1659 2158/2795/1658 2148/2784/1648
f 2150/2786/1650 2160/2797/1660 2159/2796/1659 2149/2785/1649
f 2151/2787/1651 2161/2798/1661 2160/2797/1660 2150/2786/1650
f 2152/2788/1652 2162/2799/1662 2161/2798/1661 2151/2787/1651
f 2153/2789/1653 2163/2800/1663 2162/2799/1662 2152/2788/1652
f 2154/2780/1654 2164/2791/1664 2163/2800/1663 2153/2789/1653
f 2155/2790/1655 2165/2801/1665 2174/2802/1674 2164/2791/1664
f 2156/2792/1656 2166/2803/1666 2165/2804/1665 2155/2793/1655
f 2157/2794/1657 2167/2805/1667 2166/2803/1666 2156/2792/1656
f 2158/2795/1658 2168/2806/1668 2167/2805/1667 2157/2794/1657
f 2159/2796/1659 2169/2807/1669 2168/2806/1668 2158/2795/1658
f 2160/2797/1660 2170/2808/1670 2169/2807/1669 2159/2796/1659
f 2161/2798/1661 2171/2809/1671 2170/2808/1670 2160/2797/1660
f 2162/2799/1662 2172/2810/1672 2171/2809/1671 2161/2798/1661
f 2163/2800/1663 2173/2811/1673 2172/2810/1672 2162/2799/1662
f 2164/2791/1664 2174/2802/1674 2173/2811/1673 2163/2800/1663
f 2165/2801/1665 2175/2812/1675 2184/2813/1684 2174/2802/1674
f 2166/2803/1666 2176/2814/1676 2175/2815/1675 2165/2804/1665
f 2167/2805/1667 2177/2816/1677 2176/2814/1676 2166/2803/1666
f 2168/2806/1668 2178/2817/1678 2177/2816/1677 2167/2805/1667
f 2169/2807/1669 2179/2818/1679 2178/2817/1678 2168/2806/1668
f 2170/2808/1670 2180/2819/1680 2179/2818/1679 2169/2807/1669
f 2171/2809/1671 2181/2820/1681 2180/2819/1680 2170/2808/1670
f 2172/2810/1672 2182/2821/1682 2181/2820/1681 2171/2809/1671
f 2173/2811/1673 2183/2822/1683 2182/2821/1682 2172/2810/1672
f 2174/2802/1674 2184/2813/1684 2183/2822/1683 2173/2811/1673
f 2175/2812/1675 2185/2823/1685 2194/2824/1694 2184/2813/1684
f 2176/2814/1676 2186/2825/1686 2185/2826/1685 2175/2815/1675
f 2177/2816/1677 2187/2827/1687 2186/2825/1686 2176/2814/1676
f 2178/2817/1678 2188/2828/1688 2187/2827/1687 2177/2816/1677
f 2179/2818/1679 2189/2829/1689 2188/2828/1688 2178/2817/1678
f 2180/2819/1680 2190/2830/1690 2189/2829/1689 2179/2818/1679
f 2181/2820/1681 2191/2831/1691 2190/2830/1690 2180/2819/1680
f 2182/2821/1682 2192/2832/1692 2191/2831/1691 2181/2820/1681
f 2183/2822/1683 2193/2833/1693 2192/2832/1692 2182/2821/1682
f 2184/2813/1684 2194/2824/1694 2193/2833/1693 2183/2822/1683
f 2185/2823/1685 2195/2834/1695 2204/2835/1704 2194/2824/1694
f 2186/2825/1686 2196/2836/1696 2195/2837/1695 2185/2826/1685
f 2187/2827/1687 2197/2838/1697 2196/2836/1696 2186/2825/1686
f 2188/2828/1688 2198/2839/1698 2197/2838/1697 2187/2827/1687
f 2189/2829/1689 2199/2840/1699 2198/2839/1698 2188/2828/1688
f 2190/2830/1690 2200/2841/1700 2199/2840/1699 2189/2829/1689
f 2191/2831/1691 2201/2842/1701 2200/2841/1700 2190/2830/1690
f 2192/2832/1692 2202/2843/1702 2201/2842/1701 2191/2831/1691
f 2193/2833/1693 2203/2844/1703 2202/2843/1702 2192/2832/1692
f 2194/2824/1694 2204/2835/1704 2203/2844/1703 2193/2833/1693
f 2195/2834/1695 2205/2845/1705 2214/2846/1714 2204/2835/1704
f 2196/2836/1696 2206/2847/1706 2205/2848/1705 2195/2837/1695
f 2197/2838/1697 2207/2849/1707 2206/2847/1706 2196/2836/1696
f 2198/2839/1698 2208/2850/1708 2207/2849/1707 2197/2838/1697
f 2199/2840/1699 2209/2851/1709 2208/2850/1708 2198/2839/1698
f 2200/2841/1700 2210/2852/1710 2209/2851/1709 2199/2840/1699
f 2201/2842/1701 2211/2853/1711 2210/2852/1710 2200/2841/1700
f 2202/2843/1702 2212/2854/1712 2211/2853/1711 2201/2842/1701
f 2203/2844/1703 2213/2855/1713 2212/2854/1712 2202/2843/1702
f 2204/2835/1704 2214/2846/1714 2213/2855/1713 2203/2844/1703
f 2205/2845/1705 2215/2856/1715 2224/2857/1724 2214/2846/1714
f 2206/2847/1706 2216/2858/1716 2215/2859/1715 2205/2848/1705
f 2207/2849/1707 2217/2860/1717 2216/2858/1716 2206/2847/1706
f 2208/2850/1708 2218/2861/1718 2217/2860/1717 2207/2849/1707
f 2209/2851/1709 2219/2862/1719 2218/2861/1718 2208/2850/1708
f 2210/2852/1710 2220/2863/1720 2219/2862/1719 2209/2851/1709
f 2211/2853/1711 2221/2864/1721 2220/2863/1720 2210/2852/1710
f 2212/2854/1712 2222/2865/1722 2221/2864/1721 2211/2853/1711
f 2213/2855/1713 2223/2866/1723 2222/2865/1722 2212/2854/1712
f 2214/2846/1714 2224/2857/1724 2223/2866/1723 2213/2855/1713
f 2215/2856/1715 2225/2867/1725 2234/2868/1734 2224/2857/1724
f 2216/2858/1716 2226/2869/1726 2225/2870/1725 2215/2859/1715
f 2217/2860/1717 2227/2871/1727 2226/2869/1726 2216/2858/1716
f 2218/2861/1718 2228/2872/1728 2227/2871/1727 2217/2860/1717
f 2219/2862/1719 2229/2873/1729 2228/2872/1728 2218/2861/1718
f 2220/2863/1720 2230/2874/1730 2229/2873/1729 2219/2862/1719
f 2221/2864/1721 2231/2875/1731 2230/2874/1730 2220/2863/1720
f 2222/2865/1722 2232/2876/1732 2231/2875/1731 2221/2864/1721
f 2223/2866/1723 2233/2877/1733 2232/2876/1732 2222/2865/1722
f 2224/2857/1724 2234/2868/1734 2233/2877/1733 2223/2866/1723
f 2225/2867/1725 2235/2878/1735 2244/2879/1744 2234/2868/1734
f 2226/2869/1726 2236/2880/1736 2235/2881/1735 2225/2870/1725
f 2227/2871/1727 2237/2882/1737 2236/2880/1736 2226/2869/1726
f 2228/2872/1728 2238/2883/1738 2237/2882/1737 2227/2871/1727
f 2229/2873/1729 2239/2884/1739 2238/2883/1738 2228/2872/1728
f 2230/2874/1730 2240/2885/1740 2239/2884/1739 2229/2873/1729
f 2231/2875/1731 2241/2886/1741 2240/2885/1740 2230/2874/1730
f 2232/2876/1732 2242/2887/1742 2241/2886/1741 2231/2875/1731
f 2233/2877/1733 2243/2888/1743 2242/2887/1742 2232/2876/1732
f 2234/2868/1734 2244/2879/1744 2243/2888/1743 2233/2877/1733
f 2235/2878/1735 2245/2889/1745 2254/2890/1754 2244/2879/1744
f 2236/2880/1736 2246/2891/1746 2245/2892/1745 2235/2881/1735
f 2237/2882/1737 2247/2893/1747 2246/2891/1746 2236/2880/1736
f 2238/2883/1738 2248/2894/1748 2247/2893/1747 2237/2882/1737
f 2239/2884/1739 2249/2895/1749 2248/2894/1748 2238/2883/1738
f 2240/2885/1740 2250/2896/1750 2249/2895/1749 2239/2884/1739
f 2241/2886/1741 2251/2897/1751 2250/2896/1750 2240/2885/1740
f 2242/2887/1742 2252/2898/1752 2251/2897/1751 2241/2886/1741
f 2243/2888/1743 2253/2899/1753 2252/2898/1752 2242/2887/1742
f 2244/2879/1744 2254/2890/1754 2253/2899/1753 2243/2888/1743
f 2245/2889/1745 2255/2900/1755 2264/2901/1764 2254/2890/1754
f 2246/2891/1746 2256/2902/1756 2255/2903/1755 2245/2892/1745
f 2247/2893/1747 2257/2904/1757 2256/2902/1756 2246/2891/1746
f 2248/2894/1748 2258/2905/1758 2257/2904/1757 2247/2893/1747
f 2249/2895/1749 2259/2906/1759 2258/2905/1758 2248/2894/1748
f 2250/2896/1750 2260/2907/1760 2259/2906/1759 2249/2895/1749
f 2251/2897/1751 2261/2908/1761 2260/2907/1760 2250/2896/1750
f 2252/2898/1752 2262/2909/1762 2261/2908/1761 2251/2897/1751
f 2253/2899/1753 2263/2910/1763 2262/2909/1762 2252/2898/1752
f 2254/2890/1754 2264/2901/1764 2263/2910/1763 2253/2899/1753
f 2255/2900/1755 2265/2911/1765 2274/2912/1774 2264/2901/1764
f 2256/2902/1756 2266/2913/1766 2265/2914/1765 2255/2903/1755
f 2257/2904/1757 2267/2915/1767 2266/2913/1766 2256/2902/1756
f 2258/2905/1758 2268/2916/1768 2267/2915/1767 2257/2904/1757
f 2259/2906/1759 2269/2917/1769 2268/2916/1768 2258/2905/1758
f 2260/2907/1760 2270/2918/1770 2269/2917/1769 2259/2906/1759
f 2261/2908/1761 2271/2919/1771 2270/2918/1770 2260/2907/1760
f 2262/2909/1762 2272/2920/1772 2271/2919/1771 2261/2908/1761
f 2263/2910/1763 2273/2921/1773 2272/2920/1772 2262/2909/1762
f 2264/2901/1764 2274/2912/1774 2273/2921/1773 2263/2910/1763
o CausewayFracture_L_2
v -21.999435 0.321458 1.494302
v -21.999784 0.331630 1.508297
v -22.000216 0.331630 1.525597
v -22.000565 0.321458 1.539593
v -22.000698 0.305000 1.544938
v -22.000565 0.288542 1.539593
v -22.000216 0.278370 1.525597
v -21.999784 0.278370 1.508297
v -21.999435 0.288542 1.494302
v -21.999302 0.305000 1.488956
v -19.248863 0.321458 1.546515
v -19.249212 0.331630 1.560511
v -19.249643 0.331630 1.577810
v -19.249992 0.321458 1.591806
v -19.250126 0.305000 1.597152
v -19.249992 0.288542 1.591806
v -19.249643 0.278370 1.577810
v -19.249212 0.278370 1.560511
v -19.248863 0.288542 1.546515
v -19.248730 0.305000 1.541169
v -16.498922 0.321458 1.631381
v -16.499588 0.331630 1.645365
v -16.500412 0.331630 1.662650
v -16.501078 0.321458 1.676634
v -16.501333 0.305000 1.681976
v -16.501078 0.288542 1.676634
v -16.500412 0.278370 1.662650
v -16.499588 0.278370 1.645365
v -16.498922 0.288542 1.631381
v -16.498667 0.305000 1.626039
v -13.748380 0.321458 1.808734
v -13.749296 0.331630 1.822704
v -13.750427 0.331630 1.839972
v -13.751344 0.321458 1.853942
v -13.751693 0.305000 1.859278
v -13.751344 0.288542 1.853942
v -13.750427 0.278370 1.839972
v -13.749296 0.278370 1.822704
v -13.748380 0.288542 1.808734
v -13.748031 0.305000 1.803398
v -10.998547 0.321458 1.991923
v -10.999445 0.331630 2.005895
v -11.000555 0.331630 2.023164
v -11.001453 0.321458 2.037135
v -11.001796 0.305000 2.042472
v -11.001453 0.288542 2.037135
v -11.000555 0.278370 2.023164
v -10.999445 0.278370 2.005895
v -10.998547 0.288542 1.991923
v -10.998204 0.305000 1.986587
v -8.249110 0.321458 2.162228
v -8.249560 0.331630 2.176221
v -8.250117 0.331630 2.193516
v -8.250567 0.321458 2.207509
v -8.250739 0.305000 2.212854
v -8.250567 0.288542 2.207509
v -8.250117 0.278370 2.193516
v -8.249560 0.278370 2.176221
v -8.249110 0.288542 2.162228
v -8.248939 0.305000 2.156883
v -5.501537 0.321458 2.169014
v -5.500587 0.331630 2.182982
v -5.499413 0.331630 2.200247
v -5.498463 0.321458 2.214215
v -5.498100 0.305000 2.219550
v -5.498463 0.288542 2.214215
v -5.499413 0.278370 2.200247
v -5.500587 0.278370 2.182982
v -5.501537 0.288542 2.169014
v -5.501900 0.305000 2.163679
v -2.753193 0.321458 1.786487
v -2.751272 0.331630 1.800355
v -2.748897 0.331630 1.817496
v -2.746975 0.321458 1.831363
v -2.746241 0.305000 1.836660
v -2.746975 0.288542 1.831363
v -2.748897 0.278370 1.817496
v -2.751272 0.278370 1.800355
v -2.753193 0.288542 1.786487
v -2.753927 0.305000 1.781190
v -0.001339 0.321458 1.406874
v -0.000511 0.331630 1.420850
v 0.000511 0.331630 1.438125
v 0.001339 0.321458 1.452100
v 0.001655 0.305000 1.457438
v 0.001339 0.288542 1.452100
v 0.000511 0.278370 1.438125
v -0.000511 0.278370 1.420850
v -0.001339 0.288542 1.406874
v -0.001655 0.305000 1.401536
v 2.749812 0.321458 1.458629
v 2.749305 0.331630 1.472620
v 2.748680 0.331630 1.489914
v 2.748173 0.321458 1.503904
v 2.747980 0.305000 1.509248
v 2.748173 0.288542 1.503904
v 2.748680 0.278370 1.489914
v 2.749305 0.278370 1.472620
v 2.749812 0.288542 1.458629
v 2.750005 0.305000 1.453285
v 5.500371 0.321458 1.605975
v 5.500142 0.331630 1.619973
v 5.499858 0.331630 1.637276
v 5.499629 0.321458 1.651274
v 5.499542 0.305000 1.656621
v 5.499629 0.288542 1.651274
v 5.499858 0.278370 1.637276
v 5.500142 0.278370 1.619973
v 5.500371 0.288542 1.605975
v 5.500458 0.305000 1.600628
v 8.249625 0.321458 1.548789
v 8.249891 0.331630 1.562786
v 8.250221 0.331630 1.580088
v 8.250487 0.321458 1.594085
v 8.250589 0.305000 1.599432
v 8.250487 0.288542 1.594085
v 8.250221 0.278370 1.580088
v 8.249891 0.278370 1.562786
v 8.249625 0.288542 1.548789
v 8.249523 0.305000 1.543442
v 11.000218 0.321458 1.501308
v 11.000083 0.331630 1.515307
v 10.999917 0.331630 1.532611
v 10.999782 0.321458 1.546611
v 10.999730 0.305000 1.551958
v 10.999782 0.288542 1.546611
v 10.999917 0.278370 1.532611
v 11.000083 0.278370 1.515307
v 11.000218 0.288542 1.501308
v 11.000270 0.305000 1.495961
v 13.752211 0.321458 1.601872
v 13.751535 0.331630 1.615856
v 13.750700 0.331630 1.633141
v 13.750025 0.321458 1.647124
v 13.749767 0.305000 1.652466
v 13.750025 0.288542 1.647124
v 13.750700 0.278370 1.633141
v 13.751535 0.278370 1.615856
v 13.752211 0.288542 1.601872
v 13.752468 0.305000 1.596531
v 16.501348 0.321458 1.766920
v 16.500515 0.331630 1.780895
v 16.499485 0.331630 1.798170
v 16.498652 0.321458 1.812145
v 16.498333 0.305000 1.817483
v 16.498652 0.288542 1.812145
v 16.499485 0.278370 1.798169
v 16.500515 0.278370 1.780895
v 16.501348 0.288542 1.766920
v 16.501667 0.305000 1.761582
v 19.251678 0.321458 1.929814
v 19.250826 0.331630 1.943788
v 19.249769 0.331630 1.961060
v 19.248917 0.321458 1.975034
v 19.248590 0.305000 1.980372
v 19.248917 0.288542 1.975034
v 19.249769 0.278370 1.961060
v 19.250826 0.278370 1.943788
v 19.251678 0.288542 1.929814
v 19.252005 0.305000 1.924476
v 22.001381 0.321458 2.102998
v 22.000528 0.331630 2.116972
v 21.999472 0.331630 2.134245
v 21.998619 0.321458 2.148219
v 21.998293 0.305000 2.153556
v 21.998619 0.288542 2.148219
v 21.999472 0.278370 2.134245
v 22.000528 0.278370 2.116972
v 22.001381 0.288542 2.102998
v 22.001707 0.305000 2.097661
vn 0.0153 0.5883 -0.8085
vn 0.0058 0.9514 -0.3079
vn -0.0059 0.9507 0.3100
vn -0.0154 0.5872 0.8093
vn -0.0190 -0.0000 0.9998
vn -0.0154 -0.5872 0.8093
vn -0.0059 -0.9507 0.3100
vn 0.0058 -0.9514 -0.3079
vn 0.0153 -0.5883 -0.8085
vn 0.0190 -0.0000 -0.9998
vn 0.0202 0.5872 -0.8092
vn 0.0077 0.9507 -0.3100
vn -0.0077 0.9514 0.3079
vn -0.0201 0.5883 0.8084
vn -0.0249 -0.0000 0.9997
vn -0.0201 -0.5883 0.8084
vn -0.0077 -0.9514 0.3079
vn 0.0077 -0.9507 -0.3100
vn 0.0202 -0.5872 -0.8092
vn 0.0249 -0.0000 -0.9997
vn 0.0386 0.5862 -0.8092
vn 0.0149 0.9501 -0.3116
vn -0.0146 0.9520 0.3057
vn -0.0385 0.5894 0.8069
vn -0.0476 -0.0000 0.9989
vn -0.0385 -0.5894 0.8069
vn -0.0146 -0.9520 0.3057
vn 0.0149 -0.9501 -0.3116
vn 0.0386 -0.5862 -0.8092
vn 0.0476 -0.0000 -0.9989
vn 0.0529 0.5877 -0.8074
vn 0.0202 0.9510 -0.3086
vn -0.0202 0.9511 0.3082
vn -0.0529 0.5879 0.8072
vn -0.0654 -0.0000 0.9979
vn -0.0529 -0.5879 0.8072
vn -0.0202 -0.9511 0.3082
vn 0.0202 -0.9510 -0.3086
vn 0.0529 -0.5877 -0.8074
vn 0.0654 -0.0000 -0.9979
vn 0.0519 0.5880 -0.8072
vn 0.0198 0.9512 -0.3080
vn -0.0198 0.9509 0.3088
vn -0.0519 0.5875 0.8075
vn -0.0641 -0.0000 0.9979
vn -0.0519 -0.5875 0.8075
vn -0.0198 -0.9509 0.3088
vn 0.0198 -0.9512 -0.3080
vn 0.0519 -0.5880 -0.8072
vn 0.0641 -0.0000 -0.9979
vn 0.0260 0.5905 -0.8067
vn 0.0098 0.9527 -0.3037
vn -0.0101 0.9493 0.3142
vn -0.0261 0.5849 0.8107
vn -0.0321 -0.0000 0.9995
vn -0.0261 -0.5849 0.8107
vn -0.0101 -0.9493 0.3142
vn 0.0098 -0.9527 -0.3037
vn 0.0260 -0.5905 -0.8067
vn 0.0322 -0.0000 -0.9995
vn -0.0545 0.5948 -0.8020
vn -0.0201 0.9551 -0.2955
vn 0.0218 0.9470 0.3204
vn 0.0552 0.5817 0.8116
vn 0.0679 -0.0000 0.9977
vn 0.0552 -0.5817 0.8116
vn 0.0218 -0.9470 0.3204
vn -0.0201 -0.9551 -0.2955
vn -0.0545 -0.5948 -0.8020
vn -0.0679 -0.0000 -0.9977
vn -0.1111 0.5873 -0.8017
vn -0.0425 0.9509 -0.3065
vn 0.0424 0.9510 0.3063
vn 0.1111 0.5874 0.8016
vn 0.1373 -0.0000 0.9905
vn 0.1111 -0.5874 0.8016
vn 0.0424 -0.9510 0.3063
vn -0.0425 -0.9509 -0.3065
vn -0.1111 -0.5873 -0.8017
vn -0.1373 -0.0000 -0.9905
vn -0.0481 0.5811 -0.8124
vn -0.0191 0.9466 -0.3218
vn 0.0174 0.9556 0.2942
vn 0.0475 0.5956 0.8018
vn 0.0591 -0.0000 0.9983
vn 0.0475 -0.5956 0.8018
vn 0.0174 -0.9556 0.2942
vn -0.0191 -0.9466 -0.3218
vn -0.0481 -0.5811 -0.8124
vn -0.0591 -0.0000 -0.9983
vn 0.0293 0.5859 -0.8099
vn 0.0113 0.9500 -0.3121
vn -0.0111 0.9520 0.3059
vn -0.0292 0.5891 0.8075
vn -0.0362 -0.0000 0.9993
vn -0.0292 -0.5891 0.8075
vn -0.0111 -0.9520 0.3059
vn 0.0113 -0.9500 -0.3121
vn 0.0293 -0.5859 -0.8099
vn 0.0362 -0.0000 -0.9993
vn 0.0132 0.5914 -0.8063
vn 0.0049 0.9532 -0.3023
vn -0.0052 0.9489 0.3155
vn -0.0133 0.5844 0.8113
vn -0.0164 -0.0000 0.9999
vn -0.0133 -0.5844 0.8113
vn -0.0052 -0.9489 0.3155
vn 0.0049 -0.9532 -0.3023
vn 0.0132 -0.5914 -0.8063
vn 0.0164 -0.0000 -0.9999
vn -0.0154 0.5875 -0.8090
vn -0.0059 0.9509 -0.3093
vn 0.0059 0.9511 0.3087
vn 0.0154 0.5879 0.8088
vn 0.0190 -0.0000 0.9998
vn 0.0154 -0.5879 0.8088
vn 0.0059 -0.9511 0.3087
vn -0.0059 -0.9509 -0.3093
vn -0.0154 -0.5875 -0.8090
vn -0.0190 -0.0000 -0.9998
vn 0.0078 0.5853 -0.8108
vn 0.0030 0.9495 -0.3137
vn -0.0029 0.9526 0.3042
vn -0.0078 0.5904 0.8071
vn -0.0096 -0.0000 1.0000
vn -0.0078 -0.5904 0.8071
vn -0.0029 -0.9526 0.3042
vn 0.0030 -0.9495 -0.3137
vn 0.0078 -0.5853 -0.8108
vn 0.0096 -0.0000 -1.0000
vn 0.0391 0.5867 -0.8089
vn 0.0150 0.9504 -0.3107
vn -0.0148 0.9517 0.3066
vn -0.0390 0.5889 0.8073
vn -0.0482 -0.0000 0.9988
vn -0.0390 -0.5889 0.8073
vn -0.0148 -0.9517 0.3066
vn 0.0150 -0.9504 -0.3107
vn 0.0391 -0.5867 -0.8089
vn 0.0482 -0.0000 -0.9988
vn 0.0482 0.5878 -0.8076
vn 0.0184 0.9511 -0.3084
vn -0.0184 0.9510 0.3085
vn -0.0482 0.5877 0.8076
vn -0.0595 -0.0000 0.9982
vn -0.0482 -0.5877 0.8076
vn -0.0184 -0.9510 0.3085
vn 0.0184 -0.9511 -0.3084
vn 0.0482 -0.5878 -0.8076
vn 0.0595 -0.0000 -0.9982
vn 0.0494 0.5876 -0.8076
vn 0.0189 0.9509 -0.3088
vn -0.0188 0.9512 0.3081
vn -0.0493 0.5880 0.8074
vn -0.0610 -0.0000 0.9981
vn -0.0493 -0.5880 0.8074
vn -0.0188 -0.9512 0.3081
vn 0.0189 -0.9509 -0.3088
vn 0.0494 -0.5876 -0.8076
vn 0.0610 -0.0000 -0.9981
vn 0.0508 0.5880 -0.8073
vn 0.0194 0.9512 -0.3081
vn -0.0194 0.9509 0.3087
vn -0.0509 0.5876 0.8076
vn -0.0629 -0.0000 0.9980
vn -0.0509 -0.5876 0.8076
vn -0.0194 -0.9509 0.3087
vn 0.0194 -0.9512 -0.3081
vn 0.0508 -0.5880 -0.8073
vn 0.0629 -0.0000 -0.9980
vt 0.000000 1.000000
vt 0.062500 1.000000
vt 0.062500 0.900000
vt 0.000000 0.900000
vt 0.000000 0.100000
vt 0.062500 0.100000
vt 0.062500 0.000000
vt 0.000000 0.000000
vt 0.000000 0.200000
vt 0.062500 0.200000
vt 0.000000 0.300000
vt 0.062500 0.300000
vt 0.000000 0.400000
vt 0.062500 0.400000
vt 0.000000 0.500000
vt 0.062500 0.500000
vt 0.000000 0.600000
vt 0.062500 0.600000
vt 0.000000 0.700000
vt 0.062500 0.700000
vt 0.000000 0.800000
vt 0.062500 0.800000
vt 0.125000 1.000000
vt 0.125000 0.900000
vt 0.125000 0.100000
vt 0.125000 0.000000
vt 0.125000 0.200000
vt 0.125000 0.300000
vt 0.125000 0.400000
vt 0.125000 0.500000
vt 0.125000 0.600000
vt 0.125000 0.700000
vt 0.125000 0.800000
vt 0.187500 1.000000
vt 0.187500 0.900000
vt 0.187500 0.100000
vt 0.187500 0.000000
vt 0.187500 0.200000
vt 0.187500 0.300000
vt 0.187500 0.400000
vt 0.187500 0.500000
vt 0.187500 0.600000
vt 0.187500 0.700000
vt 0.187500 0.800000
vt 0.250000 1.000000
vt 0.250000 0.900000
vt 0.250000 0.100000
vt 0.250000 0.000000
vt 0.250000 0.200000
vt 0.250000 0.300000
vt 0.250000 0.400000
vt 0.250000 0.500000
vt 0.250000 0.600000
vt 0.250000 0.700000
vt 0.250000 0.800000
vt 0.312500 1.000000
vt 0.312500 0.900000
vt 0.312500 0.100000
vt 0.312500 0.000000
vt 0.312500 0.200000
vt 0.312500 0.300000
vt 0.312500 0.400000
vt 0.312500 0.500000
vt 0.312500 0.600000
vt 0.312500 0.700000
vt 0.312500 0.800000
vt 0.375000 1.000000
vt 0.375000 0.900000
vt 0.375000 0.100000
vt 0.375000 0.000000
vt 0.375000 0.200000
vt 0.375000 0.300000
vt 0.375000 0.400000
vt 0.375000 0.500000
vt 0.375000 0.600000
vt 0.375000 0.700000
vt 0.375000 0.800000
vt 0.437500 1.000000
vt 0.437500 0.900000
vt 0.437500 0.100000
vt 0.437500 0.000000
vt 0.437500 0.200000
vt 0.437500 0.300000
vt 0.437500 0.400000
vt 0.437500 0.500000
vt 0.437500 0.600000
vt 0.437500 0.700000
vt 0.437500 0.800000
vt 0.500000 1.000000
vt 0.500000 0.900000
vt 0.500000 0.100000
vt 0.500000 0.000000
vt 0.500000 0.200000
vt 0.500000 0.300000
vt 0.500000 0.400000
vt 0.500000 0.500000
vt 0.500000 0.600000
vt 0.500000 0.700000
vt 0.500000 0.800000
vt 0.562500 1.000000
vt 0.562500 0.900000
vt 0.562500 0.100000
vt 0.562500 0.000000
vt 0.562500 0.200000
vt 0.562500 0.300000
vt 0.562500 0.400000
vt 0.562500 0.500000
vt 0.562500 0.600000
vt 0.562500 0.700000
vt 0.562500 0.800000
vt 0.625000 1.000000
vt 0.625000 0.900000
vt 0.625000 0.100000
vt 0.625000 0.000000
vt 0.625000 0.200000
vt 0.625000 0.300000
vt 0.625000 0.400000
vt 0.625000 0.500000
vt 0.625000 0.600000
vt 0.625000 0.700000
vt 0.625000 0.800000
vt 0.687500 1.000000
vt 0.687500 0.900000
vt 0.687500 0.100000
vt 0.687500 0.000000
vt 0.687500 0.200000
vt 0.687500 0.300000
vt 0.687500 0.400000
vt 0.687500 0.500000
vt 0.687500 0.600000
vt 0.687500 0.700000
vt 0.687500 0.800000
vt 0.750000 1.000000
vt 0.750000 0.900000
vt 0.750000 0.100000
vt 0.750000 0.000000
vt 0.750000 0.200000
vt 0.750000 0.300000
vt 0.750000 0.400000
vt 0.750000 0.500000
vt 0.750000 0.600000
vt 0.750000 0.700000
vt 0.750000 0.800000
vt 0.812500 1.000000
vt 0.812500 0.900000
vt 0.812500 0.100000
vt 0.812500 0.000000
vt 0.812500 0.200000
vt 0.812500 0.300000
vt 0.812500 0.400000
vt 0.812500 0.500000
vt 0.812500 0.600000
vt 0.812500 0.700000
vt 0.812500 0.800000
vt 0.875000 1.000000
vt 0.875000 0.900000
vt 0.875000 0.100000
vt 0.875000 0.000000
vt 0.875000 0.200000
vt 0.875000 0.300000
vt 0.875000 0.400000
vt 0.875000 0.500000
vt 0.875000 0.600000
vt 0.875000 0.700000
vt 0.875000 0.800000
vt 0.937500 1.000000
vt 0.937500 0.900000
vt 0.937500 0.100000
vt 0.937500 0.000000
vt 0.937500 0.200000
vt 0.937500 0.300000
vt 0.937500 0.400000
vt 0.937500 0.500000
vt 0.937500 0.600000
vt 0.937500 0.700000
vt 0.937500 0.800000
vt 1.000000 1.000000
vt 1.000000 0.900000
vt 1.000000 0.100000
vt 1.000000 0.000000
vt 1.000000 0.200000
vt 1.000000 0.300000
vt 1.000000 0.400000
vt 1.000000 0.500000
vt 1.000000 0.600000
vt 1.000000 0.700000
vt 1.000000 0.800000
s 1
usemtl M_AetherEnergy
f 2275/2922/1775 2285/2923/1785 2294/2924/1794 2284/2925/1784
f 2276/2926/1776 2286/2927/1786 2285/2928/1785 2275/2929/1775
f 2277/2930/1777 2287/2931/1787 2286/2927/1786 2276/2926/1776
f 2278/2932/1778 2288/2933/1788 2287/2931/1787 2277/2930/1777
f 2279/2934/1779 2289/2935/1789 2288/2933/1788 2278/2932/1778
f 2280/2936/1780 2290/2937/1790 2289/2935/1789 2279/2934/1779
f 2281/2938/1781 2291/2939/1791 2290/2937/1790 2280/2936/1780
f 2282/2940/1782 2292/2941/1792 2291/2939/1791 2281/2938/1781
f 2283/2942/1783 2293/2943/1793 2292/2941/1792 2282/2940/1782
f 2284/2925/1784 2294/2924/1794 2293/2943/1793 2283/2942/1783
f 2285/2923/1785 2295/2944/1795 2304/2945/1804 2294/2924/1794
f 2286/2927/1786 2296/2946/1796 2295/2947/1795 2285/2928/1785
f 2287/2931/1787 2297/2948/1797 2296/2946/1796 2286/2927/1786
f 2288/2933/1788 2298/2949/1798 2297/2948/1797 2287/2931/1787
f 2289/2935/1789 2299/2950/1799 2298/2949/1798 2288/2933/1788
f 2290/2937/1790 2300/2951/1800 2299/2950/1799 2289/2935/1789
f 2291/2939/1791 2301/2952/1801 2300/2951/1800 2290/2937/1790
f 2292/2941/1792 2302/2953/1802 2301/2952/1801 2291/2939/1791
f 2293/2943/1793 2303/2954/1803 2302/2953/1802 2292/2941/1792
f 2294/2924/1794 2304/2945/1804 2303/2954/1803 2293/2943/1793
f 2295/2944/1795 2305/2955/1805 2314/2956/1814 2304/2945/1804
f 2296/2946/1796 2306/2957/1806 2305/2958/1805 2295/2947/1795
f 2297/2948/1797 2307/2959/1807 2306/2957/1806 2296/2946/1796
f 2298/2949/1798 2308/2960/1808 2307/2959/1807 2297/2948/1797
f 2299/2950/1799 2309/2961/1809 2308/2960/1808 2298/2949/1798
f 2300/2951/1800 2310/2962/1810 2309/2961/1809 2299/2950/1799
f 2301/2952/1801 2311/2963/1811 2310/2962/1810 2300/2951/1800
f 2302/2953/1802 2312/2964/1812 2311/2963/1811 2301/2952/1801
f 2303/2954/1803 2313/2965/1813 2312/2964/1812 2302/2953/1802
f 2304/2945/1804 2314/2956/1814 2313/2965/1813 2303/2954/1803
f 2305/2955/1805 2315/2966/1815 2324/2967/1824 2314/2956/1814
f 2306/2957/1806 2316/2968/1816 2315/2969/1815 2305/2958/1805
f 2307/2959/1807 2317/2970/1817 2316/2968/1816 2306/2957/1806
f 2308/2960/1808 2318/2971/1818 2317/2970/1817 2307/2959/1807
f 2309/2961/1809 2319/2972/1819 2318/2971/1818 2308/2960/1808
f 2310/2962/1810 2320/2973/1820 2319/2972/1819 2309/2961/1809
f 2311/2963/1811 2321/2974/1821 2320/2973/1820 2310/2962/1810
f 2312/2964/1812 2322/2975/1822 2321/2974/1821 2311/2963/1811
f 2313/2965/1813 2323/2976/1823 2322/2975/1822 2312/2964/1812
f 2314/2956/1814 2324/2967/1824 2323/2976/1823 2313/2965/1813
f 2315/2966/1815 2325/2977/1825 2334/2978/1834 2324/2967/1824
f 2316/2968/1816 2326/2979/1826 2325/2980/1825 2315/2969/1815
f 2317/2970/1817 2327/2981/1827 2326/2979/1826 2316/2968/1816
f 2318/2971/1818 2328/2982/1828 2327/2981/1827 2317/2970/1817
f 2319/2972/1819 2329/2983/1829 2328/2982/1828 2318/2971/1818
f 2320/2973/1820 2330/2984/1830 2329/2983/1829 2319/2972/1819
f 2321/2974/1821 2331/2985/1831 2330/2984/1830 2320/2973/1820
f 2322/2975/1822 2332/2986/1832 2331/2985/1831 2321/2974/1821
f 2323/2976/1823 2333/2987/1833 2332/2986/1832 2322/2975/1822
f 2324/2967/1824 2334/2978/1834 2333/2987/1833 2323/2976/1823
f 2325/2977/1825 2335/2988/1835 2344/2989/1844 2334/2978/1834
f 2326/2979/1826 2336/2990/1836 2335/2991/1835 2325/2980/1825
f 2327/2981/1827 2337/2992/1837 2336/2990/1836 2326/2979/1826
f 2328/2982/1828 2338/2993/1838 2337/2992/1837 2327/2981/1827
f 2329/2983/1829 2339/2994/1839 2338/2993/1838 2328/2982/1828
f 2330/2984/1830 2340/2995/1840 2339/2994/1839 2329/2983/1829
f 2331/2985/1831 2341/2996/1841 2340/2995/1840 2330/2984/1830
f 2332/2986/1832 2342/2997/1842 2341/2996/1841 2331/2985/1831
f 2333/2987/1833 2343/2998/1843 2342/2997/1842 2332/2986/1832
f 2334/2978/1834 2344/2989/1844 2343/2998/1843 2333/2987/1833
f 2335/2988/1835 2345/2999/1845 2354/3000/1854 2344/2989/1844
f 2336/2990/1836 2346/3001/1846 2345/3002/1845 2335/2991/1835
f 2337/2992/1837 2347/3003/1847 2346/3001/1846 2336/2990/1836
f 2338/2993/1838 2348/3004/1848 2347/3003/1847 2337/2992/1837
f 2339/2994/1839 2349/3005/1849 2348/3004/1848 2338/2993/1838
f 2340/2995/1840 2350/3006/1850 2349/3005/1849 2339/2994/1839
f 2341/2996/1841 2351/3007/1851 2350/3006/1850 2340/2995/1840
f 2342/2997/1842 2352/3008/1852 2351/3007/1851 2341/2996/1841
f 2343/2998/1843 2353/3009/1853 2352/3008/1852 2342/2997/1842
f 2344/2989/1844 2354/3000/1854 2353/3009/1853 2343/2998/1843
f 2345/2999/1845 2355/3010/1855 2364/3011/1864 2354/3000/1854
f 2346/3001/1846 2356/3012/1856 2355/3013/1855 2345/3002/1845
f 2347/3003/1847 2357/3014/1857 2356/3012/1856 2346/3001/1846
f 2348/3004/1848 2358/3015/1858 2357/3014/1857 2347/3003/1847
f 2349/3005/1849 2359/3016/1859 2358/3015/1858 2348/3004/1848
f 2350/3006/1850 2360/3017/1860 2359/3016/1859 2349/3005/1849
f 2351/3007/1851 2361/3018/1861 2360/3017/1860 2350/3006/1850
f 2352/3008/1852 2362/3019/1862 2361/3018/1861 2351/3007/1851
f 2353/3009/1853 2363/3020/1863 2362/3019/1862 2352/3008/1852
f 2354/3000/1854 2364/3011/1864 2363/3020/1863 2353/3009/1853
f 2355/3010/1855 2365/3021/1865 2374/3022/1874 2364/3011/1864
f 2356/3012/1856 2366/3023/1866 2365/3024/1865 2355/3013/1855
f 2357/3014/1857 2367/3025/1867 2366/3023/1866 2356/3012/1856
f 2358/3015/1858 2368/3026/1868 2367/3025/1867 2357/3014/1857
f 2359/3016/1859 2369/3027/1869 2368/3026/1868 2358/3015/1858
f 2360/3017/1860 2370/3028/1870 2369/3027/1869 2359/3016/1859
f 2361/3018/1861 2371/3029/1871 2370/3028/1870 2360/3017/1860
f 2362/3019/1862 2372/3030/1872 2371/3029/1871 2361/3018/1861
f 2363/3020/1863 2373/3031/1873 2372/3030/1872 2362/3019/1862
f 2364/3011/1864 2374/3022/1874 2373/3031/1873 2363/3020/1863
f 2365/3021/1865 2375/3032/1875 2384/3033/1884 2374/3022/1874
f 2366/3023/1866 2376/3034/1876 2375/3035/1875 2365/3024/1865
f 2367/3025/1867 2377/3036/1877 2376/3034/1876 2366/3023/1866
f 2368/3026/1868 2378/3037/1878 2377/3036/1877 2367/3025/1867
f 2369/3027/1869 2379/3038/1879 2378/3037/1878 2368/3026/1868
f 2370/3028/1870 2380/3039/1880 2379/3038/1879 2369/3027/1869
f 2371/3029/1871 2381/3040/1881 2380/3039/1880 2370/3028/1870
f 2372/3030/1872 2382/3041/1882 2381/3040/1881 2371/3029/1871
f 2373/3031/1873 2383/3042/1883 2382/3041/1882 2372/3030/1872
f 2374/3022/1874 2384/3033/1884 2383/3042/1883 2373/3031/1873
f 2375/3032/1875 2385/3043/1885 2394/3044/1894 2384/3033/1884
f 2376/3034/1876 2386/3045/1886 2385/3046/1885 2375/3035/1875
f 2377/3036/1877 2387/3047/1887 2386/3045/1886 2376/3034/1876
f 2378/3037/1878 2388/3048/1888 2387/3047/1887 2377/3036/1877
f 2379/3038/1879 2389/3049/1889 2388/3048/1888 2378/3037/1878
f 2380/3039/1880 2390/3050/1890 2389/3049/1889 2379/3038/1879
f 2381/3040/1881 2391/3051/1891 2390/3050/1890 2380/3039/1880
f 2382/3041/1882 2392/3052/1892 2391/3051/1891 2381/3040/1881
f 2383/3042/1883 2393/3053/1893 2392/3052/1892 2382/3041/1882
f 2384/3033/1884 2394/3044/1894 2393/3053/1893 2383/3042/1883
f 2385/3043/1885 2395/3054/1895 2404/3055/1904 2394/3044/1894
f 2386/3045/1886 2396/3056/1896 2395/3057/1895 2385/3046/1885
f 2387/3047/1887 2397/3058/1897 2396/3056/1896 2386/3045/1886
f 2388/3048/1888 2398/3059/1898 2397/3058/1897 2387/3047/1887
f 2389/3049/1889 2399/3060/1899 2398/3059/1898 2388/3048/1888
f 2390/3050/1890 2400/3061/1900 2399/3060/1899 2389/3049/1889
f 2391/3051/1891 2401/3062/1901 2400/3061/1900 2390/3050/1890
f 2392/3052/1892 2402/3063/1902 2401/3062/1901 2391/3051/1891
f 2393/3053/1893 2403/3064/1903 2402/3063/1902 2392/3052/1892
f 2394/3044/1894 2404/3055/1904 2403/3064/1903 2393/3053/1893
f 2395/3054/1895 2405/3065/1905 2414/3066/1914 2404/3055/1904
f 2396/3056/1896 2406/3067/1906 2405/3068/1905 2395/3057/1895
f 2397/3058/1897 2407/3069/1907 2406/3067/1906 2396/3056/1896
f 2398/3059/1898 2408/3070/1908 2407/3069/1907 2397/3058/1897
f 2399/3060/1899 2409/3071/1909 2408/3070/1908 2398/3059/1898
f 2400/3061/1900 2410/3072/1910 2409/3071/1909 2399/3060/1899
f 2401/3062/1901 2411/3073/1911 2410/3072/1910 2400/3061/1900
f 2402/3063/1902 2412/3074/1912 2411/3073/1911 2401/3062/1901
f 2403/3064/1903 2413/3075/1913 2412/3074/1912 2402/3063/1902
f 2404/3055/1904 2414/3066/1914 2413/3075/1913 2403/3064/1903
f 2405/3065/1905 2415/3076/1915 2424/3077/1924 2414/3066/1914
f 2406/3067/1906 2416/3078/1916 2415/3079/1915 2405/3068/1905
f 2407/3069/1907 2417/3080/1917 2416/3078/1916 2406/3067/1906
f 2408/3070/1908 2418/3081/1918 2417/3080/1917 2407/3069/1907
f 2409/3071/1909 2419/3082/1919 2418/3081/1918 2408/3070/1908
f 2410/3072/1910 2420/3083/1920 2419/3082/1919 2409/3071/1909
f 2411/3073/1911 2421/3084/1921 2420/3083/1920 2410/3072/1910
f 2412/3074/1912 2422/3085/1922 2421/3084/1921 2411/3073/1911
f 2413/3075/1913 2423/3086/1923 2422/3085/1922 2412/3074/1912
f 2414/3066/1914 2424/3077/1924 2423/3086/1923 2413/3075/1913
f 2415/3076/1915 2425/3087/1925 2434/3088/1934 2424/3077/1924
f 2416/3078/1916 2426/3089/1926 2425/3090/1925 2415/3079/1915
f 2417/3080/1917 2427/3091/1927 2426/3089/1926 2416/3078/1916
f 2418/3081/1918 2428/3092/1928 2427/3091/1927 2417/3080/1917
f 2419/3082/1919 2429/3093/1929 2428/3092/1928 2418/3081/1918
f 2420/3083/1920 2430/3094/1930 2429/3093/1929 2419/3082/1919
f 2421/3084/1921 2431/3095/1931 2430/3094/1930 2420/3083/1920
f 2422/3085/1922 2432/3096/1932 2431/3095/1931 2421/3084/1921
f 2423/3086/1923 2433/3097/1933 2432/3096/1932 2422/3085/1922
f 2424/3077/1924 2434/3088/1934 2433/3097/1933 2423/3086/1923
f 2425/3087/1925 2435/3098/1935 2444/3099/1944 2434/3088/1934
f 2426/3089/1926 2436/3100/1936 2435/3101/1935 2425/3090/1925
f 2427/3091/1927 2437/3102/1937 2436/3100/1936 2426/3089/1926
f 2428/3092/1928 2438/3103/1938 2437/3102/1937 2427/3091/1927
f 2429/3093/1929 2439/3104/1939 2438/3103/1938 2428/3092/1928
f 2430/3094/1930 2440/3105/1940 2439/3104/1939 2429/3093/1929
f 2431/3095/1931 2441/3106/1941 2440/3105/1940 2430/3094/1930
f 2432/3096/1932 2442/3107/1942 2441/3106/1941 2431/3095/1931
f 2433/3097/1933 2443/3108/1943 2442/3107/1942 2432/3096/1932
f 2434/3088/1934 2444/3099/1944 2443/3108/1943 2433/3097/1933
o CausewayFracture_R_0
v -22.000477 0.315580 -1.526554
v -22.000181 0.322119 -1.517559
v -21.999819 0.322119 -1.506441
v -21.999523 0.315580 -1.497445
v -21.999411 0.305000 -1.494010
v -21.999523 0.294420 -1.497445
v -21.999819 0.287881 -1.506441
v -22.000181 0.287881 -1.517559
v -22.000477 0.294420 -1.526554
v -22.000589 0.305000 -1.529990
v -19.250826 0.315580 -1.631436
v -19.250530 0.322119 -1.622441
v -19.250168 0.322119 -1.611323
v -19.249872 0.315580 -1.602327
v -19.249760 0.305000 -1.598892
v -19.249872 0.294420 -1.602327
v -19.250168 0.287881 -1.611323
v -19.250530 0.287881 -1.622441
v -19.250826 0.294420 -1.631436
v -19.250938 0.305000 -1.634872
v -16.500242 0.315580 -1.706580
v -16.500092 0.322119 -1.697582
v -16.499908 0.322119 -1.686458
v -16.499758 0.315580 -1.677460
v -16.499701 0.305000 -1.674023
v -16.499758 0.294420 -1.677460
v -16.499908 0.287881 -1.686458
v -16.500092 0.287881 -1.697582
v -16.500242 0.294420 -1.706580
v -16.500299 0.305000 -1.710018
v -13.749855 0.315580 -1.722824
v -13.749892 0.322119 -1.713824
v -13.749940 0.322119 -1.702700
v -13.749977 0.315580 -1.693700
v -13.749991 0.305000 -1.690262
v -13.749977 0.294420 -1.693700
v -13.749940 0.287881 -1.702700
v -13.749892 0.287881 -1.713824
v -13.749855 0.294420 -1.722824
v -13.749841 0.305000 -1.726262
v -10.999727 0.315580 -1.683423
v -10.999896 0.322119 -1.674425
v -11.000104 0.322119 -1.663302
v -11.000273 0.315580 -1.654303
v -11.000338 0.305000 -1.650866
v -11.000273 0.294420 -1.654303
v -11.000104 0.287881 -1.663302
v -10.999896 0.287881 -1.674425
v -10.999727 0.294420 -1.683423
v -10.999662 0.305000 -1.686860
v -8.247917 0.315580 -1.619573
v -8.248244 0.322119 -1.610579
v -8.248649 0.322119 -1.599462
v -8.248976 0.315580 -1.590467
v -8.249102 0.305000 -1.587032
v -8.248976 0.294420 -1.590467
v -8.248649 0.287881 -1.599462
v -8.248244 0.287881 -1.610579
v -8.247917 0.294420 -1.619573
v -8.247791 0.305000 -1.623008
v -5.498831 0.315580 -1.483180
v -5.499553 0.322119 -1.474209
v -5.500447 0.322119 -1.463121
v -5.501169 0.315580 -1.454150
v -5.501445 0.305000 -1.450723
v -5.501169 0.294420 -1.454150
v -5.500447 0.287881 -1.463121
v -5.499553 0.287881 -1.474209
v -5.498831 0.294420 -1.483180
v -5.498555 0.305000 -1.486607
v -2.750332 0.315580 -1.176327
v -2.751180 0.322119 -1.167367
v -2.752227 0.322119 -1.156292
v -2.753074 0.315580 -1.147332
v -2.753398 0.305000 -1.143910
v -2.753074 0.294420 -1.147332
v -2.752227 0.287881 -1.156292
v -2.751180 0.287881 -1.167367
v -2.750332 0.294420 -1.176327
v -2.750009 0.305000 -1.179750
v 0.000127 0.315580 -0.963073
v 0.000048 0.322119 -0.954073
v -0.000048 0.322119 -0.942949
v -0.000127 0.315580 -0.933949
v -0.000157 0.305000 -0.930512
v -0.000127 0.294420 -0.933949
v -0.000048 0.287881 -0.942949
v 0.000048 0.287881 -0.954073
v 0.000127 0.294420 -0.963073
v 0.000157 0.305000 -0.966510
v 2.750221 0.315580 -1.128113
v 2.750934 0.322119 -1.119141
v 2.751815 0.322119 -1.108051
v 2.752528 0.315580 -1.099080
v 2.752800 0.305000 -1.095653
v 2.752528 0.294420 -1.099080
v 2.751815 0.287881 -1.108051
v 2.750934 0.287881 -1.119141
v 2.750221 0.294420 -1.128113
v 2.749949 0.305000 -1.131540
v 5.498941 0.315580 -1.400270
v 5.499596 0.322119 -1.391294
v 5.500404 0.322119 -1.380199
v 5.501059 0.315580 -1.371223
v 5.501309 0.305000 -1.367794
v 5.501059 0.294420 -1.371223
v 5.500404 0.287881 -1.380199
v 5.499596 0.287881 -1.391294
v 5.498941 0.294420 -1.400270
v 5.498691 0.305000 -1.403699
v 8.248403 0.315580 -1.529219
v 8.248748 0.322119 -1.520226
v 8.249173 0.322119 -1.509109
v 8.249518 0.315580 -1.500116
v 8.249650 0.305000 -1.496681
v 8.249518 0.294420 -1.500116
v 8.249173 0.287881 -1.509109
v 8.248748 0.287881 -1.520226
v 8.248403 0.294420 -1.529219
v 8.248271 0.305000 -1.532654
v 10.999568 0.315580 -1.611167
v 10.999835 0.322119 -1.602171
v 11.000165 0.322119 -1.591051
v 11.000432 0.315580 -1.582055
v 11.000534 0.305000 -1.578619
v 11.000432 0.294420 -1.582055
v 11.000165 0.287881 -1.591051
v 10.999835 0.287881 -1.602171
v 10.999568 0.294420 -1.611167
v 10.999466 0.305000 -1.614603
v 13.749341 0.315580 -1.692361
v 13.749530 0.322119 -1.683362
v 13.749763 0.322119 -1.672240
v 13.749951 0.315580 -1.663242
v 13.750024 0.305000 -1.659805
v 13.749951 0.294420 -1.663242
v 13.749763 0.287881 -1.672240
v 13.749530 0.287881 -1.683362
v 13.749341 0.294420 -1.692361
v 13.749269 0.305000 -1.695797
v 16.500011 0.315580 -1.726543
v 16.500004 0.322119 -1.717543
v 16.499996 0.322119 -1.706418
v 16.499989 0.315580 -1.697418
v 16.499985 0.305000 -1.693980
v 16.499989 0.294420 -1.697418
v 16.499996 0.287881 -1.706418
v 16.500004 0.287881 -1.717543
v 16.500011 0.294420 -1.726543
v 16.500015 0.305000 -1.729980
v 19.250454 0.315580 -1.687894
v 19.250273 0.322119 -1.678896
v 19.250051 0.322119 -1.667773
v 19.249870 0.315580 -1.658775
v 19.249802 0.305000 -1.655338
v 19.249870 0.294420 -1.658775
v 19.250051 0.287881 -1.667773
v 19.250273 0.287881 -1.678896
v 19.250454 0.294420 -1.687894
v 19.250523 0.305000 -1.691331
v 22.000292 0.315580 -1.616204
v 22.000111 0.322119 -1.607206
v 21.999889 0.322119 -1.596084
v 21.999708 0.315580 -1.587085
v 21.999640 0.305000 -1.583648
v 21.999708 0.294420 -1.587085
v 21.999889 0.287881 -1.596084
v 22.000111 0.287881 -1.607206
v 22.000292 0.294420 -1.616204
v 22.000360 0.305000 -1.619641
vn -0.0308 0.5883 -0.8081
vn -0.0117 0.9514 -0.3078
vn 0.0118 0.9507 0.3098
vn 0.0309 0.5873 0.8088
vn 0.0381 -0.0000 0.9993
vn 0.0309 -0.5873 0.8088
vn 0.0118 -0.9507 0.3098
vn -0.0117 -0.9514 -0.3078
vn -0.0308 -0.5883 -0.8081
vn -0.0381 -0.0000 -0.9993
vn -0.0265 0.5873 -0.8090
vn -0.0101 0.9507 -0.3098
vn 0.0101 0.9514 0.3079
vn 0.0265 0.5883 0.8082
vn 0.0327 -0.0000 0.9995
vn 0.0265 -0.5883 0.8082
vn 0.0101 -0.9514 0.3079
vn -0.0101 -0.9507 -0.3098
vn -0.0265 -0.5873 -0.8090
vn -0.0327 -0.0000 -0.9995
vn -0.0134 0.5868 -0.8096
vn -0.0052 0.9504 -0.3109
vn 0.0051 0.9517 0.3071
vn 0.0134 0.5888 0.8082
vn 0.0166 -0.0000 0.9999
vn 0.0134 -0.5888 0.8082
vn 0.0051 -0.9517 0.3071
vn -0.0052 -0.9504 -0.3109
vn -0.0134 -0.5868 -0.8096
vn -0.0166 -0.0000 -0.9999
vn 0.0034 0.5868 -0.8097
vn 0.0013 0.9505 -0.3108
vn -0.0013 0.9516 0.3072
vn -0.0034 0.5887 0.8083
vn -0.0042 -0.0000 1.0000
vn -0.0034 -0.5887 0.8083
vn -0.0013 -0.9516 0.3072
vn 0.0013 -0.9505 -0.3108
vn 0.0034 -0.5868 -0.8097
vn 0.0042 -0.0000 -1.0000
vn 0.0152 0.5874 -0.8092
vn 0.0058 0.9508 -0.3098
vn -0.0058 0.9513 0.3082
vn -0.0152 0.5882 0.8086
vn -0.0188 -0.0000 0.9998
vn -0.0152 -0.5882 0.8086
vn -0.0058 -0.9513 0.3082
vn 0.0058 -0.9508 -0.3098
vn 0.0152 -0.5874 -0.8092
vn 0.0188 -0.0000 -0.9998
vn 0.0295 0.5865 -0.8094
vn 0.0113 0.9503 -0.3112
vn -0.0112 0.9518 0.3065
vn -0.0294 0.5890 0.8076
vn -0.0364 -0.0000 0.9993
vn -0.0294 -0.5890 0.8076
vn -0.0112 -0.9518 0.3065
vn 0.0113 -0.9503 -0.3112
vn 0.0295 -0.5865 -0.8094
vn 0.0364 -0.0000 -0.9993
vn 0.0651 0.5850 -0.8084
vn 0.0252 0.9493 -0.3134
vn -0.0244 0.9528 0.3025
vn -0.0648 0.5907 0.8043
vn -0.0803 -0.0000 0.9968
vn -0.0648 -0.5907 0.8043
vn -0.0244 -0.9528 0.3025
vn 0.0252 -0.9493 -0.3134
vn 0.0651 -0.5850 -0.8084
vn 0.0803 -0.0000 -0.9968
vn 0.0761 0.5892 -0.8044
vn 0.0288 0.9520 -0.3048
vn -0.0294 0.9500 0.3108
vn -0.0763 0.5860 0.8067
vn -0.0941 -0.0000 0.9956
vn -0.0763 -0.5860 0.8067
vn -0.0294 -0.9500 0.3108
vn 0.0288 -0.9520 -0.3048
vn 0.0761 -0.5892 -0.8044
vn 0.0941 -0.0000 -0.9956
vn 0.0070 0.5946 -0.8040
vn 0.0026 0.9550 -0.2965
vn -0.0028 0.9471 0.3209
vn -0.0071 0.5818 0.8133
vn -0.0087 -0.0000 1.0000
vn -0.0071 -0.5818 0.8133
vn -0.0028 -0.9471 0.3209
vn 0.0026 -0.9550 -0.2965
vn 0.0070 -0.5946 -0.8040
vn 0.0087 -0.0000 -1.0000
vn -0.0640 0.5894 -0.8053
vn -0.0242 0.9521 -0.3047
vn 0.0248 0.9499 0.3116
vn 0.0642 0.5858 0.8079
vn 0.0792 -0.0000 0.9969
vn 0.0642 -0.5858 0.8079
vn 0.0248 -0.9499 0.3116
vn -0.0242 -0.9521 -0.3047
vn -0.0640 -0.5894 -0.8053
vn -0.0792 -0.0000 -0.9969
vn -0.0590 0.5854 -0.8086
vn -0.0228 0.9496 -0.3128
vn 0.0221 0.9526 0.3036
vn 0.0587 0.5903 0.8051
vn 0.0727 -0.0000 0.9974
vn 0.0587 -0.5903 0.8051
vn 0.0221 -0.9526 0.3036
vn -0.0228 -0.9496 -0.3128
vn -0.0590 -0.5854 -0.8086
vn -0.0727 -0.0000 -0.9974
vn -0.0310 0.5870 -0.8090
vn -0.0119 0.9506 -0.3103
vn 0.0118 0.9515 0.3073
vn 0.0310 0.5886 0.8079
vn 0.0383 -0.0000 0.9993
vn 0.0310 -0.5886 0.8079
vn 0.0118 -0.9515 0.3073
vn -0.0119 -0.9506 -0.3103
vn -0.0310 -0.5870 -0.8090
vn -0.0383 -0.0000 -0.9993
vn -0.0240 0.5878 -0.8087
vn -0.0092 0.9510 -0.3089
vn 0.0092 0.9511 0.3089
vn 0.0240 0.5878 0.8087
vn 0.0296 -0.0000 0.9996
vn 0.0240 -0.5878 0.8087
vn 0.0092 -0.9511 0.3089
vn -0.0092 -0.9510 -0.3089
vn -0.0240 -0.5878 -0.8087
vn -0.0296 -0.0000 -0.9996
vn -0.0170 0.5870 -0.8094
vn -0.0065 0.9506 -0.3105
vn 0.0064 0.9515 0.3074
vn 0.0170 0.5886 0.8083
vn 0.0210 -0.0000 0.9998
vn 0.0170 -0.5886 0.8083
vn 0.0064 -0.9515 0.3074
vn -0.0065 -0.9506 -0.3105
vn -0.0170 -0.5870 -0.8094
vn -0.0210 -0.0000 -0.9998
vn 0.0007 0.5866 -0.8099
vn 0.0003 0.9503 -0.3114
vn -0.0002 0.9518 0.3067
vn -0.0007 0.5890 0.8081
vn -0.0008 -0.0000 1.0000
vn -0.0007 -0.5890 0.8081
vn -0.0002 -0.9518 0.3067
vn 0.0003 -0.9503 -0.3114
vn 0.0007 -0.5866 -0.8099
vn 0.0008 -0.0000 -1.0000
vn 0.0162 0.5872 -0.8093
vn 0.0062 0.9507 -0.3100
vn -0.0062 0.9514 0.3079
vn -0.0162 0.5883 0.8084
vn -0.0201 -0.0000 0.9998
vn -0.0162 -0.5883 0.8084
vn -0.0062 -0.9514 0.3079
vn 0.0062 -0.9507 -0.3100
vn 0.0162 -0.5872 -0.8093
vn 0.0201 -0.0000 -0.9998
vn 0.0211 0.5883 -0.8083
vn 0.0080 0.9514 -0.3078
vn -0.0081 0.9507 0.3100
vn -0.0211 0.5872 0.8092
vn -0.0261 -0.0000 0.9997
vn -0.0211 -0.5872 0.8092
vn -0.0081 -0.9507 0.3100
vn 0.0080 -0.9514 -0.3078
vn 0.0211 -0.5883 -0.8083
vn 0.0261 -0.0000 -0.9997
vt 0.000000 1.000000
vt 0.062500 1.000000
vt 0.062500 0.900000
vt 0.000000 0.900000
vt 0.000000 0.100000
vt 0.062500 0.100000
vt 0.062500 0.000000
vt 0.000000 0.000000
vt 0.000000 0.200000
vt 0.062500 0.200000
vt 0.000000 0.300000
vt 0.062500 0.300000
vt 0.000000 0.400000
vt 0.062500 0.400000
vt 0.000000 0.500000
vt 0.062500 0.500000
vt 0.000000 0.600000
vt 0.062500 0.600000
vt 0.000000 0.700000
vt 0.062500 0.700000
vt 0.000000 0.800000
vt 0.062500 0.800000
vt 0.125000 1.000000
vt 0.125000 0.900000
vt 0.125000 0.100000
vt 0.125000 0.000000
vt 0.125000 0.200000
vt 0.125000 0.300000
vt 0.125000 0.400000
vt 0.125000 0.500000
vt 0.125000 0.600000
vt 0.125000 0.700000
vt 0.125000 0.800000
vt 0.187500 1.000000
vt 0.187500 0.900000
vt 0.187500 0.100000
vt 0.187500 0.000000
vt 0.187500 0.200000
vt 0.187500 0.300000
vt 0.187500 0.400000
vt 0.187500 0.500000
vt 0.187500 0.600000
vt 0.187500 0.700000
vt 0.187500 0.800000
vt 0.250000 1.000000
vt 0.250000 0.900000
vt 0.250000 0.100000
vt 0.250000 0.000000
vt 0.250000 0.200000
vt 0.250000 0.300000
vt 0.250000 0.400000
vt 0.250000 0.500000
vt 0.250000 0.600000
vt 0.250000 0.700000
vt 0.250000 0.800000
vt 0.312500 1.000000
vt 0.312500 0.900000
vt 0.312500 0.100000
vt 0.312500 0.000000
vt 0.312500 0.200000
vt 0.312500 0.300000
vt 0.312500 0.400000
vt 0.312500 0.500000
vt 0.312500 0.600000
vt 0.312500 0.700000
vt 0.312500 0.800000
vt 0.375000 1.000000
vt 0.375000 0.900000
vt 0.375000 0.100000
vt 0.375000 0.000000
vt 0.375000 0.200000
vt 0.375000 0.300000
vt 0.375000 0.400000
vt 0.375000 0.500000
vt 0.375000 0.600000
vt 0.375000 0.700000
vt 0.375000 0.800000
vt 0.437500 1.000000
vt 0.437500 0.900000
vt 0.437500 0.100000
vt 0.437500 0.000000
vt 0.437500 0.200000
vt 0.437500 0.300000
vt 0.437500 0.400000
vt 0.437500 0.500000
vt 0.437500 0.600000
vt 0.437500 0.700000
vt 0.437500 0.800000
vt 0.500000 1.000000
vt 0.500000 0.900000
vt 0.500000 0.100000
vt 0.500000 0.000000
vt 0.500000 0.200000
vt 0.500000 0.300000
vt 0.500000 0.400000
vt 0.500000 0.500000
vt 0.500000 0.600000
vt 0.500000 0.700000
vt 0.500000 0.800000
vt 0.562500 1.000000
vt 0.562500 0.900000
vt 0.562500 0.100000
vt 0.562500 0.000000
vt 0.562500 0.200000
vt 0.562500 0.300000
vt 0.562500 0.400000
vt 0.562500 0.500000
vt 0.562500 0.600000
vt 0.562500 0.700000
vt 0.562500 0.800000
vt 0.625000 1.000000
vt 0.625000 0.900000
vt 0.625000 0.100000
vt 0.625000 0.000000
vt 0.625000 0.200000
vt 0.625000 0.300000
vt 0.625000 0.400000
vt 0.625000 0.500000
vt 0.625000 0.600000
vt 0.625000 0.700000
vt 0.625000 0.800000
vt 0.687500 1.000000
vt 0.687500 0.900000
vt 0.687500 0.100000
vt 0.687500 0.000000
vt 0.687500 0.200000
vt 0.687500 0.300000
vt 0.687500 0.400000
vt 0.687500 0.500000
vt 0.687500 0.600000
vt 0.687500 0.700000
vt 0.687500 0.800000
vt 0.750000 1.000000
vt 0.750000 0.900000
vt 0.750000 0.100000
vt 0.750000 0.000000
vt 0.750000 0.200000
vt 0.750000 0.300000
vt 0.750000 0.400000
vt 0.750000 0.500000
vt 0.750000 0.600000
vt 0.750000 0.700000
vt 0.750000 0.800000
vt 0.812500 1.000000
vt 0.812500 0.900000
vt 0.812500 0.100000
vt 0.812500 0.000000
vt 0.812500 0.200000
vt 0.812500 0.300000
vt 0.812500 0.400000
vt 0.812500 0.500000
vt 0.812500 0.600000
vt 0.812500 0.700000
vt 0.812500 0.800000
vt 0.875000 1.000000
vt 0.875000 0.900000
vt 0.875000 0.100000
vt 0.875000 0.000000
vt 0.875000 0.200000
vt 0.875000 0.300000
vt 0.875000 0.400000
vt 0.875000 0.500000
vt 0.875000 0.600000
vt 0.875000 0.700000
vt 0.875000 0.800000
vt 0.937500 1.000000
vt 0.937500 0.900000
vt 0.937500 0.100000
vt 0.937500 0.000000
vt 0.937500 0.200000
vt 0.937500 0.300000
vt 0.937500 0.400000
vt 0.937500 0.500000
vt 0.937500 0.600000
vt 0.937500 0.700000
vt 0.937500 0.800000
vt 1.000000 1.000000
vt 1.000000 0.900000
vt 1.000000 0.100000
vt 1.000000 0.000000
vt 1.000000 0.200000
vt 1.000000 0.300000
vt 1.000000 0.400000
vt 1.000000 0.500000
vt 1.000000 0.600000
vt 1.000000 0.700000
vt 1.000000 0.800000
s 1
usemtl M_AetherEnergy
f 2445/3109/1945 2455/3110/1955 2464/3111/1964 2454/3112/1954
f 2446/3113/1946 2456/3114/1956 2455/3115/1955 2445/3116/1945
f 2447/3117/1947 2457/3118/1957 2456/3114/1956 2446/3113/1946
f 2448/3119/1948 2458/3120/1958 2457/3118/1957 2447/3117/1947
f 2449/3121/1949 2459/3122/1959 2458/3120/1958 2448/3119/1948
f 2450/3123/1950 2460/3124/1960 2459/3122/1959 2449/3121/1949
f 2451/3125/1951 2461/3126/1961 2460/3124/1960 2450/3123/1950
f 2452/3127/1952 2462/3128/1962 2461/3126/1961 2451/3125/1951
f 2453/3129/1953 2463/3130/1963 2462/3128/1962 2452/3127/1952
f 2454/3112/1954 2464/3111/1964 2463/3130/1963 2453/3129/1953
f 2455/3110/1955 2465/3131/1965 2474/3132/1974 2464/3111/1964
f 2456/3114/1956 2466/3133/1966 2465/3134/1965 2455/3115/1955
f 2457/3118/1957 2467/3135/1967 2466/3133/1966 2456/3114/1956
f 2458/3120/1958 2468/3136/1968 2467/3135/1967 2457/3118/1957
f 2459/3122/1959 2469/3137/1969 2468/3136/1968 2458/3120/1958
f 2460/3124/1960 2470/3138/1970 2469/3137/1969 2459/3122/1959
f 2461/3126/1961 2471/3139/1971 2470/3138/1970 2460/3124/1960
f 2462/3128/1962 2472/3140/1972 2471/3139/1971 2461/3126/1961
f 2463/3130/1963 2473/3141/1973 2472/3140/1972 2462/3128/1962
f 2464/3111/1964 2474/3132/1974 2473/3141/1973 2463/3130/1963
f 2465/3131/1965 2475/3142/1975 2484/3143/1984 2474/3132/1974
f 2466/3133/1966 2476/3144/1976 2475/3145/1975 2465/3134/1965
f 2467/3135/1967 2477/3146/1977 2476/3144/1976 2466/3133/1966
f 2468/3136/1968 2478/3147/1978 2477/3146/1977 2467/3135/1967
f 2469/3137/1969 2479/3148/1979 2478/3147/1978 2468/3136/1968
f 2470/3138/1970 2480/3149/1980 2479/3148/1979 2469/3137/1969
f 2471/3139/1971 2481/3150/1981 2480/3149/1980 2470/3138/1970
f 2472/3140/1972 2482/3151/1982 2481/3150/1981 2471/3139/1971
f 2473/3141/1973 2483/3152/1983 2482/3151/1982 2472/3140/1972
f 2474/3132/1974 2484/3143/1984 2483/3152/1983 2473/3141/1973
f 2475/3142/1975 2485/3153/1985 2494/3154/1994 2484/3143/1984
f 2476/3144/1976 2486/3155/1986 2485/3156/1985 2475/3145/1975
f 2477/3146/1977 2487/3157/1987 2486/3155/1986 2476/3144/1976
f 2478/3147/1978 2488/3158/1988 2487/3157/1987 2477/3146/1977
f 2479/3148/1979 2489/3159/1989 2488/3158/1988 2478/3147/1978
f 2480/3149/1980 2490/3160/1990 2489/3159/1989 2479/3148/1979
f 2481/3150/1981 2491/3161/1991 2490/3160/1990 2480/3149/1980
f 2482/3151/1982 2492/3162/1992 2491/3161/1991 2481/3150/1981
f 2483/3152/1983 2493/3163/1993 2492/3162/1992 2482/3151/1982
f 2484/3143/1984 2494/3154/1994 2493/3163/1993 2483/3152/1983
f 2485/3153/1985 2495/3164/1995 2504/3165/2004 2494/3154/1994
f 2486/3155/1986 2496/3166/1996 2495/3167/1995 2485/3156/1985
f 2487/3157/1987 2497/3168/1997 2496/3166/1996 2486/3155/1986
f 2488/3158/1988 2498/3169/1998 2497/3168/1997 2487/3157/1987
f 2489/3159/1989 2499/3170/1999 2498/3169/1998 2488/3158/1988
f 2490/3160/1990 2500/3171/2000 2499/3170/1999 2489/3159/1989
f 2491/3161/1991 2501/3172/2001 2500/3171/2000 2490/3160/1990
f 2492/3162/1992 2502/3173/2002 2501/3172/2001 2491/3161/1991
f 2493/3163/1993 2503/3174/2003 2502/3173/2002 2492/3162/1992
f 2494/3154/1994 2504/3165/2004 2503/3174/2003 2493/3163/1993
f 2495/3164/1995 2505/3175/2005 2514/3176/2014 2504/3165/2004
f 2496/3166/1996 2506/3177/2006 2505/3178/2005 2495/3167/1995
f 2497/3168/1997 2507/3179/2007 2506/3177/2006 2496/3166/1996
f 2498/3169/1998 2508/3180/2008 2507/3179/2007 2497/3168/1997
f 2499/3170/1999 2509/3181/2009 2508/3180/2008 2498/3169/1998
f 2500/3171/2000 2510/3182/2010 2509/3181/2009 2499/3170/1999
f 2501/3172/2001 2511/3183/2011 2510/3182/2010 2500/3171/2000
f 2502/3173/2002 2512/3184/2012 2511/3183/2011 2501/3172/2001
f 2503/3174/2003 2513/3185/2013 2512/3184/2012 2502/3173/2002
f 2504/3165/2004 2514/3176/2014 2513/3185/2013 2503/3174/2003
f 2505/3175/2005 2515/3186/2015 2524/3187/2024 2514/3176/2014
f 2506/3177/2006 2516/3188/2016 2515/3189/2015 2505/3178/2005
f 2507/3179/2007 2517/3190/2017 2516/3188/2016 2506/3177/2006
f 2508/3180/2008 2518/3191/2018 2517/3190/2017 2507/3179/2007
f 2509/3181/2009 2519/3192/2019 2518/3191/2018 2508/3180/2008
f 2510/3182/2010 2520/3193/2020 2519/3192/2019 2509/3181/2009
f 2511/3183/2011 2521/3194/2021 2520/3193/2020 2510/3182/2010
f 2512/3184/2012 2522/3195/2022 2521/3194/2021 2511/3183/2011
f 2513/3185/2013 2523/3196/2023 2522/3195/2022 2512/3184/2012
f 2514/3176/2014 2524/3187/2024 2523/3196/2023 2513/3185/2013
f 2515/3186/2015 2525/3197/2025 2534/3198/2034 2524/3187/2024
f 2516/3188/2016 2526/3199/2026 2525/3200/2025 2515/3189/2015
f 2517/3190/2017 2527/3201/2027 2526/3199/2026 2516/3188/2016
f 2518/3191/2018 2528/3202/2028 2527/3201/2027 2517/3190/2017
f 2519/3192/2019 2529/3203/2029 2528/3202/2028 2518/3191/2018
f 2520/3193/2020 2530/3204/2030 2529/3203/2029 2519/3192/2019
f 2521/3194/2021 2531/3205/2031 2530/3204/2030 2520/3193/2020
f 2522/3195/2022 2532/3206/2032 2531/3205/2031 2521/3194/2021
f 2523/3196/2023 2533/3207/2033 2532/3206/2032 2522/3195/2022
f 2524/3187/2024 2534/3198/2034 2533/3207/2033 2523/3196/2023
f 2525/3197/2025 2535/3208/2035 2544/3209/2044 2534/3198/2034
f 2526/3199/2026 2536/3210/2036 2535/3211/2035 2525/3200/2025
f 2527/3201/2027 2537/3212/2037 2536/3210/2036 2526/3199/2026
f 2528/3202/2028 2538/3213/2038 2537/3212/2037 2527/3201/2027
f 2529/3203/2029 2539/3214/2039 2538/3213/2038 2528/3202/2028
f 2530/3204/2030 2540/3215/2040 2539/3214/2039 2529/3203/2029
f 2531/3205/2031 2541/3216/2041 2540/3215/2040 2530/3204/2030
f 2532/3206/2032 2542/3217/2042 2541/3216/2041 2531/3205/2031
f 2533/3207/2033 2543/3218/2043 2542/3217/2042 2532/3206/2032
f 2534/3198/2034 2544/3209/2044 2543/3218/2043 2533/3207/2033
f 2535/3208/2035 2545/3219/2045 2554/3220/2054 2544/3209/2044
f 2536/3210/2036 2546/3221/2046 2545/3222/2045 2535/3211/2035
f 2537/3212/2037 2547/3223/2047 2546/3221/2046 2536/3210/2036
f 2538/3213/2038 2548/3224/2048 2547/3223/2047 2537/3212/2037
f 2539/3214/2039 2549/3225/2049 2548/3224/2048 2538/3213/2038
f 2540/3215/2040 2550/3226/2050 2549/3225/2049 2539/3214/2039
f 2541/3216/2041 2551/3227/2051 2550/3226/2050 2540/3215/2040
f 2542/3217/2042 2552/3228/2052 2551/3227/2051 2541/3216/2041
f 2543/3218/2043 2553/3229/2053 2552/3228/2052 2542/3217/2042
f 2544/3209/2044 2554/3220/2054 2553/3229/2053 2543/3218/2043
f 2545/3219/2045 2555/3230/2055 2564/3231/2064 2554/3220/2054
f 2546/3221/2046 2556/3232/2056 2555/3233/2055 2545/3222/2045
f 2547/3223/2047 2557/3234/2057 2556/3232/2056 2546/3221/2046
f 2548/3224/2048 2558/3235/2058 2557/3234/2057 2547/3223/2047
f 2549/3225/2049 2559/3236/2059 2558/3235/2058 2548/3224/2048
f 2550/3226/2050 2560/3237/2060 2559/3236/2059 2549/3225/2049
f 2551/3227/2051 2561/3238/2061 2560/3237/2060 2550/3226/2050
f 2552/3228/2052 2562/3239/2062 2561/3238/2061 2551/3227/2051
f 2553/3229/2053 2563/3240/2063 2562/3239/2062 2552/3228/2052
f 2554/3220/2054 2564/3231/2064 2563/3240/2063 2553/3229/2053
f 2555/3230/2055 2565/3241/2065 2574/3242/2074 2564/3231/2064
f 2556/3232/2056 2566/3243/2066 2565/3244/2065 2555/3233/2055
f 2557/3234/2057 2567/3245/2067 2566/3243/2066 2556/3232/2056
f 2558/3235/2058 2568/3246/2068 2567/3245/2067 2557/3234/2057
f 2559/3236/2059 2569/3247/2069 2568/3246/2068 2558/3235/2058
f 2560/3237/2060 2570/3248/2070 2569/3247/2069 2559/3236/2059
f 2561/3238/2061 2571/3249/2071 2570/3248/2070 2560/3237/2060
f 2562/3239/2062 2572/3250/2072 2571/3249/2071 2561/3238/2061
f 2563/3240/2063 2573/3251/2073 2572/3250/2072 2562/3239/2062
f 2564/3231/2064 2574/3242/2074 2573/3251/2073 2563/3240/2063
f 2565/3241/2065 2575/3252/2075 2584/3253/2084 2574/3242/2074
f 2566/3243/2066 2576/3254/2076 2575/3255/2075 2565/3244/2065
f 2567/3245/2067 2577/3256/2077 2576/3254/2076 2566/3243/2066
f 2568/3246/2068 2578/3257/2078 2577/3256/2077 2567/3245/2067
f 2569/3247/2069 2579/3258/2079 2578/3257/2078 2568/3246/2068
f 2570/3248/2070 2580/3259/2080 2579/3258/2079 2569/3247/2069
f 2571/3249/2071 2581/3260/2081 2580/3259/2080 2570/3248/2070
f 2572/3250/2072 2582/3261/2082 2581/3260/2081 2571/3249/2071
f 2573/3251/2073 2583/3262/2083 2582/3261/2082 2572/3250/2072
f 2574/3242/2074 2584/3253/2084 2583/3262/2083 2573/3251/2073
f 2575/3252/2075 2585/3263/2085 2594/3264/2094 2584/3253/2084
f 2576/3254/2076 2586/3265/2086 2585/3266/2085 2575/3255/2075
f 2577/3256/2077 2587/3267/2087 2586/3265/2086 2576/3254/2076
f 2578/3257/2078 2588/3268/2088 2587/3267/2087 2577/3256/2077
f 2579/3258/2079 2589/3269/2089 2588/3268/2088 2578/3257/2078
f 2580/3259/2080 2590/3270/2090 2589/3269/2089 2579/3258/2079
f 2581/3260/2081 2591/3271/2091 2590/3270/2090 2580/3259/2080
f 2582/3261/2082 2592/3272/2092 2591/3271/2091 2581/3260/2081
f 2583/3262/2083 2593/3273/2093 2592/3272/2092 2582/3261/2082
f 2584/3253/2084 2594/3264/2094 2593/3273/2093 2583/3262/2083
f 2585/3263/2085 2595/3274/2095 2604/3275/2104 2594/3264/2094
f 2586/3265/2086 2596/3276/2096 2595/3277/2095 2585/3266/2085
f 2587/3267/2087 2597/3278/2097 2596/3276/2096 2586/3265/2086
f 2588/3268/2088 2598/3279/2098 2597/3278/2097 2587/3267/2087
f 2589/3269/2089 2599/3280/2099 2598/3279/2098 2588/3268/2088
f 2590/3270/2090 2600/3281/2100 2599/3280/2099 2589/3269/2089
f 2591/3271/2091 2601/3282/2101 2600/3281/2100 2590/3270/2090
f 2592/3272/2092 2602/3283/2102 2601/3282/2101 2591/3271/2091
f 2593/3273/2093 2603/3284/2103 2602/3283/2102 2592/3272/2092
f 2594/3264/2094 2604/3275/2104 2603/3284/2103 2593/3273/2093
f 2595/3274/2095 2605/3285/2105 2614/3286/2114 2604/3275/2104
f 2596/3276/2096 2606/3287/2106 2605/3288/2105 2595/3277/2095
f 2597/3278/2097 2607/3289/2107 2606/3287/2106 2596/3276/2096
f 2598/3279/2098 2608/3290/2108 2607/3289/2107 2597/3278/2097
f 2599/3280/2099 2609/3291/2109 2608/3290/2108 2598/3279/2098
f 2600/3281/2100 2610/3292/2110 2609/3291/2109 2599/3280/2099
f 2601/3282/2101 2611/3293/2111 2610/3292/2110 2600/3281/2100
f 2602/3283/2102 2612/3294/2112 2611/3293/2111 2601/3282/2101
f 2603/3284/2103 2613/3295/2113 2612/3294/2112 2602/3283/2102
f 2604/3275/2104 2614/3286/2114 2613/3295/2113 2603/3284/2103
o CausewayFracture_R_0
v -22.000477 0.315580 -1.526554
v -22.000181 0.322119 -1.517559
v -21.999819 0.322119 -1.506441
v -21.999523 0.315580 -1.497445
v -21.999411 0.305000 -1.494010
v -21.999523 0.294420 -1.497445
v -21.999819 0.287881 -1.506441
v -22.000181 0.287881 -1.517559
v -22.000477 0.294420 -1.526554
v -22.000589 0.305000 -1.529990
v -19.250826 0.315580 -1.631436
v -19.250530 0.322119 -1.622441
v -19.250168 0.322119 -1.611323
v -19.249872 0.315580 -1.602327
v -19.249760 0.305000 -1.598892
v -19.249872 0.294420 -1.602327
v -19.250168 0.287881 -1.611323
v -19.250530 0.287881 -1.622441
v -19.250826 0.294420 -1.631436
v -19.250938 0.305000 -1.634872
v -16.500242 0.315580 -1.706580
v -16.500092 0.322119 -1.697582
v -16.499908 0.322119 -1.686458
v -16.499758 0.315580 -1.677460
v -16.499701 0.305000 -1.674023
v -16.499758 0.294420 -1.677460
v -16.499908 0.287881 -1.686458
v -16.500092 0.287881 -1.697582
v -16.500242 0.294420 -1.706580
v -16.500299 0.305000 -1.710018
v -13.749855 0.315580 -1.722824
v -13.749892 0.322119 -1.713824
v -13.749940 0.322119 -1.702700
v -13.749977 0.315580 -1.693700
v -13.749991 0.305000 -1.690262
v -13.749977 0.294420 -1.693700
v -13.749940 0.287881 -1.702700
v -13.749892 0.287881 -1.713824
v -13.749855 0.294420 -1.722824
v -13.749841 0.305000 -1.726262
v -10.999727 0.315580 -1.683423
v -10.999896 0.322119 -1.674425
v -11.000104 0.322119 -1.663302
v -11.000273 0.315580 -1.654303
v -11.000338 0.305000 -1.650866
v -11.000273 0.294420 -1.654303
v -11.000104 0.287881 -1.663302
v -10.999896 0.287881 -1.674425
v -10.999727 0.294420 -1.683423
v -10.999662 0.305000 -1.686860
v -8.247917 0.315580 -1.619573
v -8.248244 0.322119 -1.610579
v -8.248649 0.322119 -1.599462
v -8.248976 0.315580 -1.590467
v -8.249102 0.305000 -1.587032
v -8.248976 0.294420 -1.590467
v -8.248649 0.287881 -1.599462
v -8.248244 0.287881 -1.610579
v -8.247917 0.294420 -1.619573
v -8.247791 0.305000 -1.623008
v -5.498831 0.315580 -1.483180
v -5.499553 0.322119 -1.474209
v -5.500447 0.322119 -1.463121
v -5.501169 0.315580 -1.454150
v -5.501445 0.305000 -1.450723
v -5.501169 0.294420 -1.454150
v -5.500447 0.287881 -1.463121
v -5.499553 0.287881 -1.474209
v -5.498831 0.294420 -1.483180
v -5.498555 0.305000 -1.486607
v -2.750332 0.315580 -1.176327
v -2.751180 0.322119 -1.167367
v -2.752227 0.322119 -1.156292
v -2.753074 0.315580 -1.147332
v -2.753398 0.305000 -1.143910
v -2.753074 0.294420 -1.147332
v -2.752227 0.287881 -1.156292
v -2.751180 0.287881 -1.167367
v -2.750332 0.294420 -1.176327
v -2.750009 0.305000 -1.179750
v 0.000127 0.315580 -0.963073
v 0.000048 0.322119 -0.954073
v -0.000048 0.322119 -0.942949
v -0.000127 0.315580 -0.933949
v -0.000157 0.305000 -0.930512
v -0.000127 0.294420 -0.933949
v -0.000048 0.287881 -0.942949
v 0.000048 0.287881 -0.954073
v 0.000127 0.294420 -0.963073
v 0.000157 0.305000 -0.966510
v 2.750221 0.315580 -1.128113
v 2.750934 0.322119 -1.119141
v 2.751815 0.322119 -1.108051
v 2.752528 0.315580 -1.099080
v 2.752800 0.305000 -1.095653
v 2.752528 0.294420 -1.099080
v 2.751815 0.287881 -1.108051
v 2.750934 0.287881 -1.119141
v 2.750221 0.294420 -1.128113
v 2.749949 0.305000 -1.131540
v 5.498941 0.315580 -1.400270
v 5.499596 0.322119 -1.391294
v 5.500404 0.322119 -1.380199
v 5.501059 0.315580 -1.371223
v 5.501309 0.305000 -1.367794
v 5.501059 0.294420 -1.371223
v 5.500404 0.287881 -1.380199
v 5.499596 0.287881 -1.391294
v 5.498941 0.294420 -1.400270
v 5.498691 0.305000 -1.403699
v 8.248403 0.315580 -1.529219
v 8.248748 0.322119 -1.520226
v 8.249173 0.322119 -1.509109
v 8.249518 0.315580 -1.500116
v 8.249650 0.305000 -1.496681
v 8.249518 0.294420 -1.500116
v 8.249173 0.287881 -1.509109
v 8.248748 0.287881 -1.520226
v 8.248403 0.294420 -1.529219
v 8.248271 0.305000 -1.532654
v 10.999568 0.315580 -1.611167
v 10.999835 0.322119 -1.602171
v 11.000165 0.322119 -1.591051
v 11.000432 0.315580 -1.582055
v 11.000534 0.305000 -1.578619
v 11.000432 0.294420 -1.582055
v 11.000165 0.287881 -1.591051
v 10.999835 0.287881 -1.602171
v 10.999568 0.294420 -1.611167
v 10.999466 0.305000 -1.614603
v 13.749341 0.315580 -1.692361
v 13.749530 0.322119 -1.683362
v 13.749763 0.322119 -1.672240
v 13.749951 0.315580 -1.663242
v 13.750024 0.305000 -1.659805
v 13.749951 0.294420 -1.663242
v 13.749763 0.287881 -1.672240
v 13.749530 0.287881 -1.683362
v 13.749341 0.294420 -1.692361
v 13.749269 0.305000 -1.695797
v 16.500011 0.315580 -1.726543
v 16.500004 0.322119 -1.717543
v 16.499996 0.322119 -1.706418
v 16.499989 0.315580 -1.697418
v 16.499985 0.305000 -1.693980
v 16.499989 0.294420 -1.697418
v 16.499996 0.287881 -1.706418
v 16.500004 0.287881 -1.717543
v 16.500011 0.294420 -1.726543
v 16.500015 0.305000 -1.729980
v 19.250454 0.315580 -1.687894
v 19.250273 0.322119 -1.678896
v 19.250051 0.322119 -1.667773
v 19.249870 0.315580 -1.658775
v 19.249802 0.305000 -1.655338
v 19.249870 0.294420 -1.658775
v 19.250051 0.287881 -1.667773
v 19.250273 0.287881 -1.678896
v 19.250454 0.294420 -1.687894
v 19.250523 0.305000 -1.691331
v 22.000292 0.315580 -1.616204
v 22.000111 0.322119 -1.607206
v 21.999889 0.322119 -1.596084
v 21.999708 0.315580 -1.587085
v 21.999640 0.305000 -1.583648
v 21.999708 0.294420 -1.587085
v 21.999889 0.287881 -1.596084
v 22.000111 0.287881 -1.607206
v 22.000292 0.294420 -1.616204
v 22.000360 0.305000 -1.619641
vn -0.0308 0.5883 -0.8081
vn -0.0117 0.9514 -0.3078
vn 0.0118 0.9507 0.3098
vn 0.0309 0.5873 0.8088
vn 0.0381 -0.0000 0.9993
vn 0.0309 -0.5873 0.8088
vn 0.0118 -0.9507 0.3098
vn -0.0117 -0.9514 -0.3078
vn -0.0308 -0.5883 -0.8081
vn -0.0381 -0.0000 -0.9993
vn -0.0265 0.5873 -0.8090
vn -0.0101 0.9507 -0.3098
vn 0.0101 0.9514 0.3079
vn 0.0265 0.5883 0.8082
vn 0.0327 -0.0000 0.9995
vn 0.0265 -0.5883 0.8082
vn 0.0101 -0.9514 0.3079
vn -0.0101 -0.9507 -0.3098
vn -0.0265 -0.5873 -0.8090
vn -0.0327 -0.0000 -0.9995
vn -0.0134 0.5868 -0.8096
vn -0.0052 0.9504 -0.3109
vn 0.0051 0.9517 0.3071
vn 0.0134 0.5888 0.8082
vn 0.0166 -0.0000 0.9999
vn 0.0134 -0.5888 0.8082
vn 0.0051 -0.9517 0.3071
vn -0.0052 -0.9504 -0.3109
vn -0.0134 -0.5868 -0.8096
vn -0.0166 -0.0000 -0.9999
vn 0.0034 0.5868 -0.8097
vn 0.0013 0.9505 -0.3108
vn -0.0013 0.9516 0.3072
vn -0.0034 0.5887 0.8083
vn -0.0042 -0.0000 1.0000
vn -0.0034 -0.5887 0.8083
vn -0.0013 -0.9516 0.3072
vn 0.0013 -0.9505 -0.3108
vn 0.0034 -0.5868 -0.8097
vn 0.0042 -0.0000 -1.0000
vn 0.0152 0.5874 -0.8092
vn 0.0058 0.9508 -0.3098
vn -0.0058 0.9513 0.3082
vn -0.0152 0.5882 0.8086
vn -0.0188 -0.0000 0.9998
vn -0.0152 -0.5882 0.8086
vn -0.0058 -0.9513 0.3082
vn 0.0058 -0.9508 -0.3098
vn 0.0152 -0.5874 -0.8092
vn 0.0188 -0.0000 -0.9998
vn 0.0295 0.5865 -0.8094
vn 0.0113 0.9503 -0.3112
vn -0.0112 0.9518 0.3065
vn -0.0294 0.5890 0.8076
vn -0.0364 -0.0000 0.9993
vn -0.0294 -0.5890 0.8076
vn -0.0112 -0.9518 0.3065
vn 0.0113 -0.9503 -0.3112
vn 0.0295 -0.5865 -0.8094
vn 0.0364 -0.0000 -0.9993
vn 0.0651 0.5850 -0.8084
vn 0.0252 0.9493 -0.3134
vn -0.0244 0.9528 0.3025
vn -0.0648 0.5907 0.8043
vn -0.0803 -0.0000 0.9968
vn -0.0648 -0.5907 0.8043
vn -0.0244 -0.9528 0.3025
vn 0.0252 -0.9493 -0.3134
vn 0.0651 -0.5850 -0.8084
vn 0.0803 -0.0000 -0.9968
vn 0.0761 0.5892 -0.8044
vn 0.0288 0.9520 -0.3048
vn -0.0294 0.9500 0.3108
vn -0.0763 0.5860 0.8067
vn -0.0941 -0.0000 0.9956
vn -0.0763 -0.5860 0.8067
vn -0.0294 -0.9500 0.3108
vn 0.0288 -0.9520 -0.3048
vn 0.0761 -0.5892 -0.8044
vn 0.0941 -0.0000 -0.9956
vn 0.0070 0.5946 -0.8040
vn 0.0026 0.9550 -0.2965
vn -0.0028 0.9471 0.3209
vn -0.0071 0.5818 0.8133
vn -0.0087 -0.0000 1.0000
vn -0.0071 -0.5818 0.8133
vn -0.0028 -0.9471 0.3209
vn 0.0026 -0.9550 -0.2965
vn 0.0070 -0.5946 -0.8040
vn 0.0087 -0.0000 -1.0000
vn -0.0640 0.5894 -0.8053
vn -0.0242 0.9521 -0.3047
vn 0.0248 0.9499 0.3116
vn 0.0642 0.5858 0.8079
vn 0.0792 -0.0000 0.9969
vn 0.0642 -0.5858 0.8079
vn 0.0248 -0.9499 0.3116
vn -0.0242 -0.9521 -0.3047
vn -0.0640 -0.5894 -0.8053
vn -0.0792 -0.0000 -0.9969
vn -0.0590 0.5854 -0.8086
vn -0.0228 0.9496 -0.3128
vn 0.0221 0.9526 0.3036
vn 0.0587 0.5903 0.8051
vn 0.0727 -0.0000 0.9974
vn 0.0587 -0.5903 0.8051
vn 0.0221 -0.9526 0.3036
vn -0.0228 -0.9496 -0.3128
vn -0.0590 -0.5854 -0.8086
vn -0.0727 -0.0000 -0.9974
vn -0.0310 0.5870 -0.8090
vn -0.0119 0.9506 -0.3103
vn 0.0118 0.9515 0.3073
vn 0.0310 0.5886 0.8079
vn 0.0383 -0.0000 0.9993
vn 0.0310 -0.5886 0.8079
vn 0.0118 -0.9515 0.3073
vn -0.0119 -0.9506 -0.3103
vn -0.0310 -0.5870 -0.8090
vn -0.0383 -0.0000 -0.9993
vn -0.0240 0.5878 -0.8087
vn -0.0092 0.9510 -0.3089
vn 0.0092 0.9511 0.3089
vn 0.0240 0.5878 0.8087
vn 0.0296 -0.0000 0.9996
vn 0.0240 -0.5878 0.8087
vn 0.0092 -0.9511 0.3089
vn -0.0092 -0.9510 -0.3089
vn -0.0240 -0.5878 -0.8087
vn -0.0296 -0.0000 -0.9996
vn -0.0170 0.5870 -0.8094
vn -0.0065 0.9506 -0.3105
vn 0.0064 0.9515 0.3074
vn 0.0170 0.5886 0.8083
vn 0.0210 -0.0000 0.9998
vn 0.0170 -0.5886 0.8083
vn 0.0064 -0.9515 0.3074
vn -0.0065 -0.9506 -0.3105
vn -0.0170 -0.5870 -0.8094
vn -0.0210 -0.0000 -0.9998
vn 0.0007 0.5866 -0.8099
vn 0.0003 0.9503 -0.3114
vn -0.0002 0.9518 0.3067
vn -0.0007 0.5890 0.8081
vn -0.0008 -0.0000 1.0000
vn -0.0007 -0.5890 0.8081
vn -0.0002 -0.9518 0.3067
vn 0.0003 -0.9503 -0.3114
vn 0.0007 -0.5866 -0.8099
vn 0.0008 -0.0000 -1.0000
vn 0.0162 0.5872 -0.8093
vn 0.0062 0.9507 -0.3100
vn -0.0062 0.9514 0.3079
vn -0.0162 0.5883 0.8084
vn -0.0201 -0.0000 0.9998
vn -0.0162 -0.5883 0.8084
vn -0.0062 -0.9514 0.3079
vn 0.0062 -0.9507 -0.3100
vn 0.0162 -0.5872 -0.8093
vn 0.0201 -0.0000 -0.9998
vn 0.0211 0.5883 -0.8083
vn 0.0080 0.9514 -0.3078
vn -0.0081 0.9507 0.3100
vn -0.0211 0.5872 0.8092
vn -0.0261 -0.0000 0.9997
vn -0.0211 -0.5872 0.8092
vn -0.0081 -0.9507 0.3100
vn 0.0080 -0.9514 -0.3078
vn 0.0211 -0.5883 -0.8083
vn 0.0261 -0.0000 -0.9997
vt 0.000000 1.000000
vt 0.062500 1.000000
vt 0.062500 0.900000
vt 0.000000 0.900000
vt 0.000000 0.100000
vt 0.062500 0.100000
vt 0.062500 0.000000
vt 0.000000 0.000000
vt 0.000000 0.200000
vt 0.062500 0.200000
vt 0.000000 0.300000
vt 0.062500 0.300000
vt 0.000000 0.400000
vt 0.062500 0.400000
vt 0.000000 0.500000
vt 0.062500 0.500000
vt 0.000000 0.600000
vt 0.062500 0.600000
vt 0.000000 0.700000
vt 0.062500 0.700000
vt 0.000000 0.800000
vt 0.062500 0.800000
vt 0.125000 1.000000
vt 0.125000 0.900000
vt 0.125000 0.100000
vt 0.125000 0.000000
vt 0.125000 0.200000
vt 0.125000 0.300000
vt 0.125000 0.400000
vt 0.125000 0.500000
vt 0.125000 0.600000
vt 0.125000 0.700000
vt 0.125000 0.800000
vt 0.187500 1.000000
vt 0.187500 0.900000
vt 0.187500 0.100000
vt 0.187500 0.000000
vt 0.187500 0.200000
vt 0.187500 0.300000
vt 0.187500 0.400000
vt 0.187500 0.500000
vt 0.187500 0.600000
vt 0.187500 0.700000
vt 0.187500 0.800000
vt 0.250000 1.000000
vt 0.250000 0.900000
vt 0.250000 0.100000
vt 0.250000 0.000000
vt 0.250000 0.200000
vt 0.250000 0.300000
vt 0.250000 0.400000
vt 0.250000 0.500000
vt 0.250000 0.600000
vt 0.250000 0.700000
vt 0.250000 0.800000
vt 0.312500 1.000000
vt 0.312500 0.900000
vt 0.312500 0.100000
vt 0.312500 0.000000
vt 0.312500 0.200000
vt 0.312500 0.300000
vt 0.312500 0.400000
vt 0.312500 0.500000
vt 0.312500 0.600000
vt 0.312500 0.700000
vt 0.312500 0.800000
vt 0.375000 1.000000
vt 0.375000 0.900000
vt 0.375000 0.100000
vt 0.375000 0.000000
vt 0.375000 0.200000
vt 0.375000 0.300000
vt 0.375000 0.400000
vt 0.375000 0.500000
vt 0.375000 0.600000
vt 0.375000 0.700000
vt 0.375000 0.800000
vt 0.437500 1.000000
vt 0.437500 0.900000
vt 0.437500 0.100000
vt 0.437500 0.000000
vt 0.437500 0.200000
vt 0.437500 0.300000
vt 0.437500 0.400000
vt 0.437500 0.500000
vt 0.437500 0.600000
vt 0.437500 0.700000
vt 0.437500 0.800000
vt 0.500000 1.000000
vt 0.500000 0.900000
vt 0.500000 0.100000
vt 0.500000 0.000000
vt 0.500000 0.200000
vt 0.500000 0.300000
vt 0.500000 0.400000
vt 0.500000 0.500000
vt 0.500000 0.600000
vt 0.500000 0.700000
vt 0.500000 0.800000
vt 0.562500 1.000000
vt 0.562500 0.900000
vt 0.562500 0.100000
vt 0.562500 0.000000
vt 0.562500 0.200000
vt 0.562500 0.300000
vt 0.562500 0.400000
vt 0.562500 0.500000
vt 0.562500 0.600000
vt 0.562500 0.700000
vt 0.562500 0.800000
vt 0.625000 1.000000
vt 0.625000 0.900000
vt 0.625000 0.100000
vt 0.625000 0.000000
vt 0.625000 0.200000
vt 0.625000 0.300000
vt 0.625000 0.400000
vt 0.625000 0.500000
vt 0.625000 0.600000
vt 0.625000 0.700000
vt 0.625000 0.800000
vt 0.687500 1.000000
vt 0.687500 0.900000
vt 0.687500 0.100000
vt 0.687500 0.000000
vt 0.687500 0.200000
vt 0.687500 0.300000
vt 0.687500 0.400000
vt 0.687500 0.500000
vt 0.687500 0.600000
vt 0.687500 0.700000
vt 0.687500 0.800000
vt 0.750000 1.000000
vt 0.750000 0.900000
vt 0.750000 0.100000
vt 0.750000 0.000000
vt 0.750000 0.200000
vt 0.750000 0.300000
vt 0.750000 0.400000
vt 0.750000 0.500000
vt 0.750000 0.600000
vt 0.750000 0.700000
vt 0.750000 0.800000
vt 0.812500 1.000000
vt 0.812500 0.900000
vt 0.812500 0.100000
vt 0.812500 0.000000
vt 0.812500 0.200000
vt 0.812500 0.300000
vt 0.812500 0.400000
vt 0.812500 0.500000
vt 0.812500 0.600000
vt 0.812500 0.700000
vt 0.812500 0.800000
vt 0.875000 1.000000
vt 0.875000 0.900000
vt 0.875000 0.100000
vt 0.875000 0.000000
vt 0.875000 0.200000
vt 0.875000 0.300000
vt 0.875000 0.400000
vt 0.875000 0.500000
vt 0.875000 0.600000
vt 0.875000 0.700000
vt 0.875000 0.800000
vt 0.937500 1.000000
vt 0.937500 0.900000
vt 0.937500 0.100000
vt 0.937500 0.000000
vt 0.937500 0.200000
vt 0.937500 0.300000
vt 0.937500 0.400000
vt 0.937500 0.500000
vt 0.937500 0.600000
vt 0.937500 0.700000
vt 0.937500 0.800000
vt 1.000000 1.000000
vt 1.000000 0.900000
vt 1.000000 0.100000
vt 1.000000 0.000000
vt 1.000000 0.200000
vt 1.000000 0.300000
vt 1.000000 0.400000
vt 1.000000 0.500000
vt 1.000000 0.600000
vt 1.000000 0.700000
vt 1.000000 0.800000
s 1
usemtl M_AetherEnergy
f 2615/3296/2115 2625/3297/2125 2634/3298/2134 2624/3299/2124
f 2616/3300/2116 2626/3301/2126 2625/3302/2125 2615/3303/2115
f 2617/3304/2117 2627/3305/2127 2626/3301/2126 2616/3300/2116
f 2618/3306/2118 2628/3307/2128 2627/3305/2127 2617/3304/2117
f 2619/3308/2119 2629/3309/2129 2628/3307/2128 2618/3306/2118
f 2620/3310/2120 2630/3311/2130 2629/3309/2129 2619/3308/2119
f 2621/3312/2121 2631/3313/2131 2630/3311/2130 2620/3310/2120
f 2622/3314/2122 2632/3315/2132 2631/3313/2131 2621/3312/2121
f 2623/3316/2123 2633/3317/2133 2632/3315/2132 2622/3314/2122
f 2624/3299/2124 2634/3298/2134 2633/3317/2133 2623/3316/2123
f 2625/3297/2125 2635/3318/2135 2644/3319/2144 2634/3298/2134
f 2626/3301/2126 2636/3320/2136 2635/3321/2135 2625/3302/2125
f 2627/3305/2127 2637/3322/2137 2636/3320/2136 2626/3301/2126
f 2628/3307/2128 2638/3323/2138 2637/3322/2137 2627/3305/2127
f 2629/3309/2129 2639/3324/2139 2638/3323/2138 2628/3307/2128
f 2630/3311/2130 2640/3325/2140 2639/3324/2139 2629/3309/2129
f 2631/3313/2131 2641/3326/2141 2640/3325/2140 2630/3311/2130
f 2632/3315/2132 2642/3327/2142 2641/3326/2141 2631/3313/2131
f 2633/3317/2133 2643/3328/2143 2642/3327/2142 2632/3315/2132
f 2634/3298/2134 2644/3319/2144 2643/3328/2143 2633/3317/2133
f 2635/3318/2135 2645/3329/2145 2654/3330/2154 2644/3319/2144
f 2636/3320/2136 2646/3331/2146 2645/3332/2145 2635/3321/2135
f 2637/3322/2137 2647/3333/2147 2646/3331/2146 2636/3320/2136
f 2638/3323/2138 2648/3334/2148 2647/3333/2147 2637/3322/2137
f 2639/3324/2139 2649/3335/2149 2648/3334/2148 2638/3323/2138
f 2640/3325/2140 2650/3336/2150 2649/3335/2149 2639/3324/2139
f 2641/3326/2141 2651/3337/2151 2650/3336/2150 2640/3325/2140
f 2642/3327/2142 2652/3338/2152 2651/3337/2151 2641/3326/2141
f 2643/3328/2143 2653/3339/2153 2652/3338/2152 2642/3327/2142
f 2644/3319/2144 2654/3330/2154 2653/3339/2153 2643/3328/2143
f 2645/3329/2145 2655/3340/2155 2664/3341/2164 2654/3330/2154
f 2646/3331/2146 2656/3342/2156 2655/3343/2155 2645/3332/2145
f 2647/3333/2147 2657/3344/2157 2656/3342/2156 2646/3331/2146
f 2648/3334/2148 2658/3345/2158 2657/3344/2157 2647/3333/2147
f 2649/3335/2149 2659/3346/2159 2658/3345/2158 2648/3334/2148
f 2650/3336/2150 2660/3347/2160 2659/3346/2159 2649/3335/2149
f 2651/3337/2151 2661/3348/2161 2660/3347/2160 2650/3336/2150
f 2652/3338/2152 2662/3349/2162 2661/3348/2161 2651/3337/2151
f 2653/3339/2153 2663/3350/2163 2662/3349/2162 2652/3338/2152
f 2654/3330/2154 2664/3341/2164 2663/3350/2163 2653/3339/2153
f 2655/3340/2155 2665/3351/2165 2674/3352/2174 2664/3341/2164
f 2656/3342/2156 2666/3353/2166 2665/3354/2165 2655/3343/2155
f 2657/3344/2157 2667/3355/2167 2666/3353/2166 2656/3342/2156
f 2658/3345/2158 2668/3356/2168 2667/3355/2167 2657/3344/2157
f 2659/3346/2159 2669/3357/2169 2668/3356/2168 2658/3345/2158
f 2660/3347/2160 2670/3358/2170 2669/3357/2169 2659/3346/2159
f 2661/3348/2161 2671/3359/2171 2670/3358/2170 2660/3347/2160
f 2662/3349/2162 2672/3360/2172 2671/3359/2171 2661/3348/2161
f 2663/3350/2163 2673/3361/2173 2672/3360/2172 2662/3349/2162
f 2664/3341/2164 2674/3352/2174 2673/3361/2173 2663/3350/2163
f 2665/3351/2165 2675/3362/2175 2684/3363/2184 2674/3352/2174
f 2666/3353/2166 2676/3364/2176 2675/3365/2175 2665/3354/2165
f 2667/3355/2167 2677/3366/2177 2676/3364/2176 2666/3353/2166
f 2668/3356/2168 2678/3367/2178 2677/3366/2177 2667/3355/2167
f 2669/3357/2169 2679/3368/2179 2678/3367/2178 2668/3356/2168
f 2670/3358/2170 2680/3369/2180 2679/3368/2179 2669/3357/2169
f 2671/3359/2171 2681/3370/2181 2680/3369/2180 2670/3358/2170
f 2672/3360/2172 2682/3371/2182 2681/3370/2181 2671/3359/2171
f 2673/3361/2173 2683/3372/2183 2682/3371/2182 2672/3360/2172
f 2674/3352/2174 2684/3363/2184 2683/3372/2183 2673/3361/2173
f 2675/3362/2175 2685/3373/2185 2694/3374/2194 2684/3363/2184
f 2676/3364/2176 2686/3375/2186 2685/3376/2185 2675/3365/2175
f 2677/3366/2177 2687/3377/2187 2686/3375/2186 2676/3364/2176
f 2678/3367/2178 2688/3378/2188 2687/3377/2187 2677/3366/2177
f 2679/3368/2179 2689/3379/2189 2688/3378/2188 2678/3367/2178
f 2680/3369/2180 2690/3380/2190 2689/3379/2189 2679/3368/2179
f 2681/3370/2181 2691/3381/2191 2690/3380/2190 2680/3369/2180
f 2682/3371/2182 2692/3382/2192 2691/3381/2191 2681/3370/2181
f 2683/3372/2183 2693/3383/2193 2692/3382/2192 2682/3371/2182
f 2684/3363/2184 2694/3374/2194 2693/3383/2193 2683/3372/2183
f 2685/3373/2185 2695/3384/2195 2704/3385/2204 2694/3374/2194
f 2686/3375/2186 2696/3386/2196 2695/3387/2195 2685/3376/2185
f 2687/3377/2187 2697/3388/2197 2696/3386/2196 2686/3375/2186
f 2688/3378/2188 2698/3389/2198 2697/3388/2197 2687/3377/2187
f 2689/3379/2189 2699/3390/2199 2698/3389/2198 2688/3378/2188
f 2690/3380/2190 2700/3391/2200 2699/3390/2199 2689/3379/2189
f 2691/3381/2191 2701/3392/2201 2700/3391/2200 2690/3380/2190
f 2692/3382/2192 2702/3393/2202 2701/3392/2201 2691/3381/2191
f 2693/3383/2193 2703/3394/2203 2702/3393/2202 2692/3382/2192
f 2694/3374/2194 2704/3385/2204 2703/3394/2203 2693/3383/2193
f 2695/3384/2195 2705/3395/2205 2714/3396/2214 2704/3385/2204
f 2696/3386/2196 2706/3397/2206 2705/3398/2205 2695/3387/2195
f 2697/3388/2197 2707/3399/2207 2706/3397/2206 2696/3386/2196
f 2698/3389/2198 2708/3400/2208 2707/3399/2207 2697/3388/2197
f 2699/3390/2199 2709/3401/2209 2708/3400/2208 2698/3389/2198
f 2700/3391/2200 2710/3402/2210 2709/3401/2209 2699/3390/2199
f 2701/3392/2201 2711/3403/2211 2710/3402/2210 2700/3391/2200
f 2702/3393/2202 2712/3404/2212 2711/3403/2211 2701/3392/2201
f 2703/3394/2203 2713/3405/2213 2712/3404/2212 2702/3393/2202
f 2704/3385/2204 2714/3396/2214 2713/3405/2213 2703/3394/2203
f 2705/3395/2205 2715/3406/2215 2724/3407/2224 2714/3396/2214
f 2706/3397/2206 2716/3408/2216 2715/3409/2215 2705/3398/2205
f 2707/3399/2207 2717/3410/2217 2716/3408/2216 2706/3397/2206
f 2708/3400/2208 2718/3411/2218 2717/3410/2217 2707/3399/2207
f 2709/3401/2209 2719/3412/2219 2718/3411/2218 2708/3400/2208
f 2710/3402/2210 2720/3413/2220 2719/3412/2219 2709/3401/2209
f 2711/3403/2211 2721/3414/2221 2720/3413/2220 2710/3402/2210
f 2712/3404/2212 2722/3415/2222 2721/3414/2221 2711/3403/2211
f 2713/3405/2213 2723/3416/2223 2722/3415/2222 2712/3404/2212
f 2714/3396/2214 2724/3407/2224 2723/3416/2223 2713/3405/2213
f 2715/3406/2215 2725/3417/2225 2734/3418/2234 2724/3407/2224
f 2716/3408/2216 2726/3419/2226 2725/3420/2225 2715/3409/2215
f 2717/3410/2217 2727/3421/2227 2726/3419/2226 2716/3408/2216
f 2718/3411/2218 2728/3422/2228 2727/3421/2227 2717/3410/2217
f 2719/3412/2219 2729/3423/2229 2728/3422/2228 2718/3411/2218
f 2720/3413/2220 2730/3424/2230 2729/3423/2229 2719/3412/2219
f 2721/3414/2221 2731/3425/2231 2730/3424/2230 2720/3413/2220
f 2722/3415/2222 2732/3426/2232 2731/3425/2231 2721/3414/2221
f 2723/3416/2223 2733/3427/2233 2732/3426/2232 2722/3415/2222
f 2724/3407/2224 2734/3418/2234 2733/3427/2233 2723/3416/2223
f 2725/3417/2225 2735/3428/2235 2744/3429/2244 2734/3418/2234
f 2726/3419/2226 2736/3430/2236 2735/3431/2235 2725/3420/2225
f 2727/3421/2227 2737/3432/2237 2736/3430/2236 2726/3419/2226
f 2728/3422/2228 2738/3433/2238 2737/3432/2237 2727/3421/2227
f 2729/3423/2229 2739/3434/2239 2738/3433/2238 2728/3422/2228
f 2730/3424/2230 2740/3435/2240 2739/3434/2239 2729/3423/2229
f 2731/3425/2231 2741/3436/2241 2740/3435/2240 2730/3424/2230
f 2732/3426/2232 2742/3437/2242 2741/3436/2241 2731/3425/2231
f 2733/3427/2233 2743/3438/2243 2742/3437/2242 2732/3426/2232
f 2734/3418/2234 2744/3429/2244 2743/3438/2243 2733/3427/2233
f 2735/3428/2235 2745/3439/2245 2754/3440/2254 2744/3429/2244
f 2736/3430/2236 2746/3441/2246 2745/3442/2245 2735/3431/2235
f 2737/3432/2237 2747/3443/2247 2746/3441/2246 2736/3430/2236
f 2738/3433/2238 2748/3444/2248 2747/3443/2247 2737/3432/2237
f 2739/3434/2239 2749/3445/2249 2748/3444/2248 2738/3433/2238
f 2740/3435/2240 2750/3446/2250 2749/3445/2249 2739/3434/2239
f 2741/3436/2241 2751/3447/2251 2750/3446/2250 2740/3435/2240
f 2742/3437/2242 2752/3448/2252 2751/3447/2251 2741/3436/2241
f 2743/3438/2243 2753/3449/2253 2752/3448/2252 2742/3437/2242
f 2744/3429/2244 2754/3440/2254 2753/3449/2253 2743/3438/2243
f 2745/3439/2245 2755/3450/2255 2764/3451/2264 2754/3440/2254
f 2746/3441/2246 2756/3452/2256 2755/3453/2255 2745/3442/2245
f 2747/3443/2247 2757/3454/2257 2756/3452/2256 2746/3441/2246
f 2748/3444/2248 2758/3455/2258 2757/3454/2257 2747/3443/2247
f 2749/3445/2249 2759/3456/2259 2758/3455/2258 2748/3444/2248
f 2750/3446/2250 2760/3457/2260 2759/3456/2259 2749/3445/2249
f 2751/3447/2251 2761/3458/2261 2760/3457/2260 2750/3446/2250
f 2752/3448/2252 2762/3459/2262 2761/3458/2261 2751/3447/2251
f 2753/3449/2253 2763/3460/2263 2762/3459/2262 2752/3448/2252
f 2754/3440/2254 2764/3451/2264 2763/3460/2263 2753/3449/2253
f 2755/3450/2255 2765/3461/2265 2774/3462/2274 2764/3451/2264
f 2756/3452/2256 2766/3463/2266 2765/3464/2265 2755/3453/2255
f 2757/3454/2257 2767/3465/2267 2766/3463/2266 2756/3452/2256
f 2758/3455/2258 2768/3466/2268 2767/3465/2267 2757/3454/2257
f 2759/3456/2259 2769/3467/2269 2768/3466/2268 2758/3455/2258
f 2760/3457/2260 2770/3468/2270 2769/3467/2269 2759/3456/2259
f 2761/3458/2261 2771/3469/2271 2770/3468/2270 2760/3457/2260
f 2762/3459/2262 2772/3470/2272 2771/3469/2271 2761/3458/2261
f 2763/3460/2263 2773/3471/2273 2772/3470/2272 2762/3459/2262
f 2764/3451/2264 2774/3462/2274 2773/3471/2273 2763/3460/2263
f 2765/3461/2265 2775/3472/2275 2784/3473/2284 2774/3462/2274
f 2766/3463/2266 2776/3474/2276 2775/3475/2275 2765/3464/2265
f 2767/3465/2267 2777/3476/2277 2776/3474/2276 2766/3463/2266
f 2768/3466/2268 2778/3477/2278 2777/3476/2277 2767/3465/2267
f 2769/3467/2269 2779/3478/2279 2778/3477/2278 2768/3466/2268
f 2770/3468/2270 2780/3479/2280 2779/3478/2279 2769/3467/2269
f 2771/3469/2271 2781/3480/2281 2780/3479/2280 2770/3468/2270
f 2772/3470/2272 2782/3481/2282 2781/3480/2281 2771/3469/2271
f 2773/3471/2273 2783/3482/2283 2782/3481/2282 2772/3470/2272
f 2774/3462/2274 2784/3473/2284 2783/3482/2283 2773/3471/2273
o CausewayFracture_R_1
v -22.000298 0.318519 -1.874544
v -22.000113 0.326874 -1.863045
v -21.999887 0.326874 -1.848832
v -21.999702 0.318519 -1.837334
v -21.999634 0.305000 -1.832942
v -21.999702 0.291481 -1.837334
v -21.999887 0.283126 -1.848832
v -22.000113 0.283126 -1.863045
v -22.000298 0.291481 -1.874544
v -22.000366 0.305000 -1.878936
v -19.250353 0.318519 -1.940016
v -19.250168 0.326874 -1.928518
v -19.249943 0.326874 -1.914305
v -19.249758 0.318519 -1.902806
v -19.249689 0.305000 -1.898414
v -19.249758 0.291481 -1.902806
v -19.249943 0.283126 -1.914305
v -19.250168 0.283126 -1.928518
v -19.250353 0.291481 -1.940016
v -19.250422 0.305000 -1.944408
v -16.499813 0.318519 -1.962266
v -16.499928 0.326874 -1.950766
v -16.500072 0.326874 -1.936552
v -16.500187 0.318519 -1.925053
v -16.500233 0.305000 -1.920661
v -16.500187 0.291481 -1.925053
v -16.500072 0.283126 -1.936552
v -16.499928 0.283126 -1.950766
v -16.499813 0.291481 -1.962266
v -16.499767 0.305000 -1.966658
v -13.748592 0.318519 -1.884531
v -13.749026 0.326874 -1.873039
v -13.749562 0.326874 -1.858835
v -13.749996 0.318519 -1.847343
v -13.750162 0.305000 -1.842953
v -13.749996 0.291481 -1.847343
v -13.749562 0.283126 -1.858835
v -13.749026 0.283126 -1.873039
v -13.748592 0.291481 -1.884531
v -13.748426 0.305000 -1.888921
v -10.999162 0.318519 -1.754651
v -10.999680 0.326874 -1.743162
v -11.000320 0.326874 -1.728962
v -11.000838 0.318519 -1.717474
v -11.001036 0.305000 -1.713085
v -11.000838 0.291481 -1.717474
v -11.000320 0.283126 -1.728962
v -10.999680 0.283126 -1.743162
v -10.999162 0.291481 -1.754651
v -10.998964 0.305000 -1.759039
v -8.248226 0.318519 -1.636556
v -8.248787 0.326874 -1.625069
v -8.249481 0.326874 -1.610872
v -8.250042 0.318519 -1.599385
v -8.250256 0.305000 -1.594998
v -8.250042 0.291481 -1.599385
v -8.249481 0.283126 -1.610872
v -8.248787 0.283126 -1.625069
v -8.248226 0.291481 -1.636556
v -8.248013 0.305000 -1.640943
v -5.498541 0.318519 -1.485999
v -5.499443 0.326874 -1.474534
v -5.500557 0.326874 -1.460363
v -5.501459 0.318519 -1.448898
v -5.501803 0.305000 -1.444519
v -5.501459 0.291481 -1.448898
v -5.500557 0.283126 -1.460363
v -5.499443 0.283126 -1.474534
v -5.498541 0.291481 -1.485999
v -5.498197 0.305000 -1.490378
v -2.750016 0.318519 -1.203922
v -2.750912 0.326874 -1.192456
v -2.752020 0.326874 -1.178285
v -2.752916 0.318519 -1.166820
v -2.753258 0.305000 -1.162441
v -2.752916 0.291481 -1.166820
v -2.752020 0.283126 -1.178285
v -2.750912 0.283126 -1.192456
v -2.750016 0.291481 -1.203922
v -2.749674 0.305000 -1.208301
v -0.000428 0.318519 -1.056112
v -0.000163 0.326874 -1.044615
v 0.000163 0.326874 -1.030404
v 0.000428 0.318519 -1.018907
v 0.000529 0.305000 -1.014515
v 0.000428 0.291481 -1.018907
v 0.000163 0.283126 -1.030404
v -0.000163 0.283126 -1.044615
v -0.000428 0.291481 -1.056112
v -0.000529 0.305000 -1.060503
v 2.750293 0.318519 -1.331236
v 2.751640 0.326874 -1.319815
v 2.753306 0.326874 -1.305698
v 2.754653 0.318519 -1.294278
v 2.755168 0.305000 -1.289915
v 2.754653 0.291481 -1.294278
v 2.753306 0.283126 -1.305698
v 2.751640 0.283126 -1.319815
v 2.750293 0.291481 -1.331236
v 2.749778 0.305000 -1.335598
v 5.498169 0.318519 -1.705057
v 5.499301 0.326874 -1.693613
v 5.500699 0.326874 -1.679467
v 5.501831 0.318519 -1.668023
v 5.502263 0.305000 -1.663651
v 5.501831 0.291481 -1.668023
v 5.500699 0.283126 -1.679467
v 5.499301 0.283126 -1.693613
v 5.498169 0.291481 -1.705057
v 5.497737 0.305000 -1.709428
v 8.246712 0.318519 -1.875254
v 8.247214 0.326874 -1.863765
v 8.247834 0.326874 -1.849564
v 8.248337 0.318519 -1.838075
v 8.248528 0.305000 -1.833686
v 8.248337 0.291481 -1.838075
v 8.247834 0.283126 -1.849564
v 8.247214 0.283126 -1.863765
v 8.246712 0.291481 -1.875254
v 8.246520 0.305000 -1.879642
v 10.999697 0.318519 -1.945575
v 10.999884 0.326874 -1.934077
v 11.000116 0.326874 -1.919864
v 11.000303 0.318519 -1.908366
v 11.000375 0.305000 -1.903974
v 11.000303 0.291481 -1.908366
v 11.000116 0.283126 -1.919864
v 10.999884 0.283126 -1.934077
v 10.999697 0.291481 -1.945575
v 10.999625 0.305000 -1.949968
v 13.750299 0.318519 -1.965021
v 13.750223 0.326874 -1.953521
v 13.750130 0.326874 -1.939307
v 13.750054 0.318519 -1.927807
v 13.750026 0.305000 -1.923415
v 13.750054 0.291481 -1.927807
v 13.750130 0.283126 -1.939307
v 13.750223 0.283126 -1.953521
v 13.750299 0.291481 -1.965021
v 13.750327 0.305000 -1.969414
v 16.500589 0.318519 -1.909517
v 16.500225 0.326874 -1.898023
v 16.499775 0.326874 -1.883815
v 16.499411 0.318519 -1.872321
v 16.499271 0.305000 -1.867931
v 16.499411 0.291481 -1.872321
v 16.499775 0.283126 -1.883815
v 16.500225 0.283126 -1.898023
v 16.500589 0.291481 -1.909517
v 16.500729 0.305000 -1.913908
v 19.251587 0.318519 -1.790834
v 19.251019 0.326874 -1.779348
v 19.250317 0.326874 -1.765150
v 19.249748 0.318519 -1.753664
v 19.249533 0.305000 -1.749277
v 19.249748 0.291481 -1.753664
v 19.250317 0.283126 -1.765150
v 19.251019 0.283126 -1.779348
v 19.251587 0.291481 -1.790834
v 19.251802 0.305000 -1.795221
v 22.000919 0.318519 -1.637659
v 22.000351 0.326874 -1.626173
v 21.999649 0.326874 -1.611975
v 21.999081 0.318519 -1.600489
v 21.998865 0.305000 -1.596102
v 21.999081 0.291481 -1.600489
v 21.999649 0.283126 -1.611975
v 22.000351 0.283126 -1.626173
v 22.000919 0.291481 -1.637659
v 22.001135 0.305000 -1.642046
vn -0.0192 0.5885 -0.8083
vn -0.0073 0.9515 -0.3075
vn 0.0074 0.9506 0.3103
vn 0.0193 0.5870 0.8093
vn 0.0238 -0.0000 0.9997
vn 0.0193 -0.5870 0.8093
vn 0.0074 -0.9506 0.3103
vn -0.0073 -0.9515 -0.3075
vn -0.0192 -0.5885 -0.8083
vn -0.0238 -0.0000 -0.9997
vn -0.0129 0.5870 -0.8095
vn -0.0049 0.9506 -0.3104
vn 0.0049 0.9515 0.3076
vn 0.0129 0.5885 0.8084
vn 0.0159 -0.0000 0.9999
vn 0.0129 -0.5885 0.8084
vn 0.0049 -0.9515 0.3076
vn -0.0049 -0.9506 -0.3104
vn -0.0129 -0.5870 -0.8095
vn -0.0159 -0.0000 -0.9999
vn 0.0082 0.5861 -0.8102
vn 0.0031 0.9500 -0.3122
vn -0.0031 0.9521 0.3058
vn -0.0081 0.5895 0.8077
vn -0.0101 -0.0000 0.9999
vn -0.0081 -0.5895 0.8077
vn -0.0031 -0.9521 0.3058
vn 0.0031 -0.9500 -0.3122
vn 0.0082 -0.5861 -0.8102
vn 0.0101 -0.0000 -0.9999
vn 0.0305 0.5869 -0.8091
vn 0.0117 0.9505 -0.3105
vn -0.0116 0.9516 0.3071
vn -0.0305 0.5887 0.8078
vn -0.0377 -0.0000 0.9993
vn -0.0305 -0.5887 0.8078
vn -0.0116 -0.9516 0.3071
vn 0.0117 -0.9505 -0.3105
vn 0.0305 -0.5869 -0.8091
vn 0.0377 -0.0000 -0.9993
vn 0.0364 0.5880 -0.8081
vn 0.0139 0.9512 -0.3083
vn -0.0139 0.9509 0.3091
vn -0.0364 0.5876 0.8083
vn -0.0450 -0.0000 0.9990
vn -0.0364 -0.5876 0.8083
vn -0.0139 -0.9509 0.3091
vn 0.0139 -0.9512 -0.3083
vn 0.0364 -0.5880 -0.8081
vn 0.0450 -0.0000 -0.9990
vn 0.0395 0.5872 -0.8085
vn 0.0151 0.9507 -0.3097
vn -0.0150 0.9514 0.3076
vn -0.0394 0.5883 0.8077
vn -0.0488 -0.0000 0.9988
vn -0.0394 -0.5883 0.8077
vn -0.0150 -0.9514 0.3076
vn 0.0151 -0.9507 -0.3097
vn 0.0395 -0.5872 -0.8085
vn 0.0488 -0.0000 -0.9988
vn 0.0636 0.5856 -0.8081
vn 0.0246 0.9497 -0.3123
vn -0.0239 0.9524 0.3038
vn -0.0633 0.5900 0.8049
vn -0.0784 -0.0000 0.9969
vn -0.0633 -0.5900 0.8049
vn -0.0239 -0.9524 0.3038
vn 0.0246 -0.9497 -0.3123
vn 0.0636 -0.5856 -0.8081
vn 0.0784 -0.0000 -0.9969
vn 0.0629 0.5899 -0.8051
vn 0.0237 0.9524 -0.3039
vn -0.0244 0.9496 0.3125
vn -0.0632 0.5853 0.8083
vn -0.0779 -0.0000 0.9970
vn -0.0632 -0.5853 0.8083
vn -0.0244 -0.9496 0.3125
vn 0.0237 -0.9524 -0.3039
vn 0.0629 -0.5899 -0.8051
vn 0.0779 -0.0000 -0.9970
vn -0.0185 0.5955 -0.8032
vn -0.0068 0.9555 -0.2949
vn 0.0074 0.9467 0.3221
vn 0.0187 0.5812 0.8136
vn 0.0230 -0.0000 0.9997
vn 0.0187 -0.5812 0.8136
vn 0.0074 -0.9467 0.3221
vn -0.0068 -0.9555 -0.2949
vn -0.0185 -0.5955 -0.8032
vn -0.0230 -0.0000 -0.9997
vn -0.0947 0.5892 -0.8024
vn -0.0359 0.9520 -0.3039
vn 0.0366 0.9500 0.3102
vn 0.0949 0.5859 0.8048
vn 0.1172 -0.0000 0.9931
vn 0.0949 -0.5859 0.8048
vn 0.0366 -0.9500 0.3102
vn -0.0359 -0.9520 -0.3039
vn -0.0947 -0.5892 -0.8024
vn -0.1172 -0.0000 -0.9931
vn -0.0798 0.5845 -0.8075
vn -0.0310 0.9489 -0.3139
vn 0.0297 0.9532 0.3009
vn 0.0793 0.5913 0.8025
vn 0.0984 -0.0000 0.9952
vn 0.0793 -0.5913 0.8025
vn 0.0297 -0.9532 0.3009
vn -0.0310 -0.9489 -0.3139
vn -0.0798 -0.5845 -0.8075
vn -0.0984 -0.0000 -0.9952
vn -0.0354 0.5861 -0.8095
vn -0.0136 0.9500 -0.3120
vn 0.0134 0.9521 0.3055
vn 0.0353 0.5895 0.8070
vn 0.0437 -0.0000 0.9990
vn 0.0353 -0.5895 0.8070
vn 0.0134 -0.9521 0.3055
vn -0.0136 -0.9500 -0.3120
vn -0.0354 -0.5861 -0.8095
vn -0.0437 -0.0000 -0.9990
vn -0.0132 0.5869 -0.8095
vn -0.0051 0.9505 -0.3106
vn 0.0050 0.9516 0.3073
vn 0.0132 0.5886 0.8083
vn 0.0163 -0.0000 0.9999
vn 0.0132 -0.5886 0.8083
vn 0.0050 -0.9516 0.3073
vn -0.0051 -0.9505 -0.3106
vn -0.0132 -0.5869 -0.8095
vn -0.0163 -0.0000 -0.9999
vn 0.0053 0.5865 -0.8099
vn 0.0020 0.9503 -0.3114
vn -0.0020 0.9518 0.3066
vn -0.0053 0.5891 0.8081
vn -0.0066 -0.0000 1.0000
vn -0.0053 -0.5891 0.8081
vn -0.0020 -0.9518 0.3066
vn 0.0020 -0.9503 -0.3114
vn 0.0053 -0.5865 -0.8099
vn 0.0066 -0.0000 -1.0000
vn 0.0256 0.5867 -0.8094
vn 0.0098 0.9504 -0.3109
vn -0.0097 0.9517 0.3068
vn -0.0256 0.5889 0.8078
vn -0.0316 -0.0000 0.9995
vn -0.0256 -0.5889 0.8078
vn -0.0097 -0.9517 0.3068
vn 0.0098 -0.9504 -0.3109
vn 0.0256 -0.5867 -0.8094
vn 0.0316 -0.0000 -0.9995
vn 0.0400 0.5872 -0.8085
vn 0.0153 0.9507 -0.3098
vn -0.0152 0.9514 0.3075
vn -0.0399 0.5884 0.8076
vn -0.0494 -0.0000 0.9988
vn -0.0399 -0.5884 0.8076
vn -0.0152 -0.9514 0.3075
vn 0.0153 -0.9507 -0.3098
vn 0.0400 -0.5872 -0.8085
vn 0.0494 -0.0000 -0.9988
vn 0.0450 0.5884 -0.8073
vn 0.0171 0.9514 -0.3074
vn -0.0173 0.9507 0.3096
vn -0.0450 0.5872 0.8082
vn -0.0556 -0.0000 0.9985
vn -0.0450 -0.5872 0.8082
vn -0.0173 -0.9507 0.3096
vn 0.0171 -0.9514 -0.3074
vn 0.0450 -0.5884 -0.8073
vn 0.0556 -0.0000 -0.9985
vt 0.000000 1.000000
vt 0.062500 1.000000
vt 0.062500 0.900000
vt 0.000000 0.900000
vt 0.000000 0.100000
vt 0.062500 0.100000
vt 0.062500 0.000000
vt 0.000000 0.000000
vt 0.000000 0.200000
vt 0.062500 0.200000
vt 0.000000 0.300000
vt 0.062500 0.300000
vt 0.000000 0.400000
vt 0.062500 0.400000
vt 0.000000 0.500000
vt 0.062500 0.500000
vt 0.000000 0.600000
vt 0.062500 0.600000
vt 0.000000 0.700000
vt 0.062500 0.700000
vt 0.000000 0.800000
vt 0.062500 0.800000
vt 0.125000 1.000000
vt 0.125000 0.900000
vt 0.125000 0.100000
vt 0.125000 0.000000
vt 0.125000 0.200000
vt 0.125000 0.300000
vt 0.125000 0.400000
vt 0.125000 0.500000
vt 0.125000 0.600000
vt 0.125000 0.700000
vt 0.125000 0.800000
vt 0.187500 1.000000
vt 0.187500 0.900000
vt 0.187500 0.100000
vt 0.187500 0.000000
vt 0.187500 0.200000
vt 0.187500 0.300000
vt 0.187500 0.400000
vt 0.187500 0.500000
vt 0.187500 0.600000
vt 0.187500 0.700000
vt 0.187500 0.800000
vt 0.250000 1.000000
vt 0.250000 0.900000
vt 0.250000 0.100000
vt 0.250000 0.000000
vt 0.250000 0.200000
vt 0.250000 0.300000
vt 0.250000 0.400000
vt 0.250000 0.500000
vt 0.250000 0.600000
vt 0.250000 0.700000
vt 0.250000 0.800000
vt 0.312500 1.000000
vt 0.312500 0.900000
vt 0.312500 0.100000
vt 0.312500 0.000000
vt 0.312500 0.200000
vt 0.312500 0.300000
vt 0.312500 0.400000
vt 0.312500 0.500000
vt 0.312500 0.600000
vt 0.312500 0.700000
vt 0.312500 0.800000
vt 0.375000 1.000000
vt 0.375000 0.900000
vt 0.375000 0.100000
vt 0.375000 0.000000
vt 0.375000 0.200000
vt 0.375000 0.300000
vt 0.375000 0.400000
vt 0.375000 0.500000
vt 0.375000 0.600000
vt 0.375000 0.700000
vt 0.375000 0.800000
vt 0.437500 1.000000
vt 0.437500 0.900000
vt 0.437500 0.100000
vt 0.437500 0.000000
vt 0.437500 0.200000
vt 0.437500 0.300000
vt 0.437500 0.400000
vt 0.437500 0.500000
vt 0.437500 0.600000
vt 0.437500 0.700000
vt 0.437500 0.800000
vt 0.500000 1.000000
vt 0.500000 0.900000
vt 0.500000 0.100000
vt 0.500000 0.000000
vt 0.500000 0.200000
vt 0.500000 0.300000
vt 0.500000 0.400000
vt 0.500000 0.500000
vt 0.500000 0.600000
vt 0.500000 0.700000
vt 0.500000 0.800000
vt 0.562500 1.000000
vt 0.562500 0.900000
vt 0.562500 0.100000
vt 0.562500 0.000000
vt 0.562500 0.200000
vt 0.562500 0.300000
vt 0.562500 0.400000
vt 0.562500 0.500000
vt 0.562500 0.600000
vt 0.562500 0.700000
vt 0.562500 0.800000
vt 0.625000 1.000000
vt 0.625000 0.900000
vt 0.625000 0.100000
vt 0.625000 0.000000
vt 0.625000 0.200000
vt 0.625000 0.300000
vt 0.625000 0.400000
vt 0.625000 0.500000
vt 0.625000 0.600000
vt 0.625000 0.700000
vt 0.625000 0.800000
vt 0.687500 1.000000
vt 0.687500 0.900000
vt 0.687500 0.100000
vt 0.687500 0.000000
vt 0.687500 0.200000
vt 0.687500 0.300000
vt 0.687500 0.400000
vt 0.687500 0.500000
vt 0.687500 0.600000
vt 0.687500 0.700000
vt 0.687500 0.800000
vt 0.750000 1.000000
vt 0.750000 0.900000
vt 0.750000 0.100000
vt 0.750000 0.000000
vt 0.750000 0.200000
vt 0.750000 0.300000
vt 0.750000 0.400000
vt 0.750000 0.500000
vt 0.750000 0.600000
vt 0.750000 0.700000
vt 0.750000 0.800000
vt 0.812500 1.000000
vt 0.812500 0.900000
vt 0.812500 0.100000
vt 0.812500 0.000000
vt 0.812500 0.200000
vt 0.812500 0.300000
vt 0.812500 0.400000
vt 0.812500 0.500000
vt 0.812500 0.600000
vt 0.812500 0.700000
vt 0.812500 0.800000
vt 0.875000 1.000000
vt 0.875000 0.900000
vt 0.875000 0.100000
vt 0.875000 0.000000
vt 0.875000 0.200000
vt 0.875000 0.300000
vt 0.875000 0.400000
vt 0.875000 0.500000
vt 0.875000 0.600000
vt 0.875000 0.700000
vt 0.875000 0.800000
vt 0.937500 1.000000
vt 0.937500 0.900000
vt 0.937500 0.100000
vt 0.937500 0.000000
vt 0.937500 0.200000
vt 0.937500 0.300000
vt 0.937500 0.400000
vt 0.937500 0.500000
vt 0.937500 0.600000
vt 0.937500 0.700000
vt 0.937500 0.800000
vt 1.000000 1.000000
vt 1.000000 0.900000
vt 1.000000 0.100000
vt 1.000000 0.000000
vt 1.000000 0.200000
vt 1.000000 0.300000
vt 1.000000 0.400000
vt 1.000000 0.500000
vt 1.000000 0.600000
vt 1.000000 0.700000
vt 1.000000 0.800000
s 1
usemtl M_AetherEnergy
f 2785/3483/2285 2795/3484/2295 2804/3485/2304 2794/3486/2294
f 2786/3487/2286 2796/3488/2296 2795/3489/2295 2785/3490/2285
f 2787/3491/2287 2797/3492/2297 2796/3488/2296 2786/3487/2286
f 2788/3493/2288 2798/3494/2298 2797/3492/2297 2787/3491/2287
f 2789/3495/2289 2799/3496/2299 2798/3494/2298 2788/3493/2288
f 2790/3497/2290 2800/3498/2300 2799/3496/2299 2789/3495/2289
f 2791/3499/2291 2801/3500/2301 2800/3498/2300 2790/3497/2290
f 2792/3501/2292 2802/3502/2302 2801/3500/2301 2791/3499/2291
f 2793/3503/2293 2803/3504/2303 2802/3502/2302 2792/3501/2292
f 2794/3486/2294 2804/3485/2304 2803/3504/2303 2793/3503/2293
f 2795/3484/2295 2805/3505/2305 2814/3506/2314 2804/3485/2304
f 2796/3488/2296 2806/3507/2306 2805/3508/2305 2795/3489/2295
f 2797/3492/2297 2807/3509/2307 2806/3507/2306 2796/3488/2296
f 2798/3494/2298 2808/3510/2308 2807/3509/2307 2797/3492/2297
f 2799/3496/2299 2809/3511/2309 2808/3510/2308 2798/3494/2298
f 2800/3498/2300 2810/3512/2310 2809/3511/2309 2799/3496/2299
f 2801/3500/2301 2811/3513/2311 2810/3512/2310 2800/3498/2300
f 2802/3502/2302 2812/3514/2312 2811/3513/2311 2801/3500/2301
f 2803/3504/2303 2813/3515/2313 2812/3514/2312 2802/3502/2302
f 2804/3485/2304 2814/3506/2314 2813/3515/2313 2803/3504/2303
f 2805/3505/2305 2815/3516/2315 2824/3517/2324 2814/3506/2314
f 2806/3507/2306 2816/3518/2316 2815/3519/2315 2805/3508/2305
f 2807/3509/2307 2817/3520/2317 2816/3518/2316 2806/3507/2306
f 2808/3510/2308 2818/3521/2318 2817/3520/2317 2807/3509/2307
f 2809/3511/2309 2819/3522/2319 2818/3521/2318 2808/3510/2308
f 2810/3512/2310 2820/3523/2320 2819/3522/2319 2809/3511/2309
f 2811/3513/2311 2821/3524/2321 2820/3523/2320 2810/3512/2310
f 2812/3514/2312 2822/3525/2322 2821/3524/2321 2811/3513/2311
f 2813/3515/2313 2823/3526/2323 2822/3525/2322 2812/3514/2312
f 2814/3506/2314 2824/3517/2324 2823/3526/2323 2813/3515/2313
f 2815/3516/2315 2825/3527/2325 2834/3528/2334 2824/3517/2324
f 2816/3518/2316 2826/3529/2326 2825/3530/2325 2815/3519/2315
f 2817/3520/2317 2827/3531/2327 2826/3529/2326 2816/3518/2316
f 2818/3521/2318 2828/3532/2328 2827/3531/2327 2817/3520/2317
f 2819/3522/2319 2829/3533/2329 2828/3532/2328 2818/3521/2318
f 2820/3523/2320 2830/3534/2330 2829/3533/2329 2819/3522/2319
f 2821/3524/2321 2831/3535/2331 2830/3534/2330 2820/3523/2320
f 2822/3525/2322 2832/3536/2332 2831/3535/2331 2821/3524/2321
f 2823/3526/2323 2833/3537/2333 2832/3536/2332 2822/3525/2322
f 2824/3517/2324 2834/3528/2334 2833/3537/2333 2823/3526/2323
f 2825/3527/2325 2835/3538/2335 2844/3539/2344 2834/3528/2334
f 2826/3529/2326 2836/3540/2336 2835/3541/2335 2825/3530/2325
f 2827/3531/2327 2837/3542/2337 2836/3540/2336 2826/3529/2326
f 2828/3532/2328 2838/3543/2338 2837/3542/2337 2827/3531/2327
f 2829/3533/2329 2839/3544/2339 2838/3543/2338 2828/3532/2328
f 2830/3534/2330 2840/3545/2340 2839/3544/2339 2829/3533/2329
f 2831/3535/2331 2841/3546/2341 2840/3545/2340 2830/3534/2330
f 2832/3536/2332 2842/3547/2342 2841/3546/2341 2831/3535/2331
f 2833/3537/2333 2843/3548/2343 2842/3547/2342 2832/3536/2332
f 2834/3528/2334 2844/3539/2344 2843/3548/2343 2833/3537/2333
f 2835/3538/2335 2845/3549/2345 2854/3550/2354 2844/3539/2344
f 2836/3540/2336 2846/3551/2346 2845/3552/2345 2835/3541/2335
f 2837/3542/2337 2847/3553/2347 2846/3551/2346 2836/3540/2336
f 2838/3543/2338 2848/3554/2348 2847/3553/2347 2837/3542/2337
f 2839/3544/2339 2849/3555/2349 2848/3554/2348 2838/3543/2338
f 2840/3545/2340 2850/3556/2350 2849/3555/2349 2839/3544/2339
f 2841/3546/2341 2851/3557/2351 2850/3556/2350 2840/3545/2340
f 2842/3547/2342 2852/3558/2352 2851/3557/2351 2841/3546/2341
f 2843/3548/2343 2853/3559/2353 2852/3558/2352 2842/3547/2342
f 2844/3539/2344 2854/3550/2354 2853/3559/2353 2843/3548/2343
f 2845/3549/2345 2855/3560/2355 2864/3561/2364 2854/3550/2354
f 2846/3551/2346 2856/3562/2356 2855/3563/2355 2845/3552/2345
f 2847/3553/2347 2857/3564/2357 2856/3562/2356 2846/3551/2346
f 2848/3554/2348 2858/3565/2358 2857/3564/2357 2847/3553/2347
f 2849/3555/2349 2859/3566/2359 2858/3565/2358 2848/3554/2348
f 2850/3556/2350 2860/3567/2360 2859/3566/2359 2849/3555/2349
f 2851/3557/2351 2861/3568/2361 2860/3567/2360 2850/3556/2350
f 2852/3558/2352 2862/3569/2362 2861/3568/2361 2851/3557/2351
f 2853/3559/2353 2863/3570/2363 2862/3569/2362 2852/3558/2352
f 2854/3550/2354 2864/3561/2364 2863/3570/2363 2853/3559/2353
f 2855/3560/2355 2865/3571/2365 2874/3572/2374 2864/3561/2364
f 2856/3562/2356 2866/3573/2366 2865/3574/2365 2855/3563/2355
f 2857/3564/2357 2867/3575/2367 2866/3573/2366 2856/3562/2356
f 2858/3565/2358 2868/3576/2368 2867/3575/2367 2857/3564/2357
f 2859/3566/2359 2869/3577/2369 2868/3576/2368 2858/3565/2358
f 2860/3567/2360 2870/3578/2370 2869/3577/2369 2859/3566/2359
f 2861/3568/2361 2871/3579/2371 2870/3578/2370 2860/3567/2360
f 2862/3569/2362 2872/3580/2372 2871/3579/2371 2861/3568/2361
f 2863/3570/2363 2873/3581/2373 2872/3580/2372 2862/3569/2362
f 2864/3561/2364 2874/3572/2374 2873/3581/2373 2863/3570/2363
f 2865/3571/2365 2875/3582/2375 2884/3583/2384 2874/3572/2374
f 2866/3573/2366 2876/3584/2376 2875/3585/2375 2865/3574/2365
f 2867/3575/2367 2877/3586/2377 2876/3584/2376 2866/3573/2366
f 2868/3576/2368 2878/3587/2378 2877/3586/2377 2867/3575/2367
f 2869/3577/2369 2879/3588/2379 2878/3587/2378 2868/3576/2368
f 2870/3578/2370 2880/3589/2380 2879/3588/2379 2869/3577/2369
f 2871/3579/2371 2881/3590/2381 2880/3589/2380 2870/3578/2370
f 2872/3580/2372 2882/3591/2382 2881/3590/2381 2871/3579/2371
f 2873/3581/2373 2883/3592/2383 2882/3591/2382 2872/3580/2372
f 2874/3572/2374 2884/3583/2384 2883/3592/2383 2873/3581/2373
f 2875/3582/2375 2885/3593/2385 2894/3594/2394 2884/3583/2384
f 2876/3584/2376 2886/3595/2386 2885/3596/2385 2875/3585/2375
f 2877/3586/2377 2887/3597/2387 2886/3595/2386 2876/3584/2376
f 2878/3587/2378 2888/3598/2388 2887/3597/2387 2877/3586/2377
f 2879/3588/2379 2889/3599/2389 2888/3598/2388 2878/3587/2378
f 2880/3589/2380 2890/3600/2390 2889/3599/2389 2879/3588/2379
f 2881/3590/2381 2891/3601/2391 2890/3600/2390 2880/3589/2380
f 2882/3591/2382 2892/3602/2392 2891/3601/2391 2881/3590/2381
f 2883/3592/2383 2893/3603/2393 2892/3602/2392 2882/3591/2382
f 2884/3583/2384 2894/3594/2394 2893/3603/2393 2883/3592/2383
f 2885/3593/2385 2895/3604/2395 2904/3605/2404 2894/3594/2394
f 2886/3595/2386 2896/3606/2396 2895/3607/2395 2885/3596/2385
f 2887/3597/2387 2897/3608/2397 2896/3606/2396 2886/3595/2386
f 2888/3598/2388 2898/3609/2398 2897/3608/2397 2887/3597/2387
f 2889/3599/2389 2899/3610/2399 2898/3609/2398 2888/3598/2388
f 2890/3600/2390 2900/3611/2400 2899/3610/2399 2889/3599/2389
f 2891/3601/2391 2901/3612/2401 2900/3611/2400 2890/3600/2390
f 2892/3602/2392 2902/3613/2402 2901/3612/2401 2891/3601/2391
f 2893/3603/2393 2903/3614/2403 2902/3613/2402 2892/3602/2392
f 2894/3594/2394 2904/3605/2404 2903/3614/2403 2893/3603/2393
f 2895/3604/2395 2905/3615/2405 2914/3616/2414 2904/3605/2404
f 2896/3606/2396 2906/3617/2406 2905/3618/2405 2895/3607/2395
f 2897/3608/2397 2907/3619/2407 2906/3617/2406 2896/3606/2396
f 2898/3609/2398 2908/3620/2408 2907/3619/2407 2897/3608/2397
f 2899/3610/2399 2909/3621/2409 2908/3620/2408 2898/3609/2398
f 2900/3611/2400 2910/3622/2410 2909/3621/2409 2899/3610/2399
f 2901/3612/2401 2911/3623/2411 2910/3622/2410 2900/3611/2400
f 2902/3613/2402 2912/3624/2412 2911/3623/2411 2901/3612/2401
f 2903/3614/2403 2913/3625/2413 2912/3624/2412 2902/3613/2402
f 2904/3605/2404 2914/3616/2414 2913/3625/2413 2903/3614/2403
f 2905/3615/2405 2915/3626/2415 2924/3627/2424 2914/3616/2414
f 2906/3617/2406 2916/3628/2416 2915/3629/2415 2905/3618/2405
f 2907/3619/2407 2917/3630/2417 2916/3628/2416 2906/3617/2406
f 2908/3620/2408 2918/3631/2418 2917/3630/2417 2907/3619/2407
f 2909/3621/2409 2919/3632/2419 2918/3631/2418 2908/3620/2408
f 2910/3622/2410 2920/3633/2420 2919/3632/2419 2909/3621/2409
f 2911/3623/2411 2921/3634/2421 2920/3633/2420 2910/3622/2410
f 2912/3624/2412 2922/3635/2422 2921/3634/2421 2911/3623/2411
f 2913/3625/2413 2923/3636/2423 2922/3635/2422 2912/3624/2412
f 2914/3616/2414 2924/3627/2424 2923/3636/2423 2913/3625/2413
f 2915/3626/2415 2925/3637/2425 2934/3638/2434 2924/3627/2424
f 2916/3628/2416 2926/3639/2426 2925/3640/2425 2915/3629/2415
f 2917/3630/2417 2927/3641/2427 2926/3639/2426 2916/3628/2416
f 2918/3631/2418 2928/3642/2428 2927/3641/2427 2917/3630/2417
f 2919/3632/2419 2929/3643/2429 2928/3642/2428 2918/3631/2418
f 2920/3633/2420 2930/3644/2430 2929/3643/2429 2919/3632/2419
f 2921/3634/2421 2931/3645/2431 2930/3644/2430 2920/3633/2420
f 2922/3635/2422 2932/3646/2432 2931/3645/2431 2921/3634/2421
f 2923/3636/2423 2933/3647/2433 2932/3646/2432 2922/3635/2422
f 2924/3627/2424 2934/3638/2434 2933/3647/2433 2923/3636/2423
f 2925/3637/2425 2935/3648/2435 2944/3649/2444 2934/3638/2434
f 2926/3639/2426 2936/3650/2436 2935/3651/2435 2925/3640/2425
f 2927/3641/2427 2937/3652/2437 2936/3650/2436 2926/3639/2426
f 2928/3642/2428 2938/3653/2438 2937/3652/2437 2927/3641/2427
f 2929/3643/2429 2939/3654/2439 2938/3653/2438 2928/3642/2428
f 2930/3644/2430 2940/3655/2440 2939/3654/2439 2929/3643/2429
f 2931/3645/2431 2941/3656/2441 2940/3655/2440 2930/3644/2430
f 2932/3646/2432 2942/3657/2442 2941/3656/2441 2931/3645/2431
f 2933/3647/2433 2943/3658/2443 2942/3657/2442 2932/3646/2432
f 2934/3638/2434 2944/3649/2444 2943/3658/2443 2933/3647/2433
f 2935/3648/2435 2945/3659/2445 2954/3660/2454 2944/3649/2444
f 2936/3650/2436 2946/3661/2446 2945/3662/2445 2935/3651/2435
f 2937/3652/2437 2947/3663/2447 2946/3661/2446 2936/3650/2436
f 2938/3653/2438 2948/3664/2448 2947/3663/2447 2937/3652/2437
f 2939/3654/2439 2949/3665/2449 2948/3664/2448 2938/3653/2438
f 2940/3655/2440 2950/3666/2450 2949/3665/2449 2939/3654/2439
f 2941/3656/2441 2951/3667/2451 2950/3666/2450 2940/3655/2440
f 2942/3657/2442 2952/3668/2452 2951/3667/2451 2941/3656/2441
f 2943/3658/2443 2953/3669/2453 2952/3668/2452 2942/3657/2442
f 2944/3649/2444 2954/3660/2454 2953/3669/2453 2943/3658/2443
o CausewayFracture_R_1
v -22.000298 0.318519 -1.874544
v -22.000113 0.326874 -1.863045
v -21.999887 0.326874 -1.848832
v -21.999702 0.318519 -1.837334
v -21.999634 0.305000 -1.832942
v -21.999702 0.291481 -1.837334
v -21.999887 0.283126 -1.848832
v -22.000113 0.283126 -1.863045
v -22.000298 0.291481 -1.874544
v -22.000366 0.305000 -1.878936
v -19.250353 0.318519 -1.940016
v -19.250168 0.326874 -1.928518
v -19.249943 0.326874 -1.914305
v -19.249758 0.318519 -1.902806
v -19.249689 0.305000 -1.898414
v -19.249758 0.291481 -1.902806
v -19.249943 0.283126 -1.914305
v -19.250168 0.283126 -1.928518
v -19.250353 0.291481 -1.940016
v -19.250422 0.305000 -1.944408
v -16.499813 0.318519 -1.962266
v -16.499928 0.326874 -1.950766
v -16.500072 0.326874 -1.936552
v -16.500187 0.318519 -1.925053
v -16.500233 0.305000 -1.920661
v -16.500187 0.291481 -1.925053
v -16.500072 0.283126 -1.936552
v -16.499928 0.283126 -1.950766
v -16.499813 0.291481 -1.962266
v -16.499767 0.305000 -1.966658
v -13.748592 0.318519 -1.884531
v -13.749026 0.326874 -1.873039
v -13.749562 0.326874 -1.858835
v -13.749996 0.318519 -1.847343
v -13.750162 0.305000 -1.842953
v -13.749996 0.291481 -1.847343
v -13.749562 0.283126 -1.858835
v -13.749026 0.283126 -1.873039
v -13.748592 0.291481 -1.884531
v -13.748426 0.305000 -1.888921
v -10.999162 0.318519 -1.754651
v -10.999680 0.326874 -1.743162
v -11.000320 0.326874 -1.728962
v -11.000838 0.318519 -1.717474
v -11.001036 0.305000 -1.713085
v -11.000838 0.291481 -1.717474
v -11.000320 0.283126 -1.728962
v -10.999680 0.283126 -1.743162
v -10.999162 0.291481 -1.754651
v -10.998964 0.305000 -1.759039
v -8.248226 0.318519 -1.636556
v -8.248787 0.326874 -1.625069
v -8.249481 0.326874 -1.610872
v -8.250042 0.318519 -1.599385
v -8.250256 0.305000 -1.594998
v -8.250042 0.291481 -1.599385
v -8.249481 0.283126 -1.610872
v -8.248787 0.283126 -1.625069
v -8.248226 0.291481 -1.636556
v -8.248013 0.305000 -1.640943
v -5.498541 0.318519 -1.485999
v -5.499443 0.326874 -1.474534
v -5.500557 0.326874 -1.460363
v -5.501459 0.318519 -1.448898
v -5.501803 0.305000 -1.444519
v -5.501459 0.291481 -1.448898
v -5.500557 0.283126 -1.460363
v -5.499443 0.283126 -1.474534
v -5.498541 0.291481 -1.485999
v -5.498197 0.305000 -1.490378
v -2.750016 0.318519 -1.203922
v -2.750912 0.326874 -1.192456
v -2.752020 0.326874 -1.178285
v -2.752916 0.318519 -1.166820
v -2.753258 0.305000 -1.162441
v -2.752916 0.291481 -1.166820
v -2.752020 0.283126 -1.178285
v -2.750912 0.283126 -1.192456
v -2.750016 0.291481 -1.203922
v -2.749674 0.305000 -1.208301
v -0.000428 0.318519 -1.056112
v -0.000163 0.326874 -1.044615
v 0.000163 0.326874 -1.030404
v 0.000428 0.318519 -1.018907
v 0.000529 0.305000 -1.014515
v 0.000428 0.291481 -1.018907
v 0.000163 0.283126 -1.030404
v -0.000163 0.283126 -1.044615
v -0.000428 0.291481 -1.056112
v -0.000529 0.305000 -1.060503
v 2.750293 0.318519 -1.331236
v 2.751640 0.326874 -1.319815
v 2.753306 0.326874 -1.305698
v 2.754653 0.318519 -1.294278
v 2.755168 0.305000 -1.289915
v 2.754653 0.291481 -1.294278
v 2.753306 0.283126 -1.305698
v 2.751640 0.283126 -1.319815
v 2.750293 0.291481 -1.331236
v 2.749778 0.305000 -1.335598
v 5.498169 0.318519 -1.705057
v 5.499301 0.326874 -1.693613
v 5.500699 0.326874 -1.679467
v 5.501831 0.318519 -1.668023
v 5.502263 0.305000 -1.663651
v 5.501831 0.291481 -1.668023
v 5.500699 0.283126 -1.679467
v 5.499301 0.283126 -1.693613
v 5.498169 0.291481 -1.705057
v 5.497737 0.305000 -1.709428
v 8.246712 0.318519 -1.875254
v 8.247214 0.326874 -1.863765
v 8.247834 0.326874 -1.849564
v 8.248337 0.318519 -1.838075
v 8.248528 0.305000 -1.833686
v 8.248337 0.291481 -1.838075
v 8.247834 0.283126 -1.849564
v 8.247214 0.283126 -1.863765
v 8.246712 0.291481 -1.875254
v 8.246520 0.305000 -1.879642
v 10.999697 0.318519 -1.945575
v 10.999884 0.326874 -1.934077
v 11.000116 0.326874 -1.919864
v 11.000303 0.318519 -1.908366
v 11.000375 0.305000 -1.903974
v 11.000303 0.291481 -1.908366
v 11.000116 0.283126 -1.919864
v 10.999884 0.283126 -1.934077
v 10.999697 0.291481 -1.945575
v 10.999625 0.305000 -1.949968
v 13.750299 0.318519 -1.965021
v 13.750223 0.326874 -1.953521
v 13.750130 0.326874 -1.939307
v 13.750054 0.318519 -1.927807
v 13.750026 0.305000 -1.923415
v 13.750054 0.291481 -1.927807
v 13.750130 0.283126 -1.939307
v 13.750223 0.283126 -1.953521
v 13.750299 0.291481 -1.965021
v 13.750327 0.305000 -1.969414
v 16.500589 0.318519 -1.909517
v 16.500225 0.326874 -1.898023
v 16.499775 0.326874 -1.883815
v 16.499411 0.318519 -1.872321
v 16.499271 0.305000 -1.867931
v 16.499411 0.291481 -1.872321
v 16.499775 0.283126 -1.883815
v 16.500225 0.283126 -1.898023
v 16.500589 0.291481 -1.909517
v 16.500729 0.305000 -1.913908
v 19.251587 0.318519 -1.790834
v 19.251019 0.326874 -1.779348
v 19.250317 0.326874 -1.765150
v 19.249748 0.318519 -1.753664
v 19.249533 0.305000 -1.749277
v 19.249748 0.291481 -1.753664
v 19.250317 0.283126 -1.765150
v 19.251019 0.283126 -1.779348
v 19.251587 0.291481 -1.790834
v 19.251802 0.305000 -1.795221
v 22.000919 0.318519 -1.637659
v 22.000351 0.326874 -1.626173
v 21.999649 0.326874 -1.611975
v 21.999081 0.318519 -1.600489
v 21.998865 0.305000 -1.596102
v 21.999081 0.291481 -1.600489
v 21.999649 0.283126 -1.611975
v 22.000351 0.283126 -1.626173
v 22.000919 0.291481 -1.637659
v 22.001135 0.305000 -1.642046
vn -0.0192 0.5885 -0.8083
vn -0.0073 0.9515 -0.3075
vn 0.0074 0.9506 0.3103
vn 0.0193 0.5870 0.8093
vn 0.0238 -0.0000 0.9997
vn 0.0193 -0.5870 0.8093
vn 0.0074 -0.9506 0.3103
vn -0.0073 -0.9515 -0.3075
vn -0.0192 -0.5885 -0.8083
vn -0.0238 -0.0000 -0.9997
vn -0.0129 0.5870 -0.8095
vn -0.0049 0.9506 -0.3104
vn 0.0049 0.9515 0.3076
vn 0.0129 0.5885 0.8084
vn 0.0159 -0.0000 0.9999
vn 0.0129 -0.5885 0.8084
vn 0.0049 -0.9515 0.3076
vn -0.0049 -0.9506 -0.3104
vn -0.0129 -0.5870 -0.8095
vn -0.0159 -0.0000 -0.9999
vn 0.0082 0.5861 -0.8102
vn 0.0031 0.9500 -0.3122
vn -0.0031 0.9521 0.3058
vn -0.0081 0.5895 0.8077
vn -0.0101 -0.0000 0.9999
vn -0.0081 -0.5895 0.8077
vn -0.0031 -0.9521 0.3058
vn 0.0031 -0.9500 -0.3122
vn 0.0082 -0.5861 -0.8102
vn 0.0101 -0.0000 -0.9999
vn 0.0305 0.5869 -0.8091
vn 0.0117 0.9505 -0.3105
vn -0.0116 0.9516 0.3071
vn -0.0305 0.5887 0.8078
vn -0.0377 -0.0000 0.9993
vn -0.0305 -0.5887 0.8078
vn -0.0116 -0.9516 0.3071
vn 0.0117 -0.9505 -0.3105
vn 0.0305 -0.5869 -0.8091
vn 0.0377 -0.0000 -0.9993
vn 0.0364 0.5880 -0.8081
vn 0.0139 0.9512 -0.3083
vn -0.0139 0.9509 0.3091
vn -0.0364 0.5876 0.8083
vn -0.0450 -0.0000 0.9990
vn -0.0364 -0.5876 0.8083
vn -0.0139 -0.9509 0.3091
vn 0.0139 -0.9512 -0.3083
vn 0.0364 -0.5880 -0.8081
vn 0.0450 -0.0000 -0.9990
vn 0.0395 0.5872 -0.8085
vn 0.0151 0.9507 -0.3097
vn -0.0150 0.9514 0.3076
vn -0.0394 0.5883 0.8077
vn -0.0488 -0.0000 0.9988
vn -0.0394 -0.5883 0.8077
vn -0.0150 -0.9514 0.3076
vn 0.0151 -0.9507 -0.3097
vn 0.0395 -0.5872 -0.8085
vn 0.0488 -0.0000 -0.9988
vn 0.0636 0.5856 -0.8081
vn 0.0246 0.9497 -0.3123
vn -0.0239 0.9524 0.3038
vn -0.0633 0.5900 0.8049
vn -0.0784 -0.0000 0.9969
vn -0.0633 -0.5900 0.8049
vn -0.0239 -0.9524 0.3038
vn 0.0246 -0.9497 -0.3123
vn 0.0636 -0.5856 -0.8081
vn 0.0784 -0.0000 -0.9969
vn 0.0629 0.5899 -0.8051
vn 0.0237 0.9524 -0.3039
vn -0.0244 0.9496 0.3125
vn -0.0632 0.5853 0.8083
vn -0.0779 -0.0000 0.9970
vn -0.0632 -0.5853 0.8083
vn -0.0244 -0.9496 0.3125
vn 0.0237 -0.9524 -0.3039
vn 0.0629 -0.5899 -0.8051
vn 0.0779 -0.0000 -0.9970
vn -0.0185 0.5955 -0.8032
vn -0.0068 0.9555 -0.2949
vn 0.0074 0.9467 0.3221
vn 0.0187 0.5812 0.8136
vn 0.0230 -0.0000 0.9997
vn 0.0187 -0.5812 0.8136
vn 0.0074 -0.9467 0.3221
vn -0.0068 -0.9555 -0.2949
vn -0.0185 -0.5955 -0.8032
vn -0.0230 -0.0000 -0.9997
vn -0.0947 0.5892 -0.8024
vn -0.0359 0.9520 -0.3039
vn 0.0366 0.9500 0.3102
vn 0.0949 0.5859 0.8048
vn 0.1172 -0.0000 0.9931
vn 0.0949 -0.5859 0.8048
vn 0.0366 -0.9500 0.3102
vn -0.0359 -0.9520 -0.3039
vn -0.0947 -0.5892 -0.8024
vn -0.1172 -0.0000 -0.9931
vn -0.0798 0.5845 -0.8075
vn -0.0310 0.9489 -0.3139
vn 0.0297 0.9532 0.3009
vn 0.0793 0.5913 0.8025
vn 0.0984 -0.0000 0.9952
vn 0.0793 -0.5913 0.8025
vn 0.0297 -0.9532 0.3009
vn -0.0310 -0.9489 -0.3139
vn -0.0798 -0.5845 -0.8075
vn -0.0984 -0.0000 -0.9952
vn -0.0354 0.5861 -0.8095
vn -0.0136 0.9500 -0.3120
vn 0.0134 0.9521 0.3055
vn 0.0353 0.5895 0.8070
vn 0.0437 -0.0000 0.9990
vn 0.0353 -0.5895 0.8070
vn 0.0134 -0.9521 0.3055
vn -0.0136 -0.9500 -0.3120
vn -0.0354 -0.5861 -0.8095
vn -0.0437 -0.0000 -0.9990
vn -0.0132 0.5869 -0.8095
vn -0.0051 0.9505 -0.3106
vn 0.0050 0.9516 0.3073
vn 0.0132 0.5886 0.8083
vn 0.0163 -0.0000 0.9999
vn 0.0132 -0.5886 0.8083
vn 0.0050 -0.9516 0.3073
vn -0.0051 -0.9505 -0.3106
vn -0.0132 -0.5869 -0.8095
vn -0.0163 -0.0000 -0.9999
vn 0.0053 0.5865 -0.8099
vn 0.0020 0.9503 -0.3114
vn -0.0020 0.9518 0.3066
vn -0.0053 0.5891 0.8081
vn -0.0066 -0.0000 1.0000
vn -0.0053 -0.5891 0.8081
vn -0.0020 -0.9518 0.3066
vn 0.0020 -0.9503 -0.3114
vn 0.0053 -0.5865 -0.8099
vn 0.0066 -0.0000 -1.0000
vn 0.0256 0.5867 -0.8094
vn 0.0098 0.9504 -0.3109
vn -0.0097 0.9517 0.3068
vn -0.0256 0.5889 0.8078
vn -0.0316 -0.0000 0.9995
vn -0.0256 -0.5889 0.8078
vn -0.0097 -0.9517 0.3068
vn 0.0098 -0.9504 -0.3109
vn 0.0256 -0.5867 -0.8094
vn 0.0316 -0.0000 -0.9995
vn 0.0400 0.5872 -0.8085
vn 0.0153 0.9507 -0.3098
vn -0.0152 0.9514 0.3075
vn -0.0399 0.5884 0.8076
vn -0.0494 -0.0000 0.9988
vn -0.0399 -0.5884 0.8076
vn -0.0152 -0.9514 0.3075
vn 0.0153 -0.9507 -0.3098
vn 0.0400 -0.5872 -0.8085
vn 0.0494 -0.0000 -0.9988
vn 0.0450 0.5884 -0.8073
vn 0.0171 0.9514 -0.3074
vn -0.0173 0.9507 0.3096
vn -0.0450 0.5872 0.8082
vn -0.0556 -0.0000 0.9985
vn -0.0450 -0.5872 0.8082
vn -0.0173 -0.9507 0.3096
vn 0.0171 -0.9514 -0.3074
vn 0.0450 -0.5884 -0.8073
vn 0.0556 -0.0000 -0.9985
vt 0.000000 1.000000
vt 0.062500 1.000000
vt 0.062500 0.900000
vt 0.000000 0.900000
vt 0.000000 0.100000
vt 0.062500 0.100000
vt 0.062500 0.000000
vt 0.000000 0.000000
vt 0.000000 0.200000
vt 0.062500 0.200000
vt 0.000000 0.300000
vt 0.062500 0.300000
vt 0.000000 0.400000
vt 0.062500 0.400000
vt 0.000000 0.500000
vt 0.062500 0.500000
vt 0.000000 0.600000
vt 0.062500 0.600000
vt 0.000000 0.700000
vt 0.062500 0.700000
vt 0.000000 0.800000
vt 0.062500 0.800000
vt 0.125000 1.000000
vt 0.125000 0.900000
vt 0.125000 0.100000
vt 0.125000 0.000000
vt 0.125000 0.200000
vt 0.125000 0.300000
vt 0.125000 0.400000
vt 0.125000 0.500000
vt 0.125000 0.600000
vt 0.125000 0.700000
vt 0.125000 0.800000
vt 0.187500 1.000000
vt 0.187500 0.900000
vt 0.187500 0.100000
vt 0.187500 0.000000
vt 0.187500 0.200000
vt 0.187500 0.300000
vt 0.187500 0.400000
vt 0.187500 0.500000
vt 0.187500 0.600000
vt 0.187500 0.700000
vt 0.187500 0.800000
vt 0.250000 1.000000
vt 0.250000 0.900000
vt 0.250000 0.100000
vt 0.250000 0.000000
vt 0.250000 0.200000
vt 0.250000 0.300000
vt 0.250000 0.400000
vt 0.250000 0.500000
vt 0.250000 0.600000
vt 0.250000 0.700000
vt 0.250000 0.800000
vt 0.312500 1.000000
vt 0.312500 0.900000
vt 0.312500 0.100000
vt 0.312500 0.000000
vt 0.312500 0.200000
vt 0.312500 0.300000
vt 0.312500 0.400000
vt 0.312500 0.500000
vt 0.312500 0.600000
vt 0.312500 0.700000
vt 0.312500 0.800000
vt 0.375000 1.000000
vt 0.375000 0.900000
vt 0.375000 0.100000
vt 0.375000 0.000000
vt 0.375000 0.200000
vt 0.375000 0.300000
vt 0.375000 0.400000
vt 0.375000 0.500000
vt 0.375000 0.600000
vt 0.375000 0.700000
vt 0.375000 0.800000
vt 0.437500 1.000000
vt 0.437500 0.900000
vt 0.437500 0.100000
vt 0.437500 0.000000
vt 0.437500 0.200000
vt 0.437500 0.300000
vt 0.437500 0.400000
vt 0.437500 0.500000
vt 0.437500 0.600000
vt 0.437500 0.700000
vt 0.437500 0.800000
vt 0.500000 1.000000
vt 0.500000 0.900000
vt 0.500000 0.100000
vt 0.500000 0.000000
vt 0.500000 0.200000
vt 0.500000 0.300000
vt 0.500000 0.400000
vt 0.500000 0.500000
vt 0.500000 0.600000
vt 0.500000 0.700000
vt 0.500000 0.800000
vt 0.562500 1.000000
vt 0.562500 0.900000
vt 0.562500 0.100000
vt 0.562500 0.000000
vt 0.562500 0.200000
vt 0.562500 0.300000
vt 0.562500 0.400000
vt 0.562500 0.500000
vt 0.562500 0.600000
vt 0.562500 0.700000
vt 0.562500 0.800000
vt 0.625000 1.000000
vt 0.625000 0.900000
vt 0.625000 0.100000
vt 0.625000 0.000000
vt 0.625000 0.200000
vt 0.625000 0.300000
vt 0.625000 0.400000
vt 0.625000 0.500000
vt 0.625000 0.600000
vt 0.625000 0.700000
vt 0.625000 0.800000
vt 0.687500 1.000000
vt 0.687500 0.900000
vt 0.687500 0.100000
vt 0.687500 0.000000
vt 0.687500 0.200000
vt 0.687500 0.300000
vt 0.687500 0.400000
vt 0.687500 0.500000
vt 0.687500 0.600000
vt 0.687500 0.700000
vt 0.687500 0.800000
vt 0.750000 1.000000
vt 0.750000 0.900000
vt 0.750000 0.100000
vt 0.750000 0.000000
vt 0.750000 0.200000
vt 0.750000 0.300000
vt 0.750000 0.400000
vt 0.750000 0.500000
vt 0.750000 0.600000
vt 0.750000 0.700000
vt 0.750000 0.800000
vt 0.812500 1.000000
vt 0.812500 0.900000
vt 0.812500 0.100000
vt 0.812500 0.000000
vt 0.812500 0.200000
vt 0.812500 0.300000
vt 0.812500 0.400000
vt 0.812500 0.500000
vt 0.812500 0.600000
vt 0.812500 0.700000
vt 0.812500 0.800000
vt 0.875000 1.000000
vt 0.875000 0.900000
vt 0.875000 0.100000
vt 0.875000 0.000000
vt 0.875000 0.200000
vt 0.875000 0.300000
vt 0.875000 0.400000
vt 0.875000 0.500000
vt 0.875000 0.600000
vt 0.875000 0.700000
vt 0.875000 0.800000
vt 0.937500 1.000000
vt 0.937500 0.900000
vt 0.937500 0.100000
vt 0.937500 0.000000
vt 0.937500 0.200000
vt 0.937500 0.300000
vt 0.937500 0.400000
vt 0.937500 0.500000
vt 0.937500 0.600000
vt 0.937500 0.700000
vt 0.937500 0.800000
vt 1.000000 1.000000
vt 1.000000 0.900000
vt 1.000000 0.100000
vt 1.000000 0.000000
vt 1.000000 0.200000
vt 1.000000 0.300000
vt 1.000000 0.400000
vt 1.000000 0.500000
vt 1.000000 0.600000
vt 1.000000 0.700000
vt 1.000000 0.800000
s 1
usemtl M_AetherEnergy
f 2955/3670/2455 2965/3671/2465 2974/3672/2474 2964/3673/2464
f 2956/3674/2456 2966/3675/2466 2965/3676/2465 2955/3677/2455
f 2957/3678/2457 2967/3679/2467 2966/3675/2466 2956/3674/2456
f 2958/3680/2458 2968/3681/2468 2967/3679/2467 2957/3678/2457
f 2959/3682/2459 2969/3683/2469 2968/3681/2468 2958/3680/2458
f 2960/3684/2460 2970/3685/2470 2969/3683/2469 2959/3682/2459
f 2961/3686/2461 2971/3687/2471 2970/3685/2470 2960/3684/2460
f 2962/3688/2462 2972/3689/2472 2971/3687/2471 2961/3686/2461
f 2963/3690/2463 2973/3691/2473 2972/3689/2472 2962/3688/2462
f 2964/3673/2464 2974/3672/2474 2973/3691/2473 2963/3690/2463
f 2965/3671/2465 2975/3692/2475 2984/3693/2484 2974/3672/2474
f 2966/3675/2466 2976/3694/2476 2975/3695/2475 2965/3676/2465
f 2967/3679/2467 2977/3696/2477 2976/3694/2476 2966/3675/2466
f 2968/3681/2468 2978/3697/2478 2977/3696/2477 2967/3679/2467
f 2969/3683/2469 2979/3698/2479 2978/3697/2478 2968/3681/2468
f 2970/3685/2470 2980/3699/2480 2979/3698/2479 2969/3683/2469
f 2971/3687/2471 2981/3700/2481 2980/3699/2480 2970/3685/2470
f 2972/3689/2472 2982/3701/2482 2981/3700/2481 2971/3687/2471
f 2973/3691/2473 2983/3702/2483 2982/3701/2482 2972/3689/2472
f 2974/3672/2474 2984/3693/2484 2983/3702/2483 2973/3691/2473
f 2975/3692/2475 2985/3703/2485 2994/3704/2494 2984/3693/2484
f 2976/3694/2476 2986/3705/2486 2985/3706/2485 2975/3695/2475
f 2977/3696/2477 2987/3707/2487 2986/3705/2486 2976/3694/2476
f 2978/3697/2478 2988/3708/2488 2987/3707/2487 2977/3696/2477
f 2979/3698/2479 2989/3709/2489 2988/3708/2488 2978/3697/2478
f 2980/3699/2480 2990/3710/2490 2989/3709/2489 2979/3698/2479
f 2981/3700/2481 2991/3711/2491 2990/3710/2490 2980/3699/2480
f 2982/3701/2482 2992/3712/2492 2991/3711/2491 2981/3700/2481
f 2983/3702/2483 2993/3713/2493 2992/3712/2492 2982/3701/2482
f 2984/3693/2484 2994/3704/2494 2993/3713/2493 2983/3702/2483
f 2985/3703/2485 2995/3714/2495 3004/3715/2504 2994/3704/2494
f 2986/3705/2486 2996/3716/2496 2995/3717/2495 2985/3706/2485
f 2987/3707/2487 2997/3718/2497 2996/3716/2496 2986/3705/2486
f 2988/3708/2488 2998/3719/2498 2997/3718/2497 2987/3707/2487
f 2989/3709/2489 2999/3720/2499 2998/3719/2498 2988/3708/2488
f 2990/3710/2490 3000/3721/2500 2999/3720/2499 2989/3709/2489
f 2991/3711/2491 3001/3722/2501 3000/3721/2500 2990/3710/2490
f 2992/3712/2492 3002/3723/2502 3001/3722/2501 2991/3711/2491
f 2993/3713/2493 3003/3724/2503 3002/3723/2502 2992/3712/2492
f 2994/3704/2494 3004/3715/2504 3003/3724/2503 2993/3713/2493
f 2995/3714/2495 3005/3725/2505 3014/3726/2514 3004/3715/2504
f 2996/3716/2496 3006/3727/2506 3005/3728/2505 2995/3717/2495
f 2997/3718/2497 3007/3729/2507 3006/3727/2506 2996/3716/2496
f 2998/3719/2498 3008/3730/2508 3007/3729/2507 2997/3718/2497
f 2999/3720/2499 3009/3731/2509 3008/3730/2508 2998/3719/2498
f 3000/3721/2500 3010/3732/2510 3009/3731/2509 2999/3720/2499
f 3001/3722/2501 3011/3733/2511 3010/3732/2510 3000/3721/2500
f 3002/3723/2502 3012/3734/2512 3011/3733/2511 3001/3722/2501
f 3003/3724/2503 3013/3735/2513 3012/3734/2512 3002/3723/2502
f 3004/3715/2504 3014/3726/2514 3013/3735/2513 3003/3724/2503
f 3005/3725/2505 3015/3736/2515 3024/3737/2524 3014/3726/2514
f 3006/3727/2506 3016/3738/2516 3015/3739/2515 3005/3728/2505
f 3007/3729/2507 3017/3740/2517 3016/3738/2516 3006/3727/2506
f 3008/3730/2508 3018/3741/2518 3017/3740/2517 3007/3729/2507
f 3009/3731/2509 3019/3742/2519 3018/3741/2518 3008/3730/2508
f 3010/3732/2510 3020/3743/2520 3019/3742/2519 3009/3731/2509
f 3011/3733/2511 3021/3744/2521 3020/3743/2520 3010/3732/2510
f 3012/3734/2512 3022/3745/2522 3021/3744/2521 3011/3733/2511
f 3013/3735/2513 3023/3746/2523 3022/3745/2522 3012/3734/2512
f 3014/3726/2514 3024/3737/2524 3023/3746/2523 3013/3735/2513
f 3015/3736/2515 3025/3747/2525 3034/3748/2534 3024/3737/2524
f 3016/3738/2516 3026/3749/2526 3025/3750/2525 3015/3739/2515
f 3017/3740/2517 3027/3751/2527 3026/3749/2526 3016/3738/2516
f 3018/3741/2518 3028/3752/2528 3027/3751/2527 3017/3740/2517
f 3019/3742/2519 3029/3753/2529 3028/3752/2528 3018/3741/2518
f 3020/3743/2520 3030/3754/2530 3029/3753/2529 3019/3742/2519
f 3021/3744/2521 3031/3755/2531 3030/3754/2530 3020/3743/2520
f 3022/3745/2522 3032/3756/2532 3031/3755/2531 3021/3744/2521
f 3023/3746/2523 3033/3757/2533 3032/3756/2532 3022/3745/2522
f 3024/3737/2524 3034/3748/2534 3033/3757/2533 3023/3746/2523
f 3025/3747/2525 3035/3758/2535 3044/3759/2544 3034/3748/2534
f 3026/3749/2526 3036/3760/2536 3035/3761/2535 3025/3750/2525
f 3027/3751/2527 3037/3762/2537 3036/3760/2536 3026/3749/2526
f 3028/3752/2528 3038/3763/2538 3037/3762/2537 3027/3751/2527
f 3029/3753/2529 3039/3764/2539 3038/3763/2538 3028/3752/2528
f 3030/3754/2530 3040/3765/2540 3039/3764/2539 3029/3753/2529
f 3031/3755/2531 3041/3766/2541 3040/3765/2540 3030/3754/2530
f 3032/3756/2532 3042/3767/2542 3041/3766/2541 3031/3755/2531
f 3033/3757/2533 3043/3768/2543 3042/3767/2542 3032/3756/2532
f 3034/3748/2534 3044/3759/2544 3043/3768/2543 3033/3757/2533
f 3035/3758/2535 3045/3769/2545 3054/3770/2554 3044/3759/2544
f 3036/3760/2536 3046/3771/2546 3045/3772/2545 3035/3761/2535
f 3037/3762/2537 3047/3773/2547 3046/3771/2546 3036/3760/2536
f 3038/3763/2538 3048/3774/2548 3047/3773/2547 3037/3762/2537
f 3039/3764/2539 3049/3775/2549 3048/3774/2548 3038/3763/2538
f 3040/3765/2540 3050/3776/2550 3049/3775/2549 3039/3764/2539
f 3041/3766/2541 3051/3777/2551 3050/3776/2550 3040/3765/2540
f 3042/3767/2542 3052/3778/2552 3051/3777/2551 3041/3766/2541
f 3043/3768/2543 3053/3779/2553 3052/3778/2552 3042/3767/2542
f 3044/3759/2544 3054/3770/2554 3053/3779/2553 3043/3768/2543
f 3045/3769/2545 3055/3780/2555 3064/3781/2564 3054/3770/2554
f 3046/3771/2546 3056/3782/2556 3055/3783/2555 3045/3772/2545
f 3047/3773/2547 3057/3784/2557 3056/3782/2556 3046/3771/2546
f 3048/3774/2548 3058/3785/2558 3057/3784/2557 3047/3773/2547
f 3049/3775/2549 3059/3786/2559 3058/3785/2558 3048/3774/2548
f 3050/3776/2550 3060/3787/2560 3059/3786/2559 3049/3775/2549
f 3051/3777/2551 3061/3788/2561 3060/3787/2560 3050/3776/2550
f 3052/3778/2552 3062/3789/2562 3061/3788/2561 3051/3777/2551
f 3053/3779/2553 3063/3790/2563 3062/3789/2562 3052/3778/2552
f 3054/3770/2554 3064/3781/2564 3063/3790/2563 3053/3779/2553
f 3055/3780/2555 3065/3791/2565 3074/3792/2574 3064/3781/2564
f 3056/3782/2556 3066/3793/2566 3065/3794/2565 3055/3783/2555
f 3057/3784/2557 3067/3795/2567 3066/3793/2566 3056/3782/2556
f 3058/3785/2558 3068/3796/2568 3067/3795/2567 3057/3784/2557
f 3059/3786/2559 3069/3797/2569 3068/3796/2568 3058/3785/2558
f 3060/3787/2560 3070/3798/2570 3069/3797/2569 3059/3786/2559
f 3061/3788/2561 3071/3799/2571 3070/3798/2570 3060/3787/2560
f 3062/3789/2562 3072/3800/2572 3071/3799/2571 3061/3788/2561
f 3063/3790/2563 3073/3801/2573 3072/3800/2572 3062/3789/2562
f 3064/3781/2564 3074/3792/2574 3073/3801/2573 3063/3790/2563
f 3065/3791/2565 3075/3802/2575 3084/3803/2584 3074/3792/2574
f 3066/3793/2566 3076/3804/2576 3075/3805/2575 3065/3794/2565
f 3067/3795/2567 3077/3806/2577 3076/3804/2576 3066/3793/2566
f 3068/3796/2568 3078/3807/2578 3077/3806/2577 3067/3795/2567
f 3069/3797/2569 3079/3808/2579 3078/3807/2578 3068/3796/2568
f 3070/3798/2570 3080/3809/2580 3079/3808/2579 3069/3797/2569
f 3071/3799/2571 3081/3810/2581 3080/3809/2580 3070/3798/2570
f 3072/3800/2572 3082/3811/2582 3081/3810/2581 3071/3799/2571
f 3073/3801/2573 3083/3812/2583 3082/3811/2582 3072/3800/2572
f 3074/3792/2574 3084/3803/2584 3083/3812/2583 3073/3801/2573
f 3075/3802/2575 3085/3813/2585 3094/3814/2594 3084/3803/2584
f 3076/3804/2576 3086/3815/2586 3085/3816/2585 3075/3805/2575
f 3077/3806/2577 3087/3817/2587 3086/3815/2586 3076/3804/2576
f 3078/3807/2578 3088/3818/2588 3087/3817/2587 3077/3806/2577
f 3079/3808/2579 3089/3819/2589 3088/3818/2588 3078/3807/2578
f 3080/3809/2580 3090/3820/2590 3089/3819/2589 3079/3808/2579
f 3081/3810/2581 3091/3821/2591 3090/3820/2590 3080/3809/2580
f 3082/3811/2582 3092/3822/2592 3091/3821/2591 3081/3810/2581
f 3083/3812/2583 3093/3823/2593 3092/3822/2592 3082/3811/2582
f 3084/3803/2584 3094/3814/2594 3093/3823/2593 3083/3812/2583
f 3085/3813/2585 3095/3824/2595 3104/3825/2604 3094/3814/2594
f 3086/3815/2586 3096/3826/2596 3095/3827/2595 3085/3816/2585
f 3087/3817/2587 3097/3828/2597 3096/3826/2596 3086/3815/2586
f 3088/3818/2588 3098/3829/2598 3097/3828/2597 3087/3817/2587
f 3089/3819/2589 3099/3830/2599 3098/3829/2598 3088/3818/2588
f 3090/3820/2590 3100/3831/2600 3099/3830/2599 3089/3819/2589
f 3091/3821/2591 3101/3832/2601 3100/3831/2600 3090/3820/2590
f 3092/3822/2592 3102/3833/2602 3101/3832/2601 3091/3821/2591
f 3093/3823/2593 3103/3834/2603 3102/3833/2602 3092/3822/2592
f 3094/3814/2594 3104/3825/2604 3103/3834/2603 3093/3823/2593
f 3095/3824/2595 3105/3835/2605 3114/3836/2614 3104/3825/2604
f 3096/3826/2596 3106/3837/2606 3105/3838/2605 3095/3827/2595
f 3097/3828/2597 3107/3839/2607 3106/3837/2606 3096/3826/2596
f 3098/3829/2598 3108/3840/2608 3107/3839/2607 3097/3828/2597
f 3099/3830/2599 3109/3841/2609 3108/3840/2608 3098/3829/2598
f 3100/3831/2600 3110/3842/2610 3109/3841/2609 3099/3830/2599
f 3101/3832/2601 3111/3843/2611 3110/3842/2610 3100/3831/2600
f 3102/3833/2602 3112/3844/2612 3111/3843/2611 3101/3832/2601
f 3103/3834/2603 3113/3845/2613 3112/3844/2612 3102/3833/2602
f 3104/3825/2604 3114/3836/2614 3113/3845/2613 3103/3834/2603
f 3105/3835/2605 3115/3846/2615 3124/3847/2624 3114/3836/2614
f 3106/3837/2606 3116/3848/2616 3115/3849/2615 3105/3838/2605
f 3107/3839/2607 3117/3850/2617 3116/3848/2616 3106/3837/2606
f 3108/3840/2608 3118/3851/2618 3117/3850/2617 3107/3839/2607
f 3109/3841/2609 3119/3852/2619 3118/3851/2618 3108/3840/2608
f 3110/3842/2610 3120/3853/2620 3119/3852/2619 3109/3841/2609
f 3111/3843/2611 3121/3854/2621 3120/3853/2620 3110/3842/2610
f 3112/3844/2612 3122/3855/2622 3121/3854/2621 3111/3843/2611
f 3113/3845/2613 3123/3856/2623 3122/3855/2622 3112/3844/2612
f 3114/3836/2614 3124/3847/2624 3123/3856/2623 3113/3845/2613
o CausewayFracture_R_2
v -21.999435 0.321458 -2.209698
v -21.999784 0.331630 -2.195703
v -22.000216 0.331630 -2.178403
v -22.000565 0.321458 -2.164407
v -22.000698 0.305000 -2.159062
v -22.000565 0.288542 -2.164407
v -22.000216 0.278370 -2.178403
v -21.999784 0.278370 -2.195703
v -21.999435 0.288542 -2.209698
v -21.999302 0.305000 -2.215044
v -19.248863 0.321458 -2.157485
v -19.249212 0.331630 -2.143489
v -19.249643 0.331630 -2.126190
v -19.249992 0.321458 -2.112194
v -19.250126 0.305000 -2.106848
v -19.249992 0.288542 -2.112194
v -19.249643 0.278370 -2.126190
v -19.249212 0.278370 -2.143489
v -19.248863 0.288542 -2.157485
v -19.248730 0.305000 -2.162831
v -16.498922 0.321458 -2.072619
v -16.499588 0.331630 -2.058635
v -16.500412 0.331630 -2.041350
v -16.501078 0.321458 -2.027365
v -16.501333 0.305000 -2.022024
v -16.501078 0.288542 -2.027365
v -16.500412 0.278370 -2.041350
v -16.499588 0.278370 -2.058635
v -16.498922 0.288542 -2.072619
v -16.498667 0.305000 -2.077960
v -13.748380 0.321458 -1.895266
v -13.749296 0.331630 -1.881296
v -13.750427 0.331630 -1.864028
v -13.751344 0.321458 -1.850058
v -13.751693 0.305000 -1.844722
v -13.751344 0.288542 -1.850058
v -13.750427 0.278370 -1.864028
v -13.749296 0.278370 -1.881296
v -13.748380 0.288542 -1.895266
v -13.748031 0.305000 -1.900602
v -10.998857 0.321458 -1.712094
v -10.999563 0.331630 -1.698112
v -11.000437 0.331630 -1.680829
v -11.001143 0.321458 -1.666847
v -11.001413 0.305000 -1.661506
v -11.001143 0.288542 -1.666847
v -11.000437 0.278370 -1.680829
v -10.999563 0.278370 -1.698112
v -10.998857 0.288542 -1.712094
v -10.998587 0.305000 -1.717435
v -8.249552 0.321458 -1.617332
v -8.250002 0.331630 -1.603339
v -8.250559 0.331630 -1.586043
v -8.251009 0.321458 -1.572050
v -8.251182 0.305000 -1.566706
v -8.251009 0.288542 -1.572050
v -8.250559 0.278370 -1.586043
v -8.250002 0.278370 -1.603339
v -8.249552 0.288542 -1.617332
v -8.249379 0.305000 -1.622677
v -5.498793 0.321458 -1.535006
v -5.499539 0.331630 -1.521025
v -5.500461 0.331630 -1.503745
v -5.501207 0.321458 -1.489765
v -5.501492 0.305000 -1.484425
v -5.501207 0.288542 -1.489765
v -5.500461 0.278370 -1.503745
v -5.499539 0.278370 -1.521025
v -5.498793 0.288542 -1.535006
v -5.498508 0.305000 -1.540345
v -2.748517 0.321458 -1.323615
v -2.749215 0.331630 -1.309633
v -2.750079 0.331630 -1.292349
v -2.750777 0.321458 -1.278367
v -2.751044 0.305000 -1.273026
v -2.750777 0.288542 -1.278367
v -2.750079 0.278370 -1.292349
v -2.749215 0.278370 -1.309633
v -2.748517 0.288542 -1.323615
v -2.748250 0.305000 -1.328956
v -0.001336 0.321458 -1.260006
v -0.000510 0.331630 -1.246030
v 0.000510 0.331630 -1.228755
v 0.001336 0.321458 -1.214780
v 0.001651 0.305000 -1.209441
v 0.001336 0.288542 -1.214780
v 0.000510 0.278370 -1.228755
v -0.000510 0.278370 -1.246030
v -0.001336 0.288542 -1.260006
v -0.001651 0.305000 -1.265344
v 2.748493 0.321458 -1.650750
v 2.750602 0.331630 -1.636909
v 2.753208 0.331630 -1.619802
v 2.755317 0.321458 -1.605961
v 2.756122 0.305000 -1.600675
v 2.755317 0.288542 -1.605961
v 2.753208 0.278370 -1.619802
v 2.750602 0.278370 -1.636909
v 2.748493 0.288542 -1.650750
v 2.747688 0.305000 -1.656036
v 5.497632 0.321458 -2.097904
v 5.499095 0.331630 -2.083981
v 5.500905 0.331630 -2.066771
v 5.502368 0.321458 -2.052847
v 5.502927 0.305000 -2.047529
v 5.502368 0.288542 -2.052847
v 5.500905 0.278370 -2.066771
v 5.499095 0.278370 -2.083981
v 5.497632 0.288542 -2.097904
v 5.497073 0.305000 -2.103222
v 8.246739 0.321458 -2.230587
v 8.247005 0.331630 -2.216590
v 8.247335 0.331630 -2.199288
v 8.247602 0.321458 -2.185291
v 8.247704 0.305000 -2.179944
v 8.247602 0.288542 -2.185291
v 8.247335 0.278370 -2.199288
v 8.247005 0.278370 -2.216590
v 8.246739 0.288542 -2.230587
v 8.246637 0.305000 -2.235934
v 11.000528 0.321458 -2.202687
v 11.000202 0.331630 -2.188691
v 10.999798 0.331630 -2.171391
v 10.999472 0.321458 -2.157394
v 10.999347 0.305000 -2.152048
v 10.999472 0.288542 -2.157394
v 10.999798 0.278370 -2.171391
v 11.000202 0.278370 -2.188691
v 11.000528 0.288542 -2.202687
v 11.000653 0.305000 -2.208033
v 13.752211 0.321458 -2.102128
v 13.751535 0.331630 -2.088144
v 13.750700 0.331630 -2.070859
v 13.750025 0.321458 -2.056876
v 13.749767 0.305000 -2.051534
v 13.750025 0.288542 -2.056876
v 13.750700 0.278370 -2.070859
v 13.751535 0.278370 -2.088144
v 13.752211 0.288542 -2.102128
v 13.752468 0.305000 -2.107469
v 16.501348 0.321458 -1.937080
v 16.500515 0.331630 -1.923105
v 16.499485 0.331630 -1.905830
v 16.498652 0.321458 -1.891855
v 16.498333 0.305000 -1.886517
v 16.498652 0.288542 -1.891855
v 16.499485 0.278370 -1.905831
v 16.500515 0.278370 -1.923105
v 16.501348 0.288542 -1.937080
v 16.501667 0.305000 -1.942418
v 19.251678 0.321458 -1.774186
v 19.250826 0.331630 -1.760212
v 19.249769 0.331630 -1.742940
v 19.248917 0.321458 -1.728966
v 19.248590 0.305000 -1.723628
v 19.248917 0.288542 -1.728966
v 19.249769 0.278370 -1.742940
v 19.250826 0.278370 -1.760212
v 19.251678 0.288542 -1.774186
v 19.252005 0.305000 -1.779524
v 22.001381 0.321458 -1.601002
v 22.000528 0.331630 -1.587028
v 21.999472 0.331630 -1.569755
v 21.998619 0.321458 -1.555781
v 21.998293 0.305000 -1.550444
v 21.998619 0.288542 -1.555781
v 21.999472 0.278370 -1.569755
v 22.000528 0.278370 -1.587028
v 22.001381 0.288542 -1.601002
v 22.001707 0.305000 -1.606339
vn 0.0153 0.5883 -0.8085
vn 0.0058 0.9514 -0.3079
vn -0.0059 0.9507 0.3100
vn -0.0154 0.5872 0.8093
vn -0.0190 -0.0000 0.9998
vn -0.0154 -0.5872 0.8093
vn -0.0059 -0.9507 0.3100
vn 0.0058 -0.9514 -0.3079
vn 0.0153 -0.5883 -0.8085
vn 0.0190 -0.0000 -0.9998
vn 0.0202 0.5872 -0.8092
vn 0.0077 0.9507 -0.3100
vn -0.0077 0.9514 0.3079
vn -0.0201 0.5883 0.8084
vn -0.0249 -0.0000 0.9997
vn -0.0201 -0.5883 0.8084
vn -0.0077 -0.9514 0.3079
vn 0.0077 -0.9507 -0.3100
vn 0.0202 -0.5872 -0.8092
vn 0.0249 -0.0000 -0.9997
vn 0.0386 0.5862 -0.8092
vn 0.0149 0.9501 -0.3116
vn -0.0146 0.9520 0.3057
vn -0.0385 0.5894 0.8069
vn -0.0476 -0.0000 0.9989
vn -0.0385 -0.5894 0.8069
vn -0.0146 -0.9520 0.3057
vn 0.0149 -0.9501 -0.3116
vn 0.0386 -0.5862 -0.8092
vn 0.0476 -0.0000 -0.9989
vn 0.0529 0.5877 -0.8074
vn 0.0202 0.9510 -0.3086
vn -0.0202 0.9511 0.3082
vn -0.0529 0.5879 0.8072
vn -0.0654 -0.0000 0.9979
vn -0.0529 -0.5879 0.8072
vn -0.0202 -0.9511 0.3082
vn 0.0202 -0.9510 -0.3086
vn 0.0529 -0.5877 -0.8074
vn 0.0654 -0.0000 -0.9979
vn 0.0408 0.5893 -0.8069
vn 0.0155 0.9520 -0.3058
vn -0.0157 0.9501 0.3114
vn -0.0409 0.5863 0.8091
vn -0.0505 -0.0000 0.9987
vn -0.0409 -0.5863 0.8091
vn -0.0157 -0.9501 0.3114
vn 0.0155 -0.9520 -0.3058
vn 0.0408 -0.5893 -0.8069
vn 0.0505 -0.0000 -0.9987
vn 0.0260 0.5880 -0.8085
vn 0.0099 0.9512 -0.3085
vn -0.0100 0.9509 0.3093
vn -0.0260 0.5875 0.8088
vn -0.0322 -0.0000 0.9995
vn -0.0260 -0.5875 0.8088
vn -0.0100 -0.9509 0.3093
vn 0.0099 -0.9512 -0.3085
vn 0.0260 -0.5880 -0.8085
vn 0.0322 -0.0000 -0.9995
vn 0.0432 0.5856 -0.8094
vn 0.0167 0.9497 -0.3127
vn -0.0162 0.9524 0.3044
vn -0.0430 0.5900 0.8063
vn -0.0533 -0.0000 0.9986
vn -0.0430 -0.5900 0.8063
vn -0.0162 -0.9524 0.3044
vn 0.0167 -0.9497 -0.3127
vn 0.0432 -0.5856 -0.8094
vn 0.0533 -0.0000 -0.9986
vn 0.0403 0.5901 -0.8063
vn 0.0152 0.9525 -0.3040
vn -0.0157 0.9494 0.3135
vn -0.0405 0.5851 0.8100
vn -0.0499 -0.0000 0.9988
vn -0.0405 -0.5851 0.8100
vn -0.0157 -0.9494 0.3135
vn 0.0152 -0.9525 -0.3040
vn 0.0403 -0.5901 -0.8063
vn 0.0499 -0.0000 -0.9988
vn -0.0473 0.5961 -0.8015
vn -0.0173 0.9558 -0.2934
vn 0.0191 0.9464 0.3225
vn 0.0480 0.5807 0.8127
vn 0.0590 -0.0000 0.9983
vn 0.0480 -0.5807 0.8127
vn 0.0191 -0.9464 0.3225
vn -0.0173 -0.9558 -0.2934
vn -0.0473 -0.5961 -0.8015
vn -0.0590 -0.0000 -0.9983
vn -0.1218 0.5883 -0.7994
vn -0.0463 0.9515 -0.3040
vn 0.0469 0.9504 0.3075
vn 0.1220 0.5865 0.8007
vn 0.1506 -0.0000 0.9886
vn 0.1220 -0.5865 0.8007
vn 0.0469 -0.9504 0.3075
vn -0.0463 -0.9515 -0.3040
vn -0.1218 -0.5883 -0.7994
vn -0.1506 -0.0000 -0.9886
vn -0.0850 0.5828 -0.8082
vn -0.0333 0.9478 -0.3171
vn 0.0312 0.9543 0.2971
vn 0.0842 0.5933 0.8005
vn 0.1045 -0.0000 0.9945
vn 0.0842 -0.5933 0.8005
vn 0.0312 -0.9543 0.2971
vn -0.0333 -0.9478 -0.3171
vn -0.0850 -0.5828 -0.8082
vn -0.1045 -0.0000 -0.9945
vn -0.0154 0.5850 -0.8109
vn -0.0060 0.9493 -0.3142
vn 0.0058 0.9527 0.3038
vn 0.0154 0.5905 0.8069
vn 0.0190 -0.0000 0.9998
vn 0.0154 -0.5905 0.8069
vn 0.0058 -0.9527 0.3038
vn -0.0060 -0.9493 -0.3142
vn -0.0154 -0.5850 -0.8109
vn -0.0190 -0.0000 -0.9998
vn 0.0189 0.5865 -0.8097
vn 0.0073 0.9503 -0.3113
vn -0.0072 0.9518 0.3066
vn -0.0189 0.5890 0.8079
vn -0.0233 -0.0000 0.9997
vn -0.0189 -0.5890 0.8079
vn -0.0072 -0.9518 0.3066
vn 0.0073 -0.9503 -0.3113
vn 0.0189 -0.5865 -0.8097
vn 0.0233 -0.0000 -0.9997
vn 0.0391 0.5867 -0.8089
vn 0.0150 0.9504 -0.3107
vn -0.0148 0.9517 0.3066
vn -0.0390 0.5889 0.8073
vn -0.0482 -0.0000 0.9988
vn -0.0390 -0.5889 0.8073
vn -0.0148 -0.9517 0.3066
vn 0.0150 -0.9504 -0.3107
vn 0.0391 -0.5867 -0.8089
vn 0.0482 -0.0000 -0.9988
vn 0.0482 0.5878 -0.8076
vn 0.0184 0.9511 -0.3084
vn -0.0184 0.9510 0.3085
vn -0.0482 0.5877 0.8076
vn -0.0595 -0.0000 0.9982
vn -0.0482 -0.5877 0.8076
vn -0.0184 -0.9510 0.3085
vn 0.0184 -0.9511 -0.3084
vn 0.0482 -0.5878 -0.8076
vn 0.0595 -0.0000 -0.9982
vn 0.0494 0.5876 -0.8076
vn 0.0189 0.9509 -0.3088
vn -0.0188 0.9512 0.3081
vn -0.0493 0.5880 0.8074
vn -0.0610 -0.0000 0.9981
vn -0.0493 -0.5880 0.8074
vn -0.0188 -0.9512 0.3081
vn 0.0189 -0.9509 -0.3088
vn 0.0494 -0.5876 -0.8076
vn 0.0610 -0.0000 -0.9981
vn 0.0508 0.5880 -0.8073
vn 0.0194 0.9512 -0.3081
vn -0.0194 0.9509 0.3087
vn -0.0509 0.5876 0.8075
vn -0.0629 -0.0000 0.9980
vn -0.0509 -0.5876 0.8075
vn -0.0194 -0.9509 0.3087
vn 0.0194 -0.9512 -0.3081
vn 0.0508 -0.5880 -0.8073
vn 0.0629 -0.0000 -0.9980
vt 0.000000 1.000000
vt 0.062500 1.000000
vt 0.062500 0.900000
vt 0.000000 0.900000
vt 0.000000 0.100000
vt 0.062500 0.100000
vt 0.062500 0.000000
vt 0.000000 0.000000
vt 0.000000 0.200000
vt 0.062500 0.200000
vt 0.000000 0.300000
vt 0.062500 0.300000
vt 0.000000 0.400000
vt 0.062500 0.400000
vt 0.000000 0.500000
vt 0.062500 0.500000
vt 0.000000 0.600000
vt 0.062500 0.600000
vt 0.000000 0.700000
vt 0.062500 0.700000
vt 0.000000 0.800000
vt 0.062500 0.800000
vt 0.125000 1.000000
vt 0.125000 0.900000
vt 0.125000 0.100000
vt 0.125000 0.000000
vt 0.125000 0.200000
vt 0.125000 0.300000
vt 0.125000 0.400000
vt 0.125000 0.500000
vt 0.125000 0.600000
vt 0.125000 0.700000
vt 0.125000 0.800000
vt 0.187500 1.000000
vt 0.187500 0.900000
vt 0.187500 0.100000
vt 0.187500 0.000000
vt 0.187500 0.200000
vt 0.187500 0.300000
vt 0.187500 0.400000
vt 0.187500 0.500000
vt 0.187500 0.600000
vt 0.187500 0.700000
vt 0.187500 0.800000
vt 0.250000 1.000000
vt 0.250000 0.900000
vt 0.250000 0.100000
vt 0.250000 0.000000
vt 0.250000 0.200000
vt 0.250000 0.300000
vt 0.250000 0.400000
vt 0.250000 0.500000
vt 0.250000 0.600000
vt 0.250000 0.700000
vt 0.250000 0.800000
vt 0.312500 1.000000
vt 0.312500 0.900000
vt 0.312500 0.100000
vt 0.312500 0.000000
vt 0.312500 0.200000
vt 0.312500 0.300000
vt 0.312500 0.400000
vt 0.312500 0.500000
vt 0.312500 0.600000
vt 0.312500 0.700000
vt 0.312500 0.800000
vt 0.375000 1.000000
vt 0.375000 0.900000
vt 0.375000 0.100000
vt 0.375000 0.000000
vt 0.375000 0.200000
vt 0.375000 0.300000
vt 0.375000 0.400000
vt 0.375000 0.500000
vt 0.375000 0.600000
vt 0.375000 0.700000
vt 0.375000 0.800000
vt 0.437500 1.000000
vt 0.437500 0.900000
vt 0.437500 0.100000
vt 0.437500 0.000000
vt 0.437500 0.200000
vt 0.437500 0.300000
vt 0.437500 0.400000
vt 0.437500 0.500000
vt 0.437500 0.600000
vt 0.437500 0.700000
vt 0.437500 0.800000
vt 0.500000 1.000000
vt 0.500000 0.900000
vt 0.500000 0.100000
vt 0.500000 0.000000
vt 0.500000 0.200000
vt 0.500000 0.300000
vt 0.500000 0.400000
vt 0.500000 0.500000
vt 0.500000 0.600000
vt 0.500000 0.700000
vt 0.500000 0.800000
vt 0.562500 1.000000
vt 0.562500 0.900000
vt 0.562500 0.100000
vt 0.562500 0.000000
vt 0.562500 0.200000
vt 0.562500 0.300000
vt 0.562500 0.400000
vt 0.562500 0.500000
vt 0.562500 0.600000
vt 0.562500 0.700000
vt 0.562500 0.800000
vt 0.625000 1.000000
vt 0.625000 0.900000
vt 0.625000 0.100000
vt 0.625000 0.000000
vt 0.625000 0.200000
vt 0.625000 0.300000
vt 0.625000 0.400000
vt 0.625000 0.500000
vt 0.625000 0.600000
vt 0.625000 0.700000
vt 0.625000 0.800000
vt 0.687500 1.000000
vt 0.687500 0.900000
vt 0.687500 0.100000
vt 0.687500 0.000000
vt 0.687500 0.200000
vt 0.687500 0.300000
vt 0.687500 0.400000
vt 0.687500 0.500000
vt 0.687500 0.600000
vt 0.687500 0.700000
vt 0.687500 0.800000
vt 0.750000 1.000000
vt 0.750000 0.900000
vt 0.750000 0.100000
vt 0.750000 0.000000
vt 0.750000 0.200000
vt 0.750000 0.300000
vt 0.750000 0.400000
vt 0.750000 0.500000
vt 0.750000 0.600000
vt 0.750000 0.700000
vt 0.750000 0.800000
vt 0.812500 1.000000
vt 0.812500 0.900000
vt 0.812500 0.100000
vt 0.812500 0.000000
vt 0.812500 0.200000
vt 0.812500 0.300000
vt 0.812500 0.400000
vt 0.812500 0.500000
vt 0.812500 0.600000
vt 0.812500 0.700000
vt 0.812500 0.800000
vt 0.875000 1.000000
vt 0.875000 0.900000
vt 0.875000 0.100000
vt 0.875000 0.000000
vt 0.875000 0.200000
vt 0.875000 0.300000
vt 0.875000 0.400000
vt 0.875000 0.500000
vt 0.875000 0.600000
vt 0.875000 0.700000
vt 0.875000 0.800000
vt 0.937500 1.000000
vt 0.937500 0.900000
vt 0.937500 0.100000
vt 0.937500 0.000000
vt 0.937500 0.200000
vt 0.937500 0.300000
vt 0.937500 0.400000
vt 0.937500 0.500000
vt 0.937500 0.600000
vt 0.937500 0.700000
vt 0.937500 0.800000
vt 1.000000 1.000000
vt 1.000000 0.900000
vt 1.000000 0.100000
vt 1.000000 0.000000
vt 1.000000 0.200000
vt 1.000000 0.300000
vt 1.000000 0.400000
vt 1.000000 0.500000
vt 1.000000 0.600000
vt 1.000000 0.700000
vt 1.000000 0.800000
s 1
usemtl M_AetherEnergy
f 3125/3857/2625 3135/3858/2635 3144/3859/2644 3134/3860/2634
f 3126/3861/2626 3136/3862/2636 3135/3863/2635 3125/3864/2625
f 3127/3865/2627 3137/3866/2637 3136/3862/2636 3126/3861/2626
f 3128/3867/2628 3138/3868/2638 3137/3866/2637 3127/3865/2627
f 3129/3869/2629 3139/3870/2639 3138/3868/2638 3128/3867/2628
f 3130/3871/2630 3140/3872/2640 3139/3870/2639 3129/3869/2629
f 3131/3873/2631 3141/3874/2641 3140/3872/2640 3130/3871/2630
f 3132/3875/2632 3142/3876/2642 3141/3874/2641 3131/3873/2631
f 3133/3877/2633 3143/3878/2643 3142/3876/2642 3132/3875/2632
f 3134/3860/2634 3144/3859/2644 3143/3878/2643 3133/3877/2633
f 3135/3858/2635 3145/3879/2645 3154/3880/2654 3144/3859/2644
f 3136/3862/2636 3146/3881/2646 3145/3882/2645 3135/3863/2635
f 3137/3866/2637 3147/3883/2647 3146/3881/2646 3136/3862/2636
f 3138/3868/2638 3148/3884/2648 3147/3883/2647 3137/3866/2637
f 3139/3870/2639 3149/3885/2649 3148/3884/2648 3138/3868/2638
f 3140/3872/2640 3150/3886/2650 3149/3885/2649 3139/3870/2639
f 3141/3874/2641 3151/3887/2651 3150/3886/2650 3140/3872/2640
f 3142/3876/2642 3152/3888/2652 3151/3887/2651 3141/3874/2641
f 3143/3878/2643 3153/3889/2653 3152/3888/2652 3142/3876/2642
f 3144/3859/2644 3154/3880/2654 3153/3889/2653 3143/3878/2643
f 3145/3879/2645 3155/3890/2655 3164/3891/2664 3154/3880/2654
f 3146/3881/2646 3156/3892/2656 3155/3893/2655 3145/3882/2645
f 3147/3883/2647 3157/3894/2657 3156/3892/2656 3146/3881/2646
f 3148/3884/2648 3158/3895/2658 3157/3894/2657 3147/3883/2647
f 3149/3885/2649 3159/3896/2659 3158/3895/2658 3148/3884/2648
f 3150/3886/2650 3160/3897/2660 3159/3896/2659 3149/3885/2649
f 3151/3887/2651 3161/3898/2661 3160/3897/2660 3150/3886/2650
f 3152/3888/2652 3162/3899/2662 3161/3898/2661 3151/3887/2651
f 3153/3889/2653 3163/3900/2663 3162/3899/2662 3152/3888/2652
f 3154/3880/2654 3164/3891/2664 3163/3900/2663 3153/3889/2653
f 3155/3890/2655 3165/3901/2665 3174/3902/2674 3164/3891/2664
f 3156/3892/2656 3166/3903/2666 3165/3904/2665 3155/3893/2655
f 3157/3894/2657 3167/3905/2667 3166/3903/2666 3156/3892/2656
f 3158/3895/2658 3168/3906/2668 3167/3905/2667 3157/3894/2657
f 3159/3896/2659 3169/3907/2669 3168/3906/2668 3158/3895/2658
f 3160/3897/2660 3170/3908/2670 3169/3907/2669 3159/3896/2659
f 3161/3898/2661 3171/3909/2671 3170/3908/2670 3160/3897/2660
f 3162/3899/2662 3172/3910/2672 3171/3909/2671 3161/3898/2661
f 3163/3900/2663 3173/3911/2673 3172/3910/2672 3162/3899/2662
f 3164/3891/2664 3174/3902/2674 3173/3911/2673 3163/3900/2663
f 3165/3901/2665 3175/3912/2675 3184/3913/2684 3174/3902/2674
f 3166/3903/2666 3176/3914/2676 3175/3915/2675 3165/3904/2665
f 3167/3905/2667 3177/3916/2677 3176/3914/2676 3166/3903/2666
f 3168/3906/2668 3178/3917/2678 3177/3916/2677 3167/3905/2667
f 3169/3907/2669 3179/3918/2679 3178/3917/2678 3168/3906/2668
f 3170/3908/2670 3180/3919/2680 3179/3918/2679 3169/3907/2669
f 3171/3909/2671 3181/3920/2681 3180/3919/2680 3170/3908/2670
f 3172/3910/2672 3182/3921/2682 3181/3920/2681 3171/3909/2671
f 3173/3911/2673 3183/3922/2683 3182/3921/2682 3172/3910/2672
f 3174/3902/2674 3184/3913/2684 3183/3922/2683 3173/3911/2673
f 3175/3912/2675 3185/3923/2685 3194/3924/2694 3184/3913/2684
f 3176/3914/2676 3186/3925/2686 3185/3926/2685 3175/3915/2675
f 3177/3916/2677 3187/3927/2687 3186/3925/2686 3176/3914/2676
f 3178/3917/2678 3188/3928/2688 3187/3927/2687 3177/3916/2677
f 3179/3918/2679 3189/3929/2689 3188/3928/2688 3178/3917/2678
f 3180/3919/2680 3190/3930/2690 3189/3929/2689 3179/3918/2679
f 3181/3920/2681 3191/3931/2691 3190/3930/2690 3180/3919/2680
f 3182/3921/2682 3192/3932/2692 3191/3931/2691 3181/3920/2681
f 3183/3922/2683 3193/3933/2693 3192/3932/2692 3182/3921/2682
f 3184/3913/2684 3194/3924/2694 3193/3933/2693 3183/3922/2683
f 3185/3923/2685 3195/3934/2695 3204/3935/2704 3194/3924/2694
f 3186/3925/2686 3196/3936/2696 3195/3937/2695 3185/3926/2685
f 3187/3927/2687 3197/3938/2697 3196/3936/2696 3186/3925/2686
f 3188/3928/2688 3198/3939/2698 3197/3938/2697 3187/3927/2687
f 3189/3929/2689 3199/3940/2699 3198/3939/2698 3188/3928/2688
f 3190/3930/2690 3200/3941/2700 3199/3940/2699 3189/3929/2689
f 3191/3931/2691 3201/3942/2701 3200/3941/2700 3190/3930/2690
f 3192/3932/2692 3202/3943/2702 3201/3942/2701 3191/3931/2691
f 3193/3933/2693 3203/3944/2703 3202/3943/2702 3192/3932/2692
f 3194/3924/2694 3204/3935/2704 3203/3944/2703 3193/3933/2693
f 3195/3934/2695 3205/3945/2705 3214/3946/2714 3204/3935/2704
f 3196/3936/2696 3206/3947/2706 3205/3948/2705 3195/3937/2695
f 3197/3938/2697 3207/3949/2707 3206/3947/2706 3196/3936/2696
f 3198/3939/2698 3208/3950/2708 3207/3949/2707 3197/3938/2697
f 3199/3940/2699 3209/3951/2709 3208/3950/2708 3198/3939/2698
f 3200/3941/2700 3210/3952/2710 3209/3951/2709 3199/3940/2699
f 3201/3942/2701 3211/3953/2711 3210/3952/2710 3200/3941/2700
f 3202/3943/2702 3212/3954/2712 3211/3953/2711 3201/3942/2701
f 3203/3944/2703 3213/3955/2713 3212/3954/2712 3202/3943/2702
f 3204/3935/2704 3214/3946/2714 3213/3955/2713 3203/3944/2703
f 3205/3945/2705 3215/3956/2715 3224/3957/2724 3214/3946/2714
f 3206/3947/2706 3216/3958/2716 3215/3959/2715 3205/3948/2705
f 3207/3949/2707 3217/3960/2717 3216/3958/2716 3206/3947/2706
f 3208/3950/2708 3218/3961/2718 3217/3960/2717 3207/3949/2707
f 3209/3951/2709 3219/3962/2719 3218/3961/2718 3208/3950/2708
f 3210/3952/2710 3220/3963/2720 3219/3962/2719 3209/3951/2709
f 3211/3953/2711 3221/3964/2721 3220/3963/2720 3210/3952/2710
f 3212/3954/2712 3222/3965/2722 3221/3964/2721 3211/3953/2711
f 3213/3955/2713 3223/3966/2723 3222/3965/2722 3212/3954/2712
f 3214/3946/2714 3224/3957/2724 3223/3966/2723 3213/3955/2713
f 3215/3956/2715 3225/3967/2725 3234/3968/2734 3224/3957/2724
f 3216/3958/2716 3226/3969/2726 3225/3970/2725 3215/3959/2715
f 3217/3960/2717 3227/3971/2727 3226/3969/2726 3216/3958/2716
f 3218/3961/2718 3228/3972/2728 3227/3971/2727 3217/3960/2717
f 3219/3962/2719 3229/3973/2729 3228/3972/2728 3218/3961/2718
f 3220/3963/2720 3230/3974/2730 3229/3973/2729 3219/3962/2719
f 3221/3964/2721 3231/3975/2731 3230/3974/2730 3220/3963/2720
f 3222/3965/2722 3232/3976/2732 3231/3975/2731 3221/3964/2721
f 3223/3966/2723 3233/3977/2733 3232/3976/2732 3222/3965/2722
f 3224/3957/2724 3234/3968/2734 3233/3977/2733 3223/3966/2723
f 3225/3967/2725 3235/3978/2735 3244/3979/2744 3234/3968/2734
f 3226/3969/2726 3236/3980/2736 3235/3981/2735 3225/3970/2725
f 3227/3971/2727 3237/3982/2737 3236/3980/2736 3226/3969/2726
f 3228/3972/2728 3238/3983/2738 3237/3982/2737 3227/3971/2727
f 3229/3973/2729 3239/3984/2739 3238/3983/2738 3228/3972/2728
f 3230/3974/2730 3240/3985/2740 3239/3984/2739 3229/3973/2729
f 3231/3975/2731 3241/3986/2741 3240/3985/2740 3230/3974/2730
f 3232/3976/2732 3242/3987/2742 3241/3986/2741 3231/3975/2731
f 3233/3977/2733 3243/3988/2743 3242/3987/2742 3232/3976/2732
f 3234/3968/2734 3244/3979/2744 3243/3988/2743 3233/3977/2733
f 3235/3978/2735 3245/3989/2745 3254/3990/2754 3244/3979/2744
f 3236/3980/2736 3246/3991/2746 3245/3992/2745 3235/3981/2735
f 3237/3982/2737 3247/3993/2747 3246/3991/2746 3236/3980/2736
f 3238/3983/2738 3248/3994/2748 3247/3993/2747 3237/3982/2737
f 3239/3984/2739 3249/3995/2749 3248/3994/2748 3238/3983/2738
f 3240/3985/2740 3250/3996/2750 3249/3995/2749 3239/3984/2739
f 3241/3986/2741 3251/3997/2751 3250/3996/2750 3240/3985/2740
f 3242/3987/2742 3252/3998/2752 3251/3997/2751 3241/3986/2741
f 3243/3988/2743 3253/3999/2753 3252/3998/2752 3242/3987/2742
f 3244/3979/2744 3254/3990/2754 3253/3999/2753 3243/3988/2743
f 3245/3989/2745 3255/4000/2755 3264/4001/2764 3254/3990/2754
f 3246/3991/2746 3256/4002/2756 3255/4003/2755 3245/3992/2745
f 3247/3993/2747 3257/4004/2757 3256/4002/2756 3246/3991/2746
f 3248/3994/2748 3258/4005/2758 3257/4004/2757 3247/3993/2747
f 3249/3995/2749 3259/4006/2759 3258/4005/2758 3248/3994/2748
f 3250/3996/2750 3260/4007/2760 3259/4006/2759 3249/3995/2749
f 3251/3997/2751 3261/4008/2761 3260/4007/2760 3250/3996/2750
f 3252/3998/2752 3262/4009/2762 3261/4008/2761 3251/3997/2751
f 3253/3999/2753 3263/4010/2763 3262/4009/2762 3252/3998/2752
f 3254/3990/2754 3264/4001/2764 3263/4010/2763 3253/3999/2753
f 3255/4000/2755 3265/4011/2765 3274/4012/2774 3264/4001/2764
f 3256/4002/2756 3266/4013/2766 3265/4014/2765 3255/4003/2755
f 3257/4004/2757 3267/4015/2767 3266/4013/2766 3256/4002/2756
f 3258/4005/2758 3268/4016/2768 3267/4015/2767 3257/4004/2757
f 3259/4006/2759 3269/4017/2769 3268/4016/2768 3258/4005/2758
f 3260/4007/2760 3270/4018/2770 3269/4017/2769 3259/4006/2759
f 3261/4008/2761 3271/4019/2771 3270/4018/2770 3260/4007/2760
f 3262/4009/2762 3272/4020/2772 3271/4019/2771 3261/4008/2761
f 3263/4010/2763 3273/4021/2773 3272/4020/2772 3262/4009/2762
f 3264/4001/2764 3274/4012/2774 3273/4021/2773 3263/4010/2763
f 3265/4011/2765 3275/4022/2775 3284/4023/2784 3274/4012/2774
f 3266/4013/2766 3276/4024/2776 3275/4025/2775 3265/4014/2765
f 3267/4015/2767 3277/4026/2777 3276/4024/2776 3266/4013/2766
f 3268/4016/2768 3278/4027/2778 3277/4026/2777 3267/4015/2767
f 3269/4017/2769 3279/4028/2779 3278/4027/2778 3268/4016/2768
f 3270/4018/2770 3280/4029/2780 3279/4028/2779 3269/4017/2769
f 3271/4019/2771 3281/4030/2781 3280/4029/2780 3270/4018/2770
f 3272/4020/2772 3282/4031/2782 3281/4030/2781 3271/4019/2771
f 3273/4021/2773 3283/4032/2783 3282/4031/2782 3272/4020/2772
f 3274/4012/2774 3284/4023/2784 3283/4032/2783 3273/4021/2773
f 3275/4022/2775 3285/4033/2785 3294/4034/2794 3284/4023/2784
f 3276/4024/2776 3286/4035/2786 3285/4036/2785 3275/4025/2775
f 3277/4026/2777 3287/4037/2787 3286/4035/2786 3276/4024/2776
f 3278/4027/2778 3288/4038/2788 3287/4037/2787 3277/4026/2777
f 3279/4028/2779 3289/4039/2789 3288/4038/2788 3278/4027/2778
f 3280/4029/2780 3290/4040/2790 3289/4039/2789 3279/4028/2779
f 3281/4030/2781 3291/4041/2791 3290/4040/2790 3280/4029/2780
f 3282/4031/2782 3292/4042/2792 3291/4041/2791 3281/4030/2781
f 3283/4032/2783 3293/4043/2793 3292/4042/2792 3282/4031/2782
f 3284/4023/2784 3294/4034/2794 3293/4043/2793 3283/4032/2783
o CausewayFracture_R_2
v -21.999435 0.321458 -2.209698
v -21.999784 0.331630 -2.195703
v -22.000216 0.331630 -2.178403
v -22.000565 0.321458 -2.164407
v -22.000698 0.305000 -2.159062
v -22.000565 0.288542 -2.164407
v -22.000216 0.278370 -2.178403
v -21.999784 0.278370 -2.195703
v -21.999435 0.288542 -2.209698
v -21.999302 0.305000 -2.215044
v -19.248863 0.321458 -2.157485
v -19.249212 0.331630 -2.143489
v -19.249643 0.331630 -2.126190
v -19.249992 0.321458 -2.112194
v -19.250126 0.305000 -2.106848
v -19.249992 0.288542 -2.112194
v -19.249643 0.278370 -2.126190
v -19.249212 0.278370 -2.143489
v -19.248863 0.288542 -2.157485
v -19.248730 0.305000 -2.162831
v -16.498922 0.321458 -2.072619
v -16.499588 0.331630 -2.058635
v -16.500412 0.331630 -2.041350
v -16.501078 0.321458 -2.027365
v -16.501333 0.305000 -2.022024
v -16.501078 0.288542 -2.027365
v -16.500412 0.278370 -2.041350
v -16.499588 0.278370 -2.058635
v -16.498922 0.288542 -2.072619
v -16.498667 0.305000 -2.077960
v -13.748380 0.321458 -1.895266
v -13.749296 0.331630 -1.881296
v -13.750427 0.331630 -1.864028
v -13.751344 0.321458 -1.850058
v -13.751693 0.305000 -1.844722
v -13.751344 0.288542 -1.850058
v -13.750427 0.278370 -1.864028
v -13.749296 0.278370 -1.881296
v -13.748380 0.288542 -1.895266
v -13.748031 0.305000 -1.900602
v -10.998857 0.321458 -1.712094
v -10.999563 0.331630 -1.698112
v -11.000437 0.331630 -1.680829
v -11.001143 0.321458 -1.666847
v -11.001413 0.305000 -1.661506
v -11.001143 0.288542 -1.666847
v -11.000437 0.278370 -1.680829
v -10.999563 0.278370 -1.698112
v -10.998857 0.288542 -1.712094
v -10.998587 0.305000 -1.717435
v -8.249552 0.321458 -1.617332
v -8.250002 0.331630 -1.603339
v -8.250559 0.331630 -1.586043
v -8.251009 0.321458 -1.572050
v -8.251182 0.305000 -1.566706
v -8.251009 0.288542 -1.572050
v -8.250559 0.278370 -1.586043
v -8.250002 0.278370 -1.603339
v -8.249552 0.288542 -1.617332
v -8.249379 0.305000 -1.622677
v -5.498793 0.321458 -1.535006
v -5.499539 0.331630 -1.521025
v -5.500461 0.331630 -1.503745
v -5.501207 0.321458 -1.489765
v -5.501492 0.305000 -1.484425
v -5.501207 0.288542 -1.489765
v -5.500461 0.278370 -1.503745
v -5.499539 0.278370 -1.521025
v -5.498793 0.288542 -1.535006
v -5.498508 0.305000 -1.540345
v -2.748517 0.321458 -1.323615
v -2.749215 0.331630 -1.309633
v -2.750079 0.331630 -1.292349
v -2.750777 0.321458 -1.278367
v -2.751044 0.305000 -1.273026
v -2.750777 0.288542 -1.278367
v -2.750079 0.278370 -1.292349
v -2.749215 0.278370 -1.309633
v -2.748517 0.288542 -1.323615
v -2.748250 0.305000 -1.328956
v -0.001336 0.321458 -1.260006
v -0.000510 0.331630 -1.246030
v 0.000510 0.331630 -1.228755
v 0.001336 0.321458 -1.214780
v 0.001651 0.305000 -1.209441
v 0.001336 0.288542 -1.214780
v 0.000510 0.278370 -1.228755
v -0.000510 0.278370 -1.246030
v -0.001336 0.288542 -1.260006
v -0.001651 0.305000 -1.265344
v 2.748493 0.321458 -1.650750
v 2.750602 0.331630 -1.636909
v 2.753208 0.331630 -1.619802
v 2.755317 0.321458 -1.605961
v 2.756122 0.305000 -1.600675
v 2.755317 0.288542 -1.605961
v 2.753208 0.278370 -1.619802
v 2.750602 0.278370 -1.636909
v 2.748493 0.288542 -1.650750
v 2.747688 0.305000 -1.656036
v 5.497632 0.321458 -2.097904
v 5.499095 0.331630 -2.083981
v 5.500905 0.331630 -2.066771
v 5.502368 0.321458 -2.052847
v 5.502927 0.305000 -2.047529
v 5.502368 0.288542 -2.052847
v 5.500905 0.278370 -2.066771
v 5.499095 0.278370 -2.083981
v 5.497632 0.288542 -2.097904
v 5.497073 0.305000 -2.103222
v 8.246739 0.321458 -2.230587
v 8.247005 0.331630 -2.216590
v 8.247335 0.331630 -2.199288
v 8.247602 0.321458 -2.185291
v 8.247704 0.305000 -2.179944
v 8.247602 0.288542 -2.185291
v 8.247335 0.278370 -2.199288
v 8.247005 0.278370 -2.216590
v 8.246739 0.288542 -2.230587
v 8.246637 0.305000 -2.235934
v 11.000528 0.321458 -2.202687
v 11.000202 0.331630 -2.188691
v 10.999798 0.331630 -2.171391
v 10.999472 0.321458 -2.157394
v 10.999347 0.305000 -2.152048
v 10.999472 0.288542 -2.157394
v 10.999798 0.278370 -2.171391
v 11.000202 0.278370 -2.188691
v 11.000528 0.288542 -2.202687
v 11.000653 0.305000 -2.208033
v 13.752211 0.321458 -2.102128
v 13.751535 0.331630 -2.088144
v 13.750700 0.331630 -2.070859
v 13.750025 0.321458 -2.056876
v 13.749767 0.305000 -2.051534
v 13.750025 0.288542 -2.056876
v 13.750700 0.278370 -2.070859
v 13.751535 0.278370 -2.088144
v 13.752211 0.288542 -2.102128
v 13.752468 0.305000 -2.107469
v 16.501348 0.321458 -1.937080
v 16.500515 0.331630 -1.923105
v 16.499485 0.331630 -1.905830
v 16.498652 0.321458 -1.891855
v 16.498333 0.305000 -1.886517
v 16.498652 0.288542 -1.891855
v 16.499485 0.278370 -1.905831
v 16.500515 0.278370 -1.923105
v 16.501348 0.288542 -1.937080
v 16.501667 0.305000 -1.942418
v 19.251678 0.321458 -1.774186
v 19.250826 0.331630 -1.760212
v 19.249769 0.331630 -1.742940
v 19.248917 0.321458 -1.728966
v 19.248590 0.305000 -1.723628
v 19.248917 0.288542 -1.728966
v 19.249769 0.278370 -1.742940
v 19.250826 0.278370 -1.760212
v 19.251678 0.288542 -1.774186
v 19.252005 0.305000 -1.779524
v 22.001381 0.321458 -1.601002
v 22.000528 0.331630 -1.587028
v 21.999472 0.331630 -1.569755
v 21.998619 0.321458 -1.555781
v 21.998293 0.305000 -1.550444
v 21.998619 0.288542 -1.555781
v 21.999472 0.278370 -1.569755
v 22.000528 0.278370 -1.587028
v 22.001381 0.288542 -1.601002
v 22.001707 0.305000 -1.606339
vn 0.0153 0.5883 -0.8085
vn 0.0058 0.9514 -0.3079
vn -0.0059 0.9507 0.3100
vn -0.0154 0.5872 0.8093
vn -0.0190 -0.0000 0.9998
vn -0.0154 -0.5872 0.8093
vn -0.0059 -0.9507 0.3100
vn 0.0058 -0.9514 -0.3079
vn 0.0153 -0.5883 -0.8085
vn 0.0190 -0.0000 -0.9998
vn 0.0202 0.5872 -0.8092
vn 0.0077 0.9507 -0.3100
vn -0.0077 0.9514 0.3079
vn -0.0201 0.5883 0.8084
vn -0.0249 -0.0000 0.9997
vn -0.0201 -0.5883 0.8084
vn -0.0077 -0.9514 0.3079
vn 0.0077 -0.9507 -0.3100
vn 0.0202 -0.5872 -0.8092
vn 0.0249 -0.0000 -0.9997
vn 0.0386 0.5862 -0.8092
vn 0.0149 0.9501 -0.3116
vn -0.0146 0.9520 0.3057
vn -0.0385 0.5894 0.8069
vn -0.0476 -0.0000 0.9989
vn -0.0385 -0.5894 0.8069
vn -0.0146 -0.9520 0.3057
vn 0.0149 -0.9501 -0.3116
vn 0.0386 -0.5862 -0.8092
vn 0.0476 -0.0000 -0.9989
vn 0.0529 0.5877 -0.8074
vn 0.0202 0.9510 -0.3086
vn -0.0202 0.9511 0.3082
vn -0.0529 0.5879 0.8072
vn -0.0654 -0.0000 0.9979
vn -0.0529 -0.5879 0.8072
vn -0.0202 -0.9511 0.3082
vn 0.0202 -0.9510 -0.3086
vn 0.0529 -0.5877 -0.8074
vn 0.0654 -0.0000 -0.9979
vn 0.0408 0.5893 -0.8069
vn 0.0155 0.9520 -0.3058
vn -0.0157 0.9501 0.3114
vn -0.0409 0.5863 0.8091
vn -0.0505 -0.0000 0.9987
vn -0.0409 -0.5863 0.8091
vn -0.0157 -0.9501 0.3114
vn 0.0155 -0.9520 -0.3058
vn 0.0408 -0.5893 -0.8069
vn 0.0505 -0.0000 -0.9987
vn 0.0260 0.5880 -0.8085
vn 0.0099 0.9512 -0.3085
vn -0.0100 0.9509 0.3093
vn -0.0260 0.5875 0.8088
vn -0.0322 -0.0000 0.9995
vn -0.0260 -0.5875 0.8088
vn -0.0100 -0.9509 0.3093
vn 0.0099 -0.9512 -0.3085
vn 0.0260 -0.5880 -0.8085
vn 0.0322 -0.0000 -0.9995
vn 0.0432 0.5856 -0.8094
vn 0.0167 0.9497 -0.3127
vn -0.0162 0.9524 0.3044
vn -0.0430 0.5900 0.8063
vn -0.0533 -0.0000 0.9986
vn -0.0430 -0.5900 0.8063
vn -0.0162 -0.9524 0.3044
vn 0.0167 -0.9497 -0.3127
vn 0.0432 -0.5856 -0.8094
vn 0.0533 -0.0000 -0.9986
vn 0.0403 0.5901 -0.8063
vn 0.0152 0.9525 -0.3040
vn -0.0157 0.9494 0.3135
vn -0.0405 0.5851 0.8100
vn -0.0499 -0.0000 0.9988
vn -0.0405 -0.5851 0.8100
vn -0.0157 -0.9494 0.3135
vn 0.0152 -0.9525 -0.3040
vn 0.0403 -0.5901 -0.8063
vn 0.0499 -0.0000 -0.9988
vn -0.0473 0.5961 -0.8015
vn -0.0173 0.9558 -0.2934
vn 0.0191 0.9464 0.3225
vn 0.0480 0.5807 0.8127
vn 0.0590 -0.0000 0.9983
vn 0.0480 -0.5807 0.8127
vn 0.0191 -0.9464 0.3225
vn -0.0173 -0.9558 -0.2934
vn -0.0473 -0.5961 -0.8015
vn -0.0590 -0.0000 -0.9983
vn -0.1218 0.5883 -0.7994
vn -0.0463 0.9515 -0.3040
vn 0.0469 0.9504 0.3075
vn 0.1220 0.5865 0.8007
vn 0.1506 -0.0000 0.9886
vn 0.1220 -0.5865 0.8007
vn 0.0469 -0.9504 0.3075
vn -0.0463 -0.9515 -0.3040
vn -0.1218 -0.5883 -0.7994
vn -0.1506 -0.0000 -0.9886
vn -0.0850 0.5828 -0.8082
vn -0.0333 0.9478 -0.3171
vn 0.0312 0.9543 0.2971
vn 0.0842 0.5933 0.8005
vn 0.1045 -0.0000 0.9945
vn 0.0842 -0.5933 0.8005
vn 0.0312 -0.9543 0.2971
vn -0.0333 -0.9478 -0.3171
vn -0.0850 -0.5828 -0.8082
vn -0.1045 -0.0000 -0.9945
vn -0.0154 0.5850 -0.8109
vn -0.0060 0.9493 -0.3142
vn 0.0058 0.9527 0.3038
vn 0.0154 0.5905 0.8069
vn 0.0190 -0.0000 0.9998
vn 0.0154 -0.5905 0.8069
vn 0.0058 -0.9527 0.3038
vn -0.0060 -0.9493 -0.3142
vn -0.0154 -0.5850 -0.8109
vn -0.0190 -0.0000 -0.9998
vn 0.0189 0.5865 -0.8097
vn 0.0073 0.9503 -0.3113
vn -0.0072 0.9518 0.3066
vn -0.0189 0.5890 0.8079
vn -0.0233 -0.0000 0.9997
vn -0.0189 -0.5890 0.8079
vn -0.0072 -0.9518 0.3066
vn 0.0073 -0.9503 -0.3113
vn 0.0189 -0.5865 -0.8097
vn 0.0233 -0.0000 -0.9997
vn 0.0391 0.5867 -0.8089
vn 0.0150 0.9504 -0.3107
vn -0.0148 0.9517 0.3066
vn -0.0390 0.5889 0.8073
vn -0.0482 -0.0000 0.9988
vn -0.0390 -0.5889 0.8073
vn -0.0148 -0.9517 0.3066
vn 0.0150 -0.9504 -0.3107
vn 0.0391 -0.5867 -0.8089
vn 0.0482 -0.0000 -0.9988
vn 0.0482 0.5878 -0.8076
vn 0.0184 0.9511 -0.3084
vn -0.0184 0.9510 0.3085
vn -0.0482 0.5877 0.8076
vn -0.0595 -0.0000 0.9982
vn -0.0482 -0.5877 0.8076
vn -0.0184 -0.9510 0.3085
vn 0.0184 -0.9511 -0.3084
vn 0.0482 -0.5878 -0.8076
vn 0.0595 -0.0000 -0.9982
vn 0.0494 0.5876 -0.8076
vn 0.0189 0.9509 -0.3088
vn -0.0188 0.9512 0.3081
vn -0.0493 0.5880 0.8074
vn -0.0610 -0.0000 0.9981
vn -0.0493 -0.5880 0.8074
vn -0.0188 -0.9512 0.3081
vn 0.0189 -0.9509 -0.3088
vn 0.0494 -0.5876 -0.8076
vn 0.0610 -0.0000 -0.9981
vn 0.0508 0.5880 -0.8073
vn 0.0194 0.9512 -0.3081
vn -0.0194 0.9509 0.3087
vn -0.0509 0.5876 0.8075
vn -0.0629 -0.0000 0.9980
vn -0.0509 -0.5876 0.8075
vn -0.0194 -0.9509 0.3087
vn 0.0194 -0.9512 -0.3081
vn 0.0508 -0.5880 -0.8073
vn 0.0629 -0.0000 -0.9980
vt 0.000000 1.000000
vt 0.062500 1.000000
vt 0.062500 0.900000
vt 0.000000 0.900000
vt 0.000000 0.100000
vt 0.062500 0.100000
vt 0.062500 0.000000
vt 0.000000 0.000000
vt 0.000000 0.200000
vt 0.062500 0.200000
vt 0.000000 0.300000
vt 0.062500 0.300000
vt 0.000000 0.400000
vt 0.062500 0.400000
vt 0.000000 0.500000
vt 0.062500 0.500000
vt 0.000000 0.600000
vt 0.062500 0.600000
vt 0.000000 0.700000
vt 0.062500 0.700000
vt 0.000000 0.800000
vt 0.062500 0.800000
vt 0.125000 1.000000
vt 0.125000 0.900000
vt 0.125000 0.100000
vt 0.125000 0.000000
vt 0.125000 0.200000
vt 0.125000 0.300000
vt 0.125000 0.400000
vt 0.125000 0.500000
vt 0.125000 0.600000
vt 0.125000 0.700000
vt 0.125000 0.800000
vt 0.187500 1.000000
vt 0.187500 0.900000
vt 0.187500 0.100000
vt 0.187500 0.000000
vt 0.187500 0.200000
vt 0.187500 0.300000
vt 0.187500 0.400000
vt 0.187500 0.500000
vt 0.187500 0.600000
vt 0.187500 0.700000
vt 0.187500 0.800000
vt 0.250000 1.000000
vt 0.250000 0.900000
vt 0.250000 0.100000
vt 0.250000 0.000000
vt 0.250000 0.200000
vt 0.250000 0.300000
vt 0.250000 0.400000
vt 0.250000 0.500000
vt 0.250000 0.600000
vt 0.250000 0.700000
vt 0.250000 0.800000
vt 0.312500 1.000000
vt 0.312500 0.900000
vt 0.312500 0.100000
vt 0.312500 0.000000
vt 0.312500 0.200000
vt 0.312500 0.300000
vt 0.312500 0.400000
vt 0.312500 0.500000
vt 0.312500 0.600000
vt 0.312500 0.700000
vt 0.312500 0.800000
vt 0.375000 1.000000
vt 0.375000 0.900000
vt 0.375000 0.100000
vt 0.375000 0.000000
vt 0.375000 0.200000
vt 0.375000 0.300000
vt 0.375000 0.400000
vt 0.375000 0.500000
vt 0.375000 0.600000
vt 0.375000 0.700000
vt 0.375000 0.800000
vt 0.437500 1.000000
vt 0.437500 0.900000
vt 0.437500 0.100000
vt 0.437500 0.000000
vt 0.437500 0.200000
vt 0.437500 0.300000
vt 0.437500 0.400000
vt 0.437500 0.500000
vt 0.437500 0.600000
vt 0.437500 0.700000
vt 0.437500 0.800000
vt 0.500000 1.000000
vt 0.500000 0.900000
vt 0.500000 0.100000
vt 0.500000 0.000000
vt 0.500000 0.200000
vt 0.500000 0.300000
vt 0.500000 0.400000
vt 0.500000 0.500000
vt 0.500000 0.600000
vt 0.500000 0.700000
vt 0.500000 0.800000
vt 0.562500 1.000000
vt 0.562500 0.900000
vt 0.562500 0.100000
vt 0.562500 0.000000
vt 0.562500 0.200000
vt 0.562500 0.300000
vt 0.562500 0.400000
vt 0.562500 0.500000
vt 0.562500 0.600000
vt 0.562500 0.700000
vt 0.562500 0.800000
vt 0.625000 1.000000
vt 0.625000 0.900000
vt 0.625000 0.100000
vt 0.625000 0.000000
vt 0.625000 0.200000
vt 0.625000 0.300000
vt 0.625000 0.400000
vt 0.625000 0.500000
vt 0.625000 0.600000
vt 0.625000 0.700000
vt 0.625000 0.800000
vt 0.687500 1.000000
vt 0.687500 0.900000
vt 0.687500 0.100000
vt 0.687500 0.000000
vt 0.687500 0.200000
vt 0.687500 0.300000
vt 0.687500 0.400000
vt 0.687500 0.500000
vt 0.687500 0.600000
vt 0.687500 0.700000
vt 0.687500 0.800000
vt 0.750000 1.000000
vt 0.750000 0.900000
vt 0.750000 0.100000
vt 0.750000 0.000000
vt 0.750000 0.200000
vt 0.750000 0.300000
vt 0.750000 0.400000
vt 0.750000 0.500000
vt 0.750000 0.600000
vt 0.750000 0.700000
vt 0.750000 0.800000
vt 0.812500 1.000000
vt 0.812500 0.900000
vt 0.812500 0.100000
vt 0.812500 0.000000
vt 0.812500 0.200000
vt 0.812500 0.300000
vt 0.812500 0.400000
vt 0.812500 0.500000
vt 0.812500 0.600000
vt 0.812500 0.700000
vt 0.812500 0.800000
vt 0.875000 1.000000
vt 0.875000 0.900000
vt 0.875000 0.100000
vt 0.875000 0.000000
vt 0.875000 0.200000
vt 0.875000 0.300000
vt 0.875000 0.400000
vt 0.875000 0.500000
vt 0.875000 0.600000
vt 0.875000 0.700000
vt 0.875000 0.800000
vt 0.937500 1.000000
vt 0.937500 0.900000
vt 0.937500 0.100000
vt 0.937500 0.000000
vt 0.937500 0.200000
vt 0.937500 0.300000
vt 0.937500 0.400000
vt 0.937500 0.500000
vt 0.937500 0.600000
vt 0.937500 0.700000
vt 0.937500 0.800000
vt 1.000000 1.000000
vt 1.000000 0.900000
vt 1.000000 0.100000
vt 1.000000 0.000000
vt 1.000000 0.200000
vt 1.000000 0.300000
vt 1.000000 0.400000
vt 1.000000 0.500000
vt 1.000000 0.600000
vt 1.000000 0.700000
vt 1.000000 0.800000
s 1
usemtl M_AetherEnergy
f 3295/4044/2795 3305/4045/2805 3314/4046/2814 3304/4047/2804
f 3296/4048/2796 3306/4049/2806 3305/4050/2805 3295/4051/2795
f 3297/4052/2797 3307/4053/2807 3306/4049/2806 3296/4048/2796
f 3298/4054/2798 3308/4055/2808 3307/4053/2807 3297/4052/2797
f 3299/4056/2799 3309/4057/2809 3308/4055/2808 3298/4054/2798
f 3300/4058/2800 3310/4059/2810 3309/4057/2809 3299/4056/2799
f 3301/4060/2801 3311/4061/2811 3310/4059/2810 3300/4058/2800
f 3302/4062/2802 3312/4063/2812 3311/4061/2811 3301/4060/2801
f 3303/4064/2803 3313/4065/2813 3312/4063/2812 3302/4062/2802
f 3304/4047/2804 3314/4046/2814 3313/4065/2813 3303/4064/2803
f 3305/4045/2805 3315/4066/2815 3324/4067/2824 3314/4046/2814
f 3306/4049/2806 3316/4068/2816 3315/4069/2815 3305/4050/2805
f 3307/4053/2807 3317/4070/2817 3316/4068/2816 3306/4049/2806
f 3308/4055/2808 3318/4071/2818 3317/4070/2817 3307/4053/2807
f 3309/4057/2809 3319/4072/2819 3318/4071/2818 3308/4055/2808
f 3310/4059/2810 3320/4073/2820 3319/4072/2819 3309/4057/2809
f 3311/4061/2811 3321/4074/2821 3320/4073/2820 3310/4059/2810
f 3312/4063/2812 3322/4075/2822 3321/4074/2821 3311/4061/2811
f 3313/4065/2813 3323/4076/2823 3322/4075/2822 3312/4063/2812
f 3314/4046/2814 3324/4067/2824 3323/4076/2823 3313/4065/2813
f 3315/4066/2815 3325/4077/2825 3334/4078/2834 3324/4067/2824
f 3316/4068/2816 3326/4079/2826 3325/4080/2825 3315/4069/2815
f 3317/4070/2817 3327/4081/2827 3326/4079/2826 3316/4068/2816
f 3318/4071/2818 3328/4082/2828 3327/4081/2827 3317/4070/2817
f 3319/4072/2819 3329/4083/2829 3328/4082/2828 3318/4071/2818
f 3320/4073/2820 3330/4084/2830 3329/4083/2829 3319/4072/2819
f 3321/4074/2821 3331/4085/2831 3330/4084/2830 3320/4073/2820
f 3322/4075/2822 3332/4086/2832 3331/4085/2831 3321/4074/2821
f 3323/4076/2823 3333/4087/2833 3332/4086/2832 3322/4075/2822
f 3324/4067/2824 3334/4078/2834 3333/4087/2833 3323/4076/2823
f 3325/4077/2825 3335/4088/2835 3344/4089/2844 3334/4078/2834
f 3326/4079/2826 3336/4090/2836 3335/4091/2835 3325/4080/2825
f 3327/4081/2827 3337/4092/2837 3336/4090/2836 3326/4079/2826
f 3328/4082/2828 3338/4093/2838 3337/4092/2837 3327/4081/2827
f 3329/4083/2829 3339/4094/2839 3338/4093/2838 3328/4082/2828
f 3330/4084/2830 3340/4095/2840 3339/4094/2839 3329/4083/2829
f 3331/4085/2831 3341/4096/2841 3340/4095/2840 3330/4084/2830
f 3332/4086/2832 3342/4097/2842 3341/4096/2841 3331/4085/2831
f 3333/4087/2833 3343/4098/2843 3342/4097/2842 3332/4086/2832
f 3334/4078/2834 3344/4089/2844 3343/4098/2843 3333/4087/2833
f 3335/4088/2835 3345/4099/2845 3354/4100/2854 3344/4089/2844
f 3336/4090/2836 3346/4101/2846 3345/4102/2845 3335/4091/2835
f 3337/4092/2837 3347/4103/2847 3346/4101/2846 3336/4090/2836
f 3338/4093/2838 3348/4104/2848 3347/4103/2847 3337/4092/2837
f 3339/4094/2839 3349/4105/2849 3348/4104/2848 3338/4093/2838
f 3340/4095/2840 3350/4106/2850 3349/4105/2849 3339/4094/2839
f 3341/4096/2841 3351/4107/2851 3350/4106/2850 3340/4095/2840
f 3342/4097/2842 3352/4108/2852 3351/4107/2851 3341/4096/2841
f 3343/4098/2843 3353/4109/2853 3352/4108/2852 3342/4097/2842
f 3344/4089/2844 3354/4100/2854 3353/4109/2853 3343/4098/2843
f 3345/4099/2845 3355/4110/2855 3364/4111/2864 3354/4100/2854
f 3346/4101/2846 3356/4112/2856 3355/4113/2855 3345/4102/2845
f 3347/4103/2847 3357/4114/2857 3356/4112/2856 3346/4101/2846
f 3348/4104/2848 3358/4115/2858 3357/4114/2857 3347/4103/2847
f 3349/4105/2849 3359/4116/2859 3358/4115/2858 3348/4104/2848
f 3350/4106/2850 3360/4117/2860 3359/4116/2859 3349/4105/2849
f 3351/4107/2851 3361/4118/2861 3360/4117/2860 3350/4106/2850
f 3352/4108/2852 3362/4119/2862 3361/4118/2861 3351/4107/2851
f 3353/4109/2853 3363/4120/2863 3362/4119/2862 3352/4108/2852
f 3354/4100/2854 3364/4111/2864 3363/4120/2863 3353/4109/2853
f 3355/4110/2855 3365/4121/2865 3374/4122/2874 3364/4111/2864
f 3356/4112/2856 3366/4123/2866 3365/4124/2865 3355/4113/2855
f 3357/4114/2857 3367/4125/2867 3366/4123/2866 3356/4112/2856
f 3358/4115/2858 3368/4126/2868 3367/4125/2867 3357/4114/2857
f 3359/4116/2859 3369/4127/2869 3368/4126/2868 3358/4115/2858
f 3360/4117/2860 3370/4128/2870 3369/4127/2869 3359/4116/2859
f 3361/4118/2861 3371/4129/2871 3370/4128/2870 3360/4117/2860
f 3362/4119/2862 3372/4130/2872 3371/4129/2871 3361/4118/2861
f 3363/4120/2863 3373/4131/2873 3372/4130/2872 3362/4119/2862
f 3364/4111/2864 3374/4122/2874 3373/4131/2873 3363/4120/2863
f 3365/4121/2865 3375/4132/2875 3384/4133/2884 3374/4122/2874
f 3366/4123/2866 3376/4134/2876 3375/4135/2875 3365/4124/2865
f 3367/4125/2867 3377/4136/2877 3376/4134/2876 3366/4123/2866
f 3368/4126/2868 3378/4137/2878 3377/4136/2877 3367/4125/2867
f 3369/4127/2869 3379/4138/2879 3378/4137/2878 3368/4126/2868
f 3370/4128/2870 3380/4139/2880 3379/4138/2879 3369/4127/2869
f 3371/4129/2871 3381/4140/2881 3380/4139/2880 3370/4128/2870
f 3372/4130/2872 3382/4141/2882 3381/4140/2881 3371/4129/2871
f 3373/4131/2873 3383/4142/2883 3382/4141/2882 3372/4130/2872
f 3374/4122/2874 3384/4133/2884 3383/4142/2883 3373/4131/2873
f 3375/4132/2875 3385/4143/2885 3394/4144/2894 3384/4133/2884
f 3376/4134/2876 3386/4145/2886 3385/4146/2885 3375/4135/2875
f 3377/4136/2877 3387/4147/2887 3386/4145/2886 3376/4134/2876
f 3378/4137/2878 3388/4148/2888 3387/4147/2887 3377/4136/2877
f 3379/4138/2879 3389/4149/2889 3388/4148/2888 3378/4137/2878
f 3380/4139/2880 3390/4150/2890 3389/4149/2889 3379/4138/2879
f 3381/4140/2881 3391/4151/2891 3390/4150/2890 3380/4139/2880
f 3382/4141/2882 3392/4152/2892 3391/4151/2891 3381/4140/2881
f 3383/4142/2883 3393/4153/2893 3392/4152/2892 3382/4141/2882
f 3384/4133/2884 3394/4144/2894 3393/4153/2893 3383/4142/2883
f 3385/4143/2885 3395/4154/2895 3404/4155/2904 3394/4144/2894
f 3386/4145/2886 3396/4156/2896 3395/4157/2895 3385/4146/2885
f 3387/4147/2887 3397/4158/2897 3396/4156/2896 3386/4145/2886
f 3388/4148/2888 3398/4159/2898 3397/4158/2897 3387/4147/2887
f 3389/4149/2889 3399/4160/2899 3398/4159/2898 3388/4148/2888
f 3390/4150/2890 3400/4161/2900 3399/4160/2899 3389/4149/2889
f 3391/4151/2891 3401/4162/2901 3400/4161/2900 3390/4150/2890
f 3392/4152/2892 3402/4163/2902 3401/4162/2901 3391/4151/2891
f 3393/4153/2893 3403/4164/2903 3402/4163/2902 3392/4152/2892
f 3394/4144/2894 3404/4155/2904 3403/4164/2903 3393/4153/2893
f 3395/4154/2895 3405/4165/2905 3414/4166/2914 3404/4155/2904
f 3396/4156/2896 3406/4167/2906 3405/4168/2905 3395/4157/2895
f 3397/4158/2897 3407/4169/2907 3406/4167/2906 3396/4156/2896
f 3398/4159/2898 3408/4170/2908 3407/4169/2907 3397/4158/2897
f 3399/4160/2899 3409/4171/2909 3408/4170/2908 3398/4159/2898
f 3400/4161/2900 3410/4172/2910 3409/4171/2909 3399/4160/2899
f 3401/4162/2901 3411/4173/2911 3410/4172/2910 3400/4161/2900
f 3402/4163/2902 3412/4174/2912 3411/4173/2911 3401/4162/2901
f 3403/4164/2903 3413/4175/2913 3412/4174/2912 3402/4163/2902
f 3404/4155/2904 3414/4166/2914 3413/4175/2913 3403/4164/2903
f 3405/4165/2905 3415/4176/2915 3424/4177/2924 3414/4166/2914
f 3406/4167/2906 3416/4178/2916 3415/4179/2915 3405/4168/2905
f 3407/4169/2907 3417/4180/2917 3416/4178/2916 3406/4167/2906
f 3408/4170/2908 3418/4181/2918 3417/4180/2917 3407/4169/2907
f 3409/4171/2909 3419/4182/2919 3418/4181/2918 3408/4170/2908
f 3410/4172/2910 3420/4183/2920 3419/4182/2919 3409/4171/2909
f 3411/4173/2911 3421/4184/2921 3420/4183/2920 3410/4172/2910
f 3412/4174/2912 3422/4185/2922 3421/4184/2921 3411/4173/2911
f 3413/4175/2913 3423/4186/2923 3422/4185/2922 3412/4174/2912
f 3414/4166/2914 3424/4177/2924 3423/4186/2923 3413/4175/2913
f 3415/4176/2915 3425/4187/2925 3434/4188/2934 3424/4177/2924
f 3416/4178/2916 3426/4189/2926 3425/4190/2925 3415/4179/2915
f 3417/4180/2917 3427/4191/2927 3426/4189/2926 3416/4178/2916
f 3418/4181/2918 3428/4192/2928 3427/4191/2927 3417/4180/2917
f 3419/4182/2919 3429/4193/2929 3428/4192/2928 3418/4181/2918
f 3420/4183/2920 3430/4194/2930 3429/4193/2929 3419/4182/2919
f 3421/4184/2921 3431/4195/2931 3430/4194/2930 3420/4183/2920
f 3422/4185/2922 3432/4196/2932 3431/4195/2931 3421/4184/2921
f 3423/4186/2923 3433/4197/2933 3432/4196/2932 3422/4185/2922
f 3424/4177/2924 3434/4188/2934 3433/4197/2933 3423/4186/2923
f 3425/4187/2925 3435/4198/2935 3444/4199/2944 3434/4188/2934
f 3426/4189/2926 3436/4200/2936 3435/4201/2935 3425/4190/2925
f 3427/4191/2927 3437/4202/2937 3436/4200/2936 3426/4189/2926
f 3428/4192/2928 3438/4203/2938 3437/4202/2937 3427/4191/2927
f 3429/4193/2929 3439/4204/2939 3438/4203/2938 3428/4192/2928
f 3430/4194/2930 3440/4205/2940 3439/4204/2939 3429/4193/2929
f 3431/4195/2931 3441/4206/2941 3440/4205/2940 3430/4194/2930
f 3432/4196/2932 3442/4207/2942 3441/4206/2941 3431/4195/2931
f 3433/4197/2933 3443/4208/2943 3442/4207/2942 3432/4196/2932
f 3434/4188/2934 3444/4199/2944 3443/4208/2943 3433/4197/2933
f 3435/4198/2935 3445/4209/2945 3454/4210/2954 3444/4199/2944
f 3436/4200/2936 3446/4211/2946 3445/4212/2945 3435/4201/2935
f 3437/4202/2937 3447/4213/2947 3446/4211/2946 3436/4200/2936
f 3438/4203/2938 3448/4214/2948 3447/4213/2947 3437/4202/2937
f 3439/4204/2939 3449/4215/2949 3448/4214/2948 3438/4203/2938
f 3440/4205/2940 3450/4216/2950 3449/4215/2949 3439/4204/2939
f 3441/4206/2941 3451/4217/2951 3450/4216/2950 3440/4205/2940
f 3442/4207/2942 3452/4218/2952 3451/4217/2951 3441/4206/2941
f 3443/4208/2943 3453/4219/2953 3452/4218/2952 3442/4207/2942
f 3444/4199/2944 3454/4210/2954 3453/4219/2953 3443/4208/2943
f 3445/4209/2945 3455/4220/2955 3464/4221/2964 3454/4210/2954
f 3446/4211/2946 3456/4222/2956 3455/4223/2955 3445/4212/2945
f 3447/4213/2947 3457/4224/2957 3456/4222/2956 3446/4211/2946
f 3448/4214/2948 3458/4225/2958 3457/4224/2957 3447/4213/2947
f 3449/4215/2949 3459/4226/2959 3458/4225/2958 3448/4214/2948
f 3450/4216/2950 3460/4227/2960 3459/4226/2959 3449/4215/2949
f 3451/4217/2951 3461/4228/2961 3460/4227/2960 3450/4216/2950
f 3452/4218/2952 3462/4229/2962 3461/4228/2961 3451/4217/2951
f 3453/4219/2953 3463/4230/2963 3462/4229/2962 3452/4218/2952
f 3454/4210/2954 3464/4221/2964 3463/4230/2963 3453/4219/2953
o Portal1_UpperVoidWall
v 22.000000 4.600000 -2.275000
v 22.000000 16.000000 -2.275000
v 22.700001 4.600000 -2.275000
v 22.700001 16.000000 -2.275000
v 22.000000 4.600000 2.275000
v 22.000000 16.000000 2.275000
v 22.700001 4.600000 2.275000
v 22.700001 16.000000 2.275000
vn -0.0000 -0.0000 -1.0000
vn 1.0000 -0.0000 -0.0000
vn -0.0000 -0.0000 1.0000
vn -1.0000 -0.0000 -0.0000
vn -0.0000 -1.0000 -0.0000
vn -0.0000 1.0000 -0.0000
vt 0.375000 0.000000
vt 0.625000 0.000000
vt 0.625000 0.250000
vt 0.375000 0.250000
vt 0.625000 0.500000
vt 0.375000 0.500000
vt 0.625000 0.750000
vt 0.375000 0.750000
vt 0.625000 1.000000
vt 0.375000 1.000000
vt 0.125000 0.500000
vt 0.125000 0.750000
vt 0.875000 0.500000
vt 0.875000 0.750000
s 0
usemtl M_AetherInfiniteVoid
f 3465/4231/2965 3466/4232/2965 3468/4233/2965 3467/4234/2965
f 3467/4234/2966 3468/4233/2966 3472/4235/2966 3471/4236/2966
f 3471/4236/2967 3472/4235/2967 3470/4237/2967 3469/4238/2967
f 3469/4238/2968 3470/4237/2968 3466/4239/2968 3465/4240/2968
f 3467/4241/2969 3471/4236/2969 3469/4238/2969 3465/4242/2969
f 3472/4235/2970 3468/4243/2970 3466/4244/2970 3470/4237/2970
o Portal1_PassageFloor
v 22.000000 -0.070000 -1.800000
v 22.000000 0.130000 -1.800000
v 25.000000 -0.070000 -1.800000
v 25.000000 0.130000 -1.800000
v 22.000000 -0.070000 1.800000
v 22.000000 0.130000 1.800000
v 25.000000 -0.070000 1.800000
v 25.000000 0.130000 1.800000
vn -0.0000 -0.0000 -1.0000
vn 1.0000 -0.0000 -0.0000
vn -0.0000 -0.0000 1.0000
vn -1.0000 -0.0000 -0.0000
vn -0.0000 -1.0000 -0.0000
vn -0.0000 1.0000 -0.0000
vt 0.375000 0.000000
vt 0.625000 0.000000
vt 0.625000 0.250000
vt 0.375000 0.250000
vt 0.625000 0.500000
vt 0.375000 0.500000
vt 0.625000 0.750000
vt 0.375000 0.750000
vt 0.625000 1.000000
vt 0.375000 1.000000
vt 0.125000 0.500000
vt 0.125000 0.750000
vt 0.875000 0.500000
vt 0.875000 0.750000
s 0
usemtl M_Causeway
f 3473/4245/2971 3474/4246/2971 3476/4247/2971 3475/4248/2971
f 3475/4248/2972 3476/4247/2972 3480/4249/2972 3479/4250/2972
f 3479/4250/2973 3480/4249/2973 3478/4251/2973 3477/4252/2973
f 3477/4252/2974 3478/4251/2974 3474/4253/2974 3473/4254/2974
f 3475/4255/2975 3479/4250/2975 3477/4252/2975 3473/4256/2975
f 3480/4249/2976 3476/4257/2976 3474/4258/2976 3478/4251/2976
o Portal1_PassageWall_-1
v 22.000000 -0.350000 1.830000
v 22.000000 4.950000 1.830000
v 25.000000 -0.350000 1.830000
v 25.000000 4.950000 1.830000
v 22.000000 -0.350000 2.210000
v 22.000000 4.950000 2.210000
v 25.000000 -0.350000 2.210000
v 25.000000 4.950000 2.210000
vn -0.0000 -0.0000 -1.0000
vn 1.0000 -0.0000 -0.0000
vn -0.0000 -0.0000 1.0000
vn -1.0000 -0.0000 -0.0000
vn -0.0000 -1.0000 -0.0000
vn -0.0000 1.0000 -0.0000
vt 0.375000 0.000000
vt 0.625000 0.000000
vt 0.625000 0.250000
vt 0.375000 0.250000
vt 0.625000 0.500000
vt 0.375000 0.500000
vt 0.625000 0.750000
vt 0.375000 0.750000
vt 0.625000 1.000000
vt 0.375000 1.000000
vt 0.125000 0.500000
vt 0.125000 0.750000
vt 0.875000 0.500000
vt 0.875000 0.750000
s 0
usemtl M_AetherInfiniteVoid
f 3481/4259/2977 3482/4260/2977 3484/4261/2977 3483/4262/2977
f 3483/4262/2978 3484/4261/2978 3488/4263/2978 3487/4264/2978
f 3487/4264/2979 3488/4263/2979 3486/4265/2979 3485/4266/2979
f 3485/4266/2980 3486/4265/2980 3482/4267/2980 3481/4268/2980
f 3483/4269/2981 3487/4264/2981 3485/4266/2981 3481/4270/2981
f 3488/4263/2982 3484/4271/2982 3482/4272/2982 3486/4265/2982
o Portal1_PassageWall_1
v 22.000000 -0.350000 -2.210000
v 22.000000 4.950000 -2.210000
v 25.000000 -0.350000 -2.210000
v 25.000000 4.950000 -2.210000
v 22.000000 -0.350000 -1.830000
v 22.000000 4.950000 -1.830000
v 25.000000 -0.350000 -1.830000
v 25.000000 4.950000 -1.830000
vn -0.0000 -0.0000 -1.0000
vn 1.0000 -0.0000 -0.0000
vn -0.0000 -0.0000 1.0000
vn -1.0000 -0.0000 -0.0000
vn -0.0000 -1.0000 -0.0000
vn -0.0000 1.0000 -0.0000
vt 0.375000 0.000000
vt 0.625000 0.000000
vt 0.625000 0.250000
vt 0.375000 0.250000
vt 0.625000 0.500000
vt 0.375000 0.500000
vt 0.625000 0.750000
vt 0.375000 0.750000
vt 0.625000 1.000000
vt 0.375000 1.000000
vt 0.125000 0.500000
vt 0.125000 0.750000
vt 0.875000 0.500000
vt 0.875000 0.750000
s 0
usemtl M_AetherInfiniteVoid
f 3489/4273/2983 3490/4274/2983 3492/4275/2983 3491/4276/2983
f 3491/4276/2984 3492/4275/2984 3496/4277/2984 3495/4278/2984
f 3495/4278/2985 3496/4277/2985 3494/4279/2985 3493/4280/2985
f 3493/4280/2986 3494/4279/2986 3490/4281/2986 3489/4282/2986
f 3491/4283/2987 3495/4278/2987 3493/4280/2987 3489/4284/2987
f 3496/4277/2988 3492/4285/2988 3490/4286/2988 3494/4279/2988
o Portal1_PassageRoof
v 22.000000 4.645000 -2.200000
v 22.000000 5.195000 -2.200000
v 25.000000 4.645000 -2.200000
v 25.000000 5.195000 -2.200000
v 22.000000 4.645000 2.200000
v 22.000000 5.195000 2.200000
v 25.000000 4.645000 2.200000
v 25.000000 5.195000 2.200000
vn -0.0000 -0.0000 -1.0000
vn 1.0000 -0.0000 -0.0000
vn -0.0000 -0.0000 1.0000
vn -1.0000 -0.0000 -0.0000
vn -0.0000 -1.0000 -0.0000
vn -0.0000 1.0000 -0.0000
vt 0.375000 0.000000
vt 0.625000 0.000000
vt 0.625000 0.250000
vt 0.375000 0.250000
vt 0.625000 0.500000
vt 0.375000 0.500000
vt 0.625000 0.750000
vt 0.375000 0.750000
vt 0.625000 1.000000
vt 0.375000 1.000000
vt 0.125000 0.500000
vt 0.125000 0.750000
vt 0.875000 0.500000
vt 0.875000 0.750000
s 0
usemtl M_AetherInfiniteVoid
f 3497/4287/2989 3498/4288/2989 3500/4289/2989 3499/4290/2989
f 3499/4290/2990 3500/4289/2990 3504/4291/2990 3503/4292/2990
f 3503/4292/2991 3504/4291/2991 3502/4293/2991 3501/4294/2991
f 3501/4294/2992 3502/4293/2992 3498/4295/2992 3497/4296/2992
f 3499/4297/2993 3503/4292/2993 3501/4294/2993 3497/4298/2993
f 3504/4291/2994 3500/4299/2994 3498/4300/2994 3502/4293/2994
o Portal1_Side_-1_0
v 21.900000 0.175855 2.128483
v 21.747541 0.452057 2.347485
v 21.653315 0.432569 2.023074
v 21.900000 0.420524 1.822573
v 22.146685 0.432569 2.023074
v 22.052458 0.452057 2.347485
v 21.653315 0.867431 2.176925
v 21.747541 0.847943 1.852515
v 22.052458 0.847943 1.852515
v 22.146685 0.867431 2.176925
v 21.900000 0.879476 2.377427
v 21.900000 1.124145 2.071517
vn -0.7474 -0.6139 0.2540
vn -0.0000 -0.6213 0.7836
vn -0.4791 -0.6855 -0.5483
vn 0.4791 -0.6855 -0.5483
vn 0.7474 -0.6139 0.2540
vn -0.0000 -0.0699 0.9976
vn -0.9539 -0.1001 0.2831
vn -0.6265 -0.1702 -0.7606
vn 0.6265 -0.1702 -0.7606
vn 0.9539 -0.1001 0.2831
vn -0.6265 0.1702 0.7606
vn -0.9539 0.1001 -0.2831
vn -0.0000 0.0699 -0.9976
vn 0.9539 0.1001 -0.2831
vn 0.6265 0.1702 0.7606
vn -0.4791 0.6855 0.5483
vn -0.7474 0.6139 -0.2540
vn -0.0000 0.6213 -0.7836
vn 0.7474 0.6139 -0.2540
vn 0.4791 0.6855 0.5483
vt 0.181819 0.000000
vt 0.272728 0.157461
vt 0.090910 0.157461
vt 0.363637 0.000000
vt 0.454546 0.157461
vt 0.909091 0.000000
vt 1.000000 0.157461
vt 0.818182 0.157461
vt 0.727273 0.000000
vt 0.636364 0.157461
vt 0.545455 0.000000
vt 0.363637 0.314921
vt 0.181819 0.314921
vt 0.909091 0.314921
vt 0.727273 0.314921
vt 0.545455 0.314921
vt 0.000000 0.314921
vt 0.272728 0.472382
vt 0.090910 0.472382
vt 0.818182 0.472382
vt 0.636364 0.472382
vt 0.454546 0.472382
s 0
usemtl M_AetherCrystal
f 3505/4301/2995 3506/4302/2995 3507/4303/2995
f 3506/4302/2996 3505/4304/2996 3510/4305/2996
f 3505/4306/2997 3507/4307/2997 3508/4308/2997
f 3505/4309/2998 3508/4308/2998 3509/4310/2998
f 3505/4311/2999 3509/4310/2999 3510/4305/2999
f 3506/4302/3000 3510/4305/3000 3515/4312/3000
f 3507/4303/3001 3506/4302/3001 3511/4313/3001
f 3508/4308/3002 3507/4307/3002 3512/4314/3002
f 3509/4310/3003 3508/4308/3003 3513/4315/3003
f 3510/4305/3004 3509/4310/3004 3514/4316/3004
f 3506/4302/3005 3515/4312/3005 3511/4313/3005
f 3507/4303/3006 3511/4313/3006 3512/4317/3006
f 3508/4308/3007 3512/4314/3007 3513/4315/3007
f 3509/4310/3008 3513/4315/3008 3514/4316/3008
f 3510/4305/3009 3514/4316/3009 3515/4312/3009
f 3511/4313/3010 3515/4312/3010 3516/4318/3010
f 3512/4317/3011 3511/4313/3011 3516/4319/3011
f 3513/4315/3012 3512/4314/3012 3516/4320/3012
f 3514/4316/3013 3513/4315/3013 3516/4321/3013
f 3515/4312/3014 3514/4316/3014 3516/4322/3014
o Portal1_Side_-1_1
v 21.900000 1.256715 2.200326
v 21.747541 1.538305 2.412356
v 21.653315 1.510714 2.088534
v 21.900000 1.493661 1.888396
v 22.146685 1.510714 2.088534
v 22.052458 1.538305 2.412356
v 21.653315 1.949286 2.231466
v 21.747541 1.921695 1.907645
v 22.052458 1.921695 1.907645
v 22.146685 1.949286 2.231466
v 21.900000 1.966339 2.431604
v 21.900000 2.203285 2.119674
vn -0.7474 -0.6074 0.2692
vn -0.0000 -0.6015 0.7989
vn -0.4791 -0.6990 -0.5310
vn 0.4791 -0.6990 -0.5310
vn 0.7474 -0.6074 0.2692
vn -0.0000 -0.0449 0.9990
vn -0.9539 -0.0930 0.2855
vn -0.6265 -0.1892 -0.7561
vn 0.6265 -0.1892 -0.7561
vn 0.9539 -0.0930 0.2855
vn -0.6265 0.1892 0.7561
vn -0.9539 0.0930 -0.2855
vn -0.0000 0.0449 -0.9990
vn 0.9539 0.0930 -0.2855
vn 0.6265 0.1892 0.7561
vn -0.4791 0.6990 0.5310
vn -0.7474 0.6074 -0.2692
vn -0.0000 0.6015 -0.7989
vn 0.7474 0.6074 -0.2692
vn 0.4791 0.6990 0.5310
vt 0.181819 0.000000
vt 0.272728 0.157461
vt 0.090910 0.157461
vt 0.363637 0.000000
vt 0.454546 0.157461
vt 0.909091 0.000000
vt 1.000000 0.157461
vt 0.818182 0.157461
vt 0.727273 0.000000
vt 0.636364 0.157461
vt 0.545455 0.000000
vt 0.363637 0.314921
vt 0.181819 0.314921
vt 0.909091 0.314921
vt 0.727273 0.314921
vt 0.545455 0.314921
vt 0.000000 0.314921
vt 0.272728 0.472382
vt 0.090910 0.472382
vt 0.818182 0.472382
vt 0.636364 0.472382
vt 0.454546 0.472382
s 0
usemtl M_AetherCrystal
f 3517/4323/3015 3518/4324/3015 3519/4325/3015
f 3518/4324/3016 3517/4326/3016 3522/4327/3016
f 3517/4328/3017 3519/4329/3017 3520/4330/3017
f 3517/4331/3018 3520/4330/3018 3521/4332/3018
f 3517/4333/3019 3521/4332/3019 3522/4327/3019
f 3518/4324/3020 3522/4327/3020 3527/4334/3020
f 3519/4325/3021 3518/4324/3021 3523/4335/3021
f 3520/4330/3022 3519/4329/3022 3524/4336/3022
f 3521/4332/3023 3520/4330/3023 3525/4337/3023
f 3522/4327/3024 3521/4332/3024 3526/4338/3024
f 3518/4324/3025 3527/4334/3025 3523/4335/3025
f 3519/4325/3026 3523/4335/3026 3524/4339/3026
f 3520/4330/3027 3524/4336/3027 3525/4337/3027
f 3521/4332/3028 3525/4337/3028 3526/4338/3028
f 3522/4327/3029 3526/4338/3029 3527/4334/3029
f 3523/4335/3030 3527/4334/3030 3528/4340/3030
f 3524/4339/3031 3523/4335/3031 3528/4341/3031
f 3525/4337/3032 3524/4336/3032 3528/4342/3032
f 3526/4338/3033 3525/4337/3033 3528/4343/3033
f 3527/4334/3034 3526/4338/3034 3528/4344/3034
o Portal1_Side_-1_2
v 21.900000 2.337871 2.272145
v 21.747541 2.624673 2.477068
v 21.653315 2.588996 2.154038
v 21.900000 2.566946 1.954389
v 22.146685 2.588996 2.154038
v 22.052458 2.624673 2.477068
v 21.653315 3.031004 2.285962
v 21.747541 2.995327 1.962932
v 22.052458 2.995327 1.962932
v 22.146685 3.031004 2.285962
v 21.900000 3.053054 2.485611
v 21.900000 3.282129 2.167855
vn -0.7474 -0.6005 0.2843
vn -0.0000 -0.5814 0.8136
vn -0.4791 -0.7120 -0.5133
vn 0.4791 -0.7120 -0.5133
vn 0.7474 -0.6005 0.2843
vn -0.0000 -0.0199 0.9998
vn -0.9539 -0.0859 0.2877
vn -0.6265 -0.2080 -0.7511
vn 0.6265 -0.2080 -0.7511
vn 0.9539 -0.0859 0.2877
vn -0.6265 0.2080 0.7511
vn -0.9539 0.0859 -0.2877
vn -0.0000 0.0199 -0.9998
vn 0.9539 0.0859 -0.2877
vn 0.6265 0.2080 0.7511
vn -0.4791 0.7120 0.5133
vn -0.7474 0.6005 -0.2843
vn -0.0000 0.5814 -0.8136
vn 0.7474 0.6005 -0.2843
vn 0.4791 0.7120 0.5133
vt 0.181819 0.000000
vt 0.272728 0.157461
vt 0.090910 0.157461
vt 0.363637 0.000000
vt 0.454546 0.157461
vt 0.909091 0.000000
vt 1.000000 0.157461
vt 0.818182 0.157461
vt 0.727273 0.000000
vt 0.636364 0.157461
vt 0.545455 0.000000
vt 0.363637 0.314921
vt 0.181819 0.314921
vt 0.909091 0.314921
vt 0.727273 0.314921
vt 0.545455 0.314921
vt 0.000000 0.314921
vt 0.272728 0.472382
vt 0.090910 0.472382
vt 0.818182 0.472382
vt 0.636364 0.472382
vt 0.454546 0.472382
s 0
usemtl M_AetherCrystal
f 3529/4345/3035 3530/4346/3035 3531/4347/3035
f 3530/4346/3036 3529/4348/3036 3534/4349/3036
f 3529/4350/3037 3531/4351/3037 3532/4352/3037
f 3529/4353/3038 3532/4352/3038 3533/4354/3038
f 3529/4355/3039 3533/4354/3039 3534/4349/3039
f 3530/4346/3040 3534/4349/3040 3539/4356/3040
f 3531/4347/3041 3530/4346/3041 3535/4357/3041
f 3532/4352/3042 3531/4351/3042 3536/4358/3042
f 3533/4354/3043 3532/4352/3043 3537/4359/3043
f 3534/4349/3044 3533/4354/3044 3538/4360/3044
f 3530/4346/3045 3539/4356/3045 3535/4357/3045
f 3531/4347/3046 3535/4357/3046 3536/4361/3046
f 3532/4352/3047 3536/4358/3047 3537/4359/3047
f 3533/4354/3048 3537/4359/3048 3538/4360/3048
f 3534/4349/3049 3538/4360/3049 3539/4356/3049
f 3535/4357/3050 3539/4356/3050 3540/4362/3050
f 3536/4361/3051 3535/4357/3051 3540/4363/3051
f 3537/4359/3052 3536/4358/3052 3540/4364/3052
f 3538/4360/3053 3537/4359/3053 3540/4365/3053
f 3539/4356/3054 3538/4360/3054 3540/4366/3054
o Portal1_Side_-1_3
v 21.900000 3.419322 2.343930
v 21.747541 3.711157 2.541621
v 21.653315 3.667416 2.219583
v 21.900000 3.640382 2.020547
v 22.146685 3.667416 2.219583
v 22.052458 3.711157 2.541621
v 21.653315 4.112584 2.340417
v 21.747541 4.068843 2.018379
v 22.052458 4.068843 2.018379
v 22.146685 4.112584 2.340417
v 21.900000 4.139618 2.539453
v 21.900000 4.360678 2.216070
vn -0.7474 -0.5932 0.2993
vn -0.0000 -0.5608 0.8279
vn -0.4791 -0.7246 -0.4954
vn 0.4791 -0.7246 -0.4954
vn 0.7474 -0.5932 0.2993
vn -0.0000 0.0051 1.0000
vn -0.9539 -0.0787 0.2898
vn -0.6265 -0.2267 -0.7457
vn 0.6265 -0.2267 -0.7457
vn 0.9539 -0.0787 0.2898
vn -0.6265 0.2267 0.7457
vn -0.9539 0.0787 -0.2898
vn -0.0000 -0.0051 -1.0000
vn 0.9539 0.0787 -0.2898
vn 0.6265 0.2267 0.7457
vn -0.4791 0.7246 0.4954
vn -0.7474 0.5932 -0.2993
vn -0.0000 0.5608 -0.8279
vn 0.7474 0.5932 -0.2993
vn 0.4791 0.7246 0.4954
vt 0.181819 0.000000
vt 0.272728 0.157461
vt 0.090910 0.157461
vt 0.363637 0.000000
vt 0.454546 0.157461
vt 0.909091 0.000000
vt 1.000000 0.157461
vt 0.818182 0.157461
vt 0.727273 0.000000
vt 0.636364 0.157461
vt 0.545455 0.000000
vt 0.363637 0.314921
vt 0.181819 0.314921
vt 0.909091 0.314921
vt 0.727273 0.314921
vt 0.545455 0.314921
vt 0.000000 0.314921
vt 0.272728 0.472382
vt 0.090910 0.472382
vt 0.818182 0.472382
vt 0.636364 0.472382
vt 0.454546 0.472382
s 0
usemtl M_AetherCrystal
f 3541/4367/3055 3542/4368/3055 3543/4369/3055
f 3542/4368/3056 3541/4370/3056 3546/4371/3056
f 3541/4372/3057 3543/4373/3057 3544/4374/3057
f 3541/4375/3058 3544/4374/3058 3545/4376/3058
f 3541/4377/3059 3545/4376/3059 3546/4371/3059
f 3542/4368/3060 3546/4371/3060 3551/4378/3060
f 3543/4369/3061 3542/4368/3061 3547/4379/3061
f 3544/4374/3062 3543/4373/3062 3548/4380/3062
f 3545/4376/3063 3544/4374/3063 3549/4381/3063
f 3546/4371/3064 3545/4376/3064 3550/4382/3064
f 3542/4368/3065 3551/4378/3065 3547/4379/3065
f 3543/4369/3066 3547/4379/3066 3548/4383/3066
f 3544/4374/3067 3548/4380/3067 3549/4381/3067
f 3545/4376/3068 3549/4381/3068 3550/4382/3068
f 3546/4371/3069 3550/4382/3069 3551/4378/3069
f 3547/4379/3070 3551/4378/3070 3552/4384/3070
f 3548/4383/3071 3547/4379/3071 3552/4385/3071
f 3549/4381/3072 3548/4380/3072 3552/4386/3072
f 3550/4382/3073 3549/4381/3073 3552/4387/3073
f 3551/4378/3074 3550/4382/3074 3552/4388/3074
o Portal1_Side_1_0
v 21.900000 0.175855 -2.128483
v 21.747541 0.423853 -1.877991
v 21.653315 0.443341 -2.202401
v 21.900000 0.455386 -2.402903
v 22.146685 0.443341 -2.202401
v 22.052458 0.423853 -1.877991
v 21.653315 0.856659 -1.997598
v 21.747541 0.876147 -2.322009
v 22.052458 0.876147 -2.322009
v 22.146685 0.856659 -1.997598
v 21.900000 0.844614 -1.797097
v 21.900000 1.124145 -2.071517
vn -0.7474 -0.6399 0.1786
vn -0.0000 -0.7106 0.7036
vn -0.4791 -0.6149 -0.6264
vn 0.4791 -0.6149 -0.6264
vn 0.7474 -0.6399 0.1786
vn -0.0000 -0.1888 0.9820
vn -0.9539 -0.1333 0.2690
vn -0.6265 -0.0779 -0.7755
vn 0.6265 -0.0779 -0.7755
vn 0.9539 -0.1333 0.2690
vn -0.6265 0.0779 0.7755
vn -0.9539 0.1333 -0.2690
vn -0.0000 0.1888 -0.9820
vn 0.9539 0.1333 -0.2690
vn 0.6265 0.0779 0.7755
vn -0.4791 0.6149 0.6264
vn -0.7474 0.6399 -0.1786
vn -0.0000 0.7106 -0.7036
vn 0.7474 0.6399 -0.1786
vn 0.4791 0.6149 0.6264
vt 0.181819 0.000000
vt 0.272728 0.157461
vt 0.090910 0.157461
vt 0.363637 0.000000
vt 0.454546 0.157461
vt 0.909091 0.000000
vt 1.000000 0.157461
vt 0.818182 0.157461
vt 0.727273 0.000000
vt 0.636364 0.157461
vt 0.545455 0.000000
vt 0.363637 0.314921
vt 0.181819 0.314921
vt 0.909091 0.314921
vt 0.727273 0.314921
vt 0.545455 0.314921
vt 0.000000 0.314921
vt 0.272728 0.472382
vt 0.090910 0.472382
vt 0.818182 0.472382
vt 0.636364 0.472382
vt 0.454546 0.472382
s 0
usemtl M_AetherCrystal
f 3553/4389/3075 3554/4390/3075 3555/4391/3075
f 3554/4390/3076 3553/4392/3076 3558/4393/3076
f 3553/4394/3077 3555/4395/3077 3556/4396/3077
f 3553/4397/3078 3556/4396/3078 3557/4398/3078
f 3553/4399/3079 3557/4398/3079 3558/4393/3079
f 3554/4390/3080 3558/4393/3080 3563/4400/3080
f 3555/4391/3081 3554/4390/3081 3559/4401/3081
f 3556/4396/3082 3555/4395/3082 3560/4402/3082
f 3557/4398/3083 3556/4396/3083 3561/4403/3083
f 3558/4393/3084 3557/4398/3084 3562/4404/3084
f 3554/4390/3085 3563/4400/3085 3559/4401/3085
f 3555/4391/3086 3559/4401/3086 3560/4405/3086
f 3556/4396/3087 3560/4402/3087 3561/4403/3087
f 3557/4398/3088 3561/4403/3088 3562/4404/3088
f 3558/4393/3089 3562/4404/3089 3563/4400/3089
f 3559/4401/3090 3563/4400/3090 3564/4406/3090
f 3560/4405/3091 3559/4401/3091 3564/4407/3091
f 3561/4403/3092 3560/4402/3092 3564/4408/3092
f 3562/4404/3093 3561/4403/3093 3564/4409/3093
f 3563/4400/3094 3562/4404/3094 3564/4410/3094
o Portal1_Side_1_1
v 21.900000 1.256715 -2.200326
v 21.747541 1.498374 -1.943714
v 21.653315 1.525966 -2.267535
v 21.900000 1.543019 -2.467673
v 22.146685 1.525966 -2.267535
v 22.052458 1.498374 -1.943714
v 21.653315 1.934034 -2.052465
v 21.747541 1.961626 -2.376287
v 22.052458 1.961626 -2.376287
v 22.146685 1.934034 -2.052465
v 21.900000 1.916981 -1.852327
v 21.900000 2.203285 -2.119674
vn -0.7474 -0.6442 0.1626
vn -0.0000 -0.7280 0.6856
vn -0.4791 -0.5991 -0.6416
vn 0.4791 -0.5991 -0.6416
vn 0.7474 -0.6442 0.1626
vn -0.0000 -0.2133 0.9770
vn -0.9539 -0.1400 0.2656
vn -0.6265 -0.0585 -0.7772
vn 0.6265 -0.0585 -0.7772
vn 0.9539 -0.1400 0.2656
vn -0.6265 0.0585 0.7772
vn -0.9539 0.1400 -0.2656
vn -0.0000 0.2133 -0.9770
vn 0.9539 0.1400 -0.2656
vn 0.6265 0.0585 0.7772
vn -0.4791 0.5991 0.6416
vn -0.7474 0.6442 -0.1626
vn -0.0000 0.7280 -0.6856
vn 0.7474 0.6442 -0.1626
vn 0.4791 0.5991 0.6416
vt 0.181819 0.000000
vt 0.272728 0.157461
vt 0.090910 0.157461
vt 0.363637 0.000000
vt 0.454546 0.157461
vt 0.909091 0.000000
vt 1.000000 0.157461
vt 0.818182 0.157461
vt 0.727273 0.000000
vt 0.636364 0.157461
vt 0.545455 0.000000
vt 0.363637 0.314921
vt 0.181819 0.314921
vt 0.909091 0.314921
vt 0.727273 0.314921
vt 0.545455 0.314921
vt 0.000000 0.314921
vt 0.272728 0.472382
vt 0.090910 0.472382
vt 0.818182 0.472382
vt 0.636364 0.472382
vt 0.454546 0.472382
s 0
usemtl M_AetherCrystal
f 3565/4411/3095 3566/4412/3095 3567/4413/3095
f 3566/4412/3096 3565/4414/3096 3570/4415/3096
f 3565/4416/3097 3567/4417/3097 3568/4418/3097
f 3565/4419/3098 3568/4418/3098 3569/4420/3098
f 3565/4421/3099 3569/4420/3099 3570/4415/3099
f 3566/4412/3100 3570/4415/3100 3575/4422/3100
f 3567/4413/3101 3566/4412/3101 3571/4423/3101
f 3568/4418/3102 3567/4417/3102 3572/4424/3102
f 3569/4420/3103 3568/4418/3103 3573/4425/3103
f 3570/4415/3104 3569/4420/3104 3574/4426/3104
f 3566/4412/3105 3575/4422/3105 3571/4423/3105
f 3567/4413/3106 3571/4423/3106 3572/4427/3106
f 3568/4418/3107 3572/4424/3107 3573/4425/3107
f 3569/4420/3108 3573/4425/3108 3574/4426/3108
f 3570/4415/3109 3574/4426/3109 3575/4422/3109
f 3571/4423/3110 3575/4422/3110 3576/4428/3110
f 3572/4427/3111 3571/4423/3111 3576/4429/3111
f 3573/4425/3112 3572/4424/3112 3576/4430/3112
f 3574/4426/3113 3573/4425/3113 3576/4431/3113
f 3575/4422/3114 3574/4426/3114 3576/4432/3114
o Portal1_Side_1_2
v 21.900000 2.337871 -2.272145
v 21.747541 2.573040 -2.009571
v 21.653315 2.608718 -2.332602
v 21.900000 2.630768 -2.532251
v 22.146685 2.608718 -2.332602
v 22.052458 2.573040 -2.009571
v 21.653315 3.011282 -2.107398
v 21.747541 3.046960 -2.430429
v 22.052458 3.046960 -2.430429
v 22.146685 3.011282 -2.107398
v 21.900000 2.989232 -1.907749
v 21.900000 3.282129 -2.167855
vn -0.7474 -0.6480 0.1464
vn -0.0000 -0.7449 0.6672
vn -0.4791 -0.5828 -0.6563
vn 0.4791 -0.5828 -0.6563
vn 0.7474 -0.6480 0.1464
vn -0.0000 -0.2376 0.9714
vn -0.9539 -0.1466 0.2620
vn -0.6265 -0.0391 -0.7784
vn 0.6265 -0.0391 -0.7784
vn 0.9539 -0.1466 0.2620
vn -0.6265 0.0391 0.7784
vn -0.9539 0.1466 -0.2620
vn -0.0000 0.2376 -0.9714
vn 0.9539 0.1466 -0.2620
vn 0.6265 0.0391 0.7784
vn -0.4791 0.5828 0.6563
vn -0.7474 0.6480 -0.1464
vn -0.0000 0.7449 -0.6672
vn 0.7474 0.6480 -0.1464
vn 0.4791 0.5828 0.6563
vt 0.181819 0.000000
vt 0.272728 0.157461
vt 0.090910 0.157461
vt 0.363637 0.000000
vt 0.454546 0.157461
vt 0.909091 0.000000
vt 1.000000 0.157461
vt 0.818182 0.157461
vt 0.727273 0.000000
vt 0.636364 0.157461
vt 0.545455 0.000000
vt 0.363637 0.314921
vt 0.181819 0.314921
vt 0.909091 0.314921
vt 0.727273 0.314921
vt 0.545455 0.314921
vt 0.000000 0.314921
vt 0.272728 0.472382
vt 0.090910 0.472382
vt 0.818182 0.472382
vt 0.636364 0.472382
vt 0.454546 0.472382
s 0
usemtl M_AetherCrystal
f 3577/4433/3115 3578/4434/3115 3579/4435/3115
f 3578/4434/3116 3577/4436/3116 3582/4437/3116
f 3577/4438/3117 3579/4439/3117 3580/4440/3117
f 3577/4441/3118 3580/4440/3118 3581/4442/3118
f 3577/4443/3119 3581/4442/3119 3582/4437/3119
f 3578/4434/3120 3582/4437/3120 3587/4444/3120
f 3579/4435/3121 3578/4434/3121 3583/4445/3121
f 3580/4440/3122 3579/4439/3122 3584/4446/3122
f 3581/4442/3123 3580/4440/3123 3585/4447/3123
f 3582/4437/3124 3581/4442/3124 3586/4448/3124
f 3578/4434/3125 3587/4444/3125 3583/4445/3125
f 3579/4435/3126 3583/4445/3126 3584/4449/3126
f 3580/4440/3127 3584/4446/3127 3585/4447/3127
f 3581/4442/3128 3585/4447/3128 3586/4448/3128
f 3582/4437/3129 3586/4448/3129 3587/4444/3129
f 3583/4445/3130 3587/4444/3130 3588/4450/3130
f 3584/4449/3131 3583/4445/3131 3588/4451/3131
f 3585/4447/3132 3584/4446/3132 3588/4452/3132
f 3586/4448/3133 3585/4447/3133 3588/4453/3133
f 3587/4444/3134 3586/4448/3134 3588/4454/3134
o Portal1_Side_1_3
v 21.900000 3.419322 -2.343930
v 21.747541 3.647854 -2.075560
v 21.653315 3.691595 -2.397599
v 21.900000 3.718630 -2.596634
v 22.146685 3.691595 -2.397599
v 22.052458 3.647854 -2.075560
v 21.653315 4.088405 -2.162401
v 21.747541 4.132146 -2.484440
v 22.052458 4.132146 -2.484440
v 22.146685 4.088405 -2.162401
v 21.900000 4.061371 -1.963366
v 21.900000 4.360678 -2.216070
vn -0.7474 -0.6515 0.1302
vn -0.0000 -0.7614 0.6483
vn -0.4791 -0.5663 -0.6707
vn 0.4791 -0.5663 -0.6707
vn 0.7474 -0.6515 0.1302
vn -0.0000 -0.2619 0.9651
vn -0.9539 -0.1531 0.2583
vn -0.6265 -0.0196 -0.7792
vn 0.6265 -0.0196 -0.7792
vn 0.9539 -0.1531 0.2583
vn -0.6265 0.0196 0.7792
vn -0.9539 0.1531 -0.2583
vn -0.0000 0.2619 -0.9651
vn 0.9539 0.1531 -0.2583
vn 0.6265 0.0196 0.7792
vn -0.4791 0.5663 0.6707
vn -0.7474 0.6515 -0.1302
vn -0.0000 0.7614 -0.6483
vn 0.7474 0.6515 -0.1302
vn 0.4791 0.5663 0.6707
vt 0.181819 0.000000
vt 0.272728 0.157461
vt 0.090910 0.157461
vt 0.363637 0.000000
vt 0.454546 0.157461
vt 0.909091 0.000000
vt 1.000000 0.157461
vt 0.818182 0.157461
vt 0.727273 0.000000
vt 0.636364 0.157461
vt 0.545455 0.000000
vt 0.363637 0.314921
vt 0.181819 0.314921
vt 0.909091 0.314921
vt 0.727273 0.314921
vt 0.545455 0.314921
vt 0.000000 0.314921
vt 0.272728 0.472382
vt 0.090910 0.472382
vt 0.818182 0.472382
vt 0.636364 0.472382
vt 0.454546 0.472382
s 0
usemtl M_AetherCrystal
f 3589/4455/3135 3590/4456/3135 3591/4457/3135
f 3590/4456/3136 3589/4458/3136 3594/4459/3136
f 3589/4460/3137 3591/4461/3137 3592/4462/3137
f 3589/4463/3138 3592/4462/3138 3593/4464/3138
f 3589/4465/3139 3593/4464/3139 3594/4459/3139
f 3590/4456/3140 3594/4459/3140 3599/4466/3140
f 3591/4457/3141 3590/4456/3141 3595/4467/3141
f 3592/4462/3142 3591/4461/3142 3596/4468/3142
f 3593/4464/3143 3592/4462/3143 3597/4469/3143
f 3594/4459/3144 3593/4464/3144 3598/4470/3144
f 3590/4456/3145 3599/4466/3145 3595/4467/3145
f 3591/4457/3146 3595/4467/3146 3596/4471/3146
f 3592/4462/3147 3596/4468/3147 3597/4469/3147
f 3593/4464/3148 3597/4469/3148 3598/4470/3148
f 3594/4459/3149 3598/4470/3149 3599/4466/3149
f 3595/4467/3150 3599/4466/3150 3600/4472/3150
f 3596/4471/3151 3595/4467/3151 3600/4473/3151
f 3597/4469/3152 3596/4468/3152 3600/4474/3152
f 3598/4470/3153 3597/4469/3153 3600/4475/3153
f 3599/4466/3154 3598/4470/3154 3600/4476/3154
o Portal1_Crown_0
v 21.920000 4.521288 1.761206
v 21.778055 4.617429 2.033958
v 21.690327 4.735678 1.769166
v 21.920000 4.808761 1.605512
v 22.149673 4.735678 1.769166
v 22.061945 4.617429 2.033958
v 21.690327 4.964322 2.046834
v 21.778055 5.082571 1.782042
v 22.061945 5.082571 1.782042
v 22.149673 4.964322 2.046834
v 21.920000 4.891239 2.210488
v 21.920000 5.178712 2.054794
vn -0.6809 -0.7257 -0.0985
vn -0.0000 -0.9431 0.3324
vn -0.4291 -0.4302 -0.7943
vn 0.4291 -0.4302 -0.7943
vn 0.6809 -0.7257 -0.0985
vn -0.0000 -0.5419 0.8405
vn -0.9474 -0.2471 0.2035
vn -0.6084 0.1825 -0.7723
vn 0.6084 0.1825 -0.7723
vn 0.9474 -0.2471 0.2035
vn -0.6084 -0.1825 0.7723
vn -0.9474 0.2471 -0.2035
vn -0.0000 0.5419 -0.8405
vn 0.9474 0.2471 -0.2035
vn 0.6084 -0.1825 0.7723
vn -0.4291 0.4302 0.7943
vn -0.6809 0.7257 0.0985
vn -0.0000 0.9431 -0.3324
vn 0.6809 0.7257 0.0985
vn 0.4291 0.4302 0.7943
vt 0.181819 0.000000
vt 0.272728 0.157461
vt 0.090910 0.157461
vt 0.363637 0.000000
vt 0.454546 0.157461
vt 0.909091 0.000000
vt 1.000000 0.157461
vt 0.818182 0.157461
vt 0.727273 0.000000
vt 0.636364 0.157461
vt 0.545455 0.000000
vt 0.363637 0.314921
vt 0.181819 0.314921
vt 0.909091 0.314921
vt 0.727273 0.314921
vt 0.545455 0.314921
vt 0.000000 0.314921
vt 0.272728 0.472382
vt 0.090910 0.472382
vt 0.818182 0.472382
vt 0.636364 0.472382
vt 0.454546 0.472382
s 0
usemtl M_NexusRings
f 3601/4477/3155 3602/4478/3155 3603/4479/3155
f 3602/4478/3156 3601/4480/3156 3606/4481/3156
f 3601/4482/3157 3603/4483/3157 3604/4484/3157
f 3601/4485/3158 3604/4484/3158 3605/4486/3158
f 3601/4487/3159 3605/4486/3159 3606/4481/3159
f 3602/4478/3160 3606/4481/3160 3611/4488/3160
f 3603/4479/3161 3602/4478/3161 3607/4489/3161
f 3604/4484/3162 3603/4483/3162 3608/4490/3162
f 3605/4486/3163 3604/4484/3163 3609/4491/3163
f 3606/4481/3164 3605/4486/3164 3610/4492/3164
f 3602/4478/3165 3611/4488/3165 3607/4489/3165
f 3603/4479/3166 3607/4489/3166 3608/4493/3166
f 3604/4484/3167 3608/4490/3167 3609/4491/3167
f 3605/4486/3168 3609/4491/3168 3610/4492/3168
f 3606/4481/3169 3610/4492/3169 3611/4488/3169
f 3607/4489/3170 3611/4488/3170 3612/4494/3170
f 3608/4493/3171 3607/4489/3171 3612/4495/3171
f 3609/4491/3172 3608/4490/3172 3612/4496/3172
f 3610/4492/3173 3609/4491/3173 3612/4497/3173
f 3611/4488/3174 3610/4492/3174 3612/4498/3174
o Portal1_Crown_1
v 21.920000 5.038455 0.914160
v 21.778055 5.187264 1.162136
v 21.690327 5.250097 0.879029
v 21.920000 5.288931 0.704055
v 22.149673 5.250097 0.879029
v 22.061945 5.187264 1.162136
v 21.690327 5.529711 1.105291
v 21.778055 5.592544 0.822184
v 22.061945 5.592544 0.822184
v 22.149673 5.529711 1.105291
v 21.920000 5.490877 1.280265
v 21.920000 5.741353 1.070161
vn -0.6809 -0.7308 0.0488
vn -0.0000 -0.8575 0.5146
vn -0.4291 -0.5805 -0.6920
vn 0.4291 -0.5805 -0.6920
vn 0.6809 -0.7308 0.0488
vn -0.0000 -0.3626 0.9319
vn -0.9474 -0.2014 0.2489
vn -0.6084 0.0242 -0.7932
vn 0.6084 0.0242 -0.7932
vn 0.9474 -0.2014 0.2489
vn -0.6084 -0.0242 0.7932
vn -0.9474 0.2014 -0.2489
vn -0.0000 0.3626 -0.9319
vn 0.9474 0.2014 -0.2489
vn 0.6084 -0.0242 0.7932
vn -0.4291 0.5805 0.6920
vn -0.6809 0.7308 -0.0488
vn -0.0000 0.8575 -0.5146
vn 0.6809 0.7308 -0.0488
vn 0.4291 0.5805 0.6920
vt 0.181819 0.000000
vt 0.272728 0.157461
vt 0.090910 0.157461
vt 0.363637 0.000000
vt 0.454546 0.157461
vt 0.909091 0.000000
vt 1.000000 0.157461
vt 0.818182 0.157461
vt 0.727273 0.000000
vt 0.636364 0.157461
vt 0.545455 0.000000
vt 0.363637 0.314921
vt 0.181819 0.314921
vt 0.909091 0.314921
vt 0.727273 0.314921
vt 0.545455 0.314921
vt 0.000000 0.314921
vt 0.272728 0.472382
vt 0.090910 0.472382
vt 0.818182 0.472382
vt 0.636364 0.472382
vt 0.454546 0.472382
s 0
usemtl M_NexusRings
f 3613/4499/3175 3614/4500/3175 3615/4501/3175
f 3614/4500/3176 3613/4502/3176 3618/4503/3176
f 3613/4504/3177 3615/4505/3177 3616/4506/3177
f 3613/4507/3178 3616/4506/3178 3617/4508/3178
f 3613/4509/3179 3617/4508/3179 3618/4503/3179
f 3614/4500/3180 3618/4503/3180 3623/4510/3180
f 3615/4501/3181 3614/4500/3181 3619/4511/3181
f 3616/4506/3182 3615/4505/3182 3620/4512/3182
f 3617/4508/3183 3616/4506/3183 3621/4513/3183
f 3618/4503/3184 3617/4508/3184 3622/4514/3184
f 3614/4500/3185 3623/4510/3185 3619/4511/3185
f 3615/4501/3186 3619/4511/3186 3620/4515/3186
f 3616/4506/3187 3620/4512/3187 3621/4513/3187
f 3617/4508/3188 3621/4513/3188 3622/4514/3188
f 3618/4503/3189 3622/4514/3189 3623/4510/3189
f 3619/4511/3190 3623/4510/3190 3624/4516/3190
f 3620/4515/3191 3619/4511/3191 3624/4517/3191
f 3621/4513/3192 3620/4512/3192 3624/4518/3192
f 3622/4514/3193 3621/4513/3193 3624/4519/3193
f 3623/4510/3194 3622/4514/3194 3624/4520/3194
o Portal1_Crown_2
v 21.920000 5.230000 0.000000
v 21.778055 5.429003 0.253260
v 21.690327 5.429003 -0.096735
v 21.920000 5.429003 -0.313049
v 22.149673 5.429003 -0.096735
v 22.061945 5.429003 0.253260
v 21.690327 5.750998 0.096735
v 21.778055 5.750998 -0.253260
v 22.061945 5.750998 -0.253260
v 22.149673 5.750998 0.096735
v 21.920000 5.750998 0.313049
v 21.920000 5.950000 0.000000
vn -0.6854 -0.7076 0.1718
vn -0.0000 -0.7863 0.6178
vn -0.4510 -0.7532 -0.4788
vn 0.4510 -0.7532 -0.4788
vn 0.6854 -0.7076 0.1718
vn -0.0000 -0.1826 0.9832
vn -0.9598 -0.1446 0.2406
vn -0.6762 -0.1648 -0.7180
vn 0.6762 -0.1648 -0.7180
vn 0.9598 -0.1446 0.2406
vn -0.6762 0.1648 0.7180
vn -0.9598 0.1446 -0.2406
vn -0.0000 0.1826 -0.9832
vn 0.9598 0.1446 -0.2406
vn 0.6762 0.1648 0.7180
vn -0.4510 0.7532 0.4788
vn -0.6854 0.7076 -0.1718
vn -0.0000 0.7863 -0.6178
vn 0.6854 0.7076 -0.1718
vn 0.4510 0.7532 0.4788
vt 0.181819 0.000000
vt 0.272728 0.157461
vt 0.090910 0.157461
vt 0.363637 0.000000
vt 0.454546 0.157461
vt 0.909091 0.000000
vt 1.000000 0.157461
vt 0.818182 0.157461
vt 0.727273 0.000000
vt 0.636364 0.157461
vt 0.545455 0.000000
vt 0.363637 0.314921
vt 0.181819 0.314921
vt 0.909091 0.314921
vt 0.727273 0.314921
vt 0.545455 0.314921
vt 0.000000 0.314921
vt 0.272728 0.472382
vt 0.090910 0.472382
vt 0.818182 0.472382
vt 0.636364 0.472382
vt 0.454546 0.472382
s 0
usemtl M_NexusRings
f 3625/4521/3195 3626/4522/3195 3627/4523/3195
f 3626/4522/3196 3625/4524/3196 3630/4525/3196
f 3625/4526/3197 3627/4527/3197 3628/4528/3197
f 3625/4529/3198 3628/4528/3198 3629/4530/3198
f 3625/4531/3199 3629/4530/3199 3630/4525/3199
f 3626/4522/3200 3630/4525/3200 3635/4532/3200
f 3627/4523/3201 3626/4522/3201 3631/4533/3201
f 3628/4528/3202 3627/4527/3202 3632/4534/3202
f 3629/4530/3203 3628/4528/3203 3633/4535/3203
f 3630/4525/3204 3629/4530/3204 3634/4536/3204
f 3626/4522/3205 3635/4532/3205 3631/4533/3205
f 3627/4523/3206 3631/4533/3206 3632/4537/3206
f 3628/4528/3207 3632/4534/3207 3633/4535/3207
f 3629/4530/3208 3633/4535/3208 3634/4536/3208
f 3630/4525/3209 3634/4536/3209 3635/4532/3209
f 3631/4533/3210 3635/4532/3210 3636/4538/3210
f 3632/4537/3211 3631/4533/3211 3636/4539/3211
f 3633/4535/3212 3632/4534/3212 3636/4540/3212
f 3634/4536/3213 3633/4535/3213 3636/4541/3213
f 3635/4532/3214 3634/4536/3214 3636/4542/3214
o Portal1_Crown_3
v 21.920000 5.038455 -0.914160
v 21.778055 5.278197 -0.752418
v 21.690327 5.215365 -1.035525
v 21.920000 5.176531 -1.210499
v 22.149673 5.215365 -1.035525
v 22.061945 5.278197 -0.752418
v 21.690327 5.564443 -0.948795
v 21.778055 5.501611 -1.231902
v 22.061945 5.501611 -1.231902
v 22.149673 5.564443 -0.948795
v 21.920000 5.603277 -0.773821
v 21.920000 5.741353 -1.070161
vn -0.6809 -0.6415 0.3534
vn -0.0000 -0.5593 0.8290
vn -0.4291 -0.8188 -0.3815
vn 0.4291 -0.8188 -0.3815
vn 0.6809 -0.6415 0.3534
vn -0.0000 0.0657 0.9978
vn -0.9474 -0.0772 0.3107
vn -0.6084 -0.3137 -0.7290
vn 0.6084 -0.3137 -0.7290
vn 0.9474 -0.0772 0.3107
vn -0.6084 0.3137 0.7290
vn -0.9474 0.0772 -0.3107
vn -0.0000 -0.0657 -0.9978
vn 0.9474 0.0772 -0.3107
vn 0.6084 0.3137 0.7290
vn -0.4291 0.8188 0.3815
vn -0.6809 0.6415 -0.3534
vn -0.0000 0.5593 -0.8290
vn 0.6809 0.6415 -0.3534
vn 0.4291 0.8188 0.3815
vt 0.181819 0.000000
vt 0.272728 0.157461
vt 0.090910 0.157461
vt 0.363637 0.000000
vt 0.454546 0.157461
vt 0.909091 0.000000
vt 1.000000 0.157461
vt 0.818182 0.157461
vt 0.727273 0.000000
vt 0.636364 0.157461
vt 0.545455 0.000000
vt 0.363637 0.314921
vt 0.181819 0.314921
vt 0.909091 0.314921
vt 0.727273 0.314921
vt 0.545455 0.314921
vt 0.000000 0.314921
vt 0.272728 0.472382
vt 0.090910 0.472382
vt 0.818182 0.472382
vt 0.636364 0.472382
vt 0.454546 0.472382
s 0
usemtl M_NexusRings
f 3637/4543/3215 3638/4544/3215 3639/4545/3215
f 3638/4544/3216 3637/4546/3216 3642/4547/3216
f 3637/4548/3217 3639/4549/3217 3640/4550/3217
f 3637/4551/3218 3640/4550/3218 3641/4552/3218
f 3637/4553/3219 3641/4552/3219 3642/4547/3219
f 3638/4544/3220 3642/4547/3220 3647/4554/3220
f 3639/4545/3221 3638/4544/3221 3643/4555/3221
f 3640/4550/3222 3639/4549/3222 3644/4556/3222
f 3641/4552/3223 3640/4550/3223 3645/4557/3223
f 3642/4547/3224 3641/4552/3224 3646/4558/3224
f 3638/4544/3225 3647/4554/3225 3643/4555/3225
f 3639/4545/3226 3643/4555/3226 3644/4559/3226
f 3640/4550/3227 3644/4556/3227 3645/4557/3227
f 3641/4552/3228 3645/4557/3228 3646/4558/3228
f 3642/4547/3229 3646/4558/3229 3647/4554/3229
f 3643/4555/3230 3647/4554/3230 3648/4560/3230
f 3644/4559/3231 3643/4555/3231 3648/4561/3231
f 3645/4557/3232 3644/4556/3232 3648/4562/3232
f 3646/4558/3233 3645/4557/3233 3648/4563/3233
f 3647/4554/3234 3646/4558/3234 3648/4564/3234
o Portal1_Crown_4
v 21.920000 4.521288 -1.761206
v 21.778055 4.788561 -1.650745
v 21.690327 4.670312 -1.915537
v 21.920000 4.597229 -2.079192
v 22.149673 4.670312 -1.915537
v 22.061945 4.788561 -1.650745
v 21.690327 5.029687 -1.900463
v 21.778055 4.911439 -2.165255
v 22.061945 4.911439 -2.165255
v 22.149673 5.029687 -1.900463
v 21.920000 5.102771 -1.736808
v 21.920000 5.178712 -2.054794
vn -0.6809 -0.5578 0.4747
vn -0.0000 -0.3820 0.9242
vn -0.4291 -0.8786 -0.2098
vn 0.4291 -0.8786 -0.2098
vn 0.6809 -0.5578 0.4747
vn -0.0000 0.2642 0.9645
vn -0.9474 -0.0134 0.3199
vn -0.6084 -0.4533 -0.6514
vn 0.6084 -0.4533 -0.6514
vn 0.9474 -0.0134 0.3199
vn -0.6084 0.4533 0.6514
vn -0.9474 0.0134 -0.3199
vn -0.0000 -0.2642 -0.9645
vn 0.9474 0.0134 -0.3199
vn 0.6084 0.4533 0.6514
vn -0.4291 0.8786 0.2098
vn -0.6809 0.5578 -0.4747
vn -0.0000 0.3820 -0.9242
vn 0.6809 0.5578 -0.4747
vn 0.4291 0.8786 0.2098
vt 0.181819 0.000000
vt 0.272728 0.157461
vt 0.090910 0.157461
vt 0.363637 0.000000
vt 0.454546 0.157461
vt 0.909091 0.000000
vt 1.000000 0.157461
vt 0.818182 0.157461
vt 0.727273 0.000000
vt 0.636364 0.157461
vt 0.545455 0.000000
vt 0.363637 0.314921
vt 0.181819 0.314921
vt 0.909091 0.314921
vt 0.727273 0.314921
vt 0.545455 0.314921
vt 0.000000 0.314921
vt 0.272728 0.472382
vt 0.090910 0.472382
vt 0.818182 0.472382
vt 0.636364 0.472382
vt 0.454546 0.472382
s 0
usemtl M_NexusRings
f 3649/4565/3235 3650/4566/3235 3651/4567/3235
f 3650/4566/3236 3649/4568/3236 3654/4569/3236
f 3649/4570/3237 3651/4571/3237 3652/4572/3237
f 3649/4573/3238 3652/4572/3238 3653/4574/3238
f 3649/4575/3239 3653/4574/3239 3654/4569/3239
f 3650/4566/3240 3654/4569/3240 3659/4576/3240
f 3651/4567/3241 3650/4566/3241 3655/4577/3241
f 3652/4572/3242 3651/4571/3242 3656/4578/3242
f 3653/4574/3243 3652/4572/3243 3657/4579/3243
f 3654/4569/3244 3653/4574/3244 3658/4580/3244
f 3650/4566/3245 3659/4576/3245 3655/4577/3245
f 3651/4567/3246 3655/4577/3246 3656/4581/3246
f 3652/4572/3247 3656/4578/3247 3657/4579/3247
f 3653/4574/3248 3657/4579/3248 3658/4580/3248
f 3654/4569/3249 3658/4580/3249 3659/4576/3249
f 3655/4577/3250 3659/4576/3250 3660/4582/3250
f 3656/4581/3251 3655/4577/3251 3660/4583/3251
f 3657/4579/3252 3656/4578/3252 3660/4584/3252
f 3658/4580/3253 3657/4579/3253 3660/4585/3253
f 3659/4576/3254 3658/4580/3254 3660/4586/3254
o Portal1_FloatingShard_0
v 21.244776 4.747683 1.233701
v 21.346924 4.715988 1.207975
v 21.365644 4.664704 1.287594
v 21.275064 4.664704 1.362527
v 21.200363 4.715988 1.329220
v 21.553078 5.299287 1.606375
vn -0.0295 0.5709 -0.8205
vn 0.9444 -0.1265 -0.3035
vn 0.5525 -0.4987 0.6679
vn -0.3655 -0.8193 -0.4418
vn -0.4751 -0.1265 0.8708
vn -0.8005 0.5709 -0.1827
vt 0.250000 0.490000
vt 0.250000 0.250000
vt 0.478254 0.324164
vt 0.391068 0.055836
vt 0.108932 0.055836
vt 0.750000 0.490000
vt 0.978254 0.324164
vt 0.891068 0.055836
vt 0.608932 0.055836
vt 0.521746 0.324164
vt 0.021746 0.324164
s 0
usemtl M_AetherCrystal
f 3661/4587/3255 3666/4588/3255 3662/4589/3255
f 3662/4589/3256 3666/4588/3256 3663/4590/3256
f 3663/4590/3257 3666/4588/3257 3664/4591/3257
f 3661/4592/3258 3662/4593/3258 3663/4594/3258 3664/4595/3258 3665/4596/3258
f 3664/4591/3259 3666/4588/3259 3665/4597/3259
f 3665/4597/3260 3666/4588/3260 3661/4587/3260
