# Suzanne test model
# Converted losslessly for position/normal/triangle data from the pinned Khronos glTF Sample Assets CC0 source.
o Suzanne
v 0.492188 0.185547 0.720703
v 0.472656 0.243042 0.751221
v 0.463867 0.198242 0.753418
v 0.463867 0.198242 0.753418
v 0.459961 0.137207 0.728027
v 0.492188 0.185547 0.720703
v 0.492188 0.185547 0.720703
v 0.487305 0.108154 0.685547
v 0.52832 0.169922 0.67627
v 0.52832 0.169922 0.67627
v 0.503906 0.242676 0.717773
v 0.492188 0.185547 0.720703
v -0.492188 0.185547 0.720703
v -0.487305 0.108154 0.685547
v -0.459961 0.137207 0.728027
v -0.459961 0.137207 0.728027
v -0.463867 0.198242 0.753418
v -0.492188 0.185547 0.720703
v -0.492188 0.185547 0.720703
v -0.472656 0.243042 0.751221
v -0.503906 0.242676 0.717773
v -0.503906 0.242676 0.717773
v -0.52832 0.169922 0.67627
v -0.492188 0.185547 0.720703
v 0.558594 0.158203 0.625
v 0.543457 0.242432 0.672607
v 0.52832 0.169922 0.67627
v 0.52832 0.169922 0.67627
v 0.510742 0.086426 0.635254
v 0.558594 0.158203 0.625
v 0.558594 0.158203 0.625
v 0.532227 0.068359 0.581055
v 0.585938 0.148438 0.570312
v 0.585938 0.148438 0.570312
v 0.576172 0.242676 0.621094
v 0.558594 0.158203 0.625
v -0.558594 0.158203 0.625
v -0.532227 0.068359 0.581055
v -0.510742 0.086426 0.635254
v -0.510742 0.086426 0.635254
v -0.52832 0.169922 0.67627
v -0.558594 0.158203 0.625
v -0.558594 0.158203 0.625
v -0.543457 0.242432 0.672607
v -0.576172 0.242676 0.621094
v -0.576172 0.242676 0.621094
v -0.585938 0.148438 0.570312
v -0.558594 0.158203 0.625
v 0.4375 0.039062 0.650391
v 0.487305 0.108154 0.685547
v 0.424805 0.067383 0.69873
v 0.424805 0.067383 0.69873
v 0.351562 0.021484 0.666992
v 0.4375 0.039062 0.650391
v 0.4375 0.039062 0.650391
v 0.351562 -0.003906 0.616211
v 0.449219 0.015625 0.597656
v 0.449219 0.015625 0.597656
v 0.510742 0.086426 0.635254
v 0.4375 0.039062 0.650391
v -0.4375 0.039062 0.650391
v -0.351562 -0.003906 0.616211
v -0.351562 0.021484 0.666992
v -0.351562 0.021484 0.666992
v -0.424805 0.067383 0.69873
v -0.4375 0.039062 0.650391
v -0.4375 0.039062 0.650391
v -0.487305 0.108154 0.685547
v -0.510742 0.086426 0.635254
v -0.510742 0.086426 0.635254
v -0.449219 0.015625 0.597656
v -0.4375 0.039062 0.650391
v 0.410156 0.105469 0.738281
v 0.438843 0.160767 0.759033
v 0.398926 0.13623 0.76709
v 0.398926 0.13623 0.76709
v 0.352051 0.09375 0.749512
v 0.410156 0.105469 0.738281
v 0.410156 0.105469 0.738281
v 0.351685 0.052246 0.713013
v 0.424805 0.067383 0.69873
v 0.424805 0.067383 0.69873
v 0.459961 0.137207 0.728027
v 0.410156 0.105469 0.738281
v -0.410156 0.105469 0.738281
v -0.351685 0.052246 0.713013
v -0.352051 0.09375 0.749512
v -0.352051 0.09375 0.749512
v -0.398926 0.13623 0.76709
v -0.410156 0.105469 0.738281
v -0.410156 0.105469 0.738281
v -0.438843 0.160767 0.759033
v -0.459961 0.137207 0.728027
v -0.459961 0.137207 0.728027
v -0.424805 0.067383 0.69873
v -0.410156 0.105469 0.738281
v 0.294922 0.105469 0.759766
v 0.352417 0.127197 0.776123
v 0.307617 0.13623 0.784668
v 0.307617 0.13623 0.784668
v 0.246582 0.137207 0.76709
v 0.294922 0.105469 0.759766
v 0.294922 0.105469 0.759766
v 0.216675 0.108154 0.734497
v 0.278809 0.067383 0.725586
v 0.278809 0.067383 0.725586
v 0.352051 0.09375 0.749512
v 0.294922 0.105469 0.759766
v -0.294922 0.105469 0.759766
v -0.216675 0.108154 0.734497
v -0.246582 0.137207 0.76709
v -0.246582 0.137207 0.76709
v -0.307617 0.13623 0.784668
v -0.294922 0.105469 0.759766
v -0.294922 0.105469 0.759766
v -0.352417 0.127197 0.776123
v -0.352051 0.09375 0.749512
v -0.352051 0.09375 0.749512
v -0.278809 0.067383 0.725586
v -0.294922 0.105469 0.759766
v 0.265625 0.039062 0.681641
v 0.351685 0.052246 0.713013
v 0.278809 0.067383 0.725586
v 0.278809 0.067383 0.725586
v 0.192383 0.086426 0.692383
v 0.265625 0.039062 0.681641
v 0.265625 0.039062 0.681641
v 0.170898 0.068359 0.645508
v 0.253906 0.015625 0.632812
v 0.253906 0.015625 0.632812
v 0.351562 0.021484 0.666992
v 0.265625 0.039062 0.681641
v -0.265625 0.039062 0.681641
v -0.170898 0.068359 0.645508
v -0.192383 0.086426 0.692383
v -0.192383 0.086426 0.692383
v -0.278809 0.067383 0.725586
v -0.265625 0.039062 0.681641
v -0.265625 0.039062 0.681641
v -0.351685 0.052246 0.713013
v -0.351562 0.021484 0.666992
v -0.351562 0.021484 0.666992
v -0.253906 0.015625 0.632812
v -0.265625 0.039062 0.681641
v 0.144531 0.158203 0.697266
v 0.216675 0.108154 0.734497
v 0.175781 0.169922 0.737793
v 0.144531 0.158203 0.697266
v 0.160645 0.242432 0.738037
v 0.126953 0.242676 0.698242
v 0.126953 0.242676 0.698242
v 0.117188 0.148438 0.652344
v 0.144531 0.158203 0.697266
v 0.117188 0.148438 0.652344
v 0.192383 0.086426 0.692383
v 0.144531 0.158203 0.697266
v -0.117188 0.148438 0.652344
v -0.126953 0.242676 0.698242
v -0.144531 0.158203 0.697266
v -0.144531 0.158203 0.697266
v -0.160645 0.242432 0.738037
v -0.175781 0.169922 0.737793
v -0.144531 0.158203 0.697266
v -0.216675 0.108154 0.734497
v -0.192383 0.086426 0.692383
v -0.192383 0.086426 0.692383
v -0.117188 0.148438 0.652344
v -0.144531 0.158203 0.697266
v 0.214844 0.185547 0.769531
v 0.270142 0.160767 0.790894
v 0.245605 0.198242 0.792969
v 0.245605 0.198242 0.792969
v 0.203125 0.242676 0.769531
v 0.214844 0.185547 0.769531
v 0.203125 0.242676 0.769531
v 0.175781 0.169922 0.737793
v 0.214844 0.185547 0.769531
v 0.175781 0.169922 0.737793
v 0.246582 0.137207 0.76709
v 0.214844 0.185547 0.769531
v -0.175781 0.169922 0.737793
v -0.203125 0.242676 0.769531
v -0.214844 0.185547 0.769531
v -0.203125 0.242676 0.769531
v -0.245605 0.198242 0.792969
v -0.214844 0.185547 0.769531
v -0.214844 0.185547 0.769531
v -0.270142 0.160767 0.790894
v -0.246582 0.137207 0.76709
v -0.246582 0.137207 0.76709
v -0.175781 0.169922 0.737793
v -0.214844 0.185547 0.769531
v 0.214844 0.300781 0.769531
v 0.236572 0.243042 0.792969
v 0.245605 0.289551 0.792969
v 0.214844 0.300781 0.769531
v 0.270142 0.32959 0.790894
v 0.246582 0.350586 0.76709
v 0.246582 0.350586 0.76709
v 0.175781 0.31543 0.737793
v 0.214844 0.300781 0.769531
v 0.175781 0.31543 0.737793
v 0.203125 0.242676 0.769531
v 0.214844 0.300781 0.769531
v -0.175781 0.31543 0.737793
v -0.246582 0.350586 0.76709
v -0.214844 0.300781 0.769531
v -0.214844 0.300781 0.769531
v -0.270142 0.32959 0.790894
v -0.245605 0.289551 0.792969
v -0.214844 0.300781 0.769531
v -0.236572 0.243042 0.792969
v -0.203125 0.242676 0.769531
v -0.203125 0.242676 0.769531
v -0.175781 0.31543 0.737793
v -0.214844 0.300781 0.769531
v 0.126953 0.242676 0.698242
v 0.175781 0.31543 0.737793
v 0.144531 0.328125 0.697266
v 0.144531 0.328125 0.697266
v 0.216675 0.37793 0.734497
v 0.192383 0.401367 0.692383
v 0.192383 0.401367 0.692383
v 0.117188 0.339844 0.652344
v 0.144531 0.328125 0.697266
v 0.144531 0.328125 0.697266
v 0.097656 0.243164 0.654297
v 0.126953 0.242676 0.698242
v -0.117188 0.339844 0.652344
v -0.192383 0.401367 0.692383
v -0.144531 0.328125 0.697266
v -0.144531 0.328125 0.697266
v -0.216675 0.37793 0.734497
v -0.175781 0.31543 0.737793
v -0.175781 0.31543 0.737793
v -0.126953 0.242676 0.698242
v -0.144531 0.328125 0.697266
v -0.144531 0.328125 0.697266
v -0.097656 0.243164 0.654297
v -0.117188 0.339844 0.652344
v 0.192383 0.401367 0.692383
v 0.278809 0.418945 0.725586
v 0.265625 0.449219 0.681641
v 0.265625 0.449219 0.681641
v 0.351685 0.434082 0.713013
v 0.351562 0.466797 0.666992
v 0.351562 0.466797 0.666992
v 0.253906 0.476562 0.632812
v 0.265625 0.449219 0.681641
v 0.265625 0.449219 0.681641
v 0.170898 0.422852 0.645508
v 0.192383 0.401367 0.692383
v -0.253906 0.476562 0.632812
v -0.351562 0.466797 0.666992
v -0.265625 0.449219 0.681641
v -0.265625 0.449219 0.681641
v -0.351685 0.434082 0.713013
v -0.278809 0.418945 0.725586
v -0.278809 0.418945 0.725586
v -0.192383 0.401367 0.692383
v -0.265625 0.449219 0.681641
v -0.265625 0.449219 0.681641
v -0.170898 0.422852 0.645508
v -0.253906 0.476562 0.632812
v 0.246582 0.350586 0.76709
v 0.307617 0.35498 0.784668
v 0.294922 0.382812 0.759766
v 0.294922 0.382812 0.759766
v 0.352417 0.364014 0.776123
v 0.352051 0.394531 0.749512
v 0.352051 0.394531 0.749512
v 0.278809 0.418945 0.725586
v 0.294922 0.382812 0.759766
v 0.294922 0.382812 0.759766
v 0.216675 0.37793 0.734497
v 0.246582 0.350586 0.76709
v -0.278809 0.418945 0.725586
v -0.352051 0.394531 0.749512
v -0.294922 0.382812 0.759766
v -0.294922 0.382812 0.759766
v -0.352417 0.364014 0.776123
v -0.307617 0.35498 0.784668
v -0.307617 0.35498 0.784668
v -0.246582 0.350586 0.76709
v -0.294922 0.382812 0.759766
v -0.294922 0.382812 0.759766
v -0.216675 0.37793 0.734497
v -0.278809 0.418945 0.725586
v 0.352051 0.394531 0.749512
v 0.398926 0.35498 0.76709
v 0.410156 0.382812 0.738281
v 0.410156 0.382812 0.738281
v 0.438843 0.32959 0.759033
v 0.459961 0.350586 0.728027
v 0.459961 0.350586 0.728027
v 0.424805 0.418945 0.69873
v 0.410156 0.382812 0.738281
v 0.410156 0.382812 0.738281
v 0.351685 0.434082 0.713013
v 0.352051 0.394531 0.749512
v -0.424805 0.418945 0.69873
v -0.459961 0.350586 0.728027
v -0.410156 0.382812 0.738281
v -0.410156 0.382812 0.738281
v -0.438843 0.32959 0.759033
v -0.398926 0.35498 0.76709
v -0.398926 0.35498 0.76709
v -0.352051 0.394531 0.749512
v -0.410156 0.382812 0.738281
v -0.410156 0.382812 0.738281
v -0.351685 0.434082 0.713013
v -0.424805 0.418945 0.69873
v 0.351562 0.466797 0.666992
v 0.424805 0.418945 0.69873
v 0.4375 0.449219 0.650391
v 0.4375 0.449219 0.650391
v 0.487305 0.37793 0.685547
v 0.510742 0.401367 0.635254
v 0.510742 0.401367 0.635254
v 0.449219 0.476562 0.597656
v 0.4375 0.449219 0.650391
v 0.4375 0.449219 0.650391
v 0.351562 0.496094 0.616211
v 0.351562 0.466797 0.666992
v -0.449219 0.476562 0.597656
v -0.510742 0.401367 0.635254
v -0.4375 0.449219 0.650391
v -0.4375 0.449219 0.650391
v -0.487305 0.37793 0.685547
v -0.424805 0.418945 0.69873
v -0.424805 0.418945 0.69873
v -0.351562 0.466797 0.666992
v -0.4375 0.449219 0.650391
v -0.4375 0.449219 0.650391
v -0.351562 0.496094 0.616211
v -0.449219 0.476562 0.597656
v 0.510742 0.401367 0.635254
v 0.52832 0.31543 0.67627
v 0.558594 0.328125 0.625
v 0.558594 0.328125 0.625
v 0.543457 0.242432 0.672607
v 0.576172 0.242676 0.621094
v 0.576172 0.242676 0.621094
v 0.585938 0.339844 0.570312
v 0.558594 0.328125 0.625
v 0.558594 0.328125 0.625
v 0.532227 0.422852 0.581055
v 0.510742 0.401367 0.635254
v -0.585938 0.339844 0.570312
v -0.576172 0.242676 0.621094
v -0.558594 0.328125 0.625
v -0.558594 0.328125 0.625
v -0.543457 0.242432 0.672607
v -0.52832 0.31543 0.67627
v -0.52832 0.31543 0.67627
v -0.510742 0.401367 0.635254
v -0.558594 0.328125 0.625
v -0.558594 0.328125 0.625
v -0.532227 0.422852 0.581055
v -0.585938 0.339844 0.570312
v 0.459961 0.350586 0.728027
v 0.463867 0.289551 0.753418
v 0.492188 0.300781 0.720703
v 0.492188 0.300781 0.720703
v 0.472656 0.243042 0.751221
v 0.503906 0.242676 0.717773
v 0.503906 0.242676 0.717773
v 0.52832 0.31543 0.67627
v 0.492188 0.300781 0.720703
v 0.492188 0.300781 0.720703
v 0.487305 0.37793 0.685547
v 0.459961 0.350586 0.728027
v -0.52832 0.31543 0.67627
v -0.503906 0.242676 0.717773
v -0.492188 0.300781 0.720703
v -0.492188 0.300781 0.720703
v -0.472656 0.243042 0.751221
v -0.463867 0.289551 0.753418
v -0.463867 0.289551 0.753418
v -0.459961 0.350586 0.728027
v -0.492188 0.300781 0.720703
v -0.492188 0.300781 0.720703
v -0.487305 0.37793 0.685547
v -0.52832 0.31543 0.67627
v 0.464844 0.243164 0.767578
v 0.463867 0.289551 0.753418
v 0.457031 0.287109 0.769531
v 0.457031 0.287109 0.769531
v 0.438843 0.32959 0.759033
v 0.434082 0.325195 0.774902
v 0.434082 0.325195 0.774902
v 0.450846 0.284668 0.779622
v 0.457031 0.287109 0.769531
v 0.457031 0.287109 0.769531
v 0.455404 0.243083 0.778971
v 0.464844 0.243164 0.767578
v -0.450846 0.284668 0.779622
v -0.434082 0.325195 0.774902
v -0.457031 0.287109 0.769531
v -0.457031 0.287109 0.769531
v -0.438843 0.32959 0.759033
v -0.463867 0.289551 0.753418
v -0.463867 0.289551 0.753418
v -0.464844 0.243164 0.767578
v -0.457031 0.287109 0.769531
v -0.457031 0.287109 0.769531
v -0.455404 0.243083 0.778971
v -0.450846 0.284668 0.779622
v 0.434082 0.325195 0.774902
v 0.398926 0.35498 0.76709
v 0.396484 0.349609 0.783203
v 0.396484 0.349609 0.783203
v 0.352417 0.364014 0.776123
v 0.352539 0.358398 0.79248
v 0.352539 0.358398 0.79248
v 0.394043 0.344564 0.793457
v 0.396484 0.349609 0.783203
v 0.396484 0.349609 0.783203
v 0.427531 0.318929 0.785848
v 0.434082 0.325195 0.774902
v -0.394043 0.344564 0.793457
v -0.352539 0.358398 0.79248
v -0.396484 0.349609 0.783203
v -0.396484 0.349609 0.783203
v -0.352417 0.364014 0.776123
v -0.398926 0.35498 0.76709
v -0.398926 0.35498 0.76709
v -0.434082 0.325195 0.774902
v -0.396484 0.349609 0.783203
v -0.396484 0.349609 0.783203
v -0.427531 0.318929 0.785848
v -0.394043 0.344564 0.793457
v 0.352539 0.358398 0.79248
v 0.307617 0.35498 0.784668
v 0.310547 0.349609 0.800781
v 0.310547 0.349609 0.800781
v 0.270142 0.32959 0.790894
v 0.275391 0.325195 0.806641
v 0.275391 0.325195 0.806641
v 0.312663 0.344564 0.810872
v 0.310547 0.349609 0.800781
v 0.310547 0.349609 0.800781
v 0.352458 0.350505 0.803426
v 0.352539 0.358398 0.79248
v -0.312663 0.344564 0.810872
v -0.275391 0.325195 0.806641
v -0.310547 0.349609 0.800781
v -0.310547 0.349609 0.800781
v -0.270142 0.32959 0.790894
v -0.307617 0.35498 0.784668
v -0.307617 0.35498 0.784668
v -0.352539 0.358398 0.79248
v -0.310547 0.349609 0.800781
v -0.310547 0.349609 0.800781
v -0.352458 0.350505 0.803426
v -0.312663 0.344564 0.810872
v 0.275391 0.325195 0.806641
v 0.245605 0.289551 0.792969
v 0.251953 0.287109 0.808594
v 0.245605 0.289551 0.792969
v 0.243164 0.243164 0.808594
v 0.251953 0.287109 0.808594
v 0.243164 0.243164 0.808594
v 0.256348 0.284668 0.818034
v 0.251953 0.287109 0.808594
v 0.251953 0.287109 0.808594
v 0.280924 0.318929 0.816406
v 0.275391 0.325195 0.806641
v -0.256348 0.284668 0.818034
v -0.243164 0.243164 0.808594
v -0.251953 0.287109 0.808594
v -0.243164 0.243164 0.808594
v -0.245605 0.289551 0.792969
v -0.251953 0.287109 0.808594
v -0.245605 0.289551 0.792969
v -0.275391 0.325195 0.806641
v -0.251953 0.287109 0.808594
v -0.251953 0.287109 0.808594
v -0.280924 0.318929 0.816406
v -0.256348 0.284668 0.818034
v 0.251953 0.201172 0.808594
v 0.236572 0.243042 0.792969
v 0.245605 0.198242 0.792969
v 0.245605 0.198242 0.792969
v 0.275391 0.166016 0.806641
v 0.251953 0.201172 0.808594
v 0.251953 0.201172 0.808594
v 0.280924 0.171549 0.816406
v 0.256348 0.203288 0.818034
v 0.256348 0.203288 0.818034
v 0.243164 0.243164 0.808594
v 0.251953 0.201172 0.808594
v -0.251953 0.201172 0.808594
v -0.280924 0.171549 0.816406
v -0.275391 0.166016 0.806641
v -0.275391 0.166016 0.806641
v -0.245605 0.198242 0.792969
v -0.251953 0.201172 0.808594
v -0.251953 0.201172 0.808594
v -0.236572 0.243042 0.792969
v -0.243164 0.243164 0.808594
v -0.243164 0.243164 0.808594
v -0.256348 0.203288 0.818034
v -0.251953 0.201172 0.808594
v 0.310547 0.142578 0.800781
v 0.270142 0.160767 0.790894
v 0.307617 0.13623 0.784668
v 0.307617 0.13623 0.784668
v 0.352539 0.133789 0.79248
v 0.310547 0.142578 0.800781
v 0.310547 0.142578 0.800781
v 0.352458 0.140869 0.803426
v 0.312663 0.146973 0.810872
v 0.312663 0.146973 0.810872
v 0.275391 0.166016 0.806641
v 0.310547 0.142578 0.800781
v -0.310547 0.142578 0.800781
v -0.352458 0.140869 0.803426
v -0.352539 0.133789 0.79248
v -0.352539 0.133789 0.79248
v -0.307617 0.13623 0.784668
v -0.310547 0.142578 0.800781
v -0.310547 0.142578 0.800781
v -0.270142 0.160767 0.790894
v -0.275391 0.166016 0.806641
v -0.275391 0.166016 0.806641
v -0.312663 0.146973 0.810872
v -0.310547 0.142578 0.800781
v 0.396484 0.142578 0.783203
v 0.352417 0.127197 0.776123
v 0.398926 0.13623 0.76709
v 0.398926 0.13623 0.76709
v 0.434082 0.166016 0.774902
v 0.396484 0.142578 0.783203
v 0.396484 0.142578 0.783203
v 0.427531 0.171549 0.785848
v 0.394043 0.146973 0.793457
v 0.394043 0.146973 0.793457
v 0.352539 0.133789 0.79248
v 0.396484 0.142578 0.783203
v -0.396484 0.142578 0.783203
v -0.427531 0.171549 0.785848
v -0.434082 0.166016 0.774902
v -0.434082 0.166016 0.774902
v -0.398926 0.13623 0.76709
v -0.396484 0.142578 0.783203
v -0.396484 0.142578 0.783203
v -0.352417 0.127197 0.776123
v -0.352539 0.133789 0.79248
v -0.352539 0.133789 0.79248
v -0.394043 0.146973 0.793457
v -0.396484 0.142578 0.783203
v 0.457031 0.201172 0.769531
v 0.438843 0.160767 0.759033
v 0.463867 0.198242 0.753418
v 0.463867 0.198242 0.753418
v 0.464844 0.243164 0.767578
v 0.457031 0.201172 0.769531
v 0.457031 0.201172 0.769531
v 0.455404 0.243083 0.778971
v 0.450846 0.203288 0.779622
v 0.450846 0.203288 0.779622
v 0.434082 0.166016 0.774902
v 0.457031 0.201172 0.769531
v -0.457031 0.201172 0.769531
v -0.455404 0.243083 0.778971
v -0.464844 0.243164 0.767578
v -0.464844 0.243164 0.767578
v -0.463867 0.198242 0.753418
v -0.457031 0.201172 0.769531
v -0.457031 0.201172 0.769531
v -0.438843 0.160767 0.759033
v -0.434082 0.166016 0.774902
v -0.434082 0.166016 0.774902
v -0.450846 0.203288 0.779622
v -0.457031 0.201172 0.769531
v 0.419271 0.242839 0.797526
v 0.401042 0.195964 0.802083
v 0.424479 0.213542 0.794271
v 0.424479 0.213542 0.794271
v 0.427531 0.171549 0.785848
v 0.450846 0.203288 0.779622
v 0.424479 0.213542 0.794271
v 0.455404 0.243083 0.778971
v 0.419271 0.242839 0.797526
v -0.424479 0.213542 0.794271
v -0.455404 0.243083 0.778971
v -0.450846 0.203288 0.779622
v -0.424479 0.213542 0.794271
v -0.427531 0.171549 0.785848
v -0.401042 0.195964 0.802083
v -0.401042 0.195964 0.802083
v -0.419271 0.242839 0.797526
v -0.424479 0.213542 0.794271
v 0.382812 0.171875 0.804688
v 0.352458 0.140869 0.803426
v 0.394043 0.146973 0.793457
v 0.382812 0.171875 0.804688
v 0.427531 0.171549 0.785848
v 0.401042 0.195964 0.802083
v 0.401042 0.195964 0.802083
v 0.352214 0.175781 0.813802
v 0.382812 0.171875 0.804688
v -0.352214 0.175781 0.813802
v -0.401042 0.195964 0.802083
v -0.382812 0.171875 0.804688
v -0.382812 0.171875 0.804688
v -0.427531 0.171549 0.785848
v -0.394043 0.146973 0.793457
v -0.382812 0.171875 0.804688
v -0.352458 0.140869 0.803426
v -0.352214 0.175781 0.813802
v 0.352214 0.175781 0.813802
v 0.305339 0.195964 0.822266
v 0.322917 0.171875 0.817708
v 0.322917 0.171875 0.817708
v 0.280924 0.171549 0.816406
v 0.312663 0.146973 0.810872
v 0.322917 0.171875 0.817708
v 0.352458 0.140869 0.803426
v 0.352214 0.175781 0.813802
v -0.322917 0.171875 0.817708
v -0.352458 0.140869 0.803426
v -0.312663 0.146973 0.810872
v -0.322917 0.171875 0.817708
v -0.280924 0.171549 0.816406
v -0.305339 0.195964 0.822266
v -0.305339 0.195964 0.822266
v -0.352214 0.175781 0.813802
v -0.322917 0.171875 0.817708
v 0.305339 0.195964 0.822266
v 0.285156 0.242839 0.823568
v 0.28125 0.213542 0.822917
v 0.28125 0.213542 0.822917
v 0.250244 0.243083 0.818197
v 0.256348 0.203288 0.818034
v 0.28125 0.213542 0.822917
v 0.280924 0.171549 0.816406
v 0.305339 0.195964 0.822266
v -0.28125 0.213542 0.822917
v -0.280924 0.171549 0.816406
v -0.256348 0.203288 0.818034
v -0.28125 0.213542 0.822917
v -0.250244 0.243083 0.818197
v -0.285156 0.242839 0.823568
v -0.285156 0.242839 0.823568
v -0.305339 0.195964 0.822266
v -0.28125 0.213542 0.822917
v 0.285156 0.242839 0.823568
v 0.305339 0.292318 0.822266
v 0.28125 0.273438 0.822917
v 0.28125 0.273438 0.822917
v 0.280924 0.318929 0.816406
v 0.256348 0.284668 0.818034
v 0.28125 0.273438 0.822917
v 0.250244 0.243083 0.818197
v 0.285156 0.242839 0.823568
v -0.28125 0.273438 0.822917
v -0.250244 0.243083 0.818197
v -0.256348 0.284668 0.818034
v -0.28125 0.273438 0.822917
v -0.280924 0.318929 0.816406
v -0.305339 0.292318 0.822266
v -0.305339 0.292318 0.822266
v -0.285156 0.242839 0.823568
v -0.28125 0.273438 0.822917
v 0.305339 0.292318 0.822266
v 0.352214 0.313151 0.813802
v 0.322917 0.317708 0.817708
v 0.322917 0.317708 0.817708
v 0.352458 0.350505 0.803426
v 0.312663 0.344564 0.810872
v 0.322917 0.317708 0.817708
v 0.280924 0.318929 0.816406
v 0.305339 0.292318 0.822266
v -0.322917 0.317708 0.817708
v -0.280924 0.318929 0.816406
v -0.312663 0.344564 0.810872
v -0.322917 0.317708 0.817708
v -0.352458 0.350505 0.803426
v -0.352214 0.313151 0.813802
v -0.352214 0.313151 0.813802
v -0.305339 0.292318 0.822266
v -0.322917 0.317708 0.817708
v 0.352214 0.313151 0.813802
v 0.401042 0.292318 0.802083
v 0.382812 0.317708 0.804688
v 0.382812 0.317708 0.804688
v 0.427531 0.318929 0.785848
v 0.394043 0.344564 0.793457
v 0.382812 0.317708 0.804688
v 0.352458 0.350505 0.803426
v 0.352214 0.313151 0.813802
v -0.382812 0.317708 0.804688
v -0.352458 0.350505 0.803426
v -0.394043 0.344564 0.793457
v -0.382812 0.317708 0.804688
v -0.427531 0.318929 0.785848
v -0.401042 0.292318 0.802083
v -0.401042 0.292318 0.802083
v -0.352214 0.313151 0.813802
v -0.382812 0.317708 0.804688
v 0.401042 0.292318 0.802083
v 0.419271 0.242839 0.797526
v 0.424479 0.273438 0.794271
v 0.424479 0.273438 0.794271
v 0.455404 0.243083 0.778971
v 0.450846 0.284668 0.779622
v 0.424479 0.273438 0.794271
v 0.427531 0.318929 0.785848
v 0.401042 0.292318 0.802083
v -0.424479 0.273438 0.794271
v -0.427531 0.318929 0.785848
v -0.450846 0.284668 0.779622
v -0.424479 0.273438 0.794271
v -0.455404 0.243083 0.778971
v -0.419271 0.242839 0.797526
v -0.419271 0.242839 0.797526
v -0.401042 0.292318 0.802083
v -0.424479 0.273438 0.794271
v 0.087891 -0.969727 0.560547
v 0.164062 -0.94873 0.59375
v 0.085938 -0.957031 0.601562
v 0.085938 -0.957031 0.601562
v 0.143921 -0.927979 0.631592
v 0.07666 -0.936035 0.634766
v 0.07666 -0.936035 0.634766
v 0 -0.960938 0.605469
v 0.085938 -0.957031 0.601562
v 0.085938 -0.957031 0.601562
v 0 -0.974121 0.565918
v 0.087891 -0.969727 0.560547
v 0 -0.960938 0.605469
v -0.07666 -0.936035 0.634766
v -0.085938 -0.957031 0.601562
v -0.085938 -0.957031 0.601562
v -0.143921 -0.927979 0.631592
v -0.164062 -0.94873 0.59375
v -0.164062 -0.94873 0.59375
v -0.087891 -0.969727 0.560547
v -0.085938 -0.957031 0.601562
v -0.085938 -0.957031 0.601562
v 0 -0.974121 0.565918
v 0 -0.960938 0.605469
v 0.246094 -0.949219 0.535645
v 0.271973 -0.922852 0.58252
v 0.226562 -0.939453 0.585938
v 0.226562 -0.939453 0.585938
v 0.225098 -0.899292 0.632568
v 0.192383 -0.918457 0.629883
v 0.192383 -0.918457 0.629883
v 0.164062 -0.94873 0.59375
v 0.226562 -0.939453 0.585938
v 0.226562 -0.939453 0.585938
v 0.171387 -0.960205 0.54895
v 0.246094 -0.949219 0.535645
v -0.164062 -0.94873 0.59375
v -0.192383 -0.918457 0.629883
v -0.226562 -0.939453 0.585938
v -0.226562 -0.939453 0.585938
v -0.225098 -0.899292 0.632568
v -0.271973 -0.922852 0.58252
v -0.271973 -0.922852 0.58252
v -0.246094 -0.949219 0.535645
v -0.226562 -0.939453 0.585938
v -0.226562 -0.939453 0.585938
v -0.171387 -0.960205 0.54895
v -0.164062 -0.94873 0.59375
v 0.298828 -0.892578 0.587891
v 0.338867 -0.845703 0.532471
v 0.310059 -0.845215 0.599121
v 0.310059 -0.845215 0.599121
v 0.245117 -0.862305 0.642578
v 0.298828 -0.892578 0.587891
v 0.298828 -0.892578 0.587891
v 0.225098 -0.899292 0.632568
v 0.271973 -0.922852 0.58252
v 0.298828 -0.892578 0.587891
v 0.302368 -0.930664 0.526001
v 0.330566 -0.898438 0.525391
v -0.298828 -0.892578 0.587891
v -0.225098 -0.899292 0.632568
v -0.245117 -0.862305 0.642578
v -0.245117 -0.862305 0.642578
v -0.310059 -0.845215 0.599121
v -0.298828 -0.892578 0.587891
v -0.298828 -0.892578 0.587891
v -0.338867 -0.845703 0.532471
v -0.330566 -0.898438 0.525391
v -0.298828 -0.892578 0.587891
v -0.302368 -0.930664 0.526001
v -0.271973 -0.922852 0.58252
v 0.335449 -0.765625 0.545898
v 0.297852 -0.686523 0.626465
v 0.308594 -0.777344 0.613281
v 0.297852 -0.686523 0.626465
v 0.252441 -0.758301 0.66748
v 0.308594 -0.777344 0.613281
v 0.308594 -0.777344 0.613281
v 0.253784 -0.813354 0.65564
v 0.310059 -0.845215 0.599121
v 0.310059 -0.845215 0.599121
v 0.335449 -0.765625 0.545898
v 0.308594 -0.777344 0.613281
v -0.308594 -0.777344 0.613281
v -0.253784 -0.813354 0.65564
v -0.252441 -0.758301 0.66748
v -0.252441 -0.758301 0.66748
v -0.297852 -0.686523 0.626465
v -0.308594 -0.777344 0.613281
v -0.297852 -0.686523 0.626465
v -0.335449 -0.765625 0.545898
v -0.308594 -0.777344 0.613281
v -0.335449 -0.765625 0.545898
v -0.310059 -0.845215 0.599121
v -0.308594 -0.777344 0.613281
v 0.308105 -0.549805 0.564941
v 0.26123 -0.45752 0.638184
v 0.28125 -0.570312 0.634766
v 0.26123 -0.45752 0.638184
v 0.226562 -0.572266 0.688477
v 0.28125 -0.570312 0.634766
v 0.28125 -0.570312 0.634766
v 0.242798 -0.682739 0.678345
v 0.297852 -0.686523 0.626465
v 0.28125 -0.570312 0.634766
v 0.323975 -0.664795 0.55896
v 0.308105 -0.549805 0.564941
v -0.28125 -0.570312 0.634766
v -0.242798 -0.682739 0.678345
v -0.226562 -0.572266 0.688477
v -0.226562 -0.572266 0.688477
v -0.26123 -0.45752 0.638184
v -0.28125 -0.570312 0.634766
v -0.26123 -0.45752 0.638184
v -0.308105 -0.549805 0.564941
v -0.28125 -0.570312 0.634766
v -0.28125 -0.570312 0.634766
v -0.323975 -0.664795 0.55896
v -0.297852 -0.686523 0.626465
v 0.291016 -0.119141 0.644531
v 0.226929 -0.177246 0.577515
v 0.312988 -0.148926 0.563477
v 0.312988 -0.148926 0.563477
v 0.412109 -0.087402 0.609863
v 0.291016 -0.119141 0.644531
v 0.291016 -0.119141 0.644531
v 0.393799 -0.043579 0.667725
v 0.272461 -0.069336 0.715332
v 0.272461 -0.069336 0.715332
v 0.200195 -0.150879 0.669922
v 0.291016 -0.119141 0.644531
v -0.291016 -0.119141 0.644531
v -0.393799 -0.043579 0.667725
v -0.412109 -0.087402 0.609863
v -0.412109 -0.087402 0.609863
v -0.312988 -0.148926 0.563477
v -0.291016 -0.119141 0.644531
v -0.291016 -0.119141 0.644531
v -0.226929 -0.177246 0.577515
v -0.200195 -0.150879 0.669922
v -0.200195 -0.150879 0.669922
v -0.272461 -0.069336 0.715332
v -0.291016 -0.119141 0.644531
v 0.521484 -0.042969 0.591797
v 0.427002 -0.116943 0.545776
v 0.529785 -0.072754 0.537598
v 0.521484 -0.042969 0.591797
v 0.625366 -0.012573 0.525269
v 0.618164 0.016113 0.577148
v 0.521484 -0.042969 0.591797
v 0.593506 0.050903 0.62085
v 0.501953 -0.003418 0.63916
v 0.501953 -0.003418 0.63916
v 0.412109 -0.087402 0.609863
v 0.521484 -0.042969 0.591797
v -0.521484 -0.042969 0.591797
v -0.593506 0.050903 0.62085
v -0.618164 0.016113 0.577148
v -0.521484 -0.042969 0.591797
v -0.625366 -0.012573 0.525269
v -0.529785 -0.072754 0.537598
v -0.521484 -0.042969 0.591797
v -0.427002 -0.116943 0.545776
v -0.412109 -0.087402 0.609863
v -0.412109 -0.087402 0.609863
v -0.501953 -0.003418 0.63916
v -0.521484 -0.042969 0.591797
v 0.701172 0.091797 0.552734
v 0.625366 -0.012573 0.525269
v 0.717773 0.067383 0.495117
v 0.717773 0.067383 0.495117
v 0.76123 0.183105 0.543457
v 0.701172 0.091797 0.552734
v 0.701172 0.091797 0.552734
v 0.713379 0.197754 0.599365
v 0.665039 0.119141 0.604004
v 0.665039 0.119141 0.604004
v 0.618164 0.016113 0.577148
v 0.701172 0.091797 0.552734
v -0.701172 0.091797 0.552734
v -0.713379 0.197754 0.599365
v -0.76123 0.183105 0.543457
v -0.76123 0.183105 0.543457
v -0.717773 0.067383 0.495117
v -0.701172 0.091797 0.552734
v -0.701172 0.091797 0.552734
v -0.625366 -0.012573 0.525269
v -0.618164 0.016113 0.577148
v -0.618164 0.016113 0.577148
v -0.665039 0.119141 0.604004
v -0.701172 0.091797 0.552734
v 0.76123 0.183105 0.543457
v 0.822754 0.288574 0.520508
v 0.789062 0.289062 0.574219
v 0.789062 0.289062 0.574219
v 0.816772 0.393555 0.573364
v 0.785156 0.379883 0.618652
v 0.785156 0.379883 0.618652
v 0.735352 0.283203 0.617676
v 0.789062 0.289062 0.574219
v 0.789062 0.289062 0.574219
v 0.713379 0.197754 0.599365
v 0.76123 0.183105 0.543457
v -0.735352 0.283203 0.617676
v -0.785156 0.379883 0.618652
v -0.789062 0.289062 0.574219
v -0.789062 0.289062 0.574219
v -0.816772 0.393555 0.573364
v -0.822754 0.288574 0.520508
v -0.822754 0.288574 0.520508
v -0.76123 0.183105 0.543457
v -0.789062 0.289062 0.574219
v -0.789062 0.289062 0.574219
v -0.713379 0.197754 0.599365
v -0.735352 0.283203 0.617676
v 0.785156 0.379883 0.618652
v 0.770508 0.445801 0.603027
v 0.75 0.425781 0.650391
v 0.75 0.425781 0.650391
v 0.693237 0.479858 0.624512
v 0.682617 0.458984 0.677734
v 0.682617 0.458984 0.677734
v 0.711914 0.39502 0.676758
v 0.75 0.425781 0.650391
v 0.75 0.425781 0.650391
v 0.733887 0.355591 0.647339
v 0.785156 0.379883 0.618652
v -0.711914 0.39502 0.676758
v -0.682617 0.458984 0.677734
v -0.75 0.425781 0.650391
v -0.75 0.425781 0.650391
v -0.693237 0.479858 0.624512
v -0.770508 0.445801 0.603027
v -0.770508 0.445801 0.603027
v -0.785156 0.379883 0.618652
v -0.75 0.425781 0.650391
v -0.75 0.425781 0.650391
v -0.733887 0.355591 0.647339
v -0.711914 0.39502 0.676758
v 0.682617 0.458984 0.677734
v 0.594238 0.530273 0.652832
v 0.582031 0.511719 0.708984
v 0.582031 0.511719 0.708984
v 0.491455 0.592407 0.682251
v 0.475586 0.574219 0.739258
v 0.475586 0.574219 0.739258
v 0.561523 0.479004 0.739746
v 0.582031 0.511719 0.708984
v 0.582031 0.511719 0.708984
v 0.658203 0.42749 0.707153
v 0.682617 0.458984 0.677734
v -0.561523 0.479004 0.739746
v -0.475586 0.574219 0.739258
v -0.582031 0.511719 0.708984
v -0.582031 0.511719 0.708984
v -0.491455 0.592407 0.682251
v -0.594238 0.530273 0.652832
v -0.594238 0.530273 0.652832
v -0.682617 0.458984 0.677734
v -0.582031 0.511719 0.708984
v -0.582031 0.511719 0.708984
v -0.658203 0.42749 0.707153
v -0.561523 0.479004 0.739746
v 0.475586 0.574219 0.739258
v 0.402832 0.661621 0.707031
v 0.390625 0.636719 0.763672
v 0.390625 0.636719 0.763672
v 0.322388 0.711792 0.726685
v 0.317871 0.679688 0.782227
v 0.390625 0.636719 0.763672
v 0.317383 0.619995 0.808838
v 0.379395 0.587402 0.79248
v 0.379395 0.587402 0.79248
v 0.475586 0.574219 0.739258
v 0.390625 0.636719 0.763672
v -0.390625 0.636719 0.763672
v -0.317383 0.619995 0.808838
v -0.317871 0.679688 0.782227
v -0.390625 0.636719 0.763672
v -0.322388 0.711792 0.726685
v -0.402832 0.661621 0.707031
v -0.402832 0.661621 0.707031
v -0.475586 0.574219 0.739258
v -0.390625 0.636719 0.763672
v -0.475586 0.574219 0.739258
v -0.379395 0.587402 0.79248
v -0.390625 0.636719 0.763672
v 0.317871 0.679688 0.782227
v 0.244141 0.716797 0.740723
v 0.248047 0.683594 0.794922
v 0.248047 0.683594 0.794922
v 0.174561 0.67627 0.748169
v 0.18457 0.645996 0.80127
v 0.18457 0.645996 0.80127
v 0.259277 0.623047 0.819824
v 0.248047 0.683594 0.794922
v 0.259277 0.623047 0.819824
v 0.317871 0.679688 0.782227
v 0.248047 0.683594 0.794922
v -0.259277 0.623047 0.819824
v -0.18457 0.645996 0.80127
v -0.248047 0.683594 0.794922
v -0.248047 0.683594 0.794922
v -0.174561 0.67627 0.748169
v -0.244141 0.716797 0.740723
v -0.244141 0.716797 0.740723
v -0.317871 0.679688 0.782227
v -0.248047 0.683594 0.794922
v -0.317871 0.679688 0.782227
v -0.259277 0.623047 0.819824
v -0.248047 0.683594 0.794922
v 0.18457 0.645996 0.80127
v 0.120117 0.589844 0.748047
v 0.130859 0.564453 0.800781
v 0.130859 0.564453 0.800781
v 0.075806 0.499878 0.743896
v 0.083984 0.478027 0.795898
v 0.083984 0.478027 0.795898
v 0.153809 0.523438 0.825684
v 0.130859 0.564453 0.800781
v 0.130859 0.564453 0.800781
v 0.204834 0.592285 0.825439
v 0.18457 0.645996 0.80127
v -0.153809 0.523438 0.825684
v -0.083984 0.478027 0.795898
v -0.130859 0.564453 0.800781
v -0.130859 0.564453 0.800781
v -0.075806 0.499878 0.743896
v -0.120117 0.589844 0.748047
v -0.120117 0.589844 0.748047
v -0.18457 0.645996 0.80127
v -0.130859 0.564453 0.800781
v -0.130859 0.564453 0.800781
v -0.204834 0.592285 0.825439
v -0.153809 0.523438 0.825684
v 0.083984 0.478027 0.795898
v 0.036621 0.44873 0.739258
v 0.041016 0.425781 0.789062
v 0.041016 0.425781 0.789062
v 0 0.432861 0.736816
v 0 0.408203 0.785156
v 0 0.408203 0.785156
v 0.060059 0.395508 0.813477
v 0.041016 0.425781 0.789062
v 0.041016 0.425781 0.789062
v 0.105713 0.44751 0.821411
v 0.083984 0.478027 0.795898
v -0.060059 0.395508 0.813477
v 0 0.408203 0.785156
v -0.041016 0.425781 0.789062
v -0.041016 0.425781 0.789062
v 0 0.432861 0.736816
v -0.036621 0.44873 0.739258
v -0.036621 0.44873 0.739258
v -0.083984 0.478027 0.795898
v -0.041016 0.425781 0.789062
v -0.041016 0.425781 0.789062
v -0.105713 0.44751 0.821411
v -0.060059 0.395508 0.813477
v 0.135742 0.425293 0.806152
v 0.20459 0.446289 0.777344
v 0.179688 0.482422 0.806641
v 0.179688 0.482422 0.806641
v 0.24646 0.473877 0.770996
v 0.226562 0.529785 0.803223
v 0.226562 0.529785 0.803223
v 0.153809 0.523438 0.825684
v 0.179688 0.482422 0.806641
v 0.179688 0.482422 0.806641
v 0.105713 0.44751 0.821411
v 0.135742 0.425293 0.806152
v -0.153809 0.523438 0.825684
v -0.226562 0.529785 0.803223
v -0.179688 0.482422 0.806641
v -0.179688 0.482422 0.806641
v -0.24646 0.473877 0.770996
v -0.20459 0.446289 0.777344
v -0.20459 0.446289 0.777344
v -0.135742 0.425293 0.806152
v -0.179688 0.482422 0.806641
v -0.179688 0.482422 0.806641
v -0.105713 0.44751 0.821411
v -0.153809 0.523438 0.825684
v 0.226562 0.529785 0.803223
v 0.287109 0.486328 0.763672
v 0.273438 0.550781 0.796875
v 0.287109 0.486328 0.763672
v 0.322754 0.54834 0.787109
v 0.273438 0.550781 0.796875
v 0.273438 0.550781 0.796875
v 0.317383 0.619995 0.808838
v 0.259277 0.623047 0.819824
v 0.273438 0.550781 0.796875
v 0.204834 0.592285 0.825439
v 0.226562 0.529785 0.803223
v -0.273438 0.550781 0.796875
v -0.317383 0.619995 0.808838
v -0.322754 0.54834 0.787109
v -0.322754 0.54834 0.787109
v -0.287109 0.486328 0.763672
v -0.273438 0.550781 0.796875
v -0.287109 0.486328 0.763672
v -0.226562 0.529785 0.803223
v -0.273438 0.550781 0.796875
v -0.273438 0.550781 0.796875
v -0.204834 0.592285 0.825439
v -0.259277 0.623047 0.819824
v 0.378418 0.46875 0.745605
v 0.445801 0.488281 0.753906
v 0.376953 0.525391 0.773438
v 0.376953 0.525391 0.773438
v 0.456909 0.536621 0.769775
v 0.379395 0.587402 0.79248
v 0.379395 0.587402 0.79248
v 0.322754 0.54834 0.787109
v 0.376953 0.525391 0.773438
v 0.376953 0.525391 0.773438
v 0.329956 0.484375 0.755249
v 0.378418 0.46875 0.745605
v -0.322754 0.54834 0.787109
v -0.379395 0.587402 0.79248
v -0.376953 0.525391 0.773438
v -0.376953 0.525391 0.773438
v -0.456909 0.536621 0.769775
v -0.445801 0.488281 0.753906
v -0.445801 0.488281 0.753906
v -0.378418 0.46875 0.745605
v -0.376953 0.525391 0.773438
v -0.376953 0.525391 0.773438
v -0.329956 0.484375 0.755249
v -0.322754 0.54834 0.787109
v 0.539062 0.443359 0.726562
v 0.590088 0.376709 0.680542
v 0.624023 0.399414 0.697754
v 0.624023 0.399414 0.697754
v 0.561523 0.479004 0.739746
v 0.539062 0.443359 0.726562
v 0.561523 0.479004 0.739746
v 0.445801 0.488281 0.753906
v 0.539062 0.443359 0.726562
v 0.539062 0.443359 0.726562
v 0.439087 0.443237 0.730469
v 0.518555 0.411621 0.705566
v -0.445801 0.488281 0.753906
v -0.561523 0.479004 0.739746
v -0.539062 0.443359 0.726562
v -0.561523 0.479004 0.739746
v -0.624023 0.399414 0.697754
v -0.539062 0.443359 0.726562
v -0.539062 0.443359 0.726562
v -0.590088 0.376709 0.680542
v -0.518555 0.411621 0.705566
v -0.539062 0.443359 0.726562
v -0.439087 0.443237 0.730469
v -0.445801 0.488281 0.753906
v 0.626953 0.341309 0.665039
v 0.683594 0.325684 0.654297
v 0.667969 0.365234 0.673828
v 0.667969 0.365234 0.673828
v 0.733887 0.355591 0.647339
v 0.711914 0.39502 0.676758
v 0.667969 0.365234 0.673828
v 0.658203 0.42749 0.707153
v 0.624023 0.399414 0.697754
v 0.624023 0.399414 0.697754
v 0.626953 0.341309 0.665039
v 0.667969 0.365234 0.673828
v -0.667969 0.365234 0.673828
v -0.658203 0.42749 0.707153
v -0.711914 0.39502 0.676758
v -0.667969 0.365234 0.673828
v -0.733887 0.355591 0.647339
v -0.683594 0.325684 0.654297
v -0.683594 0.325684 0.654297
v -0.626953 0.341309 0.665039
v -0.667969 0.365234 0.673828
v -0.626953 0.341309 0.665039
v -0.624023 0.399414 0.697754
v -0.667969 0.365234 0.673828
v 0.63916 0.248047 0.650391
v 0.662598 0.195801 0.631348
v 0.683594 0.265625 0.638672
v 0.683594 0.265625 0.638672
v 0.713379 0.197754 0.599365
v 0.735352 0.283203 0.617676
v 0.735352 0.283203 0.617676
v 0.683594 0.325684 0.654297
v 0.683594 0.265625 0.638672
v 0.683594 0.265625 0.638672
v 0.639771 0.300171 0.656006
v 0.63916 0.248047 0.650391
v -0.683594 0.325684 0.654297
v -0.735352 0.283203 0.617676
v -0.683594 0.265625 0.638672
v -0.683594 0.265625 0.638672
v -0.713379 0.197754 0.599365
v -0.662598 0.195801 0.631348
v -0.662598 0.195801 0.631348
v -0.63916 0.248047 0.650391
v -0.683594 0.265625 0.638672
v -0.683594 0.265625 0.638672
v -0.639771 0.300171 0.656006
v -0.683594 0.325684 0.654297
v 0.568848 0.128418 0.65918
v 0.548828 0.066406 0.650391
v 0.615234 0.126953 0.636719
v 0.615234 0.126953 0.636719
v 0.593506 0.050903 0.62085
v 0.665039 0.119141 0.604004
v 0.665039 0.119141 0.604004
v 0.662598 0.195801 0.631348
v 0.615234 0.126953 0.636719
v 0.615234 0.126953 0.636719
v 0.61792 0.189331 0.650635
v 0.568848 0.128418 0.65918
v -0.662598 0.195801 0.631348
v -0.665039 0.119141 0.604004
v -0.615234 0.126953 0.636719
v -0.615234 0.126953 0.636719
v -0.593506 0.050903 0.62085
v -0.548828 0.066406 0.650391
v -0.548828 0.066406 0.650391
v -0.568848 0.128418 0.65918
v -0.615234 0.126953 0.636719
v -0.615234 0.126953 0.636719
v -0.61792 0.189331 0.650635
v -0.662598 0.195801 0.631348
v 0.441895 0.040039 0.687988
v 0.379883 -0.004883 0.693848
v 0.470703 0.021484 0.667969
v 0.470703 0.021484 0.667969
v 0.393799 -0.043579 0.667725
v 0.501953 -0.003418 0.63916
v 0.501953 -0.003418 0.63916
v 0.548828 0.066406 0.650391
v 0.470703 0.021484 0.667969
v 0.470703 0.021484 0.667969
v 0.505615 0.075317 0.672729
v 0.441895 0.040039 0.687988
v -0.548828 0.066406 0.650391
v -0.501953 -0.003418 0.63916
v -0.470703 0.021484 0.667969
v -0.470703 0.021484 0.667969
v -0.393799 -0.043579 0.667725
v -0.379883 -0.004883 0.693848
v -0.379883 -0.004883 0.693848
v -0.441895 0.040039 0.687988
v -0.470703 0.021484 0.667969
v -0.470703 0.021484 0.667969
v -0.505615 0.075317 0.672729
v -0.548828 0.066406 0.650391
v 0.275391 -0.009766 0.732422
v 0.212769 0.071533 0.748657
v 0.181641 0.006836 0.76123
v 0.181641 0.006836 0.76123
v 0.272461 -0.069336 0.715332
v 0.275391 -0.009766 0.732422
v 0.272461 -0.069336 0.715332
v 0.379883 -0.004883 0.693848
v 0.275391 -0.009766 0.732422
v 0.275391 -0.009766 0.732422
v 0.371216 0.027466 0.706543
v 0.287109 0.04248 0.72998
v -0.379883 -0.004883 0.693848
v -0.272461 -0.069336 0.715332
v -0.275391 -0.009766 0.732422
v -0.272461 -0.069336 0.715332
v -0.181641 0.006836 0.76123
v -0.275391 -0.009766 0.732422
v -0.275391 -0.009766 0.732422
v -0.212769 0.071533 0.748657
v -0.287109 0.04248 0.72998
v -0.275391 -0.009766 0.732422
v -0.371216 0.027466 0.706543
v -0.379883 -0.004883 0.693848
v 0.123047 0.044922 0.757812
v 0.212769 0.071533 0.748657
v 0.171387 0.101074 0.75293
v 0.171387 0.101074 0.75293
v 0.090332 0.096191 0.746094
v 0.123047 0.044922 0.757812
v 0.123047 0.044922 0.757812
v 0 0.041558 0.738824
v 0.076172 -0.023926 0.763184
v 0.076172 -0.023926 0.763184
v 0.181641 0.006836 0.76123
v 0.123047 0.044922 0.757812
v -0.123047 0.044922 0.757812
v 0 0.041558 0.738824
v -0.090332 0.096191 0.746094
v -0.090332 0.096191 0.746094
v -0.171387 0.101074 0.75293
v -0.123047 0.044922 0.757812
v -0.123047 0.044922 0.757812
v -0.212769 0.071533 0.748657
v -0.181641 0.006836 0.76123
v -0.181641 0.006836 0.76123
v -0.076172 -0.023926 0.763184
v -0.123047 0.044922 0.757812
v 0.13916 0.360352 0.778809
v 0.135742 0.425293 0.806152
v 0.097656 0.375 0.800781
v 0.097656 0.375 0.800781
v 0.105713 0.44751 0.821411
v 0.060059 0.395508 0.813477
v 0.060059 0.395508 0.813477
v 0.071777 0.325195 0.791016
v 0.097656 0.375 0.800781
v 0.097656 0.375 0.800781
v 0.122559 0.310059 0.773926
v 0.13916 0.360352 0.778809
v -0.071777 0.325195 0.791016
v -0.060059 0.395508 0.813477
v -0.097656 0.375 0.800781
v -0.097656 0.375 0.800781
v -0.105713 0.44751 0.821411
v -0.135742 0.425293 0.806152
v -0.135742 0.425293 0.806152
v -0.13916 0.360352 0.778809
v -0.097656 0.375 0.800781
v -0.097656 0.375 0.800781
v -0.122559 0.310059 0.773926
v -0.071777 0.325195 0.791016
v 0.064453 0.269531 0.777344
v 0.122559 0.310059 0.773926
v 0.071777 0.325195 0.791016
v 0.071777 0.325195 0.791016
v 0 0.275391 0.785156
v 0.064453 0.269531 0.777344
v 0.064453 0.269531 0.777344
v 0 0.209473 0.765137
v 0.067871 0.210938 0.762695
v 0.067871 0.210938 0.762695
v 0.118652 0.260742 0.768066
v 0.064453 0.269531 0.777344
v -0.064453 0.269531 0.777344
v 0 0.209473 0.765137
v 0 0.275391 0.785156
v 0 0.275391 0.785156
v -0.071777 0.325195 0.791016
v -0.064453 0.269531 0.777344
v -0.064453 0.269531 0.777344
v -0.122559 0.310059 0.773926
v -0.118652 0.260742 0.768066
v -0.118652 0.260742 0.768066
v -0.067871 0.210938 0.762695
v -0.064453 0.269531 0.777344
v 0 0.140625 0.748047
v 0.090332 0.096191 0.746094
v 0.074219 0.152344 0.75
v 0.074219 0.152344 0.75
v 0.149536 0.133545 0.752197
v 0.133789 0.171387 0.755859
v 0.133789 0.171387 0.755859
v 0.067871 0.210938 0.762695
v 0.074219 0.152344 0.75
v 0.074219 0.152344 0.75
v 0 0.209473 0.765137
v 0 0.140625 0.748047
v -0.067871 0.210938 0.762695
v -0.133789 0.171387 0.755859
v -0.074219 0.152344 0.75
v -0.074219 0.152344 0.75
v -0.149536 0.133545 0.752197
v -0.090332 0.096191 0.746094
v -0.090332 0.096191 0.746094
v 0 0.140625 0.748047
v -0.074219 0.152344 0.75
v -0.074219 0.152344 0.75
v 0 0.209473 0.765137
v -0.067871 0.210938 0.762695
v 0.056641 -0.912109 0.664062
v 0.071045 -0.882446 0.687744
v 0.036621 -0.891113 0.684082
v 0.036621 -0.891113 0.684082
v 0 -0.915039 0.664062
v 0.056641 -0.912109 0.664062
v 0.056641 -0.912109 0.664062
v 0 -0.939697 0.636719
v 0.07666 -0.936035 0.634766
v 0.07666 -0.936035 0.634766
v 0.106934 -0.903809 0.665039
v 0.056641 -0.912109 0.664062
v -0.056641 -0.912109 0.664062
v 0 -0.939697 0.636719
v 0 -0.915039 0.664062
v 0 -0.915039 0.664062
v -0.036621 -0.891113 0.684082
v -0.056641 -0.912109 0.664062
v -0.056641 -0.912109 0.664062
v -0.071045 -0.882446 0.687744
v -0.106934 -0.903809 0.665039
v -0.106934 -0.903809 0.665039
v -0.07666 -0.936035 0.634766
v -0.056641 -0.912109 0.664062
v 0.144531 -0.890625 0.667969
v 0.121704 -0.835449 0.702271
v 0.101074 -0.865234 0.693848
v 0.101074 -0.865234 0.693848
v 0.106934 -0.903809 0.665039
v 0.144531 -0.890625 0.667969
v 0.144531 -0.890625 0.667969
v 0.143921 -0.927979 0.631592
v 0.192383 -0.918457 0.629883
v 0.192383 -0.918457 0.629883
v 0.169434 -0.865723 0.674316
v 0.144531 -0.890625 0.667969
v -0.144531 -0.890625 0.667969
v -0.143921 -0.927979 0.631592
v -0.106934 -0.903809 0.665039
v -0.106934 -0.903809 0.665039
v -0.101074 -0.865234 0.693848
v -0.144531 -0.890625 0.667969
v -0.144531 -0.890625 0.667969
v -0.121704 -0.835449 0.702271
v -0.169434 -0.865723 0.674316
v -0.169434 -0.865723 0.674316
v -0.192383 -0.918457 0.629883
v -0.144531 -0.890625 0.667969
v 0.185547 -0.773438 0.697266
v 0.12793 -0.789062 0.712891
v 0.181641 -0.822266 0.685547
v 0.181641 -0.822266 0.685547
v 0.121704 -0.835449 0.702271
v 0.169434 -0.865723 0.674316
v 0.169434 -0.865723 0.674316
v 0.245117 -0.862305 0.642578
v 0.181641 -0.822266 0.685547
v 0.181641 -0.822266 0.685547
v 0.253784 -0.813354 0.65564
v 0.185547 -0.773438 0.697266
v -0.245117 -0.862305 0.642578
v -0.169434 -0.865723 0.674316
v -0.181641 -0.822266 0.685547
v -0.181641 -0.822266 0.685547
v -0.121704 -0.835449 0.702271
v -0.12793 -0.789062 0.712891
v -0.12793 -0.789062 0.712891
v -0.185547 -0.773438 0.697266
v -0.181641 -0.822266 0.685547
v -0.181641 -0.822266 0.685547
v -0.253784 -0.813354 0.65564
v -0.245117 -0.862305 0.642578
v 0.164062 -0.570312 0.720703
v 0.208252 -0.459473 0.695435
v 0.147949 -0.458496 0.727539
v 0.147949 -0.458496 0.727539
v 0.102051 -0.566895 0.736816
v 0.164062 -0.570312 0.720703
v 0.164062 -0.570312 0.720703
v 0.11438 -0.664185 0.730225
v 0.179199 -0.67334 0.711914
v 0.179199 -0.67334 0.711914
v 0.226562 -0.572266 0.688477
v 0.164062 -0.570312 0.720703
v -0.164062 -0.570312 0.720703
v -0.11438 -0.664185 0.730225
v -0.102051 -0.566895 0.736816
v -0.102051 -0.566895 0.736816
v -0.147949 -0.458496 0.727539
v -0.164062 -0.570312 0.720703
v -0.164062 -0.570312 0.720703
v -0.208252 -0.459473 0.695435
v -0.226562 -0.572266 0.688477
v -0.226562 -0.572266 0.688477
v -0.179199 -0.67334 0.711914
v -0.164062 -0.570312 0.720703
v 0.185547 -0.732422 0.705078
v 0.1125 -0.737188 0.726406
v 0.185547 -0.773438 0.697266
v 0.185547 -0.773438 0.697266
v 0.252441 -0.758301 0.66748
v 0.185547 -0.732422 0.705078
v 0.185547 -0.732422 0.705078
v 0.242798 -0.682739 0.678345
v 0.179199 -0.67334 0.711914
v 0.179199 -0.67334 0.711914
v 0.117188 -0.712891 0.727051
v 0.185547 -0.732422 0.705078
v -0.185547 -0.732422 0.705078
v -0.242798 -0.682739 0.678345
v -0.252441 -0.758301 0.66748
v -0.252441 -0.758301 0.66748
v -0.185547 -0.773438 0.697266
v -0.185547 -0.732422 0.705078
v -0.185547 -0.732422 0.705078
v -0.1125 -0.737188 0.726406
v -0.117188 -0.712891 0.727051
v -0.117188 -0.712891 0.727051
v -0.179199 -0.67334 0.711914
v -0.185547 -0.732422 0.705078
v 0.085938 -0.371094 0.741699
v 0.042969 -0.324219 0.748047
v 0.041016 -0.376953 0.746094
v 0.041016 -0.376953 0.746094
v 0 -0.333008 0.748047
v 0 -0.381836 0.746094
v 0 -0.381836 0.746094
v 0.041992 -0.458008 0.74707
v 0.041016 -0.376953 0.746094
v 0.041016 -0.376953 0.746094
v 0.089478 -0.457153 0.742188
v 0.085938 -0.371094 0.741699
v -0.041992 -0.458008 0.74707
v 0 -0.381836 0.746094
v -0.041016 -0.376953 0.746094
v -0.041016 -0.376953 0.746094
v 0 -0.333008 0.748047
v -0.042969 -0.324219 0.748047
v -0.042969 -0.324219 0.748047
v -0.085938 -0.371094 0.741699
v -0.041016 -0.376953 0.746094
v -0.041016 -0.376953 0.746094
v -0.089478 -0.457153 0.742188
v -0.041992 -0.458008 0.74707
v 0.055664 -0.661133 0.736328
v 0.102051 -0.566895 0.736816
v 0.048828 -0.564453 0.742188
v 0.048828 -0.564453 0.742188
v 0.089478 -0.457153 0.742188
v 0.041992 -0.458008 0.74707
v 0.041992 -0.458008 0.74707
v 0 -0.563477 0.742188
v 0.048828 -0.564453 0.742188
v 0.048828 -0.564453 0.742188
v 0 -0.661133 0.736328
v 0.055664 -0.661133 0.736328
v 0 -0.563477 0.742188
v -0.041992 -0.458008 0.74707
v -0.048828 -0.564453 0.742188
v -0.048828 -0.564453 0.742188
v -0.089478 -0.457153 0.742188
v -0.102051 -0.566895 0.736816
v -0.102051 -0.566895 0.736816
v -0.055664 -0.661133 0.736328
v -0.048828 -0.564453 0.742188
v -0.048828 -0.564453 0.742188
v 0 -0.661133 0.736328
v 0 -0.563477 0.742188
v 0 -0.717773 0.734375
v 0.054199 -0.736816 0.73291
v 0.056641 -0.712891 0.734375
v 0.056641 -0.712891 0.734375
v 0.1125 -0.737188 0.726406
v 0.117188 -0.712891 0.727051
v 0.056641 -0.712891 0.734375
v 0.11438 -0.664185 0.730225
v 0.055664 -0.661133 0.736328
v 0.056641 -0.712891 0.734375
v 0 -0.661133 0.736328
v 0 -0.717773 0.734375
v -0.056641 -0.712891 0.734375
v -0.11438 -0.664185 0.730225
v -0.117188 -0.712891 0.727051
v -0.056641 -0.712891 0.734375
v -0.1125 -0.737188 0.726406
v -0.054199 -0.736816 0.73291
v -0.054199 -0.736816 0.73291
v 0 -0.717773 0.734375
v -0.056641 -0.712891 0.734375
v -0.056641 -0.712891 0.734375
v 0 -0.661133 0.736328
v -0.055664 -0.661133 0.736328
v 0.109375 -0.253906 0.767578
v 0.123657 -0.22522 0.75061
v 0.121094 -0.222656 0.770508
v 0.121094 -0.222656 0.770508
v 0.109863 -0.249512 0.787109
v 0.109375 -0.253906 0.767578
v 0.109375 -0.253906 0.767578
v 0.084229 -0.272339 0.78125
v 0.083496 -0.279785 0.763184
v 0.083496 -0.279785 0.763184
v 0.114746 -0.259277 0.74707
v 0.109375 -0.253906 0.767578
v -0.109375 -0.253906 0.767578
v -0.084229 -0.272339 0.78125
v -0.109863 -0.249512 0.787109
v -0.109863 -0.249512 0.787109
v -0.121094 -0.222656 0.770508
v -0.109375 -0.253906 0.767578
v -0.109375 -0.253906 0.767578
v -0.123657 -0.22522 0.75061
v -0.114746 -0.259277 0.74707
v -0.114746 -0.259277 0.74707
v -0.083496 -0.279785 0.763184
v -0.109375 -0.253906 0.767578
v 0.118164 -0.18457 0.753418
v 0.097656 -0.150391 0.763184
v 0.117188 -0.183594 0.767578
v 0.117188 -0.183594 0.767578
v 0.100342 -0.147827 0.782104
v 0.117676 -0.182129 0.787598
v 0.117676 -0.182129 0.787598
v 0.121094 -0.222656 0.770508
v 0.117188 -0.183594 0.767578
v 0.121094 -0.222656 0.770508
v 0.118164 -0.18457 0.753418
v 0.117188 -0.183594 0.767578
v -0.121094 -0.222656 0.770508
v -0.117676 -0.182129 0.787598
v -0.117188 -0.183594 0.767578
v -0.117188 -0.183594 0.767578
v -0.100342 -0.147827 0.782104
v -0.097656 -0.150391 0.763184
v -0.097656 -0.150391 0.763184
v -0.118164 -0.18457 0.753418
v -0.117188 -0.183594 0.767578
v -0.118164 -0.18457 0.753418
v -0.121094 -0.222656 0.770508
v -0.117188 -0.183594 0.767578
v 0.055176 -0.12793 0.750488
v 0.027832 -0.141113 0.763184
v 0.0625 -0.136719 0.761719
v 0.0625 -0.136719 0.761719
v 0.039673 -0.138428 0.782104
v 0.070801 -0.133789 0.780273
v 0.070801 -0.133789 0.780273
v 0.097656 -0.150391 0.763184
v 0.0625 -0.136719 0.761719
v 0.0625 -0.136719 0.761719
v 0.096069 -0.148438 0.753906
v 0.055176 -0.12793 0.750488
v -0.097656 -0.150391 0.763184
v -0.070801 -0.133789 0.780273
v -0.0625 -0.136719 0.761719
v -0.0625 -0.136719 0.761719
v -0.039673 -0.138428 0.782104
v -0.027832 -0.141113 0.763184
v -0.027832 -0.141113 0.763184
v -0.055176 -0.12793 0.750488
v -0.0625 -0.136719 0.761719
v -0.0625 -0.136719 0.761719
v -0.096069 -0.148438 0.753906
v -0.097656 -0.150391 0.763184
v 0.009766 -0.162109 0.767578
v 0 -0.163086 0.768555
v 0 -0.176758 0.770508
v 0.009766 -0.162109 0.767578
v 0 -0.175293 0.79126
v 0.017578 -0.160156 0.787598
v 0.017578 -0.160156 0.787598
v 0.027832 -0.141113 0.763184
v 0.009766 -0.162109 0.767578
v 0.009766 -0.162109 0.767578
v 0 -0.13444 0.747396
v 0 -0.165039 0.756836
v -0.027832 -0.141113 0.763184
v -0.017578 -0.160156 0.787598
v -0.009766 -0.162109 0.767578
v -0.009766 -0.162109 0.767578
v 0 -0.175293 0.79126
v 0 -0.176758 0.770508
v -0.009766 -0.162109 0.767578
v 0 -0.163086 0.768555
v 0 -0.165039 0.756836
v -0.009766 -0.162109 0.767578
v 0 -0.13444 0.747396
v -0.027832 -0.141113 0.763184
v 0 -0.313477 0.761719
v 0.042969 -0.324219 0.748047
v 0.044922 -0.302734 0.761719
v 0.044922 -0.302734 0.761719
v 0.089531 -0.299844 0.743984
v 0.083496 -0.279785 0.763184
v 0.083496 -0.279785 0.763184
v 0.04541 -0.294922 0.779297
v 0.044922 -0.302734 0.761719
v 0.044922 -0.302734 0.761719
v 0 -0.306152 0.779297
v 0 -0.313477 0.761719
v -0.04541 -0.294922 0.779297
v -0.083496 -0.279785 0.763184
v -0.044922 -0.302734 0.761719
v -0.044922 -0.302734 0.761719
v -0.089531 -0.299844 0.743984
v -0.042969 -0.324219 0.748047
v -0.042969 -0.324219 0.748047
v 0 -0.313477 0.761719
v -0.044922 -0.302734 0.761719
v -0.044922 -0.302734 0.761719
v 0 -0.306152 0.779297
v -0.04541 -0.294922 0.779297
v 0 -0.293945 0.792969
v 0.04541 -0.294922 0.779297
v 0.042969 -0.283203 0.792969
v 0.042969 -0.283203 0.792969
v 0.084229 -0.272339 0.78125
v 0.07959 -0.262695 0.79541
v 0.042969 -0.283203 0.792969
v 0.070095 -0.25651 0.804471
v 0.041992 -0.266113 0.804688
v 0.042969 -0.283203 0.792969
v 0 -0.27417 0.804688
v 0 -0.293945 0.792969
v -0.042969 -0.283203 0.792969
v -0.070095 -0.25651 0.804471
v -0.07959 -0.262695 0.79541
v -0.042969 -0.283203 0.792969
v -0.084229 -0.272339 0.78125
v -0.04541 -0.294922 0.779297
v -0.04541 -0.294922 0.779297
v 0 -0.293945 0.792969
v -0.042969 -0.283203 0.792969
v -0.042969 -0.283203 0.792969
v 0 -0.27417 0.804688
v -0.041992 -0.266113 0.804688
v 0.021484 -0.166016 0.804688
v 0 -0.175293 0.79126
v 0 -0.180664 0.808594
v 0 -0.180664 0.808594
v 0.032715 -0.175293 0.816406
v 0.021484 -0.166016 0.804688
v 0.021484 -0.166016 0.804688
v 0.047743 -0.157769 0.809028
v 0.044922 -0.14502 0.798828
v 0.044922 -0.14502 0.798828
v 0.017578 -0.160156 0.787598
v 0.021484 -0.166016 0.804688
v -0.021484 -0.166016 0.804688
v -0.047743 -0.157769 0.809028
v -0.032715 -0.175293 0.816406
v -0.032715 -0.175293 0.816406
v 0 -0.180664 0.808594
v -0.021484 -0.166016 0.804688
v -0.021484 -0.166016 0.804688
v 0 -0.175293 0.79126
v -0.017578 -0.160156 0.787598
v -0.017578 -0.160156 0.787598
v -0.044922 -0.14502 0.798828
v -0.021484 -0.166016 0.804688
v 0.070801 -0.133789 0.780273
v 0.044922 -0.14502 0.798828
v 0.072266 -0.140625 0.796875
v 0.044922 -0.14502 0.798828
v 0.068848 -0.157227 0.810547
v 0.072266 -0.140625 0.796875
v 0.068848 -0.157227 0.810547
v 0.09668 -0.153809 0.798828
v 0.072266 -0.140625 0.796875
v 0.072266 -0.140625 0.796875
v 0.100342 -0.147827 0.782104
v 0.070801 -0.133789 0.780273
v -0.09668 -0.153809 0.798828
v -0.068848 -0.157227 0.810547
v -0.072266 -0.140625 0.796875
v -0.068848 -0.157227 0.810547
v -0.044922 -0.14502 0.798828
v -0.072266 -0.140625 0.796875
v -0.044922 -0.14502 0.798828
v -0.070801 -0.133789 0.780273
v -0.072266 -0.140625 0.796875
v -0.072266 -0.140625 0.796875
v -0.100342 -0.147827 0.782104
v -0.09668 -0.153809 0.798828
v 0.117676 -0.182129 0.787598
v 0.09668 -0.153809 0.798828
v 0.111328 -0.185547 0.804688
v 0.111328 -0.185547 0.804688
v 0.088108 -0.165148 0.809028
v 0.094238 -0.187988 0.816406
v 0.094238 -0.187988 0.816406
v 0.114258 -0.220703 0.808105
v 0.111328 -0.185547 0.804688
v 0.111328 -0.185547 0.804688
v 0.121338 -0.221191 0.791138
v 0.117676 -0.182129 0.787598
v -0.114258 -0.220703 0.808105
v -0.094238 -0.187988 0.816406
v -0.111328 -0.185547 0.804688
v -0.111328 -0.185547 0.804688
v -0.088108 -0.165148 0.809028
v -0.09668 -0.153809 0.798828
v -0.09668 -0.153809 0.798828
v -0.117676 -0.182129 0.787598
v -0.111328 -0.185547 0.804688
v -0.111328 -0.185547 0.804688
v -0.121338 -0.221191 0.791138
v -0.114258 -0.220703 0.808105
v 0.103516 -0.244141 0.802734
v 0.121338 -0.221191 0.791138
v 0.114258 -0.220703 0.808105
v 0.103516 -0.244141 0.802734
v 0.093994 -0.218994 0.819458
v 0.084473 -0.240723 0.812988
v 0.084473 -0.240723 0.812988
v 0.07959 -0.262695 0.79541
v 0.103516 -0.244141 0.802734
v 0.07959 -0.262695 0.79541
v 0.109863 -0.249512 0.787109
v 0.103516 -0.244141 0.802734
v -0.07959 -0.262695 0.79541
v -0.084473 -0.240723 0.812988
v -0.103516 -0.244141 0.802734
v -0.103516 -0.244141 0.802734
v -0.093994 -0.218994 0.819458
v -0.114258 -0.220703 0.808105
v -0.103516 -0.244141 0.802734
v -0.121338 -0.221191 0.791138
v -0.109863 -0.249512 0.787109
v -0.109863 -0.249512 0.787109
v -0.07959 -0.262695 0.79541
v -0.103516 -0.244141 0.802734
v 0.032715 -0.175293 0.816406
v 0.054688 -0.213867 0.823242
v 0.0625 -0.183594 0.820312
v 0.0625 -0.183594 0.820312
v 0.093994 -0.218994 0.819458
v 0.094238 -0.187988 0.816406
v 0.0625 -0.183594 0.820312
v 0.088108 -0.165148 0.809028
v 0.068848 -0.157227 0.810547
v 0.0625 -0.183594 0.820312
v 0.047743 -0.157769 0.809028
v 0.032715 -0.175293 0.816406
v -0.0625 -0.183594 0.820312
v -0.088108 -0.165148 0.809028
v -0.094238 -0.187988 0.816406
v -0.0625 -0.183594 0.820312
v -0.093994 -0.218994 0.819458
v -0.054688 -0.213867 0.823242
v -0.054688 -0.213867 0.823242
v -0.032715 -0.175293 0.816406
v -0.0625 -0.183594 0.820312
v -0.0625 -0.183594 0.820312
v -0.047743 -0.157769 0.809028
v -0.068848 -0.157227 0.810547
v 0.046875 -0.242188 0.816406
v 0 -0.202365 0.823351
v 0 -0.244141 0.816406
v 0 -0.244141 0.816406
v 0.041992 -0.266113 0.804688
v 0.046875 -0.242188 0.816406
v 0.046875 -0.242188 0.816406
v 0.070095 -0.25651 0.804471
v 0.084473 -0.240723 0.812988
v 0.084473 -0.240723 0.812988
v 0.054688 -0.213867 0.823242
v 0.046875 -0.242188 0.816406
v -0.046875 -0.242188 0.816406
v -0.070095 -0.25651 0.804471
v -0.041992 -0.266113 0.804688
v -0.041992 -0.266113 0.804688
v 0 -0.244141 0.816406
v -0.046875 -0.242188 0.816406
v -0.046875 -0.242188 0.816406
v 0 -0.202365 0.823351
v -0.054688 -0.213867 0.823242
v -0.054688 -0.213867 0.823242
v -0.084473 -0.240723 0.812988
v -0.046875 -0.242188 0.816406
v 0.056641 -0.085938 0.755859
v 0 -0.13444 0.747396
v 0.055176 -0.12793 0.750488
v 0.055176 -0.12793 0.750488
v 0.103027 -0.128906 0.766113
v 0.056641 -0.085938 0.755859
v 0.056641 -0.085938 0.755859
v 0.142415 -0.0963 0.776693
v 0.076172 -0.023926 0.763184
v 0.076172 -0.023926 0.763184
v 0 -0.066406 0.745117
v 0.056641 -0.085938 0.755859
v -0.056641 -0.085938 0.755859
v -0.142415 -0.0963 0.776693
v -0.103027 -0.128906 0.766113
v -0.103027 -0.128906 0.766113
v -0.055176 -0.12793 0.750488
v -0.056641 -0.085938 0.755859
v -0.056641 -0.085938 0.755859
v 0 -0.13444 0.747396
v 0 -0.066406 0.745117
v 0 -0.066406 0.745117
v -0.076172 -0.023926 0.763184
v -0.056641 -0.085938 0.755859
v 0.128906 -0.179688 0.753906
v 0.096069 -0.148438 0.753906
v 0.118164 -0.18457 0.753418
v 0.128906 -0.179688 0.753906
v 0.123657 -0.22522 0.75061
v 0.13916 -0.229004 0.73584
v 0.13916 -0.229004 0.73584
v 0.149902 -0.179688 0.734375
v 0.128906 -0.179688 0.753906
v 0.128906 -0.179688 0.753906
v 0.142415 -0.0963 0.776693
v 0.103027 -0.128906 0.766113
v -0.149902 -0.179688 0.734375
v -0.13916 -0.229004 0.73584
v -0.128906 -0.179688 0.753906
v -0.128906 -0.179688 0.753906
v -0.123657 -0.22522 0.75061
v -0.118164 -0.18457 0.753418
v -0.128906 -0.179688 0.753906
v -0.096069 -0.148438 0.753906
v -0.103027 -0.128906 0.766113
v -0.128906 -0.179688 0.753906
v -0.142415 -0.0963 0.776693
v -0.149902 -0.179688 0.734375
v 0.13916 -0.229004 0.73584
v 0.114746 -0.259277 0.74707
v 0.138672 -0.267578 0.728516
v 0.114746 -0.259277 0.74707
v 0.135742 -0.310547 0.727539
v 0.138672 -0.267578 0.728516
v 0.135742 -0.310547 0.727539
v 0.172852 -0.275391 0.695801
v 0.138672 -0.267578 0.728516
v 0.138672 -0.267578 0.728516
v 0.164673 -0.234375 0.705688
v 0.13916 -0.229004 0.73584
v -0.172852 -0.275391 0.695801
v -0.135742 -0.310547 0.727539
v -0.138672 -0.267578 0.728516
v -0.135742 -0.310547 0.727539
v -0.114746 -0.259277 0.74707
v -0.138672 -0.267578 0.728516
v -0.114746 -0.259277 0.74707
v -0.13916 -0.229004 0.73584
v -0.138672 -0.267578 0.728516
v -0.138672 -0.267578 0.728516
v -0.164673 -0.234375 0.705688
v -0.172852 -0.275391 0.695801
v 0.135742 -0.310547 0.727539
v 0.085938 -0.371094 0.741699
v 0.138672 -0.373047 0.728516
v 0.138672 -0.373047 0.728516
v 0.089478 -0.457153 0.742188
v 0.147949 -0.458496 0.727539
v 0.147949 -0.458496 0.727539
v 0.192383 -0.376953 0.696777
v 0.138672 -0.373047 0.728516
v 0.138672 -0.373047 0.728516
v 0.180176 -0.317871 0.695801
v 0.135742 -0.310547 0.727539
v -0.192383 -0.376953 0.696777
v -0.147949 -0.458496 0.727539
v -0.138672 -0.373047 0.728516
v -0.138672 -0.373047 0.728516
v -0.089478 -0.457153 0.742188
v -0.085938 -0.371094 0.741699
v -0.085938 -0.371094 0.741699
v -0.135742 -0.310547 0.727539
v -0.138672 -0.373047 0.728516
v -0.138672 -0.373047 0.728516
v -0.180176 -0.317871 0.695801
v -0.192383 -0.376953 0.696777
v 0.240234 -0.376953 0.636719
v 0.288696 -0.443359 0.565674
v 0.266602 -0.368164 0.562988
v 0.266602 -0.368164 0.562988
v 0.22168 -0.320312 0.633789
v 0.240234 -0.376953 0.636719
v 0.22168 -0.320312 0.633789
v 0.192383 -0.376953 0.696777
v 0.240234 -0.376953 0.636719
v 0.240234 -0.376953 0.636719
v 0.208252 -0.459473 0.695435
v 0.26123 -0.45752 0.638184
v -0.192383 -0.376953 0.696777
v -0.22168 -0.320312 0.633789
v -0.240234 -0.376953 0.636719
v -0.22168 -0.320312 0.633789
v -0.266602 -0.368164 0.562988
v -0.240234 -0.376953 0.636719
v -0.240234 -0.376953 0.636719
v -0.288696 -0.443359 0.565674
v -0.26123 -0.45752 0.638184
v -0.240234 -0.376953 0.636719
v -0.208252 -0.459473 0.695435
v -0.192383 -0.376953 0.696777
v 0.22168 -0.320312 0.633789
v 0.23291 -0.277344 0.561035
v 0.208984 -0.279297 0.632812
v 0.208984 -0.279297 0.632812
v 0.221558 -0.244995 0.565674
v 0.197266 -0.241699 0.639648
v 0.197266 -0.241699 0.639648
v 0.172852 -0.275391 0.695801
v 0.208984 -0.279297 0.632812
v 0.208984 -0.279297 0.632812
v 0.180176 -0.317871 0.695801
v 0.22168 -0.320312 0.633789
v -0.172852 -0.275391 0.695801
v -0.197266 -0.241699 0.639648
v -0.208984 -0.279297 0.632812
v -0.208984 -0.279297 0.632812
v -0.221558 -0.244995 0.565674
v -0.23291 -0.277344 0.561035
v -0.23291 -0.277344 0.561035
v -0.22168 -0.320312 0.633789
v -0.208984 -0.279297 0.632812
v -0.208984 -0.279297 0.632812
v -0.180176 -0.317871 0.695801
v -0.172852 -0.275391 0.695801
v 0.181641 -0.195312 0.660156
v 0.226929 -0.177246 0.577515
v 0.200195 -0.150879 0.669922
v 0.200195 -0.150879 0.669922
v 0.149902 -0.179688 0.734375
v 0.181641 -0.195312 0.660156
v 0.181641 -0.195312 0.660156
v 0.164673 -0.234375 0.705688
v 0.197266 -0.241699 0.639648
v 0.197266 -0.241699 0.639648
v 0.208008 -0.210449 0.574707
v 0.181641 -0.195312 0.660156
v -0.181641 -0.195312 0.660156
v -0.164673 -0.234375 0.705688
v -0.149902 -0.179688 0.734375
v -0.149902 -0.179688 0.734375
v -0.200195 -0.150879 0.669922
v -0.181641 -0.195312 0.660156
v -0.181641 -0.195312 0.660156
v -0.226929 -0.177246 0.577515
v -0.208008 -0.210449 0.574707
v -0.208008 -0.210449 0.574707
v -0.197266 -0.241699 0.639648
v -0.181641 -0.195312 0.660156
v 0.089355 -0.747559 0.727539
v 0.054199 -0.736816 0.73291
v 0.050781 -0.75 0.728516
v 0.050781 -0.75 0.728516
v 0 -0.746338 0.732666
v 0 -0.759766 0.727539
v 0 -0.759766 0.727539
v 0.047852 -0.756836 0.716309
v 0.050781 -0.75 0.728516
v 0.050781 -0.75 0.728516
v 0.083862 -0.754517 0.716675
v 0.089355 -0.747559 0.727539
v -0.047852 -0.756836 0.716309
v 0 -0.759766 0.727539
v -0.050781 -0.75 0.728516
v -0.050781 -0.75 0.728516
v 0 -0.746338 0.732666
v -0.054199 -0.736816 0.73291
v -0.054199 -0.736816 0.73291
v -0.089355 -0.747559 0.727539
v -0.050781 -0.75 0.728516
v -0.050781 -0.75 0.728516
v -0.083862 -0.754517 0.716675
v -0.047852 -0.756836 0.716309
v 0.098633 -0.821777 0.710938
v 0.12793 -0.789062 0.712891
v 0.103516 -0.779297 0.720703
v 0.103516 -0.779297 0.720703
v 0.1125 -0.737188 0.726406
v 0.089355 -0.747559 0.727539
v 0.103516 -0.779297 0.720703
v 0.083862 -0.754517 0.716675
v 0.096191 -0.780762 0.710938
v 0.096191 -0.780762 0.710938
v 0.098633 -0.821777 0.710938
v 0.103516 -0.779297 0.720703
v -0.103516 -0.779297 0.720703
v -0.083862 -0.754517 0.716675
v -0.089355 -0.747559 0.727539
v -0.103516 -0.779297 0.720703
v -0.1125 -0.737188 0.726406
v -0.12793 -0.789062 0.712891
v -0.12793 -0.789062 0.712891
v -0.098633 -0.821777 0.710938
v -0.103516 -0.779297 0.720703
v -0.098633 -0.821777 0.710938
v -0.096191 -0.780762 0.710938
v -0.103516 -0.779297 0.720703
v 0.080078 -0.851562 0.701172
v 0.071045 -0.882446 0.687744
v 0.101074 -0.865234 0.693848
v 0.080078 -0.851562 0.701172
v 0.121704 -0.835449 0.702271
v 0.098633 -0.821777 0.710938
v 0.080078 -0.851562 0.701172
v 0.090576 -0.816895 0.701782
v 0.072754 -0.844238 0.691895
v 0.072754 -0.844238 0.691895
v 0.054199 -0.870117 0.693359
v 0.080078 -0.851562 0.701172
v -0.080078 -0.851562 0.701172
v -0.090576 -0.816895 0.701782
v -0.098633 -0.821777 0.710938
v -0.080078 -0.851562 0.701172
v -0.121704 -0.835449 0.702271
v -0.101074 -0.865234 0.693848
v -0.080078 -0.851562 0.701172
v -0.071045 -0.882446 0.687744
v -0.054199 -0.870117 0.693359
v -0.054199 -0.870117 0.693359
v -0.072754 -0.844238 0.691895
v -0.080078 -0.851562 0.701172
v 0.027344 -0.878906 0.689453
v 0 -0.893311 0.682861
v 0.036621 -0.891113 0.684082
v 0.036621 -0.891113 0.684082
v 0.054199 -0.870117 0.693359
v 0.027344 -0.878906 0.689453
v 0.027344 -0.878906 0.689453
v 0.048706 -0.862427 0.684082
v 0.024414 -0.871094 0.681152
v 0.024414 -0.871094 0.681152
v 0 -0.880859 0.688477
v 0.027344 -0.878906 0.689453
v -0.027344 -0.878906 0.689453
v -0.048706 -0.862427 0.684082
v -0.054199 -0.870117 0.693359
v -0.054199 -0.870117 0.693359
v -0.036621 -0.891113 0.684082
v -0.027344 -0.878906 0.689453
v -0.027344 -0.878906 0.689453
v 0 -0.893311 0.682861
v 0 -0.880859 0.688477
v 0 -0.880859 0.688477
v -0.024414 -0.871094 0.681152
v -0.027344 -0.878906 0.689453
v 0 -0.865234 0.660156
v 0.024414 -0.871094 0.681152
v 0.023438 -0.863281 0.660156
v 0.024414 -0.871094 0.681152
v 0.046875 -0.85498 0.662109
v 0.023438 -0.863281 0.660156
v 0.046875 -0.85498 0.662109
v 0.026367 -0.846191 0.643066
v 0.023438 -0.863281 0.660156
v 0.023438 -0.863281 0.660156
v 0 -0.848877 0.642822
v 0 -0.865234 0.660156
v -0.026367 -0.846191 0.643066
v -0.046875 -0.85498 0.662109
v -0.023438 -0.863281 0.660156
v -0.046875 -0.85498 0.662109
v -0.024414 -0.871094 0.681152
v -0.023438 -0.863281 0.660156
v -0.024414 -0.871094 0.681152
v 0 -0.865234 0.660156
v -0.023438 -0.863281 0.660156
v -0.023438 -0.863281 0.660156
v 0 -0.848877 0.642822
v -0.026367 -0.846191 0.643066
v 0.070312 -0.837891 0.667969
v 0.048706 -0.862427 0.684082
v 0.072754 -0.844238 0.691895
v 0.072754 -0.844238 0.691895
v 0.087891 -0.812988 0.67627
v 0.070312 -0.837891 0.667969
v 0.070312 -0.837891 0.667969
v 0.084201 -0.809245 0.658782
v 0.072266 -0.82666 0.64681
v 0.070312 -0.837891 0.667969
v 0.051025 -0.838623 0.644246
v 0.046875 -0.85498 0.662109
v -0.070312 -0.837891 0.667969
v -0.084201 -0.809245 0.658782
v -0.087891 -0.812988 0.67627
v -0.087891 -0.812988 0.67627
v -0.072754 -0.844238 0.691895
v -0.070312 -0.837891 0.667969
v -0.070312 -0.837891 0.667969
v -0.048706 -0.862427 0.684082
v -0.046875 -0.85498 0.662109
v -0.070312 -0.837891 0.667969
v -0.051025 -0.838623 0.644246
v -0.072266 -0.82666 0.64681
v 0.09375 -0.78125 0.685547
v 0.090576 -0.816895 0.701782
v 0.096191 -0.780762 0.710938
v 0.096191 -0.780762 0.710938
v 0.082031 -0.758789 0.691895
v 0.09375 -0.78125 0.685547
v 0.09375 -0.78125 0.685547
v 0.077393 -0.771606 0.664876
v 0.089844 -0.787109 0.659017
v 0.089844 -0.787109 0.659017
v 0.087891 -0.812988 0.67627
v 0.09375 -0.78125 0.685547
v -0.09375 -0.78125 0.685547
v -0.077393 -0.771606 0.664876
v -0.082031 -0.758789 0.691895
v -0.082031 -0.758789 0.691895
v -0.096191 -0.780762 0.710938
v -0.09375 -0.78125 0.685547
v -0.09375 -0.78125 0.685547
v -0.090576 -0.816895 0.701782
v -0.087891 -0.812988 0.67627
v -0.087891 -0.812988 0.67627
v -0.089844 -0.787109 0.659017
v -0.09375 -0.78125 0.685547
v 0.082031 -0.758789 0.691895
v 0.047852 -0.756836 0.716309
v 0.046875 -0.761719 0.691406
v 0.046875 -0.761719 0.691406
v 0 -0.765137 0.7146
v 0 -0.769531 0.689453
v 0 -0.769531 0.689453
v 0.043945 -0.775879 0.664551
v 0.046875 -0.761719 0.691406
v 0.046875 -0.761719 0.691406
v 0.077393 -0.771606 0.664876
v 0.082031 -0.758789 0.691895
v -0.043945 -0.775879 0.664551
v 0 -0.769531 0.689453
v -0.046875 -0.761719 0.691406
v -0.046875 -0.761719 0.691406
v 0 -0.765137 0.7146
v -0.047852 -0.756836 0.716309
v -0.047852 -0.756836 0.716309
v -0.082031 -0.758789 0.691895
v -0.046875 -0.761719 0.691406
v -0.046875 -0.761719 0.691406
v -0.077393 -0.771606 0.664876
v -0.043945 -0.775879 0.664551
v 0.035156 -0.810547 0.646484
v 0 -0.782959 0.662842
v 0 -0.81543 0.645508
v 0 -0.81543 0.645508
v 0.026367 -0.846191 0.643066
v 0.035156 -0.810547 0.646484
v 0.035156 -0.810547 0.646484
v 0.051025 -0.838623 0.644246
v 0.063477 -0.804199 0.647298
v 0.063477 -0.804199 0.647298
v 0.043945 -0.775879 0.664551
v 0.035156 -0.810547 0.646484
v -0.035156 -0.810547 0.646484
v -0.051025 -0.838623 0.644246
v -0.026367 -0.846191 0.643066
v -0.026367 -0.846191 0.643066
v 0 -0.81543 0.645508
v -0.035156 -0.810547 0.646484
v -0.035156 -0.810547 0.646484
v 0 -0.782959 0.662842
v -0.043945 -0.775879 0.664551
v -0.043945 -0.775879 0.664551
v -0.063477 -0.804199 0.647298
v -0.035156 -0.810547 0.646484
v 0.089844 -0.787109 0.659017
v 0.063477 -0.804199 0.647298
v 0.078125 -0.804688 0.645833
v 0.063477 -0.804199 0.647298
v 0.072266 -0.82666 0.64681
v 0.078125 -0.804688 0.645833
v 0.078125 -0.804688 0.645833
v 0.084201 -0.809245 0.658782
v 0.089844 -0.787109 0.659017
v -0.078125 -0.804688 0.645833
v -0.084201 -0.809245 0.658782
v -0.072266 -0.82666 0.64681
v -0.072266 -0.82666 0.64681
v -0.063477 -0.804199 0.647298
v -0.078125 -0.804688 0.645833
v -0.063477 -0.804199 0.647298
v -0.089844 -0.787109 0.659017
v -0.078125 -0.804688 0.645833
v 0.164062 0.181641 0.765625
v 0.123657 0.213989 0.761841
v 0.133789 0.171387 0.755859
v 0.133789 0.171387 0.755859
v 0.177734 0.150879 0.762695
v 0.164062 0.181641 0.765625
v 0.164062 0.181641 0.765625
v 0.189331 0.158203 0.769165
v 0.178223 0.1875 0.770996
v 0.178223 0.1875 0.770996
v 0.155273 0.217285 0.769043
v 0.164062 0.181641 0.765625
v -0.164062 0.181641 0.765625
v -0.189331 0.158203 0.769165
v -0.177734 0.150879 0.762695
v -0.177734 0.150879 0.762695
v -0.133789 0.171387 0.755859
v -0.164062 0.181641 0.765625
v -0.164062 0.181641 0.765625
v -0.123657 0.213989 0.761841
v -0.155273 0.217285 0.769043
v -0.155273 0.217285 0.769043
v -0.178223 0.1875 0.770996
v -0.164062 0.181641 0.765625
v 0.156738 0.301758 0.773438
v 0.118652 0.260742 0.768066
v 0.152344 0.257812 0.771484
v 0.152344 0.257812 0.771484
v 0.123657 0.213989 0.761841
v 0.155273 0.217285 0.769043
v 0.152344 0.257812 0.771484
v 0.172607 0.220825 0.773804
v 0.172363 0.258301 0.775391
v 0.172363 0.258301 0.775391
v 0.156738 0.301758 0.773438
v 0.152344 0.257812 0.771484
v -0.152344 0.257812 0.771484
v -0.172607 0.220825 0.773804
v -0.155273 0.217285 0.769043
v -0.152344 0.257812 0.771484
v -0.123657 0.213989 0.761841
v -0.118652 0.260742 0.768066
v -0.118652 0.260742 0.768066
v -0.156738 0.301758 0.773438
v -0.152344 0.257812 0.771484
v -0.156738 0.301758 0.773438
v -0.172363 0.258301 0.775391
v -0.152344 0.257812 0.771484
v 0.169922 0.347656 0.775391
v 0.166992 0.407227 0.78064
v 0.13916 0.360352 0.778809
v 0.169922 0.347656 0.775391
v 0.122559 0.310059 0.773926
v 0.156738 0.301758 0.773438
v 0.169922 0.347656 0.775391
v 0.178345 0.297974 0.776245
v 0.191406 0.337891 0.776855
v 0.169922 0.347656 0.775391
v 0.211792 0.373779 0.776367
v 0.192383 0.38916 0.775391
v -0.169922 0.347656 0.775391
v -0.178345 0.297974 0.776245
v -0.156738 0.301758 0.773438
v -0.169922 0.347656 0.775391
v -0.122559 0.310059 0.773926
v -0.13916 0.360352 0.778809
v -0.169922 0.347656 0.775391
v -0.166992 0.407227 0.78064
v -0.192383 0.38916 0.775391
v -0.169922 0.347656 0.775391
v -0.211792 0.373779 0.776367
v -0.191406 0.337891 0.776855
v 0.195312 0.125 0.761719
v 0.149536 0.133545 0.752197
v 0.171387 0.101074 0.75293
v 0.195312 0.125 0.761719
v 0.212769 0.071533 0.748657
v 0.22998 0.099609 0.756836
v 0.22998 0.099609 0.756836
v 0.206055 0.132812 0.770508
v 0.195312 0.125 0.761719
v 0.206055 0.132812 0.770508
v 0.177734 0.150879 0.762695
v 0.195312 0.125 0.761719
v -0.206055 0.132812 0.770508
v -0.22998 0.099609 0.756836
v -0.195312 0.125 0.761719
v -0.195312 0.125 0.761719
v -0.212769 0.071533 0.748657
v -0.171387 0.101074 0.75293
v -0.195312 0.125 0.761719
v -0.149536 0.133545 0.752197
v -0.177734 0.150879 0.762695
v -0.177734 0.150879 0.762695
v -0.206055 0.132812 0.770508
v -0.195312 0.125 0.761719
v 0.294922 0.070312 0.742188
v 0.212769 0.071533 0.748657
v 0.287109 0.04248 0.72998
v 0.287109 0.04248 0.72998
v 0.368652 0.052246 0.724121
v 0.294922 0.070312 0.742188
v 0.294922 0.070312 0.742188
v 0.369019 0.070679 0.737061
v 0.300293 0.084473 0.754395
v 0.300293 0.084473 0.754395
v 0.22998 0.099609 0.756836
v 0.294922 0.070312 0.742188
v -0.294922 0.070312 0.742188
v -0.369019 0.070679 0.737061
v -0.368652 0.052246 0.724121
v -0.368652 0.052246 0.724121
v -0.287109 0.04248 0.72998
v -0.294922 0.070312 0.742188
v -0.294922 0.070312 0.742188
v -0.212769 0.071533 0.748657
v -0.22998 0.099609 0.756836
v -0.22998 0.099609 0.756836
v -0.300293 0.084473 0.754395
v -0.294922 0.070312 0.742188
v 0.429688 0.060547 0.708984
v 0.371216 0.027466 0.706543
v 0.441895 0.040039 0.687988
v 0.441895 0.040039 0.687988
v 0.485352 0.090332 0.694824
v 0.429688 0.060547 0.708984
v 0.429688 0.060547 0.708984
v 0.476807 0.105957 0.709473
v 0.425781 0.079102 0.723145
v 0.425781 0.079102 0.723145
v 0.368652 0.052246 0.724121
v 0.429688 0.060547 0.708984
v -0.429688 0.060547 0.708984
v -0.476807 0.105957 0.709473
v -0.485352 0.090332 0.694824
v -0.485352 0.090332 0.694824
v -0.441895 0.040039 0.687988
v -0.429688 0.060547 0.708984
v -0.429688 0.060547 0.708984
v -0.371216 0.027466 0.706543
v -0.368652 0.052246 0.724121
v -0.368652 0.052246 0.724121
v -0.425781 0.079102 0.723145
v -0.429688 0.060547 0.708984
v 0.542969 0.136719 0.679688
v 0.505615 0.075317 0.672729
v 0.568848 0.128418 0.65918
v 0.568848 0.128418 0.65918
v 0.588379 0.19043 0.668457
v 0.542969 0.136719 0.679688
v 0.542969 0.136719 0.679688
v 0.568237 0.195679 0.680054
v 0.52832 0.147461 0.692871
v 0.52832 0.147461 0.692871
v 0.485352 0.090332 0.694824
v 0.542969 0.136719 0.679688
v -0.542969 0.136719 0.679688
v -0.568237 0.195679 0.680054
v -0.588379 0.19043 0.668457
v -0.588379 0.19043 0.668457
v -0.568848 0.128418 0.65918
v -0.542969 0.136719 0.679688
v -0.542969 0.136719 0.679688
v -0.505615 0.075317 0.672729
v -0.485352 0.090332 0.694824
v -0.485352 0.090332 0.694824
v -0.52832 0.147461 0.692871
v -0.542969 0.136719 0.679688
v 0.607422 0.242188 0.666016
v 0.61792 0.189331 0.650635
v 0.63916 0.248047 0.650391
v 0.63916 0.248047 0.650391
v 0.60791 0.289062 0.668945
v 0.607422 0.242188 0.666016
v 0.607422 0.242188 0.666016
v 0.584595 0.2854 0.68103
v 0.584473 0.242676 0.677734
v 0.584473 0.242676 0.677734
v 0.588379 0.19043 0.668457
v 0.607422 0.242188 0.666016
v -0.607422 0.242188 0.666016
v -0.584595 0.2854 0.68103
v -0.60791 0.289062 0.668945
v -0.60791 0.289062 0.668945
v -0.63916 0.248047 0.650391
v -0.607422 0.242188 0.666016
v -0.607422 0.242188 0.666016
v -0.61792 0.189331 0.650635
v -0.588379 0.19043 0.668457
v -0.588379 0.19043 0.668457
v -0.584473 0.242676 0.677734
v -0.607422 0.242188 0.666016
v 0.597656 0.328125 0.673828
v 0.639771 0.300171 0.656006
v 0.626953 0.341309 0.665039
v 0.597656 0.328125 0.673828
v 0.590088 0.376709 0.680542
v 0.566406 0.361328 0.686523
v 0.566406 0.361328 0.686523
v 0.576172 0.320801 0.685059
v 0.597656 0.328125 0.673828
v 0.597656 0.328125 0.673828
v 0.584595 0.2854 0.68103
v 0.60791 0.289062 0.668945
v -0.576172 0.320801 0.685059
v -0.566406 0.361328 0.686523
v -0.597656 0.328125 0.673828
v -0.597656 0.328125 0.673828
v -0.590088 0.376709 0.680542
v -0.626953 0.341309 0.665039
v -0.597656 0.328125 0.673828
v -0.639771 0.300171 0.656006
v -0.60791 0.289062 0.668945
v -0.597656 0.328125 0.673828
v -0.584595 0.2854 0.68103
v -0.576172 0.320801 0.685059
v 0.566406 0.361328 0.686523
v 0.518555 0.411621 0.705566
v 0.503906 0.390625 0.712891
v 0.503906 0.390625 0.712891
v 0.439087 0.443237 0.730469
v 0.433594 0.415527 0.738281
v 0.433594 0.415527 0.738281
v 0.492676 0.377441 0.726562
v 0.503906 0.390625 0.712891
v 0.503906 0.390625 0.712891
v 0.54895 0.35083 0.697632
v 0.566406 0.361328 0.686523
v -0.492676 0.377441 0.726562
v -0.433594 0.415527 0.738281
v -0.503906 0.390625 0.712891
v -0.503906 0.390625 0.712891
v -0.439087 0.443237 0.730469
v -0.518555 0.411621 0.705566
v -0.518555 0.411621 0.705566
v -0.566406 0.361328 0.686523
v -0.503906 0.390625 0.712891
v -0.503906 0.390625 0.712891
v -0.54895 0.35083 0.697632
v -0.492676 0.377441 0.726562
v 0.378906 0.435547 0.748047
v 0.439087 0.443237 0.730469
v 0.378418 0.46875 0.745605
v 0.378418 0.46875 0.745605
v 0.334961 0.447754 0.751465
v 0.378906 0.435547 0.748047
v 0.378906 0.435547 0.748047
v 0.337891 0.427856 0.757935
v 0.378418 0.41748 0.759277
v 0.378418 0.41748 0.759277
v 0.433594 0.415527 0.738281
v 0.378906 0.435547 0.748047
v -0.378906 0.435547 0.748047
v -0.337891 0.427856 0.757935
v -0.334961 0.447754 0.751465
v -0.334961 0.447754 0.751465
v -0.378418 0.46875 0.745605
v -0.378906 0.435547 0.748047
v -0.378906 0.435547 0.748047
v -0.439087 0.443237 0.730469
v -0.433594 0.415527 0.738281
v -0.433594 0.415527 0.738281
v -0.378418 0.41748 0.759277
v -0.378906 0.435547 0.748047
v 0.296875 0.449219 0.757812
v 0.329956 0.484375 0.755249
v 0.287109 0.486328 0.763672
v 0.287109 0.486328 0.763672
v 0.26123 0.439941 0.765137
v 0.296875 0.449219 0.757812
v 0.296875 0.449219 0.757812
v 0.271484 0.419922 0.769409
v 0.303223 0.428711 0.762695
v 0.303223 0.428711 0.762695
v 0.334961 0.447754 0.751465
v 0.296875 0.449219 0.757812
v -0.296875 0.449219 0.757812
v -0.271484 0.419922 0.769409
v -0.26123 0.439941 0.765137
v -0.26123 0.439941 0.765137
v -0.287109 0.486328 0.763672
v -0.296875 0.449219 0.757812
v -0.296875 0.449219 0.757812
v -0.329956 0.484375 0.755249
v -0.334961 0.447754 0.751465
v -0.334961 0.447754 0.751465
v -0.303223 0.428711 0.762695
v -0.296875 0.449219 0.757812
v 0.224609 0.419922 0.771484
v 0.24646 0.473877 0.770996
v 0.20459 0.446289 0.777344
v 0.20459 0.446289 0.777344
v 0.192383 0.38916 0.775391
v 0.224609 0.419922 0.771484
v 0.224609 0.419922 0.771484
v 0.211792 0.373779 0.776367
v 0.239746 0.401367 0.773926
v 0.239746 0.401367 0.773926
v 0.26123 0.439941 0.765137
v 0.224609 0.419922 0.771484
v -0.224609 0.419922 0.771484
v -0.211792 0.373779 0.776367
v -0.192383 0.38916 0.775391
v -0.192383 0.38916 0.775391
v -0.20459 0.446289 0.777344
v -0.224609 0.419922 0.771484
v -0.224609 0.419922 0.771484
v -0.24646 0.473877 0.770996
v -0.26123 0.439941 0.765137
v -0.26123 0.439941 0.765137
v -0.239746 0.401367 0.773926
v -0.224609 0.419922 0.771484
v 0.25 0.388672 0.769531
v 0.271484 0.419922 0.769409
v 0.239746 0.401367 0.773926
v 0.239746 0.401367 0.773926
v 0.225098 0.36377 0.769531
v 0.25 0.388672 0.769531
v 0.225098 0.36377 0.769531
v 0.257812 0.378906 0.761719
v 0.25 0.388672 0.769531
v 0.25 0.388672 0.769531
v 0.282227 0.394531 0.762695
v 0.277832 0.405762 0.767578
v -0.257812 0.378906 0.761719
v -0.225098 0.36377 0.769531
v -0.25 0.388672 0.769531
v -0.225098 0.36377 0.769531
v -0.239746 0.401367 0.773926
v -0.25 0.388672 0.769531
v -0.25 0.388672 0.769531
v -0.271484 0.419922 0.769409
v -0.277832 0.405762 0.767578
v -0.25 0.388672 0.769531
v -0.282227 0.394531 0.762695
v -0.257812 0.378906 0.761719
v 0.306641 0.414062 0.761719
v 0.337891 0.427856 0.757935
v 0.303223 0.428711 0.762695
v 0.303223 0.428711 0.762695
v 0.277832 0.405762 0.767578
v 0.306641 0.414062 0.761719
v 0.306641 0.414062 0.761719
v 0.282227 0.394531 0.762695
v 0.308594 0.402344 0.757812
v 0.308594 0.402344 0.757812
v 0.338867 0.414062 0.756836
v 0.306641 0.414062 0.761719
v -0.306641 0.414062 0.761719
v -0.282227 0.394531 0.762695
v -0.277832 0.405762 0.767578
v -0.277832 0.405762 0.767578
v -0.303223 0.428711 0.762695
v -0.306641 0.414062 0.761719
v -0.306641 0.414062 0.761719
v -0.337891 0.427856 0.757935
v -0.338867 0.414062 0.756836
v -0.338867 0.414062 0.756836
v -0.308594 0.402344 0.757812
v -0.306641 0.414062 0.761719
v 0.376953 0.40625 0.757812
v 0.428711 0.399902 0.753296
v 0.378418 0.41748 0.759277
v 0.378418 0.41748 0.759277
v 0.338867 0.414062 0.756836
v 0.376953 0.40625 0.757812
v 0.376953 0.40625 0.757812
v 0.338867 0.40332 0.751953
v 0.375 0.398438 0.75
v 0.375 0.398438 0.75
v 0.423828 0.391113 0.751465
v 0.376953 0.40625 0.757812
v -0.376953 0.40625 0.757812
v -0.338867 0.40332 0.751953
v -0.338867 0.414062 0.756836
v -0.338867 0.414062 0.756836
v -0.378418 0.41748 0.759277
v -0.376953 0.40625 0.757812
v -0.376953 0.40625 0.757812
v -0.428711 0.399902 0.753296
v -0.423828 0.391113 0.751465
v -0.423828 0.391113 0.751465
v -0.375 0.398438 0.75
v -0.376953 0.40625 0.757812
v 0.533691 0.342773 0.695801
v 0.492676 0.377441 0.726562
v 0.482422 0.369141 0.724609
v 0.482422 0.369141 0.724609
v 0.428711 0.399902 0.753296
v 0.423828 0.391113 0.751465
v 0.423828 0.391113 0.751465
v 0.472656 0.363281 0.714844
v 0.482422 0.369141 0.724609
v 0.482422 0.369141 0.724609
v 0.519531 0.335938 0.6875
v 0.533691 0.342773 0.695801
v -0.472656 0.363281 0.714844
v -0.423828 0.391113 0.751465
v -0.482422 0.369141 0.724609
v -0.482422 0.369141 0.724609
v -0.428711 0.399902 0.753296
v -0.492676 0.377441 0.726562
v -0.492676 0.377441 0.726562
v -0.533691 0.342773 0.695801
v -0.482422 0.369141 0.724609
v -0.482422 0.369141 0.724609
v -0.519531 0.335938 0.6875
v -0.472656 0.363281 0.714844
v 0.558594 0.314453 0.683594
v 0.584595 0.2854 0.68103
v 0.576172 0.320801 0.685059
v 0.558594 0.314453 0.683594
v 0.54895 0.35083 0.697632
v 0.533691 0.342773 0.695801
v 0.533691 0.342773 0.695801
v 0.542969 0.308594 0.675781
v 0.558594 0.314453 0.683594
v 0.542969 0.308594 0.675781
v 0.566406 0.282227 0.680176
v 0.558594 0.314453 0.683594
v -0.542969 0.308594 0.675781
v -0.533691 0.342773 0.695801
v -0.558594 0.314453 0.683594
v -0.558594 0.314453 0.683594
v -0.54895 0.35083 0.697632
v -0.576172 0.320801 0.685059
v -0.558594 0.314453 0.683594
v -0.584595 0.2854 0.68103
v -0.566406 0.282227 0.680176
v -0.566406 0.282227 0.680176
v -0.542969 0.308594 0.675781
v -0.558594 0.314453 0.683594
v 0.566406 0.244141 0.677734
v 0.568237 0.195679 0.680054
v 0.584473 0.242676 0.677734
v 0.584473 0.242676 0.677734
v 0.566406 0.282227 0.680176
v 0.566406 0.244141 0.677734
v 0.566406 0.244141 0.677734
v 0.550781 0.279297 0.672852
v 0.550781 0.246094 0.671875
v 0.550781 0.246094 0.671875
v 0.551758 0.20166 0.680664
v 0.566406 0.244141 0.677734
v -0.566406 0.244141 0.677734
v -0.550781 0.279297 0.672852
v -0.566406 0.282227 0.680176
v -0.566406 0.282227 0.680176
v -0.584473 0.242676 0.677734
v -0.566406 0.244141 0.677734
v -0.566406 0.244141 0.677734
v -0.568237 0.195679 0.680054
v -0.551758 0.20166 0.680664
v -0.551758 0.20166 0.680664
v -0.550781 0.246094 0.671875
v -0.566406 0.244141 0.677734
v 0.515625 0.15625 0.693359
v 0.476807 0.105957 0.709473
v 0.52832 0.147461 0.692871
v 0.52832 0.147461 0.692871
v 0.551758 0.20166 0.680664
v 0.515625 0.15625 0.693359
v 0.515625 0.15625 0.693359
v 0.537109 0.208008 0.675781
v 0.503906 0.164062 0.6875
v 0.503906 0.164062 0.6875
v 0.46875 0.116699 0.709473
v 0.515625 0.15625 0.693359
v -0.515625 0.15625 0.693359
v -0.537109 0.208008 0.675781
v -0.551758 0.20166 0.680664
v -0.551758 0.20166 0.680664
v -0.52832 0.147461 0.692871
v -0.515625 0.15625 0.693359
v -0.515625 0.15625 0.693359
v -0.476807 0.105957 0.709473
v -0.46875 0.116699 0.709473
v -0.46875 0.116699 0.709473
v -0.503906 0.164062 0.6875
v -0.515625 0.15625 0.693359
v 0.369141 0.083984 0.73584
v 0.425781 0.079102 0.723145
v 0.421875 0.091797 0.722656
v 0.421875 0.091797 0.722656
v 0.476807 0.105957 0.709473
v 0.46875 0.116699 0.709473
v 0.46875 0.116699 0.709473
v 0.417969 0.101562 0.714844
v 0.421875 0.091797 0.722656
v 0.421875 0.091797 0.722656
v 0.369141 0.094727 0.727539
v 0.369141 0.083984 0.73584
v -0.417969 0.101562 0.714844
v -0.46875 0.116699 0.709473
v -0.421875 0.091797 0.722656
v -0.421875 0.091797 0.722656
v -0.476807 0.105957 0.709473
v -0.425781 0.079102 0.723145
v -0.425781 0.079102 0.723145
v -0.369141 0.083984 0.73584
v -0.421875 0.091797 0.722656
v -0.421875 0.091797 0.722656
v -0.369141 0.094727 0.727539
v -0.417969 0.101562 0.714844
v 0.24707 0.117676 0.76416
v 0.300293 0.084473 0.754395
v 0.304688 0.095703 0.751953
v 0.304688 0.095703 0.751953
v 0.369019 0.070679 0.737061
v 0.369141 0.083984 0.73584
v 0.369141 0.083984 0.73584
v 0.308594 0.105469 0.742188
v 0.304688 0.095703 0.751953
v 0.304688 0.095703 0.751953
v 0.253906 0.125977 0.75293
v 0.24707 0.117676 0.76416
v -0.308594 0.105469 0.742188
v -0.369141 0.083984 0.73584
v -0.304688 0.095703 0.751953
v -0.304688 0.095703 0.751953
v -0.369019 0.070679 0.737061
v -0.300293 0.084473 0.754395
v -0.300293 0.084473 0.754395
v -0.24707 0.117676 0.76416
v -0.304688 0.095703 0.751953
v -0.304688 0.095703 0.751953
v -0.253906 0.125977 0.75293
v -0.308594 0.105469 0.742188
v 0.214844 0.140625 0.765625
v 0.189331 0.158203 0.769165
v 0.206055 0.132812 0.770508
v 0.214844 0.140625 0.765625
v 0.23938 0.109009 0.767944
v 0.24707 0.117676 0.76416
v 0.24707 0.117676 0.76416
v 0.222656 0.148438 0.753906
v 0.214844 0.140625 0.765625
v 0.222656 0.148438 0.753906
v 0.19873 0.165527 0.763184
v 0.214844 0.140625 0.765625
v -0.222656 0.148438 0.753906
v -0.24707 0.117676 0.76416
v -0.214844 0.140625 0.765625
v -0.214844 0.140625 0.765625
v -0.23938 0.109009 0.767944
v -0.206055 0.132812 0.770508
v -0.214844 0.140625 0.765625
v -0.189331 0.158203 0.769165
v -0.19873 0.165527 0.763184
v -0.19873 0.165527 0.763184
v -0.222656 0.148438 0.753906
v -0.214844 0.140625 0.765625
v 0.205078 0.332031 0.769531
v 0.211792 0.373779 0.776367
v 0.191406 0.337891 0.776855
v 0.191406 0.337891 0.776855
v 0.191406 0.296387 0.769043
v 0.205078 0.332031 0.769531
v 0.205078 0.332031 0.769531
v 0.200195 0.295898 0.756836
v 0.214844 0.328125 0.757812
v 0.214844 0.328125 0.757812
v 0.225098 0.36377 0.769531
v 0.205078 0.332031 0.769531
v -0.205078 0.332031 0.769531
v -0.200195 0.295898 0.756836
v -0.191406 0.296387 0.769043
v -0.191406 0.296387 0.769043
v -0.191406 0.337891 0.776855
v -0.205078 0.332031 0.769531
v -0.205078 0.332031 0.769531
v -0.211792 0.373779 0.776367
v -0.225098 0.36377 0.769531
v -0.225098 0.36377 0.769531
v -0.214844 0.328125 0.757812
v -0.205078 0.332031 0.769531
v 0.185547 0.259766 0.767578
v 0.178345 0.297974 0.776245
v 0.172363 0.258301 0.775391
v 0.172363 0.258301 0.775391
v 0.185547 0.224609 0.765625
v 0.185547 0.259766 0.767578
v 0.185547 0.259766 0.767578
v 0.196289 0.228516 0.750977
v 0.195312 0.261719 0.753906
v 0.195312 0.261719 0.753906
v 0.191406 0.296387 0.769043
v 0.185547 0.259766 0.767578
v -0.185547 0.259766 0.767578
v -0.196289 0.228516 0.750977
v -0.185547 0.224609 0.765625
v -0.185547 0.224609 0.765625
v -0.172363 0.258301 0.775391
v -0.185547 0.259766 0.767578
v -0.185547 0.259766 0.767578
v -0.178345 0.297974 0.776245
v -0.191406 0.296387 0.769043
v -0.191406 0.296387 0.769043
v -0.195312 0.261719 0.753906
v -0.185547 0.259766 0.767578
v 0.189453 0.193359 0.763672
v 0.172607 0.220825 0.773804
v 0.178223 0.1875 0.770996
v 0.178223 0.1875 0.770996
v 0.19873 0.165527 0.763184
v 0.189453 0.193359 0.763672
v 0.189453 0.193359 0.763672
v 0.207031 0.172852 0.750977
v 0.199219 0.199219 0.75
v 0.199219 0.199219 0.75
v 0.185547 0.224609 0.765625
v 0.189453 0.193359 0.763672
v -0.189453 0.193359 0.763672
v -0.207031 0.172852 0.750977
v -0.19873 0.165527 0.763184
v -0.19873 0.165527 0.763184
v -0.178223 0.1875 0.770996
v -0.189453 0.193359 0.763672
v -0.189453 0.193359 0.763672
v -0.172607 0.220825 0.773804
v -0.185547 0.224609 0.765625
v -0.185547 0.224609 0.765625
v -0.199219 0.199219 0.75
v -0.189453 0.193359 0.763672
v 0.042969 0.447266 0.675781
v 0 0.432861 0.736816
v 0.036621 0.44873 0.739258
v 0.036621 0.44873 0.739258
v 0.086426 0.496094 0.679688
v 0.042969 0.447266 0.675781
v 0.086426 0.496094 0.679688
v 0.047201 0.448405 0.620117
v 0.042969 0.447266 0.675781
v 0.042969 0.447266 0.675781
v 0 0.439046 0.617676
v 0 0.432617 0.673828
v -0.047201 0.448405 0.620117
v -0.086426 0.496094 0.679688
v -0.042969 0.447266 0.675781
v -0.086426 0.496094 0.679688
v -0.036621 0.44873 0.739258
v -0.042969 0.447266 0.675781
v -0.042969 0.447266 0.675781
v 0 0.432861 0.736816
v 0 0.432617 0.673828
v -0.042969 0.447266 0.675781
v 0 0.439046 0.617676
v -0.047201 0.448405 0.620117
v 0.130859 0.583984 0.683594
v 0.075806 0.499878 0.743896
v 0.120117 0.589844 0.748047
v 0.120117 0.589844 0.748047
v 0.183594 0.668457 0.683594
v 0.130859 0.583984 0.683594
v 0.130859 0.583984 0.683594
v 0.205729 0.638021 0.640625
v 0.179199 0.575195 0.625977
v 0.130859 0.583984 0.683594
v 0.125521 0.489245 0.612891
v 0.086426 0.496094 0.679688
v -0.130859 0.583984 0.683594
v -0.205729 0.638021 0.640625
v -0.183594 0.668457 0.683594
v -0.183594 0.668457 0.683594
v -0.120117 0.589844 0.748047
v -0.130859 0.583984 0.683594
v -0.130859 0.583984 0.683594
v -0.075806 0.499878 0.743896
v -0.086426 0.496094 0.679688
v -0.130859 0.583984 0.683594
v -0.125521 0.489245 0.612891
v -0.179199 0.575195 0.625977
v 0.183594 0.668457 0.683594
v 0.244141 0.716797 0.740723
v 0.251953 0.707031 0.675781
v 0.251953 0.707031 0.675781
v 0.322388 0.711792 0.726685
v 0.329102 0.700684 0.661621
v 0.329102 0.700684 0.661621
v 0.266113 0.662598 0.620117
v 0.251953 0.707031 0.675781
v 0.251953 0.707031 0.675781
v 0.205729 0.638021 0.640625
v 0.183594 0.668457 0.683594
v -0.266113 0.662598 0.620117
v -0.329102 0.700684 0.661621
v -0.251953 0.707031 0.675781
v -0.251953 0.707031 0.675781
v -0.322388 0.711792 0.726685
v -0.244141 0.716797 0.740723
v -0.244141 0.716797 0.740723
v -0.183594 0.668457 0.683594
v -0.251953 0.707031 0.675781
v -0.251953 0.707031 0.675781
v -0.205729 0.638021 0.640625
v -0.266113 0.662598 0.620117
v 0.329102 0.700684 0.661621
v 0.402832 0.661621 0.707031
v 0.408203 0.650391 0.642578
v 0.408203 0.650391 0.642578
v 0.491455 0.592407 0.682251
v 0.494141 0.58252 0.618652
v 0.494141 0.58252 0.618652
v 0.377441 0.621094 0.596191
v 0.408203 0.650391 0.642578
v 0.408203 0.650391 0.642578
v 0.327691 0.665365 0.622179
v 0.329102 0.700684 0.661621
v -0.377441 0.621094 0.596191
v -0.494141 0.58252 0.618652
v -0.408203 0.650391 0.642578
v -0.408203 0.650391 0.642578
v -0.491455 0.592407 0.682251
v -0.402832 0.661621 0.707031
v -0.402832 0.661621 0.707031
v -0.329102 0.700684 0.661621
v -0.408203 0.650391 0.642578
v -0.408203 0.650391 0.642578
v -0.327691 0.665365 0.622179
v -0.377441 0.621094 0.596191
v 0.494141 0.58252 0.618652
v 0.594238 0.530273 0.652832
v 0.591797 0.523438 0.589844
v 0.591797 0.523438 0.589844
v 0.693237 0.479858 0.624512
v 0.686035 0.476074 0.5625
v 0.686035 0.476074 0.5625
v 0.580078 0.506836 0.519043
v 0.591797 0.523438 0.589844
v 0.591797 0.523438 0.589844
v 0.458125 0.553438 0.557578
v 0.494141 0.58252 0.618652
v -0.580078 0.506836 0.519043
v -0.686035 0.476074 0.5625
v -0.591797 0.523438 0.589844
v -0.591797 0.523438 0.589844
v -0.693237 0.479858 0.624512
v -0.594238 0.530273 0.652832
v -0.594238 0.530273 0.652832
v -0.494141 0.58252 0.618652
v -0.591797 0.523438 0.589844
v -0.591797 0.523438 0.589844
v -0.458125 0.553438 0.557578
v -0.580078 0.506836 0.519043
v 0.686035 0.476074 0.5625
v 0.770508 0.445801 0.603027
v 0.761719 0.443359 0.542969
v 0.761719 0.443359 0.542969
v 0.816772 0.393555 0.573364
v 0.808105 0.391602 0.516602
v 0.808105 0.391602 0.516602
v 0.736816 0.433105 0.472168
v 0.761719 0.443359 0.542969
v 0.761719 0.443359 0.542969
v 0.668091 0.463501 0.489014
v 0.686035 0.476074 0.5625
v -0.736816 0.433105 0.472168
v -0.808105 0.391602 0.516602
v -0.761719 0.443359 0.542969
v -0.761719 0.443359 0.542969
v -0.816772 0.393555 0.573364
v -0.770508 0.445801 0.603027
v -0.770508 0.445801 0.603027
v -0.686035 0.476074 0.5625
v -0.761719 0.443359 0.542969
v -0.761719 0.443359 0.542969
v -0.668091 0.463501 0.489014
v -0.736816 0.433105 0.472168
v 0.808105 0.391602 0.516602
v 0.822754 0.288574 0.520508
v 0.814453 0.287109 0.46875
v 0.814453 0.287109 0.46875
v 0.789429 0.167603 0.481934
v 0.78125 0.166992 0.433105
v 0.78125 0.166992 0.433105
v 0.792969 0.290039 0.402832
v 0.814453 0.287109 0.46875
v 0.814453 0.287109 0.46875
v 0.780396 0.385376 0.449707
v 0.808105 0.391602 0.516602
v -0.792969 0.290039 0.402832
v -0.78125 0.166992 0.433105
v -0.814453 0.287109 0.46875
v -0.814453 0.287109 0.46875
v -0.789429 0.167603 0.481934
v -0.822754 0.288574 0.520508
v -0.822754 0.288574 0.520508
v -0.808105 0.391602 0.516602
v -0.814453 0.287109 0.46875
v -0.814453 0.287109 0.46875
v -0.780396 0.385376 0.449707
v -0.792969 0.290039 0.402832
v 0.78125 0.166992 0.433105
v 0.717773 0.067383 0.495117
v 0.708984 0.068359 0.443359
v 0.717773 0.067383 0.495117
v 0.617676 -0.009766 0.471191
v 0.708984 0.068359 0.443359
v 0.708984 0.068359 0.443359
v 0.619507 -0.000366 0.387573
v 0.706055 0.080078 0.365234
v 0.706055 0.080078 0.365234
v 0.78125 0.166992 0.433105
v 0.708984 0.068359 0.443359
v -0.708984 0.068359 0.443359
v -0.619507 -0.000366 0.387573
v -0.617676 -0.009766 0.471191
v -0.617676 -0.009766 0.471191
v -0.717773 0.067383 0.495117
v -0.708984 0.068359 0.443359
v -0.717773 0.067383 0.495117
v -0.78125 0.166992 0.433105
v -0.708984 0.068359 0.443359
v -0.78125 0.166992 0.433105
v -0.706055 0.080078 0.365234
v -0.708984 0.068359 0.443359
v 0.527344 -0.068359 0.488281
v 0.625366 -0.012573 0.525269
v 0.529785 -0.072754 0.537598
v 0.529785 -0.072754 0.537598
v 0.430664 -0.112793 0.500977
v 0.527344 -0.068359 0.488281
v 0.527344 -0.068359 0.488281
v 0.416667 -0.110781 0.449245
v 0.527832 -0.060059 0.411621
v 0.527832 -0.060059 0.411621
v 0.617676 -0.009766 0.471191
v 0.527344 -0.068359 0.488281
v -0.527344 -0.068359 0.488281
v -0.416667 -0.110781 0.449245
v -0.430664 -0.112793 0.500977
v -0.430664 -0.112793 0.500977
v -0.529785 -0.072754 0.537598
v -0.527344 -0.068359 0.488281
v -0.527344 -0.068359 0.488281
v -0.625366 -0.012573 0.525269
v -0.617676 -0.009766 0.471191
v -0.617676 -0.009766 0.471191
v -0.527832 -0.060059 0.411621
v -0.527344 -0.068359 0.488281
v 0.066895 -0.569824 0.333008
v 0 -0.514648 0.302734
v 0.076172 -0.501953 0.304688
v 0.076172 -0.501953 0.304688
v 0 -0.47583 0.270508
v 0.088379 -0.459473 0.266602
v 0.088379 -0.459473 0.266602
v 0.144531 -0.476562 0.318848
v 0.076172 -0.501953 0.304688
v 0.076172 -0.501953 0.304688
v 0.131958 -0.550171 0.349487
v 0.066895 -0.569824 0.333008
v -0.144531 -0.476562 0.318848
v -0.088379 -0.459473 0.266602
v -0.076172 -0.501953 0.304688
v -0.076172 -0.501953 0.304688
v 0 -0.47583 0.270508
v 0 -0.514648 0.302734
v 0 -0.514648 0.302734
v -0.066895 -0.569824 0.333008
v -0.076172 -0.501953 0.304688
v -0.076172 -0.501953 0.304688
v -0.131958 -0.550171 0.349487
v -0.144531 -0.476562 0.318848
v 0.070801 -0.775391 0.365234
v 0 -0.677734 0.339844
v 0.066406 -0.667969 0.347656
v 0.066406 -0.667969 0.347656
v 0 -0.579346 0.325684
v 0.066895 -0.569824 0.333008
v 0.066895 -0.569824 0.333008
v 0.133301 -0.647949 0.362305
v 0.066406 -0.667969 0.347656
v 0.066406 -0.667969 0.347656
v 0.142334 -0.753784 0.373901
v 0.070801 -0.775391 0.365234
v -0.133301 -0.647949 0.362305
v -0.066895 -0.569824 0.333008
v -0.066406 -0.667969 0.347656
v -0.066406 -0.667969 0.347656
v 0 -0.579346 0.325684
v 0 -0.677734 0.339844
v 0 -0.677734 0.339844
v -0.070801 -0.775391 0.365234
v -0.066406 -0.667969 0.347656
v -0.066406 -0.667969 0.347656
v -0.142334 -0.753784 0.373901
v -0.133301 -0.647949 0.362305
v 0.081543 -0.94043 0.452148
v 0 -0.880859 0.402344
v 0.076172 -0.871094 0.402344
v 0.076172 -0.871094 0.402344
v 0 -0.786133 0.360352
v 0.070801 -0.775391 0.365234
v 0.070801 -0.775391 0.365234
v 0.152832 -0.851562 0.400879
v 0.076172 -0.871094 0.402344
v 0.076172 -0.871094 0.402344
v 0.16272 -0.924683 0.44165
v 0.081543 -0.94043 0.452148
v -0.152832 -0.851562 0.400879
v -0.070801 -0.775391 0.365234
v -0.076172 -0.871094 0.402344
v -0.076172 -0.871094 0.402344
v 0 -0.786133 0.360352
v 0 -0.880859 0.402344
v 0 -0.880859 0.402344
v -0.081543 -0.94043 0.452148
v -0.076172 -0.871094 0.402344
v -0.076172 -0.871094 0.402344
v -0.16272 -0.924683 0.44165
v -0.152832 -0.851562 0.400879
v 0.085938 -0.96875 0.507812
v 0.171387 -0.960205 0.54895
v 0.087891 -0.969727 0.560547
v 0.087891 -0.969727 0.560547
v 0 -0.974609 0.513672
v 0.085938 -0.96875 0.507812
v 0.085938 -0.96875 0.507812
v 0 -0.948242 0.456543
v 0.081543 -0.94043 0.452148
v 0.081543 -0.94043 0.452148
v 0.169922 -0.956543 0.494629
v 0.085938 -0.96875 0.507812
v -0.085938 -0.96875 0.507812
v 0 -0.948242 0.456543
v 0 -0.974609 0.513672
v 0 -0.974609 0.513672
v -0.087891 -0.969727 0.560547
v -0.085938 -0.96875 0.507812
v -0.085938 -0.96875 0.507812
v -0.171387 -0.960205 0.54895
v -0.169922 -0.956543 0.494629
v -0.169922 -0.956543 0.494629
v -0.081543 -0.94043 0.452148
v -0.085938 -0.96875 0.507812
v 0.25 -0.943359 0.478516
v 0.302368 -0.930664 0.526001
v 0.246094 -0.949219 0.535645
v 0.246094 -0.949219 0.535645
v 0.169922 -0.956543 0.494629
v 0.25 -0.943359 0.478516
v 0.25 -0.943359 0.478516
v 0.16272 -0.924683 0.44165
v 0.243164 -0.908691 0.427734
v 0.243164 -0.908691 0.427734
v 0.308594 -0.916992 0.464844
v 0.25 -0.943359 0.478516
v -0.25 -0.943359 0.478516
v -0.16272 -0.924683 0.44165
v -0.169922 -0.956543 0.494629
v -0.169922 -0.956543 0.494629
v -0.246094 -0.949219 0.535645
v -0.25 -0.943359 0.478516
v -0.25 -0.943359 0.478516
v -0.302368 -0.930664 0.526001
v -0.308594 -0.916992 0.464844
v -0.308594 -0.916992 0.464844
v -0.243164 -0.908691 0.427734
v -0.25 -0.943359 0.478516
v 0.328125 -0.865234 0.458984
v 0.338867 -0.845703 0.532471
v 0.330566 -0.898438 0.525391
v 0.330566 -0.898438 0.525391
v 0.308594 -0.916992 0.464844
v 0.328125 -0.865234 0.458984
v 0.328125 -0.865234 0.458984
v 0.286024 -0.887153 0.430339
v 0.293945 -0.830566 0.40918
v 0.293945 -0.830566 0.40918
v 0.324707 -0.791504 0.460449
v 0.328125 -0.865234 0.458984
v -0.328125 -0.865234 0.458984
v -0.286024 -0.887153 0.430339
v -0.308594 -0.916992 0.464844
v -0.308594 -0.916992 0.464844
v -0.330566 -0.898438 0.525391
v -0.328125 -0.865234 0.458984
v -0.328125 -0.865234 0.458984
v -0.338867 -0.845703 0.532471
v -0.324707 -0.791504 0.460449
v -0.324707 -0.791504 0.460449
v -0.293945 -0.830566 0.40918
v -0.328125 -0.865234 0.458984
v 0.314453 -0.699219 0.46875
v 0.323975 -0.664795 0.55896
v 0.335449 -0.765625 0.545898
v 0.335449 -0.765625 0.545898
v 0.324707 -0.791504 0.460449
v 0.314453 -0.699219 0.46875
v 0.314453 -0.699219 0.46875
v 0.279541 -0.73584 0.403076
v 0.263672 -0.634277 0.404297
v 0.263672 -0.634277 0.404297
v 0.300781 -0.597656 0.478516
v 0.314453 -0.699219 0.46875
v -0.314453 -0.699219 0.46875
v -0.279541 -0.73584 0.403076
v -0.324707 -0.791504 0.460449
v -0.324707 -0.791504 0.460449
v -0.335449 -0.765625 0.545898
v -0.314453 -0.699219 0.46875
v -0.314453 -0.699219 0.46875
v -0.323975 -0.664795 0.55896
v -0.300781 -0.597656 0.478516
v -0.300781 -0.597656 0.478516
v -0.263672 -0.634277 0.404297
v -0.314453 -0.699219 0.46875
v 0.263672 -0.634277 0.404297
v 0.215332 -0.731934 0.380371
v 0.201172 -0.626953 0.375
v 0.215332 -0.731934 0.380371
v 0.133301 -0.647949 0.362305
v 0.201172 -0.626953 0.375
v 0.201172 -0.626953 0.375
v 0.131958 -0.550171 0.349487
v 0.193359 -0.529297 0.369629
v 0.201172 -0.626953 0.375
v 0.25 -0.535645 0.407837
v 0.263672 -0.634277 0.404297
v -0.201172 -0.626953 0.375
v -0.131958 -0.550171 0.349487
v -0.133301 -0.647949 0.362305
v -0.133301 -0.647949 0.362305
v -0.215332 -0.731934 0.380371
v -0.201172 -0.626953 0.375
v -0.215332 -0.731934 0.380371
v -0.263672 -0.634277 0.404297
v -0.201172 -0.626953 0.375
v -0.201172 -0.626953 0.375
v -0.25 -0.535645 0.407837
v -0.193359 -0.529297 0.369629
v 0.230469 -0.832031 0.396484
v 0.279541 -0.73584 0.403076
v 0.293945 -0.830566 0.40918
v 0.230469 -0.832031 0.396484
v 0.286024 -0.887153 0.430339
v 0.243164 -0.908691 0.427734
v 0.243164 -0.908691 0.427734
v 0.152832 -0.851562 0.400879
v 0.230469 -0.832031 0.396484
v 0.230469 -0.832031 0.396484
v 0.142334 -0.753784 0.373901
v 0.215332 -0.731934 0.380371
v -0.152832 -0.851562 0.400879
v -0.243164 -0.908691 0.427734
v -0.230469 -0.832031 0.396484
v -0.230469 -0.832031 0.396484
v -0.286024 -0.887153 0.430339
v -0.293945 -0.830566 0.40918
v -0.230469 -0.832031 0.396484
v -0.279541 -0.73584 0.403076
v -0.215332 -0.731934 0.380371
v -0.230469 -0.832031 0.396484
v -0.142334 -0.753784 0.373901
v -0.152832 -0.851562 0.400879
v 0.197266 -0.451172 0.353516
v 0.236694 -0.381104 0.408813
v 0.242188 -0.449707 0.408691
v 0.242188 -0.449707 0.408691
v 0.193359 -0.529297 0.369629
v 0.197266 -0.451172 0.353516
v 0.193359 -0.529297 0.369629
v 0.144531 -0.476562 0.318848
v 0.197266 -0.451172 0.353516
v 0.197266 -0.451172 0.353516
v 0.161865 -0.426758 0.279297
v 0.205566 -0.394043 0.333008
v -0.144531 -0.476562 0.318848
v -0.193359 -0.529297 0.369629
v -0.197266 -0.451172 0.353516
v -0.193359 -0.529297 0.369629
v -0.242188 -0.449707 0.408691
v -0.197266 -0.451172 0.353516
v -0.197266 -0.451172 0.353516
v -0.236694 -0.381104 0.408813
v -0.205566 -0.394043 0.333008
v -0.197266 -0.451172 0.353516
v -0.161865 -0.426758 0.279297
v -0.144531 -0.476562 0.318848
v 0.287109 -0.496094 0.484375
v 0.288696 -0.443359 0.565674
v 0.308105 -0.549805 0.564941
v 0.308105 -0.549805 0.564941
v 0.300781 -0.597656 0.478516
v 0.287109 -0.496094 0.484375
v 0.287109 -0.496094 0.484375
v 0.25 -0.535645 0.407837
v 0.242188 -0.449707 0.408691
v 0.242188 -0.449707 0.408691
v 0.272461 -0.407715 0.487793
v 0.287109 -0.496094 0.484375
v -0.287109 -0.496094 0.484375
v -0.25 -0.535645 0.407837
v -0.300781 -0.597656 0.478516
v -0.300781 -0.597656 0.478516
v -0.308105 -0.549805 0.564941
v -0.287109 -0.496094 0.484375
v -0.287109 -0.496094 0.484375
v -0.288696 -0.443359 0.565674
v -0.272461 -0.407715 0.487793
v -0.272461 -0.407715 0.487793
v -0.242188 -0.449707 0.408691
v -0.287109 -0.496094 0.484375
v 0.23291 -0.277344 0.561035
v 0.240723 -0.301758 0.494141
v 0.230469 -0.267578 0.501953
v 0.240723 -0.301758 0.494141
v 0.244629 -0.242188 0.444824
v 0.230469 -0.267578 0.501953
v 0.230469 -0.267578 0.501953
v 0.239176 -0.21521 0.47404
v 0.222168 -0.238281 0.511719
v 0.222168 -0.238281 0.511719
v 0.23291 -0.277344 0.561035
v 0.230469 -0.267578 0.501953
v -0.230469 -0.267578 0.501953
v -0.239176 -0.21521 0.47404
v -0.244629 -0.242188 0.444824
v -0.244629 -0.242188 0.444824
v -0.240723 -0.301758 0.494141
v -0.230469 -0.267578 0.501953
v -0.240723 -0.301758 0.494141
v -0.23291 -0.277344 0.561035
v -0.230469 -0.267578 0.501953
v -0.23291 -0.277344 0.561035
v -0.222168 -0.238281 0.511719
v -0.230469 -0.267578 0.501953
v 0.266602 -0.368164 0.562988
v 0.272461 -0.407715 0.487793
v 0.255859 -0.345703 0.490234
v 0.255859 -0.345703 0.490234
v 0.236694 -0.381104 0.408813
v 0.22998 -0.334473 0.410156
v 0.22998 -0.334473 0.410156
v 0.240723 -0.301758 0.494141
v 0.255859 -0.345703 0.490234
v 0.255859 -0.345703 0.490234
v 0.24646 -0.315674 0.560303
v 0.266602 -0.368164 0.562988
v -0.240723 -0.301758 0.494141
v -0.22998 -0.334473 0.410156
v -0.255859 -0.345703 0.490234
v -0.255859 -0.345703 0.490234
v -0.236694 -0.381104 0.408813
v -0.272461 -0.407715 0.487793
v -0.272461 -0.407715 0.487793
v -0.266602 -0.368164 0.562988
v -0.255859 -0.345703 0.490234
v -0.255859 -0.345703 0.490234
v -0.24646 -0.315674 0.560303
v -0.240723 -0.301758 0.494141
v 0.234863 -0.179199 0.524902
v 0.208008 -0.210449 0.574707
v 0.212891 -0.208984 0.521484
v 0.212891 -0.208984 0.521484
v 0.221558 -0.244995 0.565674
v 0.222168 -0.238281 0.511719
v 0.222168 -0.238281 0.511719
v 0.227702 -0.192871 0.49235
v 0.212891 -0.208984 0.521484
v 0.227702 -0.192871 0.49235
v 0.234863 -0.179199 0.524902
v 0.212891 -0.208984 0.521484
v -0.227702 -0.192871 0.49235
v -0.222168 -0.238281 0.511719
v -0.212891 -0.208984 0.521484
v -0.212891 -0.208984 0.521484
v -0.221558 -0.244995 0.565674
v -0.208008 -0.210449 0.574707
v -0.208008 -0.210449 0.574707
v -0.234863 -0.179199 0.524902
v -0.212891 -0.208984 0.521484
v -0.234863 -0.179199 0.524902
v -0.227702 -0.192871 0.49235
v -0.212891 -0.208984 0.521484
v 0.312988 -0.148926 0.563477
v 0.234863 -0.179199 0.524902
v 0.320312 -0.148438 0.515625
v 0.320312 -0.148438 0.515625
v 0.253111 -0.171658 0.501809
v 0.311198 -0.144531 0.490885
v 0.320312 -0.148438 0.515625
v 0.416667 -0.110781 0.449245
v 0.430664 -0.112793 0.500977
v 0.320312 -0.148438 0.515625
v 0.427002 -0.116943 0.545776
v 0.312988 -0.148926 0.563477
v -0.320312 -0.148438 0.515625
v -0.416667 -0.110781 0.449245
v -0.311198 -0.144531 0.490885
v -0.320312 -0.148438 0.515625
v -0.253111 -0.171658 0.501809
v -0.234863 -0.179199 0.524902
v -0.234863 -0.179199 0.524902
v -0.312988 -0.148926 0.563477
v -0.320312 -0.148438 0.515625
v -0.320312 -0.148438 0.515625
v -0.427002 -0.116943 0.545776
v -0.430664 -0.112793 0.500977
v 0 -0.058594 -0.712891
v 0.17627 0.087891 -0.732422
v 0.169922 -0.054688 -0.675781
v 0.169922 -0.054688 -0.675781
v 0.325521 0.077148 -0.66097
v 0.309408 -0.042969 -0.61556
v 0.309408 -0.042969 -0.61556
v 0.168457 -0.164551 -0.585938
v 0.169922 -0.054688 -0.675781
v 0.169922 -0.054688 -0.675781
v 0 -0.175049 -0.618652
v 0 -0.058594 -0.712891
v -0.168457 -0.164551 -0.585938
v -0.309408 -0.042969 -0.61556
v -0.169922 -0.054688 -0.675781
v -0.169922 -0.054688 -0.675781
v -0.325521 0.077148 -0.66097
v -0.17627 0.087891 -0.732422
v -0.17627 0.087891 -0.732422
v 0 -0.058594 -0.712891
v -0.169922 -0.054688 -0.675781
v -0.169922 -0.054688 -0.675781
v 0 -0.175049 -0.618652
v -0.168457 -0.164551 -0.585938
v 0 -0.274414 -0.484375
v 0.168457 -0.164551 -0.585938
v 0.160156 -0.259766 -0.457031
v 0.160156 -0.259766 -0.457031
v 0.310872 -0.13208 -0.535482
v 0.297363 -0.219727 -0.413086
v 0.297363 -0.219727 -0.413086
v 0.145996 -0.335449 -0.285156
v 0.160156 -0.259766 -0.457031
v 0.160156 -0.259766 -0.457031
v 0 -0.352295 -0.304688
v 0 -0.274414 -0.484375
v -0.145996 -0.335449 -0.285156
v -0.297363 -0.219727 -0.413086
v -0.160156 -0.259766 -0.457031
v -0.160156 -0.259766 -0.457031
v -0.310872 -0.13208 -0.535482
v -0.168457 -0.164551 -0.585938
v -0.168457 -0.164551 -0.585938
v 0 -0.274414 -0.484375
v -0.160156 -0.259766 -0.457031
v -0.160156 -0.259766 -0.457031
v 0 -0.352295 -0.304688
v -0.145996 -0.335449 -0.285156
v 0 -0.404297 -0.074219
v 0.145996 -0.335449 -0.285156
v 0.126953 -0.386719 -0.066406
v 0.145996 -0.335449 -0.285156
v 0.242676 -0.339355 -0.052246
v 0.126953 -0.386719 -0.066406
v 0.242676 -0.339355 -0.052246
v 0.108887 -0.418945 0.126953
v 0.126953 -0.386719 -0.066406
v 0.108887 -0.418945 0.126953
v 0 -0.404297 -0.074219
v 0.126953 -0.386719 -0.066406
v -0.108887 -0.418945 0.126953
v -0.242676 -0.339355 -0.052246
v -0.126953 -0.386719 -0.066406
v -0.242676 -0.339355 -0.052246
v -0.145996 -0.335449 -0.285156
v -0.126953 -0.386719 -0.066406
v -0.145996 -0.335449 -0.285156
v 0 -0.404297 -0.074219
v -0.126953 -0.386719 -0.066406
v 0 -0.404297 -0.074219
v -0.108887 -0.418945 0.126953
v -0.126953 -0.386719 -0.066406
v 0.097656 -0.4375 0.222656
v 0 -0.436523 0.129395
v 0.108887 -0.418945 0.126953
v 0.108887 -0.418945 0.126953
v 0.174805 -0.400391 0.239746
v 0.097656 -0.4375 0.222656
v 0.097656 -0.4375 0.222656
v 0.161865 -0.426758 0.279297
v 0.088379 -0.459473 0.266602
v 0.088379 -0.459473 0.266602
v 0 -0.455078 0.228516
v 0.097656 -0.4375 0.222656
v -0.097656 -0.4375 0.222656
v -0.161865 -0.426758 0.279297
v -0.174805 -0.400391 0.239746
v -0.174805 -0.400391 0.239746
v -0.108887 -0.418945 0.126953
v -0.097656 -0.4375 0.222656
v -0.097656 -0.4375 0.222656
v 0 -0.436523 0.129395
v 0 -0.455078 0.228516
v 0 -0.455078 0.228516
v -0.088379 -0.459473 0.266602
v -0.097656 -0.4375 0.222656
v 0.22998 -0.334473 0.410156
v 0.205566 -0.394043 0.333008
v 0.210938 -0.359375 0.314453
v 0.210938 -0.359375 0.314453
v 0.161865 -0.426758 0.279297
v 0.174805 -0.400391 0.239746
v 0.174805 -0.400391 0.239746
v 0.229818 -0.328125 0.2889
v 0.210938 -0.359375 0.314453
v 0.210938 -0.359375 0.314453
v 0.235833 -0.284766 0.404818
v 0.22998 -0.334473 0.410156
v -0.229818 -0.328125 0.2889
v -0.174805 -0.400391 0.239746
v -0.210938 -0.359375 0.314453
v -0.210938 -0.359375 0.314453
v -0.161865 -0.426758 0.279297
v -0.205566 -0.394043 0.333008
v -0.205566 -0.394043 0.333008
v -0.22998 -0.334473 0.410156
v -0.210938 -0.359375 0.314453
v -0.210938 -0.359375 0.314453
v -0.235833 -0.284766 0.404818
v -0.229818 -0.328125 0.2889
v 0.740234 0.087891 0.228516
v 0.769775 0.177979 0.363892
v 0.706055 0.080078 0.365234
v 0.706055 0.080078 0.365234
v 0.655273 -0.009277 0.24707
v 0.740234 0.087891 0.228516
v 0.740234 0.087891 0.228516
v 0.700312 -0.0325 0.072812
v 0.779785 0.100586 0.088867
v 0.779785 0.100586 0.088867
v 0.788086 0.197266 0.241211
v 0.740234 0.087891 0.228516
v -0.740234 0.087891 0.228516
v -0.700312 -0.0325 0.072812
v -0.655273 -0.009277 0.24707
v -0.655273 -0.009277 0.24707
v -0.706055 0.080078 0.365234
v -0.740234 0.087891 0.228516
v -0.740234 0.087891 0.228516
v -0.769775 0.177979 0.363892
v -0.788086 0.197266 0.241211
v -0.788086 0.197266 0.241211
v -0.779785 0.100586 0.088867
v -0.740234 0.087891 0.228516
v 0 0.298828 -0.800781
v 0.222168 0.493164 -0.734375
v 0.199219 0.28125 -0.761719
v 0.199219 0.28125 -0.761719
v 0.408691 0.442139 -0.665405
v 0.367676 0.246094 -0.688477
v 0.367676 0.246094 -0.688477
v 0.17627 0.087891 -0.732422
v 0.199219 0.28125 -0.761719
v 0.199219 0.28125 -0.761719
v 0 0.093262 -0.771973
v 0 0.298828 -0.800781
v -0.17627 0.087891 -0.732422
v -0.367676 0.246094 -0.688477
v -0.199219 0.28125 -0.761719
v -0.199219 0.28125 -0.761719
v -0.408691 0.442139 -0.665405
v -0.222168 0.493164 -0.734375
v -0.222168 0.493164 -0.734375
v 0 0.298828 -0.800781
v -0.199219 0.28125 -0.761719
v -0.199219 0.28125 -0.761719
v 0 0.093262 -0.771973
v -0.17627 0.087891 -0.732422
v 0 0.928711 0.099609
v 0.227051 0.844238 0.249512
v 0.226562 0.916016 0.09375
v 0.226562 0.916016 0.09375
v 0.420532 0.808472 0.206787
v 0.419922 0.876465 0.065918
v 0.419922 0.876465 0.065918
v 0.226562 0.9375 -0.081055
v 0.226562 0.916016 0.09375
v 0.226562 0.9375 -0.081055
v 0 0.928711 0.099609
v 0.226562 0.916016 0.09375
v -0.226562 0.9375 -0.081055
v -0.419922 0.876465 0.065918
v -0.226562 0.916016 0.09375
v -0.226562 0.916016 0.09375
v -0.420532 0.808472 0.206787
v -0.227051 0.844238 0.249512
v -0.227051 0.844238 0.249512
v 0 0.928711 0.099609
v -0.226562 0.916016 0.09375
v 0 0.928711 0.099609
v -0.226562 0.9375 -0.081055
v -0.226562 0.916016 0.09375
v 0.226562 0.919922 -0.269531
v 0 0.950195 -0.085938
v 0.226562 0.9375 -0.081055
v 0.226562 0.9375 -0.081055
v 0.419922 0.880859 -0.249023
v 0.226562 0.919922 -0.269531
v 0.226562 0.919922 -0.269531
v 0.420288 0.804932 -0.407593
v 0.227051 0.844238 -0.455078
v 0.227051 0.844238 -0.455078
v 0 0.930664 -0.291016
v 0.226562 0.919922 -0.269531
v -0.226562 0.919922 -0.269531
v -0.420288 0.804932 -0.407593
v -0.419922 0.880859 -0.249023
v -0.419922 0.880859 -0.249023
v -0.226562 0.9375 -0.081055
v -0.226562 0.919922 -0.269531
v -0.226562 0.919922 -0.269531
v 0 0.950195 -0.085938
v 0 0.930664 -0.291016
v 0 0.930664 -0.291016
v -0.227051 0.844238 -0.455078
v -0.226562 0.919922 -0.269531
v 0.228516 0.691406 -0.621094
v 0 0.855713 -0.490723
v 0.227051 0.844238 -0.455078
v 0.227051 0.844238 -0.455078
v 0.421387 0.643555 -0.559082
v 0.228516 0.691406 -0.621094
v 0.421387 0.643555 -0.559082
v 0.222168 0.493164 -0.734375
v 0.228516 0.691406 -0.621094
v 0.222168 0.493164 -0.734375
v 0 0.710938 -0.660156
v 0.228516 0.691406 -0.621094
v -0.222168 0.493164 -0.734375
v -0.421387 0.643555 -0.559082
v -0.228516 0.691406 -0.621094
v -0.421387 0.643555 -0.559082
v -0.227051 0.844238 -0.455078
v -0.228516 0.691406 -0.621094
v -0.228516 0.691406 -0.621094
v 0 0.855713 -0.490723
v 0 0.710938 -0.660156
v 0 0.710938 -0.660156
v -0.222168 0.493164 -0.734375
v -0.228516 0.691406 -0.621094
v 0.708984 0.429688 0.392578
v 0.668091 0.463501 0.489014
v 0.736816 0.433105 0.472168
v 0.708984 0.429688 0.392578
v 0.780396 0.385376 0.449707
v 0.754883 0.38623 0.374023
v 0.708984 0.429688 0.392578
v 0.743408 0.409424 0.289062
v 0.691895 0.455078 0.302246
v 0.691895 0.455078 0.302246
v 0.646484 0.458008 0.401367
v 0.708984 0.429688 0.392578
v -0.708984 0.429688 0.392578
v -0.743408 0.409424 0.289062
v -0.754883 0.38623 0.374023
v -0.708984 0.429688 0.392578
v -0.780396 0.385376 0.449707
v -0.736816 0.433105 0.472168
v -0.708984 0.429688 0.392578
v -0.668091 0.463501 0.489014
v -0.646484 0.458008 0.401367
v -0.646484 0.458008 0.401367
v -0.691895 0.455078 0.302246
v -0.708984 0.429688 0.392578
v 0.699219 0.53125 0.199219
v 0.630615 0.487549 0.302734
v 0.691895 0.455078 0.302246
v 0.691895 0.455078 0.302246
v 0.757812 0.470215 0.194336
v 0.699219 0.53125 0.199219
v 0.699219 0.53125 0.199219
v 0.77771 0.535889 0.090576
v 0.713867 0.61377 0.086426
v 0.713867 0.61377 0.086426
v 0.629883 0.580078 0.196289
v 0.699219 0.53125 0.199219
v -0.699219 0.53125 0.199219
v -0.77771 0.535889 0.090576
v -0.757812 0.470215 0.194336
v -0.757812 0.470215 0.194336
v -0.691895 0.455078 0.302246
v -0.699219 0.53125 0.199219
v -0.699219 0.53125 0.199219
v -0.630615 0.487549 0.302734
v -0.629883 0.580078 0.196289
v -0.629883 0.580078 0.196289
v -0.713867 0.61377 0.086426
v -0.699219 0.53125 0.199219
v 0.71875 0.658203 -0.033203
v 0.63501 0.679565 0.081543
v 0.713867 0.61377 0.086426
v 0.713867 0.61377 0.086426
v 0.782715 0.57373 -0.021484
v 0.71875 0.658203 -0.033203
v 0.71875 0.658203 -0.033203
v 0.780151 0.582275 -0.138916
v 0.71875 0.667969 -0.15625
v 0.71875 0.667969 -0.15625
v 0.636719 0.72998 -0.041992
v 0.71875 0.658203 -0.033203
v -0.71875 0.658203 -0.033203
v -0.780151 0.582275 -0.138916
v -0.782715 0.57373 -0.021484
v -0.782715 0.57373 -0.021484
v -0.713867 0.61377 0.086426
v -0.71875 0.658203 -0.033203
v -0.71875 0.658203 -0.033203
v -0.63501 0.679565 0.081543
v -0.636719 0.72998 -0.041992
v -0.636719 0.72998 -0.041992
v -0.71875 0.667969 -0.15625
v -0.71875 0.658203 -0.033203
v 0.71875 0.646484 -0.279297
v 0.636719 0.740601 -0.170044
v 0.71875 0.667969 -0.15625
v 0.71875 0.667969 -0.15625
v 0.777344 0.560059 -0.258789
v 0.71875 0.646484 -0.279297
v 0.71875 0.646484 -0.279297
v 0.758247 0.524089 -0.34375
v 0.71582 0.57959 -0.385254
v 0.71875 0.646484 -0.279297
v 0.634277 0.650391 -0.414062
v 0.636719 0.720703 -0.29834
v -0.71875 0.646484 -0.279297
v -0.758247 0.524089 -0.34375
v -0.777344 0.560059 -0.258789
v -0.777344 0.560059 -0.258789
v -0.71875 0.667969 -0.15625
v -0.71875 0.646484 -0.279297
v -0.71875 0.646484 -0.279297
v -0.636719 0.740601 -0.170044
v -0.636719 0.720703 -0.29834
v -0.71875 0.646484 -0.279297
v -0.634277 0.650391 -0.414062
v -0.71582 0.57959 -0.385254
v 0.707031 0.453125 -0.457031
v 0.762813 0.282891 -0.41875
v 0.681641 0.299805 -0.495117
v 0.707031 0.453125 -0.457031
v 0.603149 0.339111 -0.558228
v 0.626953 0.509766 -0.504395
v 0.626953 0.509766 -0.504395
v 0.71582 0.57959 -0.385254
v 0.707031 0.453125 -0.457031
v 0.707031 0.453125 -0.457031
v 0.758247 0.524089 -0.34375
v 0.768555 0.423828 -0.383301
v -0.71582 0.57959 -0.385254
v -0.626953 0.509766 -0.504395
v -0.707031 0.453125 -0.457031
v -0.707031 0.453125 -0.457031
v -0.603149 0.339111 -0.558228
v -0.681641 0.299805 -0.495117
v -0.707031 0.453125 -0.457031
v -0.762813 0.282891 -0.41875
v -0.768555 0.423828 -0.383301
v -0.707031 0.453125 -0.457031
v -0.758247 0.524089 -0.34375
v -0.71582 0.57959 -0.385254
v 0.542969 0.578125 -0.529297
v 0.408691 0.442139 -0.665405
v 0.421387 0.643555 -0.559082
v 0.421387 0.643555 -0.559082
v 0.545898 0.73291 -0.407715
v 0.542969 0.578125 -0.529297
v 0.542969 0.578125 -0.529297
v 0.634277 0.650391 -0.414062
v 0.626953 0.509766 -0.504395
v 0.626953 0.509766 -0.504395
v 0.523926 0.388672 -0.61084
v 0.542969 0.578125 -0.529297
v -0.542969 0.578125 -0.529297
v -0.634277 0.650391 -0.414062
v -0.545898 0.73291 -0.407715
v -0.545898 0.73291 -0.407715
v -0.421387 0.643555 -0.559082
v -0.542969 0.578125 -0.529297
v -0.542969 0.578125 -0.529297
v -0.408691 0.442139 -0.665405
v -0.523926 0.388672 -0.61084
v -0.523926 0.388672 -0.61084
v -0.626953 0.509766 -0.504395
v -0.542969 0.578125 -0.529297
v 0.546875 0.806641 -0.273438
v 0.420288 0.804932 -0.407593
v 0.419922 0.880859 -0.249023
v 0.419922 0.880859 -0.249023
v 0.546875 0.82373 -0.133301
v 0.546875 0.806641 -0.273438
v 0.546875 0.806641 -0.273438
v 0.636719 0.740601 -0.170044
v 0.636719 0.720703 -0.29834
v 0.636719 0.720703 -0.29834
v 0.545898 0.73291 -0.407715
v 0.546875 0.806641 -0.273438
v -0.546875 0.806641 -0.273438
v -0.636719 0.740601 -0.170044
v -0.546875 0.82373 -0.133301
v -0.546875 0.82373 -0.133301
v -0.419922 0.880859 -0.249023
v -0.546875 0.806641 -0.273438
v -0.546875 0.806641 -0.273438
v -0.420288 0.804932 -0.407593
v -0.545898 0.73291 -0.407715
v -0.545898 0.73291 -0.407715
v -0.636719 0.720703 -0.29834
v -0.546875 0.806641 -0.273438
v 0.546875 0.808594 0.005859
v 0.419922 0.896362 -0.089233
v 0.419922 0.876465 0.065918
v 0.419922 0.876465 0.065918
v 0.546875 0.749023 0.13623
v 0.546875 0.808594 0.005859
v 0.546875 0.808594 0.005859
v 0.63501 0.679565 0.081543
v 0.636719 0.72998 -0.041992
v 0.636719 0.72998 -0.041992
v 0.546875 0.82373 -0.133301
v 0.546875 0.808594 0.005859
v -0.546875 0.808594 0.005859
v -0.63501 0.679565 0.081543
v -0.546875 0.749023 0.13623
v -0.546875 0.749023 0.13623
v -0.419922 0.876465 0.065918
v -0.546875 0.808594 0.005859
v -0.546875 0.808594 0.005859
v -0.419922 0.896362 -0.089233
v -0.546875 0.82373 -0.133301
v -0.546875 0.82373 -0.133301
v -0.636719 0.72998 -0.041992
v -0.546875 0.808594 0.005859
v 0.546875 0.632812 0.25
v 0.420532 0.808472 0.206787
v 0.422363 0.679688 0.32373
v 0.422363 0.679688 0.32373
v 0.55127 0.526367 0.350098
v 0.546875 0.632812 0.25
v 0.546875 0.632812 0.25
v 0.630615 0.487549 0.302734
v 0.629883 0.580078 0.196289
v 0.546875 0.632812 0.25
v 0.63501 0.679565 0.081543
v 0.546875 0.749023 0.13623
v -0.546875 0.632812 0.25
v -0.630615 0.487549 0.302734
v -0.55127 0.526367 0.350098
v -0.55127 0.526367 0.350098
v -0.422363 0.679688 0.32373
v -0.546875 0.632812 0.25
v -0.546875 0.632812 0.25
v -0.420532 0.808472 0.206787
v -0.546875 0.749023 0.13623
v -0.546875 0.632812 0.25
v -0.63501 0.679565 0.081543
v -0.629883 0.580078 0.196289
v 0.443359 0.525391 0.491211
v 0.580078 0.506836 0.519043
v 0.564453 0.496094 0.439453
v 0.564453 0.496094 0.439453
v 0.668091 0.463501 0.489014
v 0.646484 0.458008 0.401367
v 0.646484 0.458008 0.401367
v 0.55127 0.526367 0.350098
v 0.564453 0.496094 0.439453
v 0.564453 0.496094 0.439453
v 0.428833 0.561523 0.418091
v 0.443359 0.525391 0.491211
v -0.55127 0.526367 0.350098
v -0.646484 0.458008 0.401367
v -0.564453 0.496094 0.439453
v -0.564453 0.496094 0.439453
v -0.668091 0.463501 0.489014
v -0.580078 0.506836 0.519043
v -0.580078 0.506836 0.519043
v -0.443359 0.525391 0.491211
v -0.564453 0.496094 0.439453
v -0.564453 0.496094 0.439453
v -0.428833 0.561523 0.418091
v -0.55127 0.526367 0.350098
v 0 0.722656 0.405273
v 0.238281 0.583008 0.480469
v 0.228516 0.710938 0.380859
v 0.228516 0.710938 0.380859
v 0.428833 0.561523 0.418091
v 0.422363 0.679688 0.32373
v 0.422363 0.679688 0.32373
v 0.227051 0.844238 0.249512
v 0.228516 0.710938 0.380859
v 0.228516 0.710938 0.380859
v 0 0.856201 0.263916
v 0 0.722656 0.405273
v -0.227051 0.844238 0.249512
v -0.422363 0.679688 0.32373
v -0.228516 0.710938 0.380859
v -0.228516 0.710938 0.380859
v -0.428833 0.561523 0.418091
v -0.238281 0.583008 0.480469
v -0.238281 0.583008 0.480469
v 0 0.722656 0.405273
v -0.228516 0.710938 0.380859
v -0.228516 0.710938 0.380859
v 0 0.856201 0.263916
v -0.227051 0.844238 0.249512
v 0.284668 0.533691 0.574707
v 0.179199 0.575195 0.625977
v 0.28125 0.591797 0.59375
v 0.28125 0.591797 0.59375
v 0.205729 0.638021 0.640625
v 0.266113 0.662598 0.620117
v 0.28125 0.591797 0.59375
v 0.327691 0.665365 0.622179
v 0.377441 0.621094 0.596191
v 0.377441 0.621094 0.596191
v 0.284668 0.533691 0.574707
v 0.28125 0.591797 0.59375
v -0.28125 0.591797 0.59375
v -0.327691 0.665365 0.622179
v -0.266113 0.662598 0.620117
v -0.28125 0.591797 0.59375
v -0.205729 0.638021 0.640625
v -0.179199 0.575195 0.625977
v -0.179199 0.575195 0.625977
v -0.284668 0.533691 0.574707
v -0.28125 0.591797 0.59375
v -0.284668 0.533691 0.574707
v -0.377441 0.621094 0.596191
v -0.28125 0.591797 0.59375
v 0.263672 0.527344 0.541016
v 0.125521 0.489245 0.612891
v 0.284668 0.533691 0.574707
v 0.284668 0.533691 0.574707
v 0.443359 0.525391 0.491211
v 0.263672 0.527344 0.541016
v 0.263672 0.527344 0.541016
v 0.428833 0.561523 0.418091
v 0.238281 0.583008 0.480469
v 0.238281 0.583008 0.480469
v 0.102376 0.50944 0.578613
v 0.263672 0.527344 0.541016
v -0.263672 0.527344 0.541016
v -0.428833 0.561523 0.418091
v -0.443359 0.525391 0.491211
v -0.443359 0.525391 0.491211
v -0.284668 0.533691 0.574707
v -0.263672 0.527344 0.541016
v -0.263672 0.527344 0.541016
v -0.125521 0.489245 0.612891
v -0.102376 0.50944 0.578613
v -0.102376 0.50944 0.578613
v -0.238281 0.583008 0.480469
v -0.263672 0.527344 0.541016
v 0.036458 0.479167 0.59375
v 0 0.439046 0.617676
v 0.047201 0.448405 0.620117
v 0.036458 0.479167 0.59375
v 0.125521 0.489245 0.612891
v 0.102376 0.50944 0.578613
v 0.036458 0.479167 0.59375
v 0 0.566551 0.546875
v 0 0.483724 0.589844
v -0.036458 0.479167 0.59375
v 0 0.566551 0.546875
v -0.102376 0.50944 0.578613
v -0.036458 0.479167 0.59375
v -0.125521 0.489245 0.612891
v -0.047201 0.448405 0.620117
v -0.036458 0.479167 0.59375
v 0 0.439046 0.617676
v 0 0.483724 0.589844
v 0.754883 0.38623 0.374023
v 0.792969 0.290039 0.402832
v 0.787109 0.302734 0.306641
v 0.787109 0.302734 0.306641
v 0.769775 0.177979 0.363892
v 0.788086 0.197266 0.241211
v 0.788086 0.197266 0.241211
v 0.793457 0.331055 0.203613
v 0.787109 0.302734 0.306641
v 0.787109 0.302734 0.306641
v 0.743408 0.409424 0.289062
v 0.754883 0.38623 0.374023
v -0.793457 0.331055 0.203613
v -0.788086 0.197266 0.241211
v -0.787109 0.302734 0.306641
v -0.787109 0.302734 0.306641
v -0.769775 0.177979 0.363892
v -0.792969 0.290039 0.402832
v -0.792969 0.290039 0.402832
v -0.754883 0.38623 0.374023
v -0.787109 0.302734 0.306641
v -0.787109 0.302734 0.306641
v -0.743408 0.409424 0.289062
v -0.793457 0.331055 0.203613
v 0.808594 0.380859 0.117188
v 0.814697 0.226074 0.114136
v 0.828125 0.265625 0.031738
v 0.828125 0.265625 0.031738
v 0.820801 0.430176 0.033691
v 0.808594 0.380859 0.117188
v 0.808594 0.380859 0.117188
v 0.77771 0.535889 0.090576
v 0.757812 0.470215 0.194336
v 0.757812 0.470215 0.194336
v 0.793457 0.331055 0.203613
v 0.808594 0.380859 0.117188
v -0.808594 0.380859 0.117188
v -0.77771 0.535889 0.090576
v -0.820801 0.430176 0.033691
v -0.820801 0.430176 0.033691
v -0.828125 0.265625 0.031738
v -0.808594 0.380859 0.117188
v -0.808594 0.380859 0.117188
v -0.814697 0.226074 0.114136
v -0.793457 0.331055 0.203613
v -0.793457 0.331055 0.203613
v -0.757812 0.470215 0.194336
v -0.808594 0.380859 0.117188
v 0.818359 0.457031 -0.060547
v 0.836328 0.300938 -0.049844
v 0.832031 0.347656 -0.119629
v 0.832031 0.347656 -0.119629
v 0.808105 0.459961 -0.165039
v 0.818359 0.457031 -0.060547
v 0.818359 0.457031 -0.060547
v 0.780151 0.582275 -0.138916
v 0.782715 0.57373 -0.021484
v 0.782715 0.57373 -0.021484
v 0.820801 0.430176 0.033691
v 0.818359 0.457031 -0.060547
v -0.818359 0.457031 -0.060547
v -0.780151 0.582275 -0.138916
v -0.808105 0.459961 -0.165039
v -0.808105 0.459961 -0.165039
v -0.832031 0.347656 -0.119629
v -0.818359 0.457031 -0.060547
v -0.818359 0.457031 -0.060547
v -0.836328 0.300938 -0.049844
v -0.820801 0.430176 0.033691
v -0.820801 0.430176 0.033691
v -0.782715 0.57373 -0.021484
v -0.818359 0.457031 -0.060547
v 0.806641 0.344238 -0.308594
v 0.768555 0.423828 -0.383301
v 0.796875 0.4375 -0.279297
v 0.796875 0.4375 -0.279297
v 0.758247 0.524089 -0.34375
v 0.777344 0.560059 -0.258789
v 0.777344 0.560059 -0.258789
v 0.808105 0.459961 -0.165039
v 0.796875 0.4375 -0.279297
v 0.796875 0.4375 -0.279297
v 0.824766 0.347656 -0.205312
v 0.806641 0.344238 -0.308594
v -0.808105 0.459961 -0.165039
v -0.777344 0.560059 -0.258789
v -0.796875 0.4375 -0.279297
v -0.796875 0.4375 -0.279297
v -0.758247 0.524089 -0.34375
v -0.768555 0.423828 -0.383301
v -0.768555 0.423828 -0.383301
v -0.806641 0.344238 -0.308594
v -0.796875 0.4375 -0.279297
v -0.796875 0.4375 -0.279297
v -0.824766 0.347656 -0.205312
v -0.808105 0.459961 -0.165039
v 0.307943 -0.277832 0.12972
v 0.242676 -0.339355 -0.052246
v 0.335938 -0.267578 -0.041016
v 0.335938 -0.267578 -0.041016
v 0.273193 -0.293091 -0.251099
v 0.362793 -0.233398 -0.227051
v 0.362793 -0.233398 -0.227051
v 0.428223 -0.192383 -0.035645
v 0.335938 -0.267578 -0.041016
v 0.428223 -0.192383 -0.035645
v 0.307943 -0.277832 0.12972
v 0.335938 -0.267578 -0.041016
v -0.428223 -0.192383 -0.035645
v -0.362793 -0.233398 -0.227051
v -0.335938 -0.267578 -0.041016
v -0.335938 -0.267578 -0.041016
v -0.273193 -0.293091 -0.251099
v -0.242676 -0.339355 -0.052246
v -0.242676 -0.339355 -0.052246
v -0.307943 -0.277832 0.12972
v -0.335938 -0.267578 -0.041016
v -0.307943 -0.277832 0.12972
v -0.428223 -0.192383 -0.035645
v -0.335938 -0.267578 -0.041016
v 0.640625 -0.088867 -0.054199
v 0.556641 -0.10791 0.11377
v 0.541016 -0.134766 -0.039062
v 0.556641 -0.10791 0.11377
v 0.428223 -0.192383 -0.035645
v 0.541016 -0.134766 -0.039062
v 0.428223 -0.192383 -0.035645
v 0.525391 -0.132812 -0.187988
v 0.541016 -0.134766 -0.039062
v 0.541016 -0.134766 -0.039062
v 0.616094 -0.109531 -0.167969
v 0.640625 -0.088867 -0.054199
v -0.525391 -0.132812 -0.187988
v -0.428223 -0.192383 -0.035645
v -0.541016 -0.134766 -0.039062
v -0.428223 -0.192383 -0.035645
v -0.556641 -0.10791 0.11377
v -0.541016 -0.134766 -0.039062
v -0.556641 -0.10791 0.11377
v -0.640625 -0.088867 -0.054199
v -0.541016 -0.134766 -0.039062
v -0.541016 -0.134766 -0.039062
v -0.616094 -0.109531 -0.167969
v -0.525391 -0.132812 -0.187988
v 0.544922 -0.078125 0.275391
v 0.619507 -0.000366 0.387573
v 0.527832 -0.060059 0.411621
v 0.527832 -0.060059 0.411621
v 0.426758 -0.134277 0.317871
v 0.544922 -0.078125 0.275391
v 0.544922 -0.078125 0.275391
v 0.405755 -0.181641 0.158802
v 0.556641 -0.10791 0.11377
v 0.556641 -0.10791 0.11377
v 0.655273 -0.009277 0.24707
v 0.544922 -0.078125 0.275391
v -0.544922 -0.078125 0.275391
v -0.405755 -0.181641 0.158802
v -0.426758 -0.134277 0.317871
v -0.426758 -0.134277 0.317871
v -0.527832 -0.060059 0.411621
v -0.544922 -0.078125 0.275391
v -0.544922 -0.078125 0.275391
v -0.619507 -0.000366 0.387573
v -0.655273 -0.009277 0.24707
v -0.655273 -0.009277 0.24707
v -0.556641 -0.10791 0.11377
v -0.544922 -0.078125 0.275391
v 0.318359 -0.193359 0.378906
v 0.416667 -0.110781 0.449245
v 0.312663 -0.169434 0.448893
v 0.312663 -0.169434 0.448893
v 0.244629 -0.242188 0.444824
v 0.318359 -0.193359 0.378906
v 0.318359 -0.193359 0.378906
v 0.235833 -0.284766 0.404818
v 0.305501 -0.231934 0.301107
v 0.305501 -0.231934 0.301107
v 0.426758 -0.134277 0.317871
v 0.318359 -0.193359 0.378906
v -0.318359 -0.193359 0.378906
v -0.235833 -0.284766 0.404818
v -0.244629 -0.242188 0.444824
v -0.244629 -0.242188 0.444824
v -0.312663 -0.169434 0.448893
v -0.318359 -0.193359 0.378906
v -0.318359 -0.193359 0.378906
v -0.416667 -0.110781 0.449245
v -0.426758 -0.134277 0.317871
v -0.426758 -0.134277 0.317871
v -0.305501 -0.231934 0.301107
v -0.318359 -0.193359 0.378906
v 0.305501 -0.231934 0.301107
v 0.229818 -0.328125 0.2889
v 0.278646 -0.28125 0.247396
v 0.278646 -0.28125 0.247396
v 0.21263 -0.369297 0.155833
v 0.307943 -0.277832 0.12972
v 0.278646 -0.28125 0.247396
v 0.405755 -0.181641 0.158802
v 0.305501 -0.231934 0.301107
v -0.278646 -0.28125 0.247396
v -0.405755 -0.181641 0.158802
v -0.307943 -0.277832 0.12972
v -0.278646 -0.28125 0.247396
v -0.21263 -0.369297 0.155833
v -0.229818 -0.328125 0.2889
v -0.229818 -0.328125 0.2889
v -0.305501 -0.231934 0.301107
v -0.278646 -0.28125 0.247396
v 0.312663 -0.169434 0.448893
v 0.311198 -0.144531 0.490885
v 0.283854 -0.164062 0.479167
v 0.283854 -0.164062 0.479167
v 0.253111 -0.171658 0.501809
v 0.227702 -0.192871 0.49235
v 0.283854 -0.164062 0.479167
v 0.239176 -0.21521 0.47404
v 0.312663 -0.169434 0.448893
v -0.283854 -0.164062 0.479167
v -0.239176 -0.21521 0.47404
v -0.227702 -0.192871 0.49235
v -0.283854 -0.164062 0.479167
v -0.253111 -0.171658 0.501809
v -0.311198 -0.144531 0.490885
v -0.311198 -0.144531 0.490885
v -0.312663 -0.169434 0.448893
v -0.283854 -0.164062 0.479167
v 0.681641 0.299805 -0.495117
v 0.702148 0.134766 -0.44043
v 0.628906 0.152344 -0.5
v 0.702148 0.134766 -0.44043
v 0.572754 0.022949 -0.453613
v 0.628906 0.152344 -0.5
v 0.572754 0.022949 -0.453613
v 0.55127 0.178711 -0.564453
v 0.628906 0.152344 -0.5
v 0.55127 0.178711 -0.564453
v 0.681641 0.299805 -0.495117
v 0.628906 0.152344 -0.5
v -0.55127 0.178711 -0.564453
v -0.572754 0.022949 -0.453613
v -0.628906 0.152344 -0.5
v -0.572754 0.022949 -0.453613
v -0.702148 0.134766 -0.44043
v -0.628906 0.152344 -0.5
v -0.702148 0.134766 -0.44043
v -0.681641 0.299805 -0.495117
v -0.628906 0.152344 -0.5
v -0.681641 0.299805 -0.495117
v -0.55127 0.178711 -0.564453
v -0.628906 0.152344 -0.5
v 0.367676 0.246094 -0.688477
v 0.523926 0.388672 -0.61084
v 0.474609 0.210938 -0.625
v 0.474609 0.210938 -0.625
v 0.603149 0.339111 -0.558228
v 0.55127 0.178711 -0.564453
v 0.55127 0.178711 -0.564453
v 0.420736 0.066406 -0.604818
v 0.474609 0.210938 -0.625
v 0.420736 0.066406 -0.604818
v 0.367676 0.246094 -0.688477
v 0.474609 0.210938 -0.625
v -0.420736 0.066406 -0.604818
v -0.55127 0.178711 -0.564453
v -0.474609 0.210938 -0.625
v -0.474609 0.210938 -0.625
v -0.603149 0.339111 -0.558228
v -0.523926 0.388672 -0.61084
v -0.523926 0.388672 -0.61084
v -0.367676 0.246094 -0.688477
v -0.474609 0.210938 -0.625
v -0.367676 0.246094 -0.688477
v -0.420736 0.066406 -0.604818
v -0.474609 0.210938 -0.625
v 0.617676 -0.077148 -0.29834
v 0.525391 -0.132812 -0.187988
v 0.537109 -0.076172 -0.337891
v 0.537109 -0.076172 -0.337891
v 0.438843 -0.174072 -0.207764
v 0.459961 -0.101562 -0.371582
v 0.459961 -0.101562 -0.371582
v 0.572754 0.022949 -0.453613
v 0.537109 -0.076172 -0.337891
v 0.537109 -0.076172 -0.337891
v 0.64978 0.005127 -0.400513
v 0.617676 -0.077148 -0.29834
v -0.572754 0.022949 -0.453613
v -0.459961 -0.101562 -0.371582
v -0.537109 -0.076172 -0.337891
v -0.537109 -0.076172 -0.337891
v -0.438843 -0.174072 -0.207764
v -0.525391 -0.132812 -0.187988
v -0.525391 -0.132812 -0.187988
v -0.617676 -0.077148 -0.29834
v -0.537109 -0.076172 -0.337891
v -0.537109 -0.076172 -0.337891
v -0.64978 0.005127 -0.400513
v -0.572754 0.022949 -0.453613
v 0.362793 -0.233398 -0.227051
v 0.297363 -0.219727 -0.413086
v 0.388672 -0.158203 -0.390625
v 0.388672 -0.158203 -0.390625
v 0.310872 -0.13208 -0.535482
v 0.401204 -0.07666 -0.514974
v 0.401204 -0.07666 -0.514974
v 0.459961 -0.101562 -0.371582
v 0.388672 -0.158203 -0.390625
v 0.388672 -0.158203 -0.390625
v 0.438843 -0.174072 -0.207764
v 0.362793 -0.233398 -0.227051
v -0.459961 -0.101562 -0.371582
v -0.401204 -0.07666 -0.514974
v -0.388672 -0.158203 -0.390625
v -0.388672 -0.158203 -0.390625
v -0.310872 -0.13208 -0.535482
v -0.297363 -0.219727 -0.413086
v -0.297363 -0.219727 -0.413086
v -0.362793 -0.233398 -0.227051
v -0.388672 -0.158203 -0.390625
v -0.388672 -0.158203 -0.390625
v -0.438843 -0.174072 -0.207764
v -0.459961 -0.101562 -0.371582
v 0.388021 -0.023438 -0.583333
v 0.325521 0.077148 -0.66097
v 0.420736 0.066406 -0.604818
v 0.388021 -0.023438 -0.583333
v 0.482005 0.019531 -0.522786
v 0.401204 -0.07666 -0.514974
v 0.388021 -0.023438 -0.583333
v 0.310872 -0.13208 -0.535482
v 0.309408 -0.042969 -0.61556
v -0.388021 -0.023438 -0.583333
v -0.310872 -0.13208 -0.535482
v -0.401204 -0.07666 -0.514974
v -0.388021 -0.023438 -0.583333
v -0.482005 0.019531 -0.522786
v -0.420736 0.066406 -0.604818
v -0.388021 -0.023438 -0.583333
v -0.325521 0.077148 -0.66097
v -0.309408 -0.042969 -0.61556
v 1.029297 0.440918 -0.304688
v 0.956543 0.430664 -0.291016
v 0.962891 0.414062 -0.263672
v 0.962891 0.414062 -0.263672
v 0.897949 0.395508 -0.258789
v 0.911133 0.381348 -0.233398
v 0.911133 0.381348 -0.233398
v 0.969238 0.385742 -0.265137
v 0.962891 0.414062 -0.263672
v 0.962891 0.414062 -0.263672
v 1.027222 0.40918 -0.304321
v 1.029297 0.440918 -0.304688
v -0.969238 0.385742 -0.265137
v -0.911133 0.381348 -0.233398
v -0.962891 0.414062 -0.263672
v -0.962891 0.414062 -0.263672
v -0.897949 0.395508 -0.258789
v -0.956543 0.430664 -0.291016
v -0.956543 0.430664 -0.291016
v -1.029297 0.440918 -0.304688
v -0.962891 0.414062 -0.263672
v -0.962891 0.414062 -0.263672
v -1.027222 0.40918 -0.304321
v -0.969238 0.385742 -0.265137
v 1.115234 0.458984 -0.353516
v 1.031982 0.459351 -0.333862
v 1.029297 0.440918 -0.304688
v 1.029297 0.440918 -0.304688
v 1.104492 0.424805 -0.350586
v 1.115234 0.458984 -0.353516
v 1.115234 0.458984 -0.353516
v 1.17981 0.415039 -0.389526
v 1.199219 0.448242 -0.394043
v 1.199219 0.448242 -0.394043
v 1.126465 0.479004 -0.382324
v 1.115234 0.458984 -0.353516
v -1.115234 0.458984 -0.353516
v -1.17981 0.415039 -0.389526
v -1.104492 0.424805 -0.350586
v -1.104492 0.424805 -0.350586
v -1.029297 0.440918 -0.304688
v -1.115234 0.458984 -0.353516
v -1.115234 0.458984 -0.353516
v -1.031982 0.459351 -0.333862
v -1.126465 0.479004 -0.382324
v -1.126465 0.479004 -0.382324
v -1.199219 0.448242 -0.394043
v -1.115234 0.458984 -0.353516
v 1.259766 0.388672 -0.410156
v 1.218506 0.467773 -0.420288
v 1.199219 0.448242 -0.394043
v 1.259766 0.388672 -0.410156
v 1.17981 0.415039 -0.389526
v 1.231934 0.362305 -0.406738
v 1.231934 0.362305 -0.406738
v 1.288574 0.295898 -0.413574
v 1.259766 0.388672 -0.410156
v 1.259766 0.388672 -0.410156
v 1.320435 0.304077 -0.431396
v 1.286621 0.403809 -0.431641
v -1.288574 0.295898 -0.413574
v -1.231934 0.362305 -0.406738
v -1.259766 0.388672 -0.410156
v -1.259766 0.388672 -0.410156
v -1.17981 0.415039 -0.389526
v -1.199219 0.448242 -0.394043
v -1.259766 0.388672 -0.410156
v -1.218506 0.467773 -0.420288
v -1.286621 0.403809 -0.431641
v -1.259766 0.388672 -0.410156
v -1.320435 0.304077 -0.431396
v -1.288574 0.295898 -0.413574
v 1.30957 0.185547 -0.43457
v 1.288574 0.295898 -0.413574
v 1.277344 0.185547 -0.416016
v 1.277344 0.185547 -0.416016
v 1.255371 0.280273 -0.411621
v 1.244629 0.182617 -0.413574
v 1.244629 0.182617 -0.413574
v 1.227539 0.079102 -0.404785
v 1.277344 0.185547 -0.416016
v 1.277344 0.185547 -0.416016
v 1.254883 0.070923 -0.426514
v 1.30957 0.185547 -0.43457
v -1.227539 0.079102 -0.404785
v -1.244629 0.182617 -0.413574
v -1.277344 0.185547 -0.416016
v -1.277344 0.185547 -0.416016
v -1.255371 0.280273 -0.411621
v -1.288574 0.295898 -0.413574
v -1.288574 0.295898 -0.413574
v -1.30957 0.185547 -0.43457
v -1.277344 0.185547 -0.416016
v -1.277344 0.185547 -0.416016
v -1.254883 0.070923 -0.426514
v -1.227539 0.079102 -0.404785
v 1.157227 -0.01709 -0.392578
v 1.227539 0.079102 -0.404785
v 1.140625 -0.001953 -0.367188
v 1.140625 -0.001953 -0.367188
v 1.200806 0.088623 -0.401611
v 1.125 0.017578 -0.364746
v 1.140625 -0.001953 -0.367188
v 1.030518 -0.031006 -0.30603
v 1.032227 -0.057617 -0.305664
v 1.140625 -0.001953 -0.367188
v 1.035889 -0.077881 -0.33313
v 1.157227 -0.01709 -0.392578
v -1.140625 -0.001953 -0.367188
v -1.030518 -0.031006 -0.30603
v -1.125 0.017578 -0.364746
v -1.140625 -0.001953 -0.367188
v -1.200806 0.088623 -0.401611
v -1.227539 0.079102 -0.404785
v -1.227539 0.079102 -0.404785
v -1.157227 -0.01709 -0.392578
v -1.140625 -0.001953 -0.367188
v -1.140625 -0.001953 -0.367188
v -1.035889 -0.077881 -0.33313
v -1.032227 -0.057617 -0.305664
v 0.910156 -0.11084 -0.248535
v 1.032227 -0.057617 -0.305664
v 0.917969 -0.087891 -0.222656
v 1.032227 -0.057617 -0.305664
v 0.930664 -0.057617 -0.228516
v 0.917969 -0.087891 -0.222656
v 0.917969 -0.087891 -0.222656
v 0.8396 -0.064575 -0.168579
v 0.812012 -0.097168 -0.157227
v 0.812012 -0.097168 -0.157227
v 0.910156 -0.11084 -0.248535
v 0.917969 -0.087891 -0.222656
v -0.917969 -0.087891 -0.222656
v -0.8396 -0.064575 -0.168579
v -0.930664 -0.057617 -0.228516
v -0.930664 -0.057617 -0.228516
v -1.032227 -0.057617 -0.305664
v -0.917969 -0.087891 -0.222656
v -1.032227 -0.057617 -0.305664
v -0.910156 -0.11084 -0.248535
v -0.917969 -0.087891 -0.222656
v -0.910156 -0.11084 -0.248535
v -0.812012 -0.097168 -0.157227
v -0.917969 -0.087891 -0.222656
v 0.945312 -0.033203 -0.253906
v 1.030518 -0.031006 -0.30603
v 1.033203 -0.009766 -0.32666
v 1.033203 -0.009766 -0.32666
v 0.95752 -0.016602 -0.287109
v 0.945312 -0.033203 -0.253906
v 0.945312 -0.033203 -0.253906
v 0.886963 -0.023926 -0.235107
v 0.866699 -0.040039 -0.19873
v 0.866699 -0.040039 -0.19873
v 0.930664 -0.057617 -0.228516
v 0.945312 -0.033203 -0.253906
v -0.945312 -0.033203 -0.253906
v -0.886963 -0.023926 -0.235107
v -0.95752 -0.016602 -0.287109
v -0.95752 -0.016602 -0.287109
v -1.033203 -0.009766 -0.32666
v -0.945312 -0.033203 -0.253906
v -0.945312 -0.033203 -0.253906
v -1.030518 -0.031006 -0.30603
v -0.930664 -0.057617 -0.228516
v -0.930664 -0.057617 -0.228516
v -0.866699 -0.040039 -0.19873
v -0.945312 -0.033203 -0.253906
v 1.117188 0.033203 -0.380859
v 1.200806 0.088623 -0.401611
v 1.185059 0.095703 -0.414551
v 1.185059 0.095703 -0.414551
v 1.116211 0.042969 -0.405762
v 1.117188 0.033203 -0.380859
v 1.117188 0.033203 -0.380859
v 1.037964 0.00415 -0.356323
v 1.033203 -0.009766 -0.32666
v 1.033203 -0.009766 -0.32666
v 1.125 0.017578 -0.364746
v 1.117188 0.033203 -0.380859
v -1.117188 0.033203 -0.380859
v -1.037964 0.00415 -0.356323
v -1.116211 0.042969 -0.405762
v -1.116211 0.042969 -0.405762
v -1.185059 0.095703 -0.414551
v -1.117188 0.033203 -0.380859
v -1.117188 0.033203 -0.380859
v -1.200806 0.088623 -0.401611
v -1.125 0.017578 -0.364746
v -1.125 0.017578 -0.364746
v -1.033203 -0.009766 -0.32666
v -1.117188 0.033203 -0.380859
v 1.244629 0.182617 -0.413574
v 1.234863 0.262695 -0.424316
v 1.224609 0.177734 -0.425781
v 1.224609 0.177734 -0.425781
v 1.227051 0.247681 -0.445068
v 1.217285 0.172363 -0.445801
v 1.217285 0.172363 -0.445801
v 1.185059 0.095703 -0.414551
v 1.224609 0.177734 -0.425781
v 1.224609 0.177734 -0.425781
v 1.200806 0.088623 -0.401611
v 1.244629 0.182617 -0.413574
v -1.185059 0.095703 -0.414551
v -1.217285 0.172363 -0.445801
v -1.224609 0.177734 -0.425781
v -1.224609 0.177734 -0.425781
v -1.227051 0.247681 -0.445068
v -1.234863 0.262695 -0.424316
v -1.234863 0.262695 -0.424316
v -1.244629 0.182617 -0.413574
v -1.224609 0.177734 -0.425781
v -1.224609 0.177734 -0.425781
v -1.200806 0.088623 -0.401611
v -1.185059 0.095703 -0.414551
v 1.231934 0.362305 -0.406738
v 1.168457 0.379883 -0.404297
v 1.214844 0.333984 -0.419922
v 1.214844 0.333984 -0.419922
v 1.165039 0.350952 -0.428589
v 1.208496 0.310547 -0.441895
v 1.208496 0.310547 -0.441895
v 1.234863 0.262695 -0.424316
v 1.214844 0.333984 -0.419922
v 1.214844 0.333984 -0.419922
v 1.255371 0.280273 -0.411621
v 1.231934 0.362305 -0.406738
v -1.234863 0.262695 -0.424316
v -1.208496 0.310547 -0.441895
v -1.214844 0.333984 -0.419922
v -1.214844 0.333984 -0.419922
v -1.165039 0.350952 -0.428589
v -1.168457 0.379883 -0.404297
v -1.168457 0.379883 -0.404297
v -1.231934 0.362305 -0.406738
v -1.214844 0.333984 -0.419922
v -1.214844 0.333984 -0.419922
v -1.255371 0.280273 -0.411621
v -1.234863 0.262695 -0.424316
v 1.104492 0.424805 -0.350586
v 1.028809 0.375488 -0.32666
v 1.099609 0.388672 -0.369141
v 1.099609 0.388672 -0.369141
v 1.033203 0.347534 -0.358643
v 1.100098 0.358887 -0.397461
v 1.100098 0.358887 -0.397461
v 1.168457 0.379883 -0.404297
v 1.099609 0.388672 -0.369141
v 1.099609 0.388672 -0.369141
v 1.17981 0.415039 -0.389526
v 1.104492 0.424805 -0.350586
v -1.168457 0.379883 -0.404297
v -1.100098 0.358887 -0.397461
v -1.099609 0.388672 -0.369141
v -1.099609 0.388672 -0.369141
v -1.033203 0.347534 -0.358643
v -1.028809 0.375488 -0.32666
v -1.028809 0.375488 -0.32666
v -1.104492 0.424805 -0.350586
v -1.099609 0.388672 -0.369141
v -1.099609 0.388672 -0.369141
v -1.17981 0.415039 -0.389526
v -1.168457 0.379883 -0.404297
v 0.976562 0.355469 -0.289062
v 1.027222 0.40918 -0.304321
v 0.969238 0.385742 -0.265137
v 0.969238 0.385742 -0.265137
v 0.936035 0.32959 -0.260742
v 0.976562 0.355469 -0.289062
v 0.976562 0.355469 -0.289062
v 0.946167 0.306885 -0.293213
v 0.983887 0.330078 -0.322266
v 0.983887 0.330078 -0.322266
v 1.028809 0.375488 -0.32666
v 0.976562 0.355469 -0.289062
v -0.976562 0.355469 -0.289062
v -0.946167 0.306885 -0.293213
v -0.936035 0.32959 -0.260742
v -0.936035 0.32959 -0.260742
v -0.969238 0.385742 -0.265137
v -0.976562 0.355469 -0.289062
v -0.976562 0.355469 -0.289062
v -1.027222 0.40918 -0.304321
v -1.028809 0.375488 -0.32666
v -1.028809 0.375488 -0.32666
v -0.983887 0.330078 -0.322266
v -0.976562 0.355469 -0.289062
v 0.736816 0.007812 -0.020508
v 0.640625 -0.088867 -0.054199
v 0.693359 -0.048828 -0.083984
v 0.640625 -0.088867 -0.054199
v 0.683594 -0.071777 -0.14209
v 0.693359 -0.048828 -0.083984
v 0.683594 -0.071777 -0.14209
v 0.715007 -0.016764 -0.11735
v 0.693359 -0.048828 -0.083984
v 0.693359 -0.048828 -0.083984
v 0.739176 0.032064 -0.078288
v 0.736816 0.007812 -0.020508
v -0.715007 -0.016764 -0.11735
v -0.683594 -0.071777 -0.14209
v -0.693359 -0.048828 -0.083984
v -0.683594 -0.071777 -0.14209
v -0.640625 -0.088867 -0.054199
v -0.693359 -0.048828 -0.083984
v -0.640625 -0.088867 -0.054199
v -0.736816 0.007812 -0.020508
v -0.693359 -0.048828 -0.083984
v -0.693359 -0.048828 -0.083984
v -0.739176 0.032064 -0.078288
v -0.715007 -0.016764 -0.11735
v 0.683594 -0.071777 -0.14209
v 0.69873 -0.11377 -0.174805
v 0.728516 -0.089844 -0.148438
v 0.728516 -0.089844 -0.148438
v 0.793335 -0.121094 -0.181519
v 0.812012 -0.097168 -0.157227
v 0.812012 -0.097168 -0.157227
v 0.771484 -0.054199 -0.162598
v 0.728516 -0.089844 -0.148438
v 0.728516 -0.089844 -0.148438
v 0.727526 -0.027448 -0.168229
v 0.683594 -0.071777 -0.14209
v -0.771484 -0.054199 -0.162598
v -0.812012 -0.097168 -0.157227
v -0.728516 -0.089844 -0.148438
v -0.728516 -0.089844 -0.148438
v -0.793335 -0.121094 -0.181519
v -0.69873 -0.11377 -0.174805
v -0.69873 -0.11377 -0.174805
v -0.683594 -0.071777 -0.14209
v -0.728516 -0.089844 -0.148438
v -0.728516 -0.089844 -0.148438
v -0.727526 -0.027448 -0.168229
v -0.771484 -0.054199 -0.162598
v 0.792969 0.126953 0.001953
v 0.814697 0.226074 0.114136
v 0.779785 0.100586 0.088867
v 0.779785 0.100586 0.088867
v 0.736816 0.007812 -0.020508
v 0.792969 0.126953 0.001953
v 0.792969 0.126953 0.001953
v 0.739176 0.032064 -0.078288
v 0.788574 0.146973 -0.061035
v 0.788574 0.146973 -0.061035
v 0.828125 0.265625 0.031738
v 0.792969 0.126953 0.001953
v -0.792969 0.126953 0.001953
v -0.739176 0.032064 -0.078288
v -0.736816 0.007812 -0.020508
v -0.736816 0.007812 -0.020508
v -0.779785 0.100586 0.088867
v -0.792969 0.126953 0.001953
v -0.792969 0.126953 0.001953
v -0.814697 0.226074 0.114136
v -0.828125 0.265625 0.031738
v -0.828125 0.265625 0.031738
v -0.788574 0.146973 -0.061035
v -0.792969 0.126953 0.001953
v 0.869141 0.345703 -0.216797
v 0.824766 0.347656 -0.205312
v 0.84082 0.312012 -0.199707
v 0.84082 0.312012 -0.199707
v 0.883789 0.323242 -0.223145
v 0.869141 0.345703 -0.216797
v 0.869141 0.345703 -0.216797
v 0.923706 0.356445 -0.236816
v 0.911133 0.381348 -0.233398
v 0.911133 0.381348 -0.233398
v 0.854004 0.356445 -0.242188
v 0.869141 0.345703 -0.216797
v -0.869141 0.345703 -0.216797
v -0.923706 0.356445 -0.236816
v -0.883789 0.323242 -0.223145
v -0.883789 0.323242 -0.223145
v -0.84082 0.312012 -0.199707
v -0.869141 0.345703 -0.216797
v -0.869141 0.345703 -0.216797
v -0.824766 0.347656 -0.205312
v -0.854004 0.356445 -0.242188
v -0.854004 0.356445 -0.242188
v -0.911133 0.381348 -0.233398
v -0.869141 0.345703 -0.216797
v 0.810547 -0.033203 -0.197266
v 0.8396 -0.064575 -0.168579
v 0.866699 -0.040039 -0.19873
v 0.866699 -0.040039 -0.19873
v 0.838379 -0.022461 -0.237305
v 0.810547 -0.033203 -0.197266
v 0.838379 -0.022461 -0.237305
v 0.778809 -0.01709 -0.217285
v 0.810547 -0.033203 -0.197266
v 0.778809 -0.01709 -0.217285
v 0.771484 -0.054199 -0.162598
v 0.810547 -0.033203 -0.197266
v -0.778809 -0.01709 -0.217285
v -0.838379 -0.022461 -0.237305
v -0.810547 -0.033203 -0.197266
v -0.838379 -0.022461 -0.237305
v -0.866699 -0.040039 -0.19873
v -0.810547 -0.033203 -0.197266
v -0.810547 -0.033203 -0.197266
v -0.8396 -0.064575 -0.168579
v -0.771484 -0.054199 -0.162598
v -0.771484 -0.054199 -0.162598
v -0.778809 -0.01709 -0.217285
v -0.810547 -0.033203 -0.197266
v 0.814941 0.000977 -0.267578
v 0.780273 0.029297 -0.234863
v 0.773438 0.003906 -0.226562
v 0.773438 0.003906 -0.226562
v 0.738307 0.048411 -0.191979
v 0.733073 0.006185 -0.182292
v 0.733073 0.006185 -0.182292
v 0.778809 -0.01709 -0.217285
v 0.773438 0.003906 -0.226562
v 0.773438 0.003906 -0.226562
v 0.813721 -0.013672 -0.259521
v 0.814941 0.000977 -0.267578
v -0.778809 -0.01709 -0.217285
v -0.733073 0.006185 -0.182292
v -0.773438 0.003906 -0.226562
v -0.773438 0.003906 -0.226562
v -0.738307 0.048411 -0.191979
v -0.780273 0.029297 -0.234863
v -0.780273 0.029297 -0.234863
v -0.814941 0.000977 -0.267578
v -0.773438 0.003906 -0.226562
v -0.773438 0.003906 -0.226562
v -0.813721 -0.013672 -0.259521
v -0.778809 -0.01709 -0.217285
v 0.785156 0.058594 -0.251953
v 0.772461 0.09668 -0.270264
v 0.759766 0.07959 -0.237305
v 0.759766 0.07959 -0.237305
v 0.780273 0.029297 -0.234863
v 0.785156 0.058594 -0.251953
v 0.785156 0.058594 -0.251953
v 0.823608 0.022583 -0.269653
v 0.821289 0.052246 -0.273926
v 0.785156 0.058594 -0.251953
v 0.811632 0.071181 -0.281467
v 0.789062 0.081543 -0.273926
v -0.785156 0.058594 -0.251953
v -0.823608 0.022583 -0.269653
v -0.780273 0.029297 -0.234863
v -0.780273 0.029297 -0.234863
v -0.759766 0.07959 -0.237305
v -0.785156 0.058594 -0.251953
v -0.785156 0.058594 -0.251953
v -0.772461 0.09668 -0.270264
v -0.789062 0.081543 -0.273926
v -0.785156 0.058594 -0.251953
v -0.811632 0.071181 -0.281467
v -0.821289 0.052246 -0.273926
v 0.792969 0.131348 -0.27002
v 0.812988 0.182129 -0.240234
v 0.777344 0.126953 -0.236328
v 0.812988 0.182129 -0.240234
v 0.76709 0.127441 -0.190918
v 0.777344 0.126953 -0.236328
v 0.76709 0.127441 -0.190918
v 0.759766 0.07959 -0.237305
v 0.777344 0.126953 -0.236328
v 0.777344 0.126953 -0.236328
v 0.772461 0.09668 -0.270264
v 0.792969 0.131348 -0.27002
v -0.759766 0.07959 -0.237305
v -0.76709 0.127441 -0.190918
v -0.777344 0.126953 -0.236328
v -0.76709 0.127441 -0.190918
v -0.812988 0.182129 -0.240234
v -0.777344 0.126953 -0.236328
v -0.812988 0.182129 -0.240234
v -0.792969 0.131348 -0.27002
v -0.777344 0.126953 -0.236328
v -0.777344 0.126953 -0.236328
v -0.772461 0.09668 -0.270264
v -0.759766 0.07959 -0.237305
v 0.869141 0.26416 -0.240723
v 0.828125 0.250977 -0.20752
v 0.841797 0.226562 -0.240234
v 0.841797 0.226562 -0.240234
v 0.803589 0.201538 -0.19873
v 0.812988 0.182129 -0.240234
v 0.812988 0.182129 -0.240234
v 0.858398 0.211426 -0.268555
v 0.841797 0.226562 -0.240234
v 0.841797 0.226562 -0.240234
v 0.885498 0.245972 -0.269043
v 0.869141 0.26416 -0.240723
v -0.858398 0.211426 -0.268555
v -0.812988 0.182129 -0.240234
v -0.841797 0.226562 -0.240234
v -0.841797 0.226562 -0.240234
v -0.803589 0.201538 -0.19873
v -0.828125 0.250977 -0.20752
v -0.828125 0.250977 -0.20752
v -0.869141 0.26416 -0.240723
v -0.841797 0.226562 -0.240234
v -0.841797 0.226562 -0.240234
v -0.885498 0.245972 -0.269043
v -0.858398 0.211426 -0.268555
v 0.900391 0.298828 -0.246094
v 0.923706 0.356445 -0.236816
v 0.883789 0.323242 -0.223145
v 0.900391 0.298828 -0.246094
v 0.851318 0.287598 -0.216064
v 0.869141 0.26416 -0.240723
v 0.869141 0.26416 -0.240723
v 0.914062 0.27832 -0.276367
v 0.900391 0.298828 -0.246094
v 0.914062 0.27832 -0.276367
v 0.936035 0.32959 -0.260742
v 0.900391 0.298828 -0.246094
v -0.914062 0.27832 -0.276367
v -0.869141 0.26416 -0.240723
v -0.900391 0.298828 -0.246094
v -0.900391 0.298828 -0.246094
v -0.851318 0.287598 -0.216064
v -0.883789 0.323242 -0.223145
v -0.900391 0.298828 -0.246094
v -0.923706 0.356445 -0.236816
v -0.936035 0.32959 -0.260742
v -0.936035 0.32959 -0.260742
v -0.914062 0.27832 -0.276367
v -0.900391 0.298828 -0.246094
v 0.830078 0.285156 -0.167969
v 0.836328 0.300938 -0.049844
v 0.81543 0.237305 -0.138672
v 0.81543 0.237305 -0.138672
v 0.828125 0.250977 -0.20752
v 0.830078 0.285156 -0.167969
v 0.830078 0.285156 -0.167969
v 0.851318 0.287598 -0.216064
v 0.84082 0.312012 -0.199707
v 0.84082 0.312012 -0.199707
v 0.832031 0.347656 -0.119629
v 0.830078 0.285156 -0.167969
v -0.830078 0.285156 -0.167969
v -0.851318 0.287598 -0.216064
v -0.828125 0.250977 -0.20752
v -0.828125 0.250977 -0.20752
v -0.81543 0.237305 -0.138672
v -0.830078 0.285156 -0.167969
v -0.830078 0.285156 -0.167969
v -0.836328 0.300938 -0.049844
v -0.832031 0.347656 -0.119629
v -0.832031 0.347656 -0.119629
v -0.84082 0.312012 -0.199707
v -0.830078 0.285156 -0.167969
v 0.81543 0.237305 -0.138672
v 0.788574 0.146973 -0.061035
v 0.775391 0.140625 -0.128906
v 0.775391 0.140625 -0.128906
v 0.739176 0.032064 -0.078288
v 0.735514 0.046224 -0.132487
v 0.735514 0.046224 -0.132487
v 0.76709 0.127441 -0.190918
v 0.775391 0.140625 -0.128906
v 0.775391 0.140625 -0.128906
v 0.803589 0.201538 -0.19873
v 0.81543 0.237305 -0.138672
v -0.76709 0.127441 -0.190918
v -0.735514 0.046224 -0.132487
v -0.775391 0.140625 -0.128906
v -0.775391 0.140625 -0.128906
v -0.739176 0.032064 -0.078288
v -0.788574 0.146973 -0.061035
v -0.788574 0.146973 -0.061035
v -0.81543 0.237305 -0.138672
v -0.775391 0.140625 -0.128906
v -0.775391 0.140625 -0.128906
v -0.803589 0.201538 -0.19873
v -0.76709 0.127441 -0.190918
v 0.721354 0.005208 -0.143229
v 0.739176 0.032064 -0.078288
v 0.715007 -0.016764 -0.11735
v 0.721354 0.005208 -0.143229
v 0.727526 -0.027448 -0.168229
v 0.733073 0.006185 -0.182292
v 0.733073 0.006185 -0.182292
v 0.735514 0.046224 -0.132487
v 0.721354 0.005208 -0.143229
v -0.735514 0.046224 -0.132487
v -0.733073 0.006185 -0.182292
v -0.721354 0.005208 -0.143229
v -0.721354 0.005208 -0.143229
v -0.727526 -0.027448 -0.168229
v -0.715007 -0.016764 -0.11735
v -0.721354 0.005208 -0.143229
v -0.739176 0.032064 -0.078288
v -0.735514 0.046224 -0.132487
v 0.919922 0.267578 -0.304688
v 0.946167 0.306885 -0.293213
v 0.914062 0.27832 -0.276367
v 0.914062 0.27832 -0.276367
v 0.891602 0.237305 -0.296387
v 0.919922 0.267578 -0.304688
v 0.919922 0.267578 -0.304688
v 0.900635 0.226685 -0.320068
v 0.929688 0.255859 -0.329102
v 0.929688 0.255859 -0.329102
v 0.952148 0.294434 -0.322266
v 0.919922 0.267578 -0.304688
v -0.919922 0.267578 -0.304688
v -0.900635 0.226685 -0.320068
v -0.891602 0.237305 -0.296387
v -0.891602 0.237305 -0.296387
v -0.914062 0.27832 -0.276367
v -0.919922 0.267578 -0.304688
v -0.919922 0.267578 -0.304688
v -0.946167 0.306885 -0.293213
v -0.952148 0.294434 -0.322266
v -0.952148 0.294434 -0.322266
v -0.929688 0.255859 -0.329102
v -0.919922 0.267578 -0.304688
v 0.891602 0.237305 -0.296387
v 0.858398 0.211426 -0.268555
v 0.865234 0.205078 -0.294922
v 0.865234 0.205078 -0.294922
v 0.828857 0.173584 -0.270386
v 0.836426 0.17041 -0.296387
v 0.836426 0.17041 -0.296387
v 0.874023 0.195801 -0.316406
v 0.865234 0.205078 -0.294922
v 0.865234 0.205078 -0.294922
v 0.900635 0.226685 -0.320068
v 0.891602 0.237305 -0.296387
v -0.874023 0.195801 -0.316406
v -0.836426 0.17041 -0.296387
v -0.865234 0.205078 -0.294922
v -0.865234 0.205078 -0.294922
v -0.828857 0.173584 -0.270386
v -0.858398 0.211426 -0.268555
v -0.858398 0.211426 -0.268555
v -0.891602 0.237305 -0.296387
v -0.865234 0.205078 -0.294922
v -0.865234 0.205078 -0.294922
v -0.900635 0.226685 -0.320068
v -0.874023 0.195801 -0.316406
v 0.800781 0.132812 -0.296875
v 0.828857 0.173584 -0.270386
v 0.792969 0.131348 -0.27002
v 0.792969 0.131348 -0.27002
v 0.779297 0.102051 -0.296875
v 0.800781 0.132812 -0.296875
v 0.800781 0.132812 -0.296875
v 0.794705 0.106554 -0.310113
v 0.810547 0.12793 -0.314941
v 0.810547 0.12793 -0.314941
v 0.836426 0.17041 -0.296387
v 0.800781 0.132812 -0.296875
v -0.800781 0.132812 -0.296875
v -0.794705 0.106554 -0.310113
v -0.779297 0.102051 -0.296875
v -0.779297 0.102051 -0.296875
v -0.792969 0.131348 -0.27002
v -0.800781 0.132812 -0.296875
v -0.800781 0.132812 -0.296875
v -0.828857 0.173584 -0.270386
v -0.836426 0.17041 -0.296387
v -0.836426 0.17041 -0.296387
v -0.810547 0.12793 -0.314941
v -0.800781 0.132812 -0.296875
v 0.779297 0.102051 -0.296875
v 0.789062 0.081543 -0.273926
v 0.792969 0.087891 -0.296875
v 0.792969 0.087891 -0.296875
v 0.811632 0.071181 -0.281467
v 0.819336 0.075195 -0.296875
v 0.819336 0.075195 -0.296875
v 0.804688 0.093262 -0.314941
v 0.792969 0.087891 -0.296875
v 0.792969 0.087891 -0.296875
v 0.794705 0.106554 -0.310113
v 0.779297 0.102051 -0.296875
v -0.804688 0.093262 -0.314941
v -0.819336 0.075195 -0.296875
v -0.792969 0.087891 -0.296875
v -0.792969 0.087891 -0.296875
v -0.811632 0.071181 -0.281467
v -0.789062 0.081543 -0.273926
v -0.789062 0.081543 -0.273926
v -0.779297 0.102051 -0.296875
v -0.792969 0.087891 -0.296875
v -0.792969 0.087891 -0.296875
v -0.794705 0.106554 -0.310113
v -0.804688 0.093262 -0.314941
v 0.819336 0.075195 -0.296875
v 0.821289 0.052246 -0.273926
v 0.835938 0.048828 -0.296875
v 0.835938 0.048828 -0.296875
v 0.823608 0.022583 -0.269653
v 0.840332 0.02002 -0.296875
v 0.835938 0.048828 -0.296875
v 0.853027 0.024536 -0.315186
v 0.848145 0.052246 -0.315918
v 0.835938 0.048828 -0.296875
v 0.830688 0.077881 -0.31543
v 0.819336 0.075195 -0.296875
v -0.835938 0.048828 -0.296875
v -0.853027 0.024536 -0.315186
v -0.840332 0.02002 -0.296875
v -0.835938 0.048828 -0.296875
v -0.823608 0.022583 -0.269653
v -0.821289 0.052246 -0.273926
v -0.821289 0.052246 -0.273926
v -0.819336 0.075195 -0.296875
v -0.835938 0.048828 -0.296875
v -0.835938 0.048828 -0.296875
v -0.830688 0.077881 -0.31543
v -0.848145 0.052246 -0.315918
v 0.830078 0 -0.296875
v 0.823608 0.022583 -0.269653
v 0.814941 0.000977 -0.267578
v 0.814941 0.000977 -0.267578
v 0.825684 -0.012207 -0.289551
v 0.830078 0 -0.296875
v 0.830078 0 -0.296875
v 0.837023 -0.007595 -0.299479
v 0.841309 0.00293 -0.312012
v 0.841309 0.00293 -0.312012
v 0.840332 0.02002 -0.296875
v 0.830078 0 -0.296875
v -0.830078 0 -0.296875
v -0.837023 -0.007595 -0.299479
v -0.825684 -0.012207 -0.289551
v -0.825684 -0.012207 -0.289551
v -0.814941 0.000977 -0.267578
v -0.830078 0 -0.296875
v -0.830078 0 -0.296875
v -0.823608 0.022583 -0.269653
v -0.840332 0.02002 -0.296875
v -0.840332 0.02002 -0.296875
v -0.841309 0.00293 -0.312012
v -0.830078 0 -0.296875
v 0.847656 -0.017578 -0.267578
v 0.813721 -0.013672 -0.259521
v 0.838379 -0.022461 -0.237305
v 0.847656 -0.017578 -0.267578
v 0.886963 -0.023926 -0.235107
v 0.894043 -0.016602 -0.265137
v 0.894043 -0.016602 -0.265137
v 0.853516 -0.009277 -0.291016
v 0.847656 -0.017578 -0.267578
v 0.853516 -0.009277 -0.291016
v 0.825684 -0.012207 -0.289551
v 0.847656 -0.017578 -0.267578
v -0.853516 -0.009277 -0.291016
v -0.894043 -0.016602 -0.265137
v -0.847656 -0.017578 -0.267578
v -0.847656 -0.017578 -0.267578
v -0.886963 -0.023926 -0.235107
v -0.838379 -0.022461 -0.237305
v -0.847656 -0.017578 -0.267578
v -0.813721 -0.013672 -0.259521
v -0.825684 -0.012207 -0.289551
v -0.825684 -0.012207 -0.289551
v -0.853516 -0.009277 -0.291016
v -0.847656 -0.017578 -0.267578
v 0.990234 0.316406 -0.351562
v 1.033203 0.347534 -0.358643
v 0.983887 0.330078 -0.322266
v 0.983887 0.330078 -0.322266
v 0.952148 0.294434 -0.322266
v 0.990234 0.316406 -0.351562
v 0.990234 0.316406 -0.351562
v 0.962769 0.281982 -0.345825
v 1.001465 0.303711 -0.372559
v 1.001465 0.303711 -0.372559
v 1.039551 0.333008 -0.387207
v 0.990234 0.316406 -0.351562
v -0.990234 0.316406 -0.351562
v -0.962769 0.281982 -0.345825
v -0.952148 0.294434 -0.322266
v -0.952148 0.294434 -0.322266
v -0.983887 0.330078 -0.322266
v -0.990234 0.316406 -0.351562
v -0.990234 0.316406 -0.351562
v -1.033203 0.347534 -0.358643
v -1.039551 0.333008 -0.387207
v -1.039551 0.333008 -0.387207
v -1.001465 0.303711 -0.372559
v -0.990234 0.316406 -0.351562
v 1.105469 0.34375 -0.423828
v 1.165039 0.350952 -0.428589
v 1.100098 0.358887 -0.397461
v 1.100098 0.358887 -0.397461
v 1.039551 0.333008 -0.387207
v 1.105469 0.34375 -0.423828
v 1.105469 0.34375 -0.423828
v 1.049113 0.320719 -0.404785
v 1.10905 0.332682 -0.437988
v 1.10905 0.332682 -0.437988
v 1.169434 0.336426 -0.452637
v 1.105469 0.34375 -0.423828
v -1.105469 0.34375 -0.423828
v -1.049113 0.320719 -0.404785
v -1.039551 0.333008 -0.387207
v -1.039551 0.333008 -0.387207
v -1.100098 0.358887 -0.397461
v -1.105469 0.34375 -0.423828
v -1.105469 0.34375 -0.423828
v -1.165039 0.350952 -0.428589
v -1.169434 0.336426 -0.452637
v -1.169434 0.336426 -0.452637
v -1.10905 0.332682 -0.437988
v -1.105469 0.34375 -0.423828
v 1.212891 0.298828 -0.464844
v 1.227051 0.247681 -0.445068
v 1.208496 0.310547 -0.441895
v 1.208496 0.310547 -0.441895
v 1.169434 0.336426 -0.452637
v 1.212891 0.298828 -0.464844
v 1.212891 0.298828 -0.464844
v 1.164836 0.323649 -0.460449
v 1.20459 0.288086 -0.470215
v 1.20459 0.288086 -0.470215
v 1.231934 0.239746 -0.467285
v 1.212891 0.298828 -0.464844
v -1.212891 0.298828 -0.464844
v -1.164836 0.323649 -0.460449
v -1.169434 0.336426 -0.452637
v -1.169434 0.336426 -0.452637
v -1.208496 0.310547 -0.441895
v -1.212891 0.298828 -0.464844
v -1.212891 0.298828 -0.464844
v -1.227051 0.247681 -0.445068
v -1.231934 0.239746 -0.467285
v -1.231934 0.239746 -0.467285
v -1.20459 0.288086 -0.470215
v -1.212891 0.298828 -0.464844
v 1.185547 0.098145 -0.456543
v 1.217285 0.172363 -0.445801
v 1.222656 0.167969 -0.466797
v 1.217285 0.172363 -0.445801
v 1.231934 0.239746 -0.467285
v 1.222656 0.167969 -0.466797
v 1.222656 0.167969 -0.466797
v 1.222412 0.234009 -0.471924
v 1.212402 0.169434 -0.470215
v 1.212402 0.169434 -0.470215
v 1.185547 0.098145 -0.456543
v 1.222656 0.167969 -0.466797
v -1.222656 0.167969 -0.466797
v -1.222412 0.234009 -0.471924
v -1.231934 0.239746 -0.467285
v -1.231934 0.239746 -0.467285
v -1.217285 0.172363 -0.445801
v -1.222656 0.167969 -0.466797
v -1.217285 0.172363 -0.445801
v -1.185547 0.098145 -0.456543
v -1.222656 0.167969 -0.466797
v -1.185547 0.098145 -0.456543
v -1.212402 0.169434 -0.470215
v -1.222656 0.167969 -0.466797
v 1.04248 0.008789 -0.383789
v 1.116211 0.042969 -0.405762
v 1.121094 0.044922 -0.429688
v 1.121094 0.044922 -0.429688
v 1.180054 0.099243 -0.435547
v 1.185547 0.098145 -0.456543
v 1.185547 0.098145 -0.456543
v 1.114258 0.057617 -0.4375
v 1.121094 0.044922 -0.429688
v 1.121094 0.044922 -0.429688
v 1.039795 0.023315 -0.397949
v 1.04248 0.008789 -0.383789
v -1.114258 0.057617 -0.4375
v -1.185547 0.098145 -0.456543
v -1.121094 0.044922 -0.429688
v -1.121094 0.044922 -0.429688
v -1.180054 0.099243 -0.435547
v -1.116211 0.042969 -0.405762
v -1.116211 0.042969 -0.405762
v -1.04248 0.008789 -0.383789
v -1.121094 0.044922 -0.429688
v -1.121094 0.044922 -0.429688
v -1.039795 0.023315 -0.397949
v -1.114258 0.057617 -0.4375
v 0.894043 -0.016602 -0.265137
v 0.95752 -0.016602 -0.287109
v 0.962891 -0.009766 -0.316406
v 0.962891 -0.009766 -0.316406
v 1.037964 0.00415 -0.356323
v 1.04248 0.008789 -0.383789
v 1.04248 0.008789 -0.383789
v 0.964844 0.004395 -0.337891
v 0.962891 -0.009766 -0.316406
v 0.962891 -0.009766 -0.316406
v 0.899414 -0.004639 -0.291016
v 0.894043 -0.016602 -0.265137
v -0.964844 0.004395 -0.337891
v -1.04248 0.008789 -0.383789
v -0.962891 -0.009766 -0.316406
v -0.962891 -0.009766 -0.316406
v -1.037964 0.00415 -0.356323
v -0.95752 -0.016602 -0.287109
v -0.95752 -0.016602 -0.287109
v -0.894043 -0.016602 -0.265137
v -0.962891 -0.009766 -0.316406
v -0.962891 -0.009766 -0.316406
v -0.899414 -0.004639 -0.291016
v -0.964844 0.004395 -0.337891
v 0.856934 0.091797 -0.324219
v 0.848145 0.052246 -0.315918
v 0.876953 0.066406 -0.326172
v 0.848145 0.052246 -0.315918
v 0.884277 0.039062 -0.323242
v 0.876953 0.066406 -0.326172
v 0.876953 0.066406 -0.326172
v 0.924194 0.060791 -0.331177
v 0.913086 0.088867 -0.333984
v 0.876953 0.066406 -0.326172
v 0.890503 0.114258 -0.329834
v 0.856934 0.091797 -0.324219
v -0.876953 0.066406 -0.326172
v -0.924194 0.060791 -0.331177
v -0.884277 0.039062 -0.323242
v -0.884277 0.039062 -0.323242
v -0.848145 0.052246 -0.315918
v -0.876953 0.066406 -0.326172
v -0.848145 0.052246 -0.315918
v -0.856934 0.091797 -0.324219
v -0.876953 0.066406 -0.326172
v -0.876953 0.066406 -0.326172
v -0.890503 0.114258 -0.329834
v -0.913086 0.088867 -0.333984
v 0.923828 0.142578 -0.338867
v 0.913086 0.088867 -0.333984
v 0.947266 0.117188 -0.345703
v 0.913086 0.088867 -0.333984
v 0.962891 0.086914 -0.349121
v 0.947266 0.117188 -0.345703
v 0.947266 0.117188 -0.345703
v 1 0.116333 -0.369141
v 0.979004 0.148438 -0.358398
v 0.947266 0.117188 -0.345703
v 0.955688 0.173706 -0.349731
v 0.923828 0.142578 -0.338867
v -0.947266 0.117188 -0.345703
v -1 0.116333 -0.369141
v -0.962891 0.086914 -0.349121
v -0.962891 0.086914 -0.349121
v -0.913086 0.088867 -0.333984
v -0.947266 0.117188 -0.345703
v -0.913086 0.088867 -0.333984
v -0.923828 0.142578 -0.338867
v -0.947266 0.117188 -0.345703
v -0.947266 0.117188 -0.345703
v -0.955688 0.173706 -0.349731
v -0.979004 0.148438 -0.358398
v 1.007812 0.179688 -0.369141
v 0.955688 0.173706 -0.349731
v 0.979004 0.148438 -0.358398
v 0.979004 0.148438 -0.358398
v 1.035156 0.147949 -0.383301
v 1.007812 0.179688 -0.369141
v 1.035156 0.147949 -0.383301
v 1.036133 0.207031 -0.37793
v 1.007812 0.179688 -0.369141
v 1.007812 0.179688 -0.369141
v 1.014526 0.2323 -0.371948
v 0.984863 0.20459 -0.36084
v -1.036133 0.207031 -0.37793
v -1.035156 0.147949 -0.383301
v -1.007812 0.179688 -0.369141
v -1.035156 0.147949 -0.383301
v -0.979004 0.148438 -0.358398
v -1.007812 0.179688 -0.369141
v -1.007812 0.179688 -0.369141
v -0.955688 0.173706 -0.349731
v -0.984863 0.20459 -0.36084
v -1.007812 0.179688 -0.369141
v -1.014526 0.2323 -0.371948
v -1.036133 0.207031 -0.37793
v 1.047852 0.253906 -0.382812
v 1.036133 0.207031 -0.37793
v 1.066406 0.226562 -0.384766
v 1.066406 0.226562 -0.384766
v 1.067749 0.177734 -0.392822
v 1.097168 0.20166 -0.398926
v 1.097168 0.20166 -0.398926
v 1.105469 0.244629 -0.401367
v 1.066406 0.226562 -0.384766
v 1.066406 0.226562 -0.384766
v 1.087077 0.274699 -0.401489
v 1.047852 0.253906 -0.382812
v -1.105469 0.244629 -0.401367
v -1.097168 0.20166 -0.398926
v -1.066406 0.226562 -0.384766
v -1.066406 0.226562 -0.384766
v -1.067749 0.177734 -0.392822
v -1.036133 0.207031 -0.37793
v -1.036133 0.207031 -0.37793
v -1.047852 0.253906 -0.382812
v -1.066406 0.226562 -0.384766
v -1.066406 0.226562 -0.384766
v -1.087077 0.274699 -0.401489
v -1.105469 0.244629 -0.401367
v 1.023438 0.28125 -0.380859
v 1.049113 0.320719 -0.404785
v 1.001465 0.303711 -0.372559
v 1.001465 0.303711 -0.372559
v 0.986816 0.259277 -0.361816
v 1.023438 0.28125 -0.380859
v 1.023438 0.28125 -0.380859
v 1.014526 0.2323 -0.371948
v 1.047852 0.253906 -0.382812
v 1.047852 0.253906 -0.382812
v 1.063151 0.299479 -0.403809
v 1.023438 0.28125 -0.380859
v -1.023438 0.28125 -0.380859
v -1.014526 0.2323 -0.371948
v -0.986816 0.259277 -0.361816
v -0.986816 0.259277 -0.361816
v -1.001465 0.303711 -0.372559
v -1.023438 0.28125 -0.380859
v -1.023438 0.28125 -0.380859
v -1.049113 0.320719 -0.404785
v -1.063151 0.299479 -0.403809
v -1.063151 0.299479 -0.403809
v -1.047852 0.253906 -0.382812
v -1.023438 0.28125 -0.380859
v 0.929688 0.255859 -0.329102
v 0.925781 0.202637 -0.337402
v 0.955078 0.232422 -0.347656
v 0.955078 0.232422 -0.347656
v 0.955688 0.173706 -0.349731
v 0.984863 0.20459 -0.36084
v 0.984863 0.20459 -0.36084
v 0.986816 0.259277 -0.361816
v 0.955078 0.232422 -0.347656
v 0.955078 0.232422 -0.347656
v 0.962769 0.281982 -0.345825
v 0.929688 0.255859 -0.329102
v -0.986816 0.259277 -0.361816
v -0.984863 0.20459 -0.36084
v -0.955078 0.232422 -0.347656
v -0.955078 0.232422 -0.347656
v -0.955688 0.173706 -0.349731
v -0.925781 0.202637 -0.337402
v -0.925781 0.202637 -0.337402
v -0.929688 0.255859 -0.329102
v -0.955078 0.232422 -0.347656
v -0.955078 0.232422 -0.347656
v -0.962769 0.281982 -0.345825
v -0.986816 0.259277 -0.361816
v 0.896484 0.171875 -0.330078
v 0.900635 0.226685 -0.320068
v 0.874023 0.195801 -0.316406
v 0.896484 0.171875 -0.330078
v 0.845459 0.162964 -0.315552
v 0.865723 0.141602 -0.325195
v 0.896484 0.171875 -0.330078
v 0.890503 0.114258 -0.329834
v 0.923828 0.142578 -0.338867
v 0.923828 0.142578 -0.338867
v 0.925781 0.202637 -0.337402
v 0.896484 0.171875 -0.330078
v -0.896484 0.171875 -0.330078
v -0.890503 0.114258 -0.329834
v -0.865723 0.141602 -0.325195
v -0.896484 0.171875 -0.330078
v -0.845459 0.162964 -0.315552
v -0.874023 0.195801 -0.316406
v -0.896484 0.171875 -0.330078
v -0.900635 0.226685 -0.320068
v -0.925781 0.202637 -0.337402
v -0.925781 0.202637 -0.337402
v -0.923828 0.142578 -0.338867
v -0.896484 0.171875 -0.330078
v 0.832031 0.113281 -0.322266
v 0.830688 0.077881 -0.31543
v 0.856934 0.091797 -0.324219
v 0.856934 0.091797 -0.324219
v 0.865723 0.141602 -0.325195
v 0.832031 0.113281 -0.322266
v 0.832031 0.113281 -0.322266
v 0.845459 0.162964 -0.315552
v 0.810547 0.12793 -0.314941
v 0.810547 0.12793 -0.314941
v 0.804688 0.093262 -0.314941
v 0.832031 0.113281 -0.322266
v -0.832031 0.113281 -0.322266
v -0.845459 0.162964 -0.315552
v -0.865723 0.141602 -0.325195
v -0.865723 0.141602 -0.325195
v -0.856934 0.091797 -0.324219
v -0.832031 0.113281 -0.322266
v -0.832031 0.113281 -0.322266
v -0.830688 0.077881 -0.31543
v -0.804688 0.093262 -0.314941
v -0.804688 0.093262 -0.314941
v -0.810547 0.12793 -0.314941
v -0.832031 0.113281 -0.322266
v 0.841309 0.00293 -0.312012
v 0.853516 -0.009277 -0.291016
v 0.871094 0.011719 -0.310547
v 0.871094 0.011719 -0.310547
v 0.899414 -0.004639 -0.291016
v 0.914551 0.025391 -0.314941
v 0.914551 0.025391 -0.314941
v 0.884277 0.039062 -0.323242
v 0.871094 0.011719 -0.310547
v 0.871094 0.011719 -0.310547
v 0.853027 0.024536 -0.315186
v 0.841309 0.00293 -0.312012
v -0.884277 0.039062 -0.323242
v -0.914551 0.025391 -0.314941
v -0.871094 0.011719 -0.310547
v -0.871094 0.011719 -0.310547
v -0.899414 -0.004639 -0.291016
v -0.853516 -0.009277 -0.291016
v -0.853516 -0.009277 -0.291016
v -0.841309 0.00293 -0.312012
v -0.871094 0.011719 -0.310547
v -0.871094 0.011719 -0.310547
v -0.853027 0.024536 -0.315186
v -0.884277 0.039062 -0.323242
v 0.966797 0.042969 -0.347656
v 1.039795 0.023315 -0.397949
v 1.022949 0.066895 -0.387695
v 1.022949 0.066895 -0.387695
v 0.962891 0.086914 -0.349121
v 0.966797 0.042969 -0.347656
v 0.966797 0.042969 -0.347656
v 0.924194 0.060791 -0.331177
v 0.914551 0.025391 -0.314941
v 0.914551 0.025391 -0.314941
v 0.964844 0.004395 -0.337891
v 0.966797 0.042969 -0.347656
v -0.966797 0.042969 -0.347656
v -0.924194 0.060791 -0.331177
v -0.962891 0.086914 -0.349121
v -0.962891 0.086914 -0.349121
v -1.022949 0.066895 -0.387695
v -0.966797 0.042969 -0.347656
v -0.966797 0.042969 -0.347656
v -1.039795 0.023315 -0.397949
v -0.964844 0.004395 -0.337891
v -0.964844 0.004395 -0.337891
v -0.914551 0.025391 -0.314941
v -0.966797 0.042969 -0.347656
v 1.114258 0.057617 -0.4375
v 1.125488 0.138672 -0.429688
v 1.078125 0.099609 -0.414062
v 1.078125 0.099609 -0.414062
v 1.067749 0.177734 -0.392822
v 1.035156 0.147949 -0.383301
v 1.035156 0.147949 -0.383301
v 1.022949 0.066895 -0.387695
v 1.078125 0.099609 -0.414062
v 1.078125 0.099609 -0.414062
v 1.039795 0.023315 -0.397949
v 1.114258 0.057617 -0.4375
v -1.022949 0.066895 -0.387695
v -1.035156 0.147949 -0.383301
v -1.078125 0.099609 -0.414062
v -1.078125 0.099609 -0.414062
v -1.067749 0.177734 -0.392822
v -1.125488 0.138672 -0.429688
v -1.125488 0.138672 -0.429688
v -1.114258 0.057617 -0.4375
v -1.078125 0.099609 -0.414062
v -1.078125 0.099609 -0.414062
v -1.039795 0.023315 -0.397949
v -1.022949 0.066895 -0.387695
v 1.212402 0.169434 -0.470215
v 1.171387 0.225586 -0.439941
v 1.158203 0.181641 -0.4375
v 1.158203 0.181641 -0.4375
v 1.123481 0.223524 -0.411024
v 1.097168 0.20166 -0.398926
v 1.097168 0.20166 -0.398926
v 1.125488 0.138672 -0.429688
v 1.158203 0.181641 -0.4375
v 1.158203 0.181641 -0.4375
v 1.175903 0.106567 -0.460327
v 1.212402 0.169434 -0.470215
v -1.125488 0.138672 -0.429688
v -1.097168 0.20166 -0.398926
v -1.158203 0.181641 -0.4375
v -1.158203 0.181641 -0.4375
v -1.123481 0.223524 -0.411024
v -1.171387 0.225586 -0.439941
v -1.171387 0.225586 -0.439941
v -1.212402 0.169434 -0.470215
v -1.158203 0.181641 -0.4375
v -1.158203 0.181641 -0.4375
v -1.175903 0.106567 -0.460327
v -1.125488 0.138672 -0.429688
v 1.160156 0.267578 -0.439453
v 1.164836 0.323649 -0.460449
v 1.13444 0.299967 -0.436035
v 1.13444 0.299967 -0.436035
v 1.105469 0.244629 -0.401367
v 1.160156 0.267578 -0.439453
v 1.160156 0.267578 -0.439453
v 1.123481 0.223524 -0.411024
v 1.171387 0.225586 -0.439941
v 1.171387 0.225586 -0.439941
v 1.20459 0.288086 -0.470215
v 1.160156 0.267578 -0.439453
v -1.160156 0.267578 -0.439453
v -1.123481 0.223524 -0.411024
v -1.105469 0.244629 -0.401367
v -1.105469 0.244629 -0.401367
v -1.13444 0.299967 -0.436035
v -1.160156 0.267578 -0.439453
v -1.160156 0.267578 -0.439453
v -1.164836 0.323649 -0.460449
v -1.20459 0.288086 -0.470215
v -1.20459 0.288086 -0.470215
v -1.171387 0.225586 -0.439941
v -1.160156 0.267578 -0.439453
v 1.104167 0.315104 -0.429688
v 1.049113 0.320719 -0.404785
v 1.063151 0.299479 -0.403809
v 1.104167 0.315104 -0.429688
v 1.087077 0.274699 -0.401489
v 1.13444 0.299967 -0.436035
v 1.13444 0.299967 -0.436035
v 1.10905 0.332682 -0.437988
v 1.104167 0.315104 -0.429688
v -1.10905 0.332682 -0.437988
v -1.13444 0.299967 -0.436035
v -1.104167 0.315104 -0.429688
v -1.104167 0.315104 -0.429688
v -1.087077 0.274699 -0.401489
v -1.063151 0.299479 -0.403809
v -1.104167 0.315104 -0.429688
v -1.049113 0.320719 -0.404785
v -1.10905 0.332682 -0.437988
v 0.910156 -0.113281 -0.318359
v 1.035889 -0.077881 -0.33313
v 0.910156 -0.11084 -0.248535
v 0.910156 -0.11084 -0.248535
v 0.792969 -0.119629 -0.258301
v 0.910156 -0.113281 -0.318359
v 0.910156 -0.113281 -0.318359
v 0.807983 -0.04895 -0.340698
v 0.916504 -0.042969 -0.390137
v 0.916504 -0.042969 -0.390137
v 1.039062 -0.080078 -0.395996
v 0.910156 -0.113281 -0.318359
v -0.910156 -0.113281 -0.318359
v -0.807983 -0.04895 -0.340698
v -0.792969 -0.119629 -0.258301
v -0.792969 -0.119629 -0.258301
v -0.910156 -0.11084 -0.248535
v -0.910156 -0.113281 -0.318359
v -0.910156 -0.113281 -0.318359
v -1.035889 -0.077881 -0.33313
v -1.039062 -0.080078 -0.395996
v -1.039062 -0.080078 -0.395996
v -0.916504 -0.042969 -0.390137
v -0.910156 -0.113281 -0.318359
v 1.167969 -0.019531 -0.445312
v 1.254883 0.070923 -0.426514
v 1.157227 -0.01709 -0.392578
v 1.157227 -0.01709 -0.392578
v 1.039062 -0.080078 -0.395996
v 1.167969 -0.019531 -0.445312
v 1.167969 -0.019531 -0.445312
v 1.039917 -0.011475 -0.456787
v 1.168945 0.041992 -0.495605
v 1.168945 0.041992 -0.495605
v 1.272461 0.067871 -0.469238
v 1.167969 -0.019531 -0.445312
v -1.167969 -0.019531 -0.445312
v -1.039917 -0.011475 -0.456787
v -1.039062 -0.080078 -0.395996
v -1.039062 -0.080078 -0.395996
v -1.157227 -0.01709 -0.392578
v -1.167969 -0.019531 -0.445312
v -1.167969 -0.019531 -0.445312
v -1.254883 0.070923 -0.426514
v -1.272461 0.067871 -0.469238
v -1.272461 0.067871 -0.469238
v -1.168945 0.041992 -0.495605
v -1.167969 -0.019531 -0.445312
v 1.336914 0.299316 -0.466309
v 1.30957 0.185547 -0.43457
v 1.328125 0.181641 -0.470703
v 1.30957 0.185547 -0.43457
v 1.272461 0.067871 -0.469238
v 1.328125 0.181641 -0.470703
v 1.328125 0.181641 -0.470703
v 1.274984 0.114136 -0.510905
v 1.329427 0.20166 -0.506999
v 1.328125 0.181641 -0.470703
v 1.32827 0.287543 -0.4966
v 1.336914 0.299316 -0.466309
v -1.328125 0.181641 -0.470703
v -1.274984 0.114136 -0.510905
v -1.272461 0.067871 -0.469238
v -1.272461 0.067871 -0.469238
v -1.30957 0.185547 -0.43457
v -1.328125 0.181641 -0.470703
v -1.30957 0.185547 -0.43457
v -1.336914 0.299316 -0.466309
v -1.328125 0.181641 -0.470703
v -1.328125 0.181641 -0.470703
v -1.32827 0.287543 -0.4966
v -1.329427 0.20166 -0.506999
v 1.229492 0.461914 -0.470703
v 1.286621 0.403809 -0.431641
v 1.300781 0.398438 -0.472656
v 1.300781 0.398438 -0.472656
v 1.320435 0.304077 -0.431396
v 1.336914 0.299316 -0.466309
v 1.336914 0.299316 -0.466309
v 1.306966 0.359375 -0.511393
v 1.300781 0.398438 -0.472656
v 1.300781 0.398438 -0.472656
v 1.239828 0.400635 -0.516642
v 1.229492 0.461914 -0.470703
v -1.306966 0.359375 -0.511393
v -1.336914 0.299316 -0.466309
v -1.300781 0.398438 -0.472656
v -1.300781 0.398438 -0.472656
v -1.320435 0.304077 -0.431396
v -1.286621 0.403809 -0.431641
v -1.286621 0.403809 -0.431641
v -1.229492 0.461914 -0.470703
v -1.300781 0.398438 -0.472656
v -1.300781 0.398438 -0.472656
v -1.239828 0.400635 -0.516642
v -1.306966 0.359375 -0.511393
v 1.032227 0.453125 -0.397949
v 1.126465 0.479004 -0.382324
v 1.132812 0.472656 -0.441406
v 1.132812 0.472656 -0.441406
v 1.218506 0.467773 -0.420288
v 1.229492 0.461914 -0.470703
v 1.229492 0.461914 -0.470703
v 1.140625 0.399414 -0.496582
v 1.132812 0.472656 -0.441406
v 1.132812 0.472656 -0.441406
v 1.032837 0.375732 -0.45874
v 1.032227 0.453125 -0.397949
v -1.140625 0.399414 -0.496582
v -1.229492 0.461914 -0.470703
v -1.132812 0.472656 -0.441406
v -1.132812 0.472656 -0.441406
v -1.218506 0.467773 -0.420288
v -1.126465 0.479004 -0.382324
v -1.126465 0.479004 -0.382324
v -1.032227 0.453125 -0.397949
v -1.132812 0.472656 -0.441406
v -1.132812 0.472656 -0.441406
v -1.032837 0.375732 -0.45874
v -1.140625 0.399414 -0.496582
v 0.883789 0.390137 -0.321289
v 0.956543 0.430664 -0.291016
v 0.949219 0.425781 -0.353516
v 0.949219 0.425781 -0.353516
v 1.031982 0.459351 -0.333862
v 1.032227 0.453125 -0.397949
v 1.032227 0.453125 -0.397949
v 0.939941 0.349609 -0.410645
v 0.949219 0.425781 -0.353516
v 0.939941 0.349609 -0.410645
v 0.883789 0.390137 -0.321289
v 0.949219 0.425781 -0.353516
v -0.939941 0.349609 -0.410645
v -1.032227 0.453125 -0.397949
v -0.949219 0.425781 -0.353516
v -0.949219 0.425781 -0.353516
v -1.031982 0.459351 -0.333862
v -0.956543 0.430664 -0.291016
v -0.956543 0.430664 -0.291016
v -0.883789 0.390137 -0.321289
v -0.949219 0.425781 -0.353516
v -0.883789 0.390137 -0.321289
v -0.939941 0.349609 -0.410645
v -0.949219 0.425781 -0.353516
v 0.939941 0.349609 -0.410645
v 1.036621 0.180664 -0.478027
v 0.927734 0.152344 -0.421875
v 0.927734 0.152344 -0.421875
v 1.039917 -0.011475 -0.456787
v 0.916504 -0.042969 -0.390137
v 0.916504 -0.042969 -0.390137
v 0.835449 0.134766 -0.381836
v 0.927734 0.152344 -0.421875
v 0.927734 0.152344 -0.421875
v 0.86438 0.318726 -0.376953
v 0.939941 0.349609 -0.410645
v -0.835449 0.134766 -0.381836
v -0.916504 -0.042969 -0.390137
v -0.927734 0.152344 -0.421875
v -0.927734 0.152344 -0.421875
v -1.039917 -0.011475 -0.456787
v -1.036621 0.180664 -0.478027
v -1.036621 0.180664 -0.478027
v -0.939941 0.349609 -0.410645
v -0.927734 0.152344 -0.421875
v -0.927734 0.152344 -0.421875
v -0.86438 0.318726 -0.376953
v -0.835449 0.134766 -0.381836
v 1.15625 0.21875 -0.513672
v 1.032837 0.375732 -0.45874
v 1.140625 0.399414 -0.496582
v 1.140625 0.399414 -0.496582
v 1.257161 0.253906 -0.52946
v 1.15625 0.21875 -0.513672
v 1.15625 0.21875 -0.513672
v 1.274984 0.114136 -0.510905
v 1.168945 0.041992 -0.495605
v 1.168945 0.041992 -0.495605
v 1.036621 0.180664 -0.478027
v 1.15625 0.21875 -0.513672
v -1.15625 0.21875 -0.513672
v -1.274984 0.114136 -0.510905
v -1.257161 0.253906 -0.52946
v -1.257161 0.253906 -0.52946
v -1.140625 0.399414 -0.496582
v -1.15625 0.21875 -0.513672
v -1.15625 0.21875 -0.513672
v -1.032837 0.375732 -0.45874
v -1.036621 0.180664 -0.478027
v -1.036621 0.180664 -0.478027
v -1.168945 0.041992 -0.495605
v -1.15625 0.21875 -0.513672
v 1.257161 0.253906 -0.52946
v 1.306966 0.359375 -0.511393
v 1.309896 0.273438 -0.526042
v 1.309896 0.273438 -0.526042
v 1.32827 0.287543 -0.4966
v 1.329427 0.20166 -0.506999
v 1.329427 0.20166 -0.506999
v 1.257161 0.253906 -0.52946
v 1.309896 0.273438 -0.526042
v -1.257161 0.253906 -0.52946
v -1.329427 0.20166 -0.506999
v -1.309896 0.273438 -0.526042
v -1.309896 0.273438 -0.526042
v -1.32827 0.287543 -0.4966
v -1.306966 0.359375 -0.511393
v -1.306966 0.359375 -0.511393
v -1.257161 0.253906 -0.52946
v -1.309896 0.273438 -0.526042
v 0.808594 0.280762 -0.382324
v 0.806641 0.344238 -0.308594
v 0.835938 0.345703 -0.314453
v 0.806641 0.344238 -0.308594
v 0.854004 0.356445 -0.242188
v 0.835938 0.345703 -0.314453
v 0.854004 0.356445 -0.242188
v 0.883789 0.390137 -0.321289
v 0.835938 0.345703 -0.314453
v 0.835938 0.345703 -0.314453
v 0.86438 0.318726 -0.376953
v 0.808594 0.280762 -0.382324
v -0.883789 0.390137 -0.321289
v -0.854004 0.356445 -0.242188
v -0.835938 0.345703 -0.314453
v -0.854004 0.356445 -0.242188
v -0.806641 0.344238 -0.308594
v -0.835938 0.345703 -0.314453
v -0.806641 0.344238 -0.308594
v -0.808594 0.280762 -0.382324
v -0.835938 0.345703 -0.314453
v -0.835938 0.345703 -0.314453
v -0.86438 0.318726 -0.376953
v -0.883789 0.390137 -0.321289
v 0.765625 0.128906 -0.394531
v 0.762813 0.282891 -0.41875
v 0.808594 0.280762 -0.382324
v 0.808594 0.280762 -0.382324
v 0.835449 0.134766 -0.381836
v 0.765625 0.128906 -0.394531
v 0.765625 0.128906 -0.394531
v 0.807983 -0.04895 -0.340698
v 0.723633 -0.025879 -0.353516
v 0.765625 0.128906 -0.394531
v 0.64978 0.005127 -0.400513
v 0.702148 0.134766 -0.44043
v -0.765625 0.128906 -0.394531
v -0.807983 -0.04895 -0.340698
v -0.835449 0.134766 -0.381836
v -0.835449 0.134766 -0.381836
v -0.808594 0.280762 -0.382324
v -0.765625 0.128906 -0.394531
v -0.765625 0.128906 -0.394531
v -0.762813 0.282891 -0.41875
v -0.702148 0.134766 -0.44043
v -0.765625 0.128906 -0.394531
v -0.64978 0.005127 -0.400513
v -0.723633 -0.025879 -0.353516
v 0.699219 -0.099609 -0.261719
v 0.616094 -0.109531 -0.167969
v 0.617676 -0.077148 -0.29834
v 0.617676 -0.077148 -0.29834
v 0.723633 -0.025879 -0.353516
v 0.699219 -0.099609 -0.261719
v 0.699219 -0.099609 -0.261719
v 0.807983 -0.04895 -0.340698
v 0.792969 -0.119629 -0.258301
v 0.699219 -0.099609 -0.261719
v 0.793335 -0.121094 -0.181519
v 0.69873 -0.11377 -0.174805
v -0.699219 -0.099609 -0.261719
v -0.807983 -0.04895 -0.340698
v -0.723633 -0.025879 -0.353516
v -0.723633 -0.025879 -0.353516
v -0.617676 -0.077148 -0.29834
v -0.699219 -0.099609 -0.261719
v -0.699219 -0.099609 -0.261719
v -0.616094 -0.109531 -0.167969
v -0.69873 -0.11377 -0.174805
v -0.699219 -0.099609 -0.261719
v -0.793335 -0.121094 -0.181519
v -0.792969 -0.119629 -0.258301
v 0.492188 0.185547 0.720703
v 0.503906 0.242676 0.717773
v 0.472656 0.243042 0.751221
v 0.463867 0.198242 0.753418
v 0.438843 0.160767 0.759033
v 0.459961 0.137207 0.728027
v 0.492188 0.185547 0.720703
v 0.459961 0.137207 0.728027
v 0.487305 0.108154 0.685547
v 0.52832 0.169922 0.67627
v 0.543457 0.242432 0.672607
v 0.503906 0.242676 0.717773
v -0.492188 0.185547 0.720703
v -0.52832 0.169922 0.67627
v -0.487305 0.108154 0.685547
v -0.459961 0.137207 0.728027
v -0.438843 0.160767 0.759033
v -0.463867 0.198242 0.753418
v -0.492188 0.185547 0.720703
v -0.463867 0.198242 0.753418
v -0.472656 0.243042 0.751221
v -0.503906 0.242676 0.717773
v -0.543457 0.242432 0.672607
v -0.52832 0.169922 0.67627
v 0.558594 0.158203 0.625
v 0.576172 0.242676 0.621094
v 0.543457 0.242432 0.672607
v 0.52832 0.169922 0.67627
v 0.487305 0.108154 0.685547
v 0.510742 0.086426 0.635254
v 0.558594 0.158203 0.625
v 0.510742 0.086426 0.635254
v 0.532227 0.068359 0.581055
v 0.585938 0.148438 0.570312
v 0.605469 0.243164 0.566406
v 0.576172 0.242676 0.621094
v -0.558594 0.158203 0.625
v -0.585938 0.148438 0.570312
v -0.532227 0.068359 0.581055
v -0.510742 0.086426 0.635254
v -0.487305 0.108154 0.685547
v -0.52832 0.169922 0.67627
v -0.558594 0.158203 0.625
v -0.52832 0.169922 0.67627
v -0.543457 0.242432 0.672607
v -0.576172 0.242676 0.621094
v -0.605469 0.243164 0.566406
v -0.585938 0.148438 0.570312
v 0.4375 0.039062 0.650391
v 0.510742 0.086426 0.635254
v 0.487305 0.108154 0.685547
v 0.424805 0.067383 0.69873
v 0.351685 0.052246 0.713013
v 0.351562 0.021484 0.666992
v 0.4375 0.039062 0.650391
v 0.351562 0.021484 0.666992
v 0.351562 -0.003906 0.616211
v 0.449219 0.015625 0.597656
v 0.532227 0.068359 0.581055
v 0.510742 0.086426 0.635254
v -0.4375 0.039062 0.650391
v -0.449219 0.015625 0.597656
v -0.351562 -0.003906 0.616211
v -0.351562 0.021484 0.666992
v -0.351685 0.052246 0.713013
v -0.424805 0.067383 0.69873
v -0.4375 0.039062 0.650391
v -0.424805 0.067383 0.69873
v -0.487305 0.108154 0.685547
v -0.510742 0.086426 0.635254
v -0.532227 0.068359 0.581055
v -0.449219 0.015625 0.597656
v 0.410156 0.105469 0.738281
v 0.459961 0.137207 0.728027
v 0.438843 0.160767 0.759033
v 0.398926 0.13623 0.76709
v 0.352417 0.127197 0.776123
v 0.352051 0.09375 0.749512
v 0.410156 0.105469 0.738281
v 0.352051 0.09375 0.749512
v 0.351685 0.052246 0.713013
v 0.424805 0.067383 0.69873
v 0.487305 0.108154 0.685547
v 0.459961 0.137207 0.728027
v -0.410156 0.105469 0.738281
v -0.424805 0.067383 0.69873
v -0.351685 0.052246 0.713013
v -0.352051 0.09375 0.749512
v -0.352417 0.127197 0.776123
v -0.398926 0.13623 0.76709
v -0.410156 0.105469 0.738281
v -0.398926 0.13623 0.76709
v -0.438843 0.160767 0.759033
v -0.459961 0.137207 0.728027
v -0.487305 0.108154 0.685547
v -0.424805 0.067383 0.69873
v 0.294922 0.105469 0.759766
v 0.352051 0.09375 0.749512
v 0.352417 0.127197 0.776123
v 0.307617 0.13623 0.784668
v 0.270142 0.160767 0.790894
v 0.246582 0.137207 0.76709
v 0.294922 0.105469 0.759766
v 0.246582 0.137207 0.76709
v 0.216675 0.108154 0.734497
v 0.278809 0.067383 0.725586
v 0.351685 0.052246 0.713013
v 0.352051 0.09375 0.749512
v -0.294922 0.105469 0.759766
v -0.278809 0.067383 0.725586
v -0.216675 0.108154 0.734497
v -0.246582 0.137207 0.76709
v -0.270142 0.160767 0.790894
v -0.307617 0.13623 0.784668
v -0.294922 0.105469 0.759766
v -0.307617 0.13623 0.784668
v -0.352417 0.127197 0.776123
v -0.352051 0.09375 0.749512
v -0.351685 0.052246 0.713013
v -0.278809 0.067383 0.725586
v 0.265625 0.039062 0.681641
v 0.351562 0.021484 0.666992
v 0.351685 0.052246 0.713013
v 0.278809 0.067383 0.725586
v 0.216675 0.108154 0.734497
v 0.192383 0.086426 0.692383
v 0.265625 0.039062 0.681641
v 0.192383 0.086426 0.692383
v 0.170898 0.068359 0.645508
v 0.253906 0.015625 0.632812
v 0.351562 -0.003906 0.616211
v 0.351562 0.021484 0.666992
v -0.265625 0.039062 0.681641
v -0.253906 0.015625 0.632812
v -0.170898 0.068359 0.645508
v -0.192383 0.086426 0.692383
v -0.216675 0.108154 0.734497
v -0.278809 0.067383 0.725586
v -0.265625 0.039062 0.681641
v -0.278809 0.067383 0.725586
v -0.351685 0.052246 0.713013
v -0.351562 0.021484 0.666992
v -0.351562 -0.003906 0.616211
v -0.253906 0.015625 0.632812
v 0.144531 0.158203 0.697266
v 0.192383 0.086426 0.692383
v 0.216675 0.108154 0.734497
v 0.144531 0.158203 0.697266
v 0.175781 0.169922 0.737793
v 0.160645 0.242432 0.738037
v 0.126953 0.242676 0.698242
v 0.097656 0.243164 0.654297
v 0.117188 0.148438 0.652344
v 0.117188 0.148438 0.652344
v 0.170898 0.068359 0.645508
v 0.192383 0.086426 0.692383
v -0.117188 0.148438 0.652344
v -0.097656 0.243164 0.654297
v -0.126953 0.242676 0.698242
v -0.144531 0.158203 0.697266
v -0.126953 0.242676 0.698242
v -0.160645 0.242432 0.738037
v -0.144531 0.158203 0.697266
v -0.175781 0.169922 0.737793
v -0.216675 0.108154 0.734497
v -0.192383 0.086426 0.692383
v -0.170898 0.068359 0.645508
v -0.117188 0.148438 0.652344
v 0.214844 0.185547 0.769531
v 0.246582 0.137207 0.76709
v 0.270142 0.160767 0.790894
v 0.245605 0.198242 0.792969
v 0.236572 0.243042 0.792969
v 0.203125 0.242676 0.769531
v 0.203125 0.242676 0.769531
v 0.160645 0.242432 0.738037
v 0.175781 0.169922 0.737793
v 0.175781 0.169922 0.737793
v 0.216675 0.108154 0.734497
v 0.246582 0.137207 0.76709
v -0.175781 0.169922 0.737793
v -0.160645 0.242432 0.738037
v -0.203125 0.242676 0.769531
v -0.203125 0.242676 0.769531
v -0.236572 0.243042 0.792969
v -0.245605 0.198242 0.792969
v -0.214844 0.185547 0.769531
v -0.245605 0.198242 0.792969
v -0.270142 0.160767 0.790894
v -0.246582 0.137207 0.76709
v -0.216675 0.108154 0.734497
v -0.175781 0.169922 0.737793
v 0.214844 0.300781 0.769531
v 0.203125 0.242676 0.769531
v 0.236572 0.243042 0.792969
v 0.214844 0.300781 0.769531
v 0.245605 0.289551 0.792969
v 0.270142 0.32959 0.790894
v 0.246582 0.350586 0.76709
v 0.216675 0.37793 0.734497
v 0.175781 0.31543 0.737793
v 0.175781 0.31543 0.737793
v 0.160645 0.242432 0.738037
v 0.203125 0.242676 0.769531
v -0.175781 0.31543 0.737793
v -0.216675 0.37793 0.734497
v -0.246582 0.350586 0.76709
v -0.214844 0.300781 0.769531
v -0.246582 0.350586 0.76709
v -0.270142 0.32959 0.790894
v -0.214844 0.300781 0.769531
v -0.245605 0.289551 0.792969
v -0.236572 0.243042 0.792969
v -0.203125 0.242676 0.769531
v -0.160645 0.242432 0.738037
v -0.175781 0.31543 0.737793
v 0.126953 0.242676 0.698242
v 0.160645 0.242432 0.738037
v 0.175781 0.31543 0.737793
v 0.144531 0.328125 0.697266
v 0.175781 0.31543 0.737793
v 0.216675 0.37793 0.734497
v 0.192383 0.401367 0.692383
v 0.170898 0.422852 0.645508
v 0.117188 0.339844 0.652344
v 0.144531 0.328125 0.697266
v 0.117188 0.339844 0.652344
v 0.097656 0.243164 0.654297
v -0.117188 0.339844 0.652344
v -0.170898 0.422852 0.645508
v -0.192383 0.401367 0.692383
v -0.144531 0.328125 0.697266
v -0.192383 0.401367 0.692383
v -0.216675 0.37793 0.734497
v -0.175781 0.31543 0.737793
v -0.160645 0.242432 0.738037
v -0.126953 0.242676 0.698242
v -0.144531 0.328125 0.697266
v -0.126953 0.242676 0.698242
v -0.097656 0.243164 0.654297
v 0.192383 0.401367 0.692383
v 0.216675 0.37793 0.734497
v 0.278809 0.418945 0.725586
v 0.265625 0.449219 0.681641
v 0.278809 0.418945 0.725586
v 0.351685 0.434082 0.713013
v 0.351562 0.466797 0.666992
v 0.351562 0.496094 0.616211
v 0.253906 0.476562 0.632812
v 0.265625 0.449219 0.681641
v 0.253906 0.476562 0.632812
v 0.170898 0.422852 0.645508
v -0.253906 0.476562 0.632812
v -0.351562 0.496094 0.616211
v -0.351562 0.466797 0.666992
v -0.265625 0.449219 0.681641
v -0.351562 0.466797 0.666992
v -0.351685 0.434082 0.713013
v -0.278809 0.418945 0.725586
v -0.216675 0.37793 0.734497
v -0.192383 0.401367 0.692383
v -0.265625 0.449219 0.681641
v -0.192383 0.401367 0.692383
v -0.170898 0.422852 0.645508
v 0.246582 0.350586 0.76709
v 0.270142 0.32959 0.790894
v 0.307617 0.35498 0.784668
v 0.294922 0.382812 0.759766
v 0.307617 0.35498 0.784668
v 0.352417 0.364014 0.776123
v 0.352051 0.394531 0.749512
v 0.351685 0.434082 0.713013
v 0.278809 0.418945 0.725586
v 0.294922 0.382812 0.759766
v 0.278809 0.418945 0.725586
v 0.216675 0.37793 0.734497
v -0.278809 0.418945 0.725586
v -0.351685 0.434082 0.713013
v -0.352051 0.394531 0.749512
v -0.294922 0.382812 0.759766
v -0.352051 0.394531 0.749512
v -0.352417 0.364014 0.776123
v -0.307617 0.35498 0.784668
v -0.270142 0.32959 0.790894
v -0.246582 0.350586 0.76709
v -0.294922 0.382812 0.759766
v -0.246582 0.350586 0.76709
v -0.216675 0.37793 0.734497
v 0.352051 0.394531 0.749512
v 0.352417 0.364014 0.776123
v 0.398926 0.35498 0.76709
v 0.410156 0.382812 0.738281
v 0.398926 0.35498 0.76709
v 0.438843 0.32959 0.759033
v 0.459961 0.350586 0.728027
v 0.487305 0.37793 0.685547
v 0.424805 0.418945 0.69873
v 0.410156 0.382812 0.738281
v 0.424805 0.418945 0.69873
v 0.351685 0.434082 0.713013
v -0.424805 0.418945 0.69873
v -0.487305 0.37793 0.685547
v -0.459961 0.350586 0.728027
v -0.410156 0.382812 0.738281
v -0.459961 0.350586 0.728027
v -0.438843 0.32959 0.759033
v -0.398926 0.35498 0.76709
v -0.352417 0.364014 0.776123
v -0.352051 0.394531 0.749512
v -0.410156 0.382812 0.738281
v -0.352051 0.394531 0.749512
v -0.351685 0.434082 0.713013
v 0.351562 0.466797 0.666992
v 0.351685 0.434082 0.713013
v 0.424805 0.418945 0.69873
v 0.4375 0.449219 0.650391
v 0.424805 0.418945 0.69873
v 0.487305 0.37793 0.685547
v 0.510742 0.401367 0.635254
v 0.532227 0.422852 0.581055
v 0.449219 0.476562 0.597656
v 0.4375 0.449219 0.650391
v 0.449219 0.476562 0.597656
v 0.351562 0.496094 0.616211
v -0.449219 0.476562 0.597656
v -0.532227 0.422852 0.581055
v -0.510742 0.401367 0.635254
v -0.4375 0.449219 0.650391
v -0.510742 0.401367 0.635254
v -0.487305 0.37793 0.685547
v -0.424805 0.418945 0.69873
v -0.351685 0.434082 0.713013
v -0.351562 0.466797 0.666992
v -0.4375 0.449219 0.650391
v -0.351562 0.466797 0.666992
v -0.351562 0.496094 0.616211
v 0.510742 0.401367 0.635254
v 0.487305 0.37793 0.685547
v 0.52832 0.31543 0.67627
v 0.558594 0.328125 0.625
v 0.52832 0.31543 0.67627
v 0.543457 0.242432 0.672607
v 0.576172 0.242676 0.621094
v 0.605469 0.243164 0.566406
v 0.585938 0.339844 0.570312
v 0.558594 0.328125 0.625
v 0.585938 0.339844 0.570312
v 0.532227 0.422852 0.581055
v -0.585938 0.339844 0.570312
v -0.605469 0.243164 0.566406
v -0.576172 0.242676 0.621094
v -0.558594 0.328125 0.625
v -0.576172 0.242676 0.621094
v -0.543457 0.242432 0.672607
v -0.52832 0.31543 0.67627
v -0.487305 0.37793 0.685547
v -0.510742 0.401367 0.635254
v -0.558594 0.328125 0.625
v -0.510742 0.401367 0.635254
v -0.532227 0.422852 0.581055
v 0.459961 0.350586 0.728027
v 0.438843 0.32959 0.759033
v 0.463867 0.289551 0.753418
v 0.492188 0.300781 0.720703
v 0.463867 0.289551 0.753418
v 0.472656 0.243042 0.751221
v 0.503906 0.242676 0.717773
v 0.543457 0.242432 0.672607
v 0.52832 0.31543 0.67627
v 0.492188 0.300781 0.720703
v 0.52832 0.31543 0.67627
v 0.487305 0.37793 0.685547
v -0.52832 0.31543 0.67627
v -0.543457 0.242432 0.672607
v -0.503906 0.242676 0.717773
v -0.492188 0.300781 0.720703
v -0.503906 0.242676 0.717773
v -0.472656 0.243042 0.751221
v -0.463867 0.289551 0.753418
v -0.438843 0.32959 0.759033
v -0.459961 0.350586 0.728027
v -0.492188 0.300781 0.720703
v -0.459961 0.350586 0.728027
v -0.487305 0.37793 0.685547
v 0.464844 0.243164 0.767578
v 0.472656 0.243042 0.751221
v 0.463867 0.289551 0.753418
v 0.457031 0.287109 0.769531
v 0.463867 0.289551 0.753418
v 0.438843 0.32959 0.759033
v 0.434082 0.325195 0.774902
v 0.427531 0.318929 0.785848
v 0.450846 0.284668 0.779622
v 0.457031 0.287109 0.769531
v 0.450846 0.284668 0.779622
v 0.455404 0.243083 0.778971
v -0.450846 0.284668 0.779622
v -0.427531 0.318929 0.785848
v -0.434082 0.325195 0.774902
v -0.457031 0.287109 0.769531
v -0.434082 0.325195 0.774902
v -0.438843 0.32959 0.759033
v -0.463867 0.289551 0.753418
v -0.472656 0.243042 0.751221
v -0.464844 0.243164 0.767578
v -0.457031 0.287109 0.769531
v -0.464844 0.243164 0.767578
v -0.455404 0.243083 0.778971
v 0.434082 0.325195 0.774902
v 0.438843 0.32959 0.759033
v 0.398926 0.35498 0.76709
v 0.396484 0.349609 0.783203
v 0.398926 0.35498 0.76709
v 0.352417 0.364014 0.776123
v 0.352539 0.358398 0.79248
v 0.352458 0.350505 0.803426
v 0.394043 0.344564 0.793457
v 0.396484 0.349609 0.783203
v 0.394043 0.344564 0.793457
v 0.427531 0.318929 0.785848
v -0.394043 0.344564 0.793457
v -0.352458 0.350505 0.803426
v -0.352539 0.358398 0.79248
v -0.396484 0.349609 0.783203
v -0.352539 0.358398 0.79248
v -0.352417 0.364014 0.776123
v -0.398926 0.35498 0.76709
v -0.438843 0.32959 0.759033
v -0.434082 0.325195 0.774902
v -0.396484 0.349609 0.783203
v -0.434082 0.325195 0.774902
v -0.427531 0.318929 0.785848
v 0.352539 0.358398 0.79248
v 0.352417 0.364014 0.776123
v 0.307617 0.35498 0.784668
v 0.310547 0.349609 0.800781
v 0.307617 0.35498 0.784668
v 0.270142 0.32959 0.790894
v 0.275391 0.325195 0.806641
v 0.280924 0.318929 0.816406
v 0.312663 0.344564 0.810872
v 0.310547 0.349609 0.800781
v 0.312663 0.344564 0.810872
v 0.352458 0.350505 0.803426
v -0.312663 0.344564 0.810872
v -0.280924 0.318929 0.816406
v -0.275391 0.325195 0.806641
v -0.310547 0.349609 0.800781
v -0.275391 0.325195 0.806641
v -0.270142 0.32959 0.790894
v -0.307617 0.35498 0.784668
v -0.352417 0.364014 0.776123
v -0.352539 0.358398 0.79248
v -0.310547 0.349609 0.800781
v -0.352539 0.358398 0.79248
v -0.352458 0.350505 0.803426
v 0.275391 0.325195 0.806641
v 0.270142 0.32959 0.790894
v 0.245605 0.289551 0.792969
v 0.245605 0.289551 0.792969
v 0.236572 0.243042 0.792969
v 0.243164 0.243164 0.808594
v 0.243164 0.243164 0.808594
v 0.250244 0.243083 0.818197
v 0.256348 0.284668 0.818034
v 0.251953 0.287109 0.808594
v 0.256348 0.284668 0.818034
v 0.280924 0.318929 0.816406
v -0.256348 0.284668 0.818034
v -0.250244 0.243083 0.818197
v -0.243164 0.243164 0.808594
v -0.243164 0.243164 0.808594
v -0.236572 0.243042 0.792969
v -0.245605 0.289551 0.792969
v -0.245605 0.289551 0.792969
v -0.270142 0.32959 0.790894
v -0.275391 0.325195 0.806641
v -0.251953 0.287109 0.808594
v -0.275391 0.325195 0.806641
v -0.280924 0.318929 0.816406
v 0.251953 0.201172 0.808594
v 0.243164 0.243164 0.808594
v 0.236572 0.243042 0.792969
v 0.245605 0.198242 0.792969
v 0.270142 0.160767 0.790894
v 0.275391 0.166016 0.806641
v 0.251953 0.201172 0.808594
v 0.275391 0.166016 0.806641
v 0.280924 0.171549 0.816406
v 0.256348 0.203288 0.818034
v 0.250244 0.243083 0.818197
v 0.243164 0.243164 0.808594
v -0.251953 0.201172 0.808594
v -0.256348 0.203288 0.818034
v -0.280924 0.171549 0.816406
v -0.275391 0.166016 0.806641
v -0.270142 0.160767 0.790894
v -0.245605 0.198242 0.792969
v -0.251953 0.201172 0.808594
v -0.245605 0.198242 0.792969
v -0.236572 0.243042 0.792969
v -0.243164 0.243164 0.808594
v -0.250244 0.243083 0.818197
v -0.256348 0.203288 0.818034
v 0.310547 0.142578 0.800781
v 0.275391 0.166016 0.806641
v 0.270142 0.160767 0.790894
v 0.307617 0.13623 0.784668
v 0.352417 0.127197 0.776123
v 0.352539 0.133789 0.79248
v 0.310547 0.142578 0.800781
v 0.352539 0.133789 0.79248
v 0.352458 0.140869 0.803426
v 0.312663 0.146973 0.810872
v 0.280924 0.171549 0.816406
v 0.275391 0.166016 0.806641
v -0.310547 0.142578 0.800781
v -0.312663 0.146973 0.810872
v -0.352458 0.140869 0.803426
v -0.352539 0.133789 0.79248
v -0.352417 0.127197 0.776123
v -0.307617 0.13623 0.784668
v -0.310547 0.142578 0.800781
v -0.307617 0.13623 0.784668
v -0.270142 0.160767 0.790894
v -0.275391 0.166016 0.806641
v -0.280924 0.171549 0.816406
v -0.312663 0.146973 0.810872
v 0.396484 0.142578 0.783203
v 0.352539 0.133789 0.79248
v 0.352417 0.127197 0.776123
v 0.398926 0.13623 0.76709
v 0.438843 0.160767 0.759033
v 0.434082 0.166016 0.774902
v 0.396484 0.142578 0.783203
v 0.434082 0.166016 0.774902
v 0.427531 0.171549 0.785848
v 0.394043 0.146973 0.793457
v 0.352458 0.140869 0.803426
v 0.352539 0.133789 0.79248
v -0.396484 0.142578 0.783203
v -0.394043 0.146973 0.793457
v -0.427531 0.171549 0.785848
v -0.434082 0.166016 0.774902
v -0.438843 0.160767 0.759033
v -0.398926 0.13623 0.76709
v -0.396484 0.142578 0.783203
v -0.398926 0.13623 0.76709
v -0.352417 0.127197 0.776123
v -0.352539 0.133789 0.79248
v -0.352458 0.140869 0.803426
v -0.394043 0.146973 0.793457
v 0.457031 0.201172 0.769531
v 0.434082 0.166016 0.774902
v 0.438843 0.160767 0.759033
v 0.463867 0.198242 0.753418
v 0.472656 0.243042 0.751221
v 0.464844 0.243164 0.767578
v 0.457031 0.201172 0.769531
v 0.464844 0.243164 0.767578
v 0.455404 0.243083 0.778971
v 0.450846 0.203288 0.779622
v 0.427531 0.171549 0.785848
v 0.434082 0.166016 0.774902
v -0.457031 0.201172 0.769531
v -0.450846 0.203288 0.779622
v -0.455404 0.243083 0.778971
v -0.464844 0.243164 0.767578
v -0.472656 0.243042 0.751221
v -0.463867 0.198242 0.753418
v -0.457031 0.201172 0.769531
v -0.463867 0.198242 0.753418
v -0.438843 0.160767 0.759033
v -0.434082 0.166016 0.774902
v -0.427531 0.171549 0.785848
v -0.450846 0.203288 0.779622
v 0.419271 0.242839 0.797526
v 0.351969 0.242798 0.822428
v 0.401042 0.195964 0.802083
v 0.424479 0.213542 0.794271
v 0.401042 0.195964 0.802083
v 0.427531 0.171549 0.785848
v 0.424479 0.213542 0.794271
v 0.450846 0.203288 0.779622
v 0.455404 0.243083 0.778971
v -0.424479 0.213542 0.794271
v -0.419271 0.242839 0.797526
v -0.455404 0.243083 0.778971
v -0.424479 0.213542 0.794271
v -0.450846 0.203288 0.779622
v -0.427531 0.171549 0.785848
v -0.401042 0.195964 0.802083
v -0.351969 0.242798 0.822428
v -0.419271 0.242839 0.797526
v 0.382812 0.171875 0.804688
v 0.352214 0.175781 0.813802
v 0.352458 0.140869 0.803426
v 0.382812 0.171875 0.804688
v 0.394043 0.146973 0.793457
v 0.427531 0.171549 0.785848
v 0.401042 0.195964 0.802083
v 0.351969 0.242798 0.822428
v 0.352214 0.175781 0.813802
v -0.352214 0.175781 0.813802
v -0.351969 0.242798 0.822428
v -0.401042 0.195964 0.802083
v -0.382812 0.171875 0.804688
v -0.401042 0.195964 0.802083
v -0.427531 0.171549 0.785848
v -0.382812 0.171875 0.804688
v -0.394043 0.146973 0.793457
v -0.352458 0.140869 0.803426
v 0.352214 0.175781 0.813802
v 0.351969 0.242798 0.822428
v 0.305339 0.195964 0.822266
v 0.322917 0.171875 0.817708
v 0.305339 0.195964 0.822266
v 0.280924 0.171549 0.816406
v 0.322917 0.171875 0.817708
v 0.312663 0.146973 0.810872
v 0.352458 0.140869 0.803426
v -0.322917 0.171875 0.817708
v -0.352214 0.175781 0.813802
v -0.352458 0.140869 0.803426
v -0.322917 0.171875 0.817708
v -0.312663 0.146973 0.810872
v -0.280924 0.171549 0.816406
v -0.305339 0.195964 0.822266
v -0.351969 0.242798 0.822428
v -0.352214 0.175781 0.813802
v 0.305339 0.195964 0.822266
v 0.351969 0.242798 0.822428
v 0.285156 0.242839 0.823568
v 0.28125 0.213542 0.822917
v 0.285156 0.242839 0.823568
v 0.250244 0.243083 0.818197
v 0.28125 0.213542 0.822917
v 0.256348 0.203288 0.818034
v 0.280924 0.171549 0.816406
v -0.28125 0.213542 0.822917
v -0.305339 0.195964 0.822266
v -0.280924 0.171549 0.816406
v -0.28125 0.213542 0.822917
v -0.256348 0.203288 0.818034
v -0.250244 0.243083 0.818197
v -0.285156 0.242839 0.823568
v -0.351969 0.242798 0.822428
v -0.305339 0.195964 0.822266
v 0.285156 0.242839 0.823568
v 0.351969 0.242798 0.822428
v 0.305339 0.292318 0.822266
v 0.28125 0.273438 0.822917
v 0.305339 0.292318 0.822266
v 0.280924 0.318929 0.816406
v 0.28125 0.273438 0.822917
v 0.256348 0.284668 0.818034
v 0.250244 0.243083 0.818197
v -0.28125 0.273438 0.822917
v -0.285156 0.242839 0.823568
v -0.250244 0.243083 0.818197
v -0.28125 0.273438 0.822917
v -0.256348 0.284668 0.818034
v -0.280924 0.318929 0.816406
v -0.305339 0.292318 0.822266
v -0.351969 0.242798 0.822428
v -0.285156 0.242839 0.823568
v 0.305339 0.292318 0.822266
v 0.351969 0.242798 0.822428
v 0.352214 0.313151 0.813802
v 0.322917 0.317708 0.817708
v 0.352214 0.313151 0.813802
v 0.352458 0.350505 0.803426
v 0.322917 0.317708 0.817708
v 0.312663 0.344564 0.810872
v 0.280924 0.318929 0.816406
v -0.322917 0.317708 0.817708
v -0.305339 0.292318 0.822266
v -0.280924 0.318929 0.816406
v -0.322917 0.317708 0.817708
v -0.312663 0.344564 0.810872
v -0.352458 0.350505 0.803426
v -0.352214 0.313151 0.813802
v -0.351969 0.242798 0.822428
v -0.305339 0.292318 0.822266
v 0.352214 0.313151 0.813802
v 0.351969 0.242798 0.822428
v 0.401042 0.292318 0.802083
v 0.382812 0.317708 0.804688
v 0.401042 0.292318 0.802083
v 0.427531 0.318929 0.785848
v 0.382812 0.317708 0.804688
v 0.394043 0.344564 0.793457
v 0.352458 0.350505 0.803426
v -0.382812 0.317708 0.804688
v -0.352214 0.313151 0.813802
v -0.352458 0.350505 0.803426
v -0.382812 0.317708 0.804688
v -0.394043 0.344564 0.793457
v -0.427531 0.318929 0.785848
v -0.401042 0.292318 0.802083
v -0.351969 0.242798 0.822428
v -0.352214 0.313151 0.813802
v 0.401042 0.292318 0.802083
v 0.351969 0.242798 0.822428
v 0.419271 0.242839 0.797526
v 0.424479 0.273438 0.794271
v 0.419271 0.242839 0.797526
v 0.455404 0.243083 0.778971
v 0.424479 0.273438 0.794271
v 0.450846 0.284668 0.779622
v 0.427531 0.318929 0.785848
v -0.424479 0.273438 0.794271
v -0.401042 0.292318 0.802083
v -0.427531 0.318929 0.785848
v -0.424479 0.273438 0.794271
v -0.450846 0.284668 0.779622
v -0.455404 0.243083 0.778971
v -0.419271 0.242839 0.797526
v -0.351969 0.242798 0.822428
v -0.401042 0.292318 0.802083
v 0.087891 -0.969727 0.560547
v 0.171387 -0.960205 0.54895
v 0.164062 -0.94873 0.59375
v 0.085938 -0.957031 0.601562
v 0.164062 -0.94873 0.59375
v 0.143921 -0.927979 0.631592
v 0.07666 -0.936035 0.634766
v 0 -0.939697 0.636719
v 0 -0.960938 0.605469
v 0.085938 -0.957031 0.601562
v 0 -0.960938 0.605469
v 0 -0.974121 0.565918
v 0 -0.960938 0.605469
v 0 -0.939697 0.636719
v -0.07666 -0.936035 0.634766
v -0.085938 -0.957031 0.601562
v -0.07666 -0.936035 0.634766
v -0.143921 -0.927979 0.631592
v -0.164062 -0.94873 0.59375
v -0.171387 -0.960205 0.54895
v -0.087891 -0.969727 0.560547
v -0.085938 -0.957031 0.601562
v -0.087891 -0.969727 0.560547
v 0 -0.974121 0.565918
v 0.246094 -0.949219 0.535645
v 0.302368 -0.930664 0.526001
v 0.271973 -0.922852 0.58252
v 0.226562 -0.939453 0.585938
v 0.271973 -0.922852 0.58252
v 0.225098 -0.899292 0.632568
v 0.192383 -0.918457 0.629883
v 0.143921 -0.927979 0.631592
v 0.164062 -0.94873 0.59375
v 0.226562 -0.939453 0.585938
v 0.164062 -0.94873 0.59375
v 0.171387 -0.960205 0.54895
v -0.164062 -0.94873 0.59375
v -0.143921 -0.927979 0.631592
v -0.192383 -0.918457 0.629883
v -0.226562 -0.939453 0.585938
v -0.192383 -0.918457 0.629883
v -0.225098 -0.899292 0.632568
v -0.271973 -0.922852 0.58252
v -0.302368 -0.930664 0.526001
v -0.246094 -0.949219 0.535645
v -0.226562 -0.939453 0.585938
v -0.246094 -0.949219 0.535645
v -0.171387 -0.960205 0.54895
v 0.298828 -0.892578 0.587891
v 0.330566 -0.898438 0.525391
v 0.338867 -0.845703 0.532471
v 0.310059 -0.845215 0.599121
v 0.253784 -0.813354 0.65564
v 0.245117 -0.862305 0.642578
v 0.298828 -0.892578 0.587891
v 0.245117 -0.862305 0.642578
v 0.225098 -0.899292 0.632568
v 0.298828 -0.892578 0.587891
v 0.271973 -0.922852 0.58252
v 0.302368 -0.930664 0.526001
v -0.298828 -0.892578 0.587891
v -0.271973 -0.922852 0.58252
v -0.225098 -0.899292 0.632568
v -0.245117 -0.862305 0.642578
v -0.253784 -0.813354 0.65564
v -0.310059 -0.845215 0.599121
v -0.298828 -0.892578 0.587891
v -0.310059 -0.845215 0.599121
v -0.338867 -0.845703 0.532471
v -0.298828 -0.892578 0.587891
v -0.330566 -0.898438 0.525391
v -0.302368 -0.930664 0.526001
v 0.335449 -0.765625 0.545898
v 0.323975 -0.664795 0.55896
v 0.297852 -0.686523 0.626465
v 0.297852 -0.686523 0.626465
v 0.242798 -0.682739 0.678345
v 0.252441 -0.758301 0.66748
v 0.308594 -0.777344 0.613281
v 0.252441 -0.758301 0.66748
v 0.253784 -0.813354 0.65564
v 0.310059 -0.845215 0.599121
v 0.338867 -0.845703 0.532471
v 0.335449 -0.765625 0.545898
v -0.308594 -0.777344 0.613281
v -0.310059 -0.845215 0.599121
v -0.253784 -0.813354 0.65564
v -0.252441 -0.758301 0.66748
v -0.242798 -0.682739 0.678345
v -0.297852 -0.686523 0.626465
v -0.297852 -0.686523 0.626465
v -0.323975 -0.664795 0.55896
v -0.335449 -0.765625 0.545898
v -0.335449 -0.765625 0.545898
v -0.338867 -0.845703 0.532471
v -0.310059 -0.845215 0.599121
v 0.308105 -0.549805 0.564941
v 0.288696 -0.443359 0.565674
v 0.26123 -0.45752 0.638184
v 0.26123 -0.45752 0.638184
v 0.208252 -0.459473 0.695435
v 0.226562 -0.572266 0.688477
v 0.28125 -0.570312 0.634766
v 0.226562 -0.572266 0.688477
v 0.242798 -0.682739 0.678345
v 0.28125 -0.570312 0.634766
v 0.297852 -0.686523 0.626465
v 0.323975 -0.664795 0.55896
v -0.28125 -0.570312 0.634766
v -0.297852 -0.686523 0.626465
v -0.242798 -0.682739 0.678345
v -0.226562 -0.572266 0.688477
v -0.208252 -0.459473 0.695435
v -0.26123 -0.45752 0.638184
v -0.26123 -0.45752 0.638184
v -0.288696 -0.443359 0.565674
v -0.308105 -0.549805 0.564941
v -0.28125 -0.570312 0.634766
v -0.308105 -0.549805 0.564941
v -0.323975 -0.664795 0.55896
v 0.291016 -0.119141 0.644531
v 0.200195 -0.150879 0.669922
v 0.226929 -0.177246 0.577515
v 0.312988 -0.148926 0.563477
v 0.427002 -0.116943 0.545776
v 0.412109 -0.087402 0.609863
v 0.291016 -0.119141 0.644531
v 0.412109 -0.087402 0.609863
v 0.393799 -0.043579 0.667725
v 0.272461 -0.069336 0.715332
v 0.142415 -0.0963 0.776693
v 0.200195 -0.150879 0.669922
v -0.291016 -0.119141 0.644531
v -0.272461 -0.069336 0.715332
v -0.393799 -0.043579 0.667725
v -0.412109 -0.087402 0.609863
v -0.427002 -0.116943 0.545776
v -0.312988 -0.148926 0.563477
v -0.291016 -0.119141 0.644531
v -0.312988 -0.148926 0.563477
v -0.226929 -0.177246 0.577515
v -0.200195 -0.150879 0.669922
v -0.142415 -0.0963 0.776693
v -0.272461 -0.069336 0.715332
v 0.521484 -0.042969 0.591797
v 0.412109 -0.087402 0.609863
v 0.427002 -0.116943 0.545776
v 0.521484 -0.042969 0.591797
v 0.529785 -0.072754 0.537598
v 0.625366 -0.012573 0.525269
v 0.521484 -0.042969 0.591797
v 0.618164 0.016113 0.577148
v 0.593506 0.050903 0.62085
v 0.501953 -0.003418 0.63916
v 0.393799 -0.043579 0.667725
v 0.412109 -0.087402 0.609863
v -0.521484 -0.042969 0.591797
v -0.501953 -0.003418 0.63916
v -0.593506 0.050903 0.62085
v -0.521484 -0.042969 0.591797
v -0.618164 0.016113 0.577148
v -0.625366 -0.012573 0.525269
v -0.521484 -0.042969 0.591797
v -0.529785 -0.072754 0.537598
v -0.427002 -0.116943 0.545776
v -0.412109 -0.087402 0.609863
v -0.393799 -0.043579 0.667725
v -0.501953 -0.003418 0.63916
v 0.701172 0.091797 0.552734
v 0.618164 0.016113 0.577148
v 0.625366 -0.012573 0.525269
v 0.717773 0.067383 0.495117
v 0.789429 0.167603 0.481934
v 0.76123 0.183105 0.543457
v 0.701172 0.091797 0.552734
v 0.76123 0.183105 0.543457
v 0.713379 0.197754 0.599365
v 0.665039 0.119141 0.604004
v 0.593506 0.050903 0.62085
v 0.618164 0.016113 0.577148
v -0.701172 0.091797 0.552734
v -0.665039 0.119141 0.604004
v -0.713379 0.197754 0.599365
v -0.76123 0.183105 0.543457
v -0.789429 0.167603 0.481934
v -0.717773 0.067383 0.495117
v -0.701172 0.091797 0.552734
v -0.717773 0.067383 0.495117
v -0.625366 -0.012573 0.525269
v -0.618164 0.016113 0.577148
v -0.593506 0.050903 0.62085
v -0.665039 0.119141 0.604004
v 0.76123 0.183105 0.543457
v 0.789429 0.167603 0.481934
v 0.822754 0.288574 0.520508
v 0.789062 0.289062 0.574219
v 0.822754 0.288574 0.520508
v 0.816772 0.393555 0.573364
v 0.785156 0.379883 0.618652
v 0.733887 0.355591 0.647339
v 0.735352 0.283203 0.617676
v 0.789062 0.289062 0.574219
v 0.735352 0.283203 0.617676
v 0.713379 0.197754 0.599365
v -0.735352 0.283203 0.617676
v -0.733887 0.355591 0.647339
v -0.785156 0.379883 0.618652
v -0.789062 0.289062 0.574219
v -0.785156 0.379883 0.618652
v -0.816772 0.393555 0.573364
v -0.822754 0.288574 0.520508
v -0.789429 0.167603 0.481934
v -0.76123 0.183105 0.543457
v -0.789062 0.289062 0.574219
v -0.76123 0.183105 0.543457
v -0.713379 0.197754 0.599365
v 0.785156 0.379883 0.618652
v 0.816772 0.393555 0.573364
v 0.770508 0.445801 0.603027
v 0.75 0.425781 0.650391
v 0.770508 0.445801 0.603027
v 0.693237 0.479858 0.624512
v 0.682617 0.458984 0.677734
v 0.658203 0.42749 0.707153
v 0.711914 0.39502 0.676758
v 0.75 0.425781 0.650391
v 0.711914 0.39502 0.676758
v 0.733887 0.355591 0.647339
v -0.711914 0.39502 0.676758
v -0.658203 0.42749 0.707153
v -0.682617 0.458984 0.677734
v -0.75 0.425781 0.650391
v -0.682617 0.458984 0.677734
v -0.693237 0.479858 0.624512
v -0.770508 0.445801 0.603027
v -0.816772 0.393555 0.573364
v -0.785156 0.379883 0.618652
v -0.75 0.425781 0.650391
v -0.785156 0.379883 0.618652
v -0.733887 0.355591 0.647339
v 0.682617 0.458984 0.677734
v 0.693237 0.479858 0.624512
v 0.594238 0.530273 0.652832
v 0.582031 0.511719 0.708984
v 0.594238 0.530273 0.652832
v 0.491455 0.592407 0.682251
v 0.475586 0.574219 0.739258
v 0.456909 0.536621 0.769775
v 0.561523 0.479004 0.739746
v 0.582031 0.511719 0.708984
v 0.561523 0.479004 0.739746
v 0.658203 0.42749 0.707153
v -0.561523 0.479004 0.739746
v -0.456909 0.536621 0.769775
v -0.475586 0.574219 0.739258
v -0.582031 0.511719 0.708984
v -0.475586 0.574219 0.739258
v -0.491455 0.592407 0.682251
v -0.594238 0.530273 0.652832
v -0.693237 0.479858 0.624512
v -0.682617 0.458984 0.677734
v -0.582031 0.511719 0.708984
v -0.682617 0.458984 0.677734
v -0.658203 0.42749 0.707153
v 0.475586 0.574219 0.739258
v 0.491455 0.592407 0.682251
v 0.402832 0.661621 0.707031
v 0.390625 0.636719 0.763672
v 0.402832 0.661621 0.707031
v 0.322388 0.711792 0.726685
v 0.390625 0.636719 0.763672
v 0.317871 0.679688 0.782227
v 0.317383 0.619995 0.808838
v 0.379395 0.587402 0.79248
v 0.456909 0.536621 0.769775
v 0.475586 0.574219 0.739258
v -0.390625 0.636719 0.763672
v -0.379395 0.587402 0.79248
v -0.317383 0.619995 0.808838
v -0.390625 0.636719 0.763672
v -0.317871 0.679688 0.782227
v -0.322388 0.711792 0.726685
v -0.402832 0.661621 0.707031
v -0.491455 0.592407 0.682251
v -0.475586 0.574219 0.739258
v -0.475586 0.574219 0.739258
v -0.456909 0.536621 0.769775
v -0.379395 0.587402 0.79248
v 0.317871 0.679688 0.782227
v 0.322388 0.711792 0.726685
v 0.244141 0.716797 0.740723
v 0.248047 0.683594 0.794922
v 0.244141 0.716797 0.740723
v 0.174561 0.67627 0.748169
v 0.18457 0.645996 0.80127
v 0.204834 0.592285 0.825439
v 0.259277 0.623047 0.819824
v 0.259277 0.623047 0.819824
v 0.317383 0.619995 0.808838
v 0.317871 0.679688 0.782227
v -0.259277 0.623047 0.819824
v -0.204834 0.592285 0.825439
v -0.18457 0.645996 0.80127
v -0.248047 0.683594 0.794922
v -0.18457 0.645996 0.80127
v -0.174561 0.67627 0.748169
v -0.244141 0.716797 0.740723
v -0.322388 0.711792 0.726685
v -0.317871 0.679688 0.782227
v -0.317871 0.679688 0.782227
v -0.317383 0.619995 0.808838
v -0.259277 0.623047 0.819824
v 0.18457 0.645996 0.80127
v 0.174561 0.67627 0.748169
v 0.120117 0.589844 0.748047
v 0.130859 0.564453 0.800781
v 0.120117 0.589844 0.748047
v 0.075806 0.499878 0.743896
v 0.083984 0.478027 0.795898
v 0.105713 0.44751 0.821411
v 0.153809 0.523438 0.825684
v 0.130859 0.564453 0.800781
v 0.153809 0.523438 0.825684
v 0.204834 0.592285 0.825439
v -0.153809 0.523438 0.825684
v -0.105713 0.44751 0.821411
v -0.083984 0.478027 0.795898
v -0.130859 0.564453 0.800781
v -0.083984 0.478027 0.795898
v -0.075806 0.499878 0.743896
v -0.120117 0.589844 0.748047
v -0.174561 0.67627 0.748169
v -0.18457 0.645996 0.80127
v -0.130859 0.564453 0.800781
v -0.18457 0.645996 0.80127
v -0.204834 0.592285 0.825439
v 0.083984 0.478027 0.795898
v 0.075806 0.499878 0.743896
v 0.036621 0.44873 0.739258
v 0.041016 0.425781 0.789062
v 0.036621 0.44873 0.739258
v 0 0.432861 0.736816
v 0 0.408203 0.785156
v 0 0.352431 0.809679
v 0.060059 0.395508 0.813477
v 0.041016 0.425781 0.789062
v 0.060059 0.395508 0.813477
v 0.105713 0.44751 0.821411
v -0.060059 0.395508 0.813477
v 0 0.352431 0.809679
v 0 0.408203 0.785156
v -0.041016 0.425781 0.789062
v 0 0.408203 0.785156
v 0 0.432861 0.736816
v -0.036621 0.44873 0.739258
v -0.075806 0.499878 0.743896
v -0.083984 0.478027 0.795898
v -0.041016 0.425781 0.789062
v -0.083984 0.478027 0.795898
v -0.105713 0.44751 0.821411
v 0.135742 0.425293 0.806152
v 0.166992 0.407227 0.78064
v 0.20459 0.446289 0.777344
v 0.179688 0.482422 0.806641
v 0.20459 0.446289 0.777344
v 0.24646 0.473877 0.770996
v 0.226562 0.529785 0.803223
v 0.204834 0.592285 0.825439
v 0.153809 0.523438 0.825684
v 0.179688 0.482422 0.806641
v 0.153809 0.523438 0.825684
v 0.105713 0.44751 0.821411
v -0.153809 0.523438 0.825684
v -0.204834 0.592285 0.825439
v -0.226562 0.529785 0.803223
v -0.179688 0.482422 0.806641
v -0.226562 0.529785 0.803223
v -0.24646 0.473877 0.770996
v -0.20459 0.446289 0.777344
v -0.166992 0.407227 0.78064
v -0.135742 0.425293 0.806152
v -0.179688 0.482422 0.806641
v -0.135742 0.425293 0.806152
v -0.105713 0.44751 0.821411
v 0.226562 0.529785 0.803223
v 0.24646 0.473877 0.770996
v 0.287109 0.486328 0.763672
v 0.287109 0.486328 0.763672
v 0.329956 0.484375 0.755249
v 0.322754 0.54834 0.787109
v 0.273438 0.550781 0.796875
v 0.322754 0.54834 0.787109
v 0.317383 0.619995 0.808838
v 0.273438 0.550781 0.796875
v 0.259277 0.623047 0.819824
v 0.204834 0.592285 0.825439
v -0.273438 0.550781 0.796875
v -0.259277 0.623047 0.819824
v -0.317383 0.619995 0.808838
v -0.322754 0.54834 0.787109
v -0.329956 0.484375 0.755249
v -0.287109 0.486328 0.763672
v -0.287109 0.486328 0.763672
v -0.24646 0.473877 0.770996
v -0.226562 0.529785 0.803223
v -0.273438 0.550781 0.796875
v -0.226562 0.529785 0.803223
v -0.204834 0.592285 0.825439
v 0.378418 0.46875 0.745605
v 0.439087 0.443237 0.730469
v 0.445801 0.488281 0.753906
v 0.376953 0.525391 0.773438
v 0.445801 0.488281 0.753906
v 0.456909 0.536621 0.769775
v 0.379395 0.587402 0.79248
v 0.317383 0.619995 0.808838
v 0.322754 0.54834 0.787109
v 0.376953 0.525391 0.773438
v 0.322754 0.54834 0.787109
v 0.329956 0.484375 0.755249
v -0.322754 0.54834 0.787109
v -0.317383 0.619995 0.808838
v -0.379395 0.587402 0.79248
v -0.376953 0.525391 0.773438
v -0.379395 0.587402 0.79248
v -0.456909 0.536621 0.769775
v -0.445801 0.488281 0.753906
v -0.439087 0.443237 0.730469
v -0.378418 0.46875 0.745605
v -0.376953 0.525391 0.773438
v -0.378418 0.46875 0.745605
v -0.329956 0.484375 0.755249
v 0.539062 0.443359 0.726562
v 0.518555 0.411621 0.705566
v 0.590088 0.376709 0.680542
v 0.624023 0.399414 0.697754
v 0.658203 0.42749 0.707153
v 0.561523 0.479004 0.739746
v 0.561523 0.479004 0.739746
v 0.456909 0.536621 0.769775
v 0.445801 0.488281 0.753906
v 0.539062 0.443359 0.726562
v 0.445801 0.488281 0.753906
v 0.439087 0.443237 0.730469
v -0.445801 0.488281 0.753906
v -0.456909 0.536621 0.769775
v -0.561523 0.479004 0.739746
v -0.561523 0.479004 0.739746
v -0.658203 0.42749 0.707153
v -0.624023 0.399414 0.697754
v -0.539062 0.443359 0.726562
v -0.624023 0.399414 0.697754
v -0.590088 0.376709 0.680542
v -0.539062 0.443359 0.726562
v -0.518555 0.411621 0.705566
v -0.439087 0.443237 0.730469
v 0.626953 0.341309 0.665039
v 0.639771 0.300171 0.656006
v 0.683594 0.325684 0.654297
v 0.667969 0.365234 0.673828
v 0.683594 0.325684 0.654297
v 0.733887 0.355591 0.647339
v 0.667969 0.365234 0.673828
v 0.711914 0.39502 0.676758
v 0.658203 0.42749 0.707153
v 0.624023 0.399414 0.697754
v 0.590088 0.376709 0.680542
v 0.626953 0.341309 0.665039
v -0.667969 0.365234 0.673828
v -0.624023 0.399414 0.697754
v -0.658203 0.42749 0.707153
v -0.667969 0.365234 0.673828
v -0.711914 0.39502 0.676758
v -0.733887 0.355591 0.647339
v -0.683594 0.325684 0.654297
v -0.639771 0.300171 0.656006
v -0.626953 0.341309 0.665039
v -0.626953 0.341309 0.665039
v -0.590088 0.376709 0.680542
v -0.624023 0.399414 0.697754
v 0.63916 0.248047 0.650391
v 0.61792 0.189331 0.650635
v 0.662598 0.195801 0.631348
v 0.683594 0.265625 0.638672
v 0.662598 0.195801 0.631348
v 0.713379 0.197754 0.599365
v 0.735352 0.283203 0.617676
v 0.733887 0.355591 0.647339
v 0.683594 0.325684 0.654297
v 0.683594 0.265625 0.638672
v 0.683594 0.325684 0.654297
v 0.639771 0.300171 0.656006
v -0.683594 0.325684 0.654297
v -0.733887 0.355591 0.647339
v -0.735352 0.283203 0.617676
v -0.683594 0.265625 0.638672
v -0.735352 0.283203 0.617676
v -0.713379 0.197754 0.599365
v -0.662598 0.195801 0.631348
v -0.61792 0.189331 0.650635
v -0.63916 0.248047 0.650391
v -0.683594 0.265625 0.638672
v -0.63916 0.248047 0.650391
v -0.639771 0.300171 0.656006
v 0.568848 0.128418 0.65918
v 0.505615 0.075317 0.672729
v 0.548828 0.066406 0.650391
v 0.615234 0.126953 0.636719
v 0.548828 0.066406 0.650391
v 0.593506 0.050903 0.62085
v 0.665039 0.119141 0.604004
v 0.713379 0.197754 0.599365
v 0.662598 0.195801 0.631348
v 0.615234 0.126953 0.636719
v 0.662598 0.195801 0.631348
v 0.61792 0.189331 0.650635
v -0.662598 0.195801 0.631348
v -0.713379 0.197754 0.599365
v -0.665039 0.119141 0.604004
v -0.615234 0.126953 0.636719
v -0.665039 0.119141 0.604004
v -0.593506 0.050903 0.62085
v -0.548828 0.066406 0.650391
v -0.505615 0.075317 0.672729
v -0.568848 0.128418 0.65918
v -0.615234 0.126953 0.636719
v -0.568848 0.128418 0.65918
v -0.61792 0.189331 0.650635
v 0.441895 0.040039 0.687988
v 0.371216 0.027466 0.706543
v 0.379883 -0.004883 0.693848
v 0.470703 0.021484 0.667969
v 0.379883 -0.004883 0.693848
v 0.393799 -0.043579 0.667725
v 0.501953 -0.003418 0.63916
v 0.593506 0.050903 0.62085
v 0.548828 0.066406 0.650391
v 0.470703 0.021484 0.667969
v 0.548828 0.066406 0.650391
v 0.505615 0.075317 0.672729
v -0.548828 0.066406 0.650391
v -0.593506 0.050903 0.62085
v -0.501953 -0.003418 0.63916
v -0.470703 0.021484 0.667969
v -0.501953 -0.003418 0.63916
v -0.393799 -0.043579 0.667725
v -0.379883 -0.004883 0.693848
v -0.371216 0.027466 0.706543
v -0.441895 0.040039 0.687988
v -0.470703 0.021484 0.667969
v -0.441895 0.040039 0.687988
v -0.505615 0.075317 0.672729
v 0.275391 -0.009766 0.732422
v 0.287109 0.04248 0.72998
v 0.212769 0.071533 0.748657
v 0.181641 0.006836 0.76123
v 0.142415 -0.0963 0.776693
v 0.272461 -0.069336 0.715332
v 0.272461 -0.069336 0.715332
v 0.393799 -0.043579 0.667725
v 0.379883 -0.004883 0.693848
v 0.275391 -0.009766 0.732422
v 0.379883 -0.004883 0.693848
v 0.371216 0.027466 0.706543
v -0.379883 -0.004883 0.693848
v -0.393799 -0.043579 0.667725
v -0.272461 -0.069336 0.715332
v -0.272461 -0.069336 0.715332
v -0.142415 -0.0963 0.776693
v -0.181641 0.006836 0.76123
v -0.275391 -0.009766 0.732422
v -0.181641 0.006836 0.76123
v -0.212769 0.071533 0.748657
v -0.275391 -0.009766 0.732422
v -0.287109 0.04248 0.72998
v -0.371216 0.027466 0.706543
v 0.123047 0.044922 0.757812
v 0.181641 0.006836 0.76123
v 0.212769 0.071533 0.748657
v 0.171387 0.101074 0.75293
v 0.149536 0.133545 0.752197
v 0.090332 0.096191 0.746094
v 0.123047 0.044922 0.757812
v 0.090332 0.096191 0.746094
v 0 0.041558 0.738824
v 0.076172 -0.023926 0.763184
v 0.142415 -0.0963 0.776693
v 0.181641 0.006836 0.76123
v -0.123047 0.044922 0.757812
v -0.076172 -0.023926 0.763184
v 0 0.041558 0.738824
v -0.090332 0.096191 0.746094
v -0.149536 0.133545 0.752197
v -0.171387 0.101074 0.75293
v -0.123047 0.044922 0.757812
v -0.171387 0.101074 0.75293
v -0.212769 0.071533 0.748657
v -0.181641 0.006836 0.76123
v -0.142415 -0.0963 0.776693
v -0.076172 -0.023926 0.763184
v 0.13916 0.360352 0.778809
v 0.166992 0.407227 0.78064
v 0.135742 0.425293 0.806152
v 0.097656 0.375 0.800781
v 0.135742 0.425293 0.806152
v 0.105713 0.44751 0.821411
v 0.060059 0.395508 0.813477
v 0 0.352431 0.809679
v 0.071777 0.325195 0.791016
v 0.097656 0.375 0.800781
v 0.071777 0.325195 0.791016
v 0.122559 0.310059 0.773926
v -0.071777 0.325195 0.791016
v 0 0.352431 0.809679
v -0.060059 0.395508 0.813477
v -0.097656 0.375 0.800781
v -0.060059 0.395508 0.813477
v -0.105713 0.44751 0.821411
v -0.135742 0.425293 0.806152
v -0.166992 0.407227 0.78064
v -0.13916 0.360352 0.778809
v -0.097656 0.375 0.800781
v -0.13916 0.360352 0.778809
v -0.122559 0.310059 0.773926
v 0.064453 0.269531 0.777344
v 0.118652 0.260742 0.768066
v 0.122559 0.310059 0.773926
v 0.071777 0.325195 0.791016
v 0 0.352431 0.809679
v 0 0.275391 0.785156
v 0.064453 0.269531 0.777344
v 0 0.275391 0.785156
v 0 0.209473 0.765137
v 0.067871 0.210938 0.762695
v 0.123657 0.213989 0.761841
v 0.118652 0.260742 0.768066
v -0.064453 0.269531 0.777344
v -0.067871 0.210938 0.762695
v 0 0.209473 0.765137
v 0 0.275391 0.785156
v 0 0.352431 0.809679
v -0.071777 0.325195 0.791016
v -0.064453 0.269531 0.777344
v -0.071777 0.325195 0.791016
v -0.122559 0.310059 0.773926
v -0.118652 0.260742 0.768066
v -0.123657 0.213989 0.761841
v -0.067871 0.210938 0.762695
v 0 0.140625 0.748047
v 0 0.041558 0.738824
v 0.090332 0.096191 0.746094
v 0.074219 0.152344 0.75
v 0.090332 0.096191 0.746094
v 0.149536 0.133545 0.752197
v 0.133789 0.171387 0.755859
v 0.123657 0.213989 0.761841
v 0.067871 0.210938 0.762695
v 0.074219 0.152344 0.75
v 0.067871 0.210938 0.762695
v 0 0.209473 0.765137
v -0.067871 0.210938 0.762695
v -0.123657 0.213989 0.761841
v -0.133789 0.171387 0.755859
v -0.074219 0.152344 0.75
v -0.133789 0.171387 0.755859
v -0.149536 0.133545 0.752197
v -0.090332 0.096191 0.746094
v 0 0.041558 0.738824
v 0 0.140625 0.748047
v -0.074219 0.152344 0.75
v 0 0.140625 0.748047
v 0 0.209473 0.765137
v 0.056641 -0.912109 0.664062
v 0.106934 -0.903809 0.665039
v 0.071045 -0.882446 0.687744
v 0.036621 -0.891113 0.684082
v 0 -0.893311 0.682861
v 0 -0.915039 0.664062
v 0.056641 -0.912109 0.664062
v 0 -0.915039 0.664062
v 0 -0.939697 0.636719
v 0.07666 -0.936035 0.634766
v 0.143921 -0.927979 0.631592
v 0.106934 -0.903809 0.665039
v -0.056641 -0.912109 0.664062
v -0.07666 -0.936035 0.634766
v 0 -0.939697 0.636719
v 0 -0.915039 0.664062
v 0 -0.893311 0.682861
v -0.036621 -0.891113 0.684082
v -0.056641 -0.912109 0.664062
v -0.036621 -0.891113 0.684082
v -0.071045 -0.882446 0.687744
v -0.106934 -0.903809 0.665039
v -0.143921 -0.927979 0.631592
v -0.07666 -0.936035 0.634766
v 0.144531 -0.890625 0.667969
v 0.169434 -0.865723 0.674316
v 0.121704 -0.835449 0.702271
v 0.101074 -0.865234 0.693848
v 0.071045 -0.882446 0.687744
v 0.106934 -0.903809 0.665039
v 0.144531 -0.890625 0.667969
v 0.106934 -0.903809 0.665039
v 0.143921 -0.927979 0.631592
v 0.192383 -0.918457 0.629883
v 0.225098 -0.899292 0.632568
v 0.169434 -0.865723 0.674316
v -0.144531 -0.890625 0.667969
v -0.192383 -0.918457 0.629883
v -0.143921 -0.927979 0.631592
v -0.106934 -0.903809 0.665039
v -0.071045 -0.882446 0.687744
v -0.101074 -0.865234 0.693848
v -0.144531 -0.890625 0.667969
v -0.101074 -0.865234 0.693848
v -0.121704 -0.835449 0.702271
v -0.169434 -0.865723 0.674316
v -0.225098 -0.899292 0.632568
v -0.192383 -0.918457 0.629883
v 0.185547 -0.773438 0.697266
v 0.1125 -0.737188 0.726406
v 0.12793 -0.789062 0.712891
v 0.181641 -0.822266 0.685547
v 0.12793 -0.789062 0.712891
v 0.121704 -0.835449 0.702271
v 0.169434 -0.865723 0.674316
v 0.225098 -0.899292 0.632568
v 0.245117 -0.862305 0.642578
v 0.181641 -0.822266 0.685547
v 0.245117 -0.862305 0.642578
v 0.253784 -0.813354 0.65564
v -0.245117 -0.862305 0.642578
v -0.225098 -0.899292 0.632568
v -0.169434 -0.865723 0.674316
v -0.181641 -0.822266 0.685547
v -0.169434 -0.865723 0.674316
v -0.121704 -0.835449 0.702271
v -0.12793 -0.789062 0.712891
v -0.1125 -0.737188 0.726406
v -0.185547 -0.773438 0.697266
v -0.181641 -0.822266 0.685547
v -0.185547 -0.773438 0.697266
v -0.253784 -0.813354 0.65564
v 0.164062 -0.570312 0.720703
v 0.226562 -0.572266 0.688477
v 0.208252 -0.459473 0.695435
v 0.147949 -0.458496 0.727539
v 0.089478 -0.457153 0.742188
v 0.102051 -0.566895 0.736816
v 0.164062 -0.570312 0.720703
v 0.102051 -0.566895 0.736816
v 0.11438 -0.664185 0.730225
v 0.179199 -0.67334 0.711914
v 0.242798 -0.682739 0.678345
v 0.226562 -0.572266 0.688477
v -0.164062 -0.570312 0.720703
v -0.179199 -0.67334 0.711914
v -0.11438 -0.664185 0.730225
v -0.102051 -0.566895 0.736816
v -0.089478 -0.457153 0.742188
v -0.147949 -0.458496 0.727539
v -0.164062 -0.570312 0.720703
v -0.147949 -0.458496 0.727539
v -0.208252 -0.459473 0.695435
v -0.226562 -0.572266 0.688477
v -0.242798 -0.682739 0.678345
v -0.179199 -0.67334 0.711914
v 0.185547 -0.732422 0.705078
v 0.117188 -0.712891 0.727051
v 0.1125 -0.737188 0.726406
v 0.185547 -0.773438 0.697266
v 0.253784 -0.813354 0.65564
v 0.252441 -0.758301 0.66748
v 0.185547 -0.732422 0.705078
v 0.252441 -0.758301 0.66748
v 0.242798 -0.682739 0.678345
v 0.179199 -0.67334 0.711914
v 0.11438 -0.664185 0.730225
v 0.117188 -0.712891 0.727051
v -0.185547 -0.732422 0.705078
v -0.179199 -0.67334 0.711914
v -0.242798 -0.682739 0.678345
v -0.252441 -0.758301 0.66748
v -0.253784 -0.813354 0.65564
v -0.185547 -0.773438 0.697266
v -0.185547 -0.732422 0.705078
v -0.185547 -0.773438 0.697266
v -0.1125 -0.737188 0.726406
v -0.117188 -0.712891 0.727051
v -0.11438 -0.664185 0.730225
v -0.179199 -0.67334 0.711914
v 0.085938 -0.371094 0.741699
v 0.089531 -0.299844 0.743984
v 0.042969 -0.324219 0.748047
v 0.041016 -0.376953 0.746094
v 0.042969 -0.324219 0.748047
v 0 -0.333008 0.748047
v 0 -0.381836 0.746094
v 0 -0.458984 0.74707
v 0.041992 -0.458008 0.74707
v 0.041016 -0.376953 0.746094
v 0.041992 -0.458008 0.74707
v 0.089478 -0.457153 0.742188
v -0.041992 -0.458008 0.74707
v 0 -0.458984 0.74707
v 0 -0.381836 0.746094
v -0.041016 -0.376953 0.746094
v 0 -0.381836 0.746094
v 0 -0.333008 0.748047
v -0.042969 -0.324219 0.748047
v -0.089531 -0.299844 0.743984
v -0.085938 -0.371094 0.741699
v -0.041016 -0.376953 0.746094
v -0.085938 -0.371094 0.741699
v -0.089478 -0.457153 0.742188
v 0.055664 -0.661133 0.736328
v 0.11438 -0.664185 0.730225
v 0.102051 -0.566895 0.736816
v 0.048828 -0.564453 0.742188
v 0.102051 -0.566895 0.736816
v 0.089478 -0.457153 0.742188
v 0.041992 -0.458008 0.74707
v 0 -0.458984 0.74707
v 0 -0.563477 0.742188
v 0.048828 -0.564453 0.742188
v 0 -0.563477 0.742188
v 0 -0.661133 0.736328
v 0 -0.563477 0.742188
v 0 -0.458984 0.74707
v -0.041992 -0.458008 0.74707
v -0.048828 -0.564453 0.742188
v -0.041992 -0.458008 0.74707
v -0.089478 -0.457153 0.742188
v -0.102051 -0.566895 0.736816
v -0.11438 -0.664185 0.730225
v -0.055664 -0.661133 0.736328
v -0.048828 -0.564453 0.742188
v -0.055664 -0.661133 0.736328
v 0 -0.661133 0.736328
v 0 -0.717773 0.734375
v 0 -0.746338 0.732666
v 0.054199 -0.736816 0.73291
v 0.056641 -0.712891 0.734375
v 0.054199 -0.736816 0.73291
v 0.1125 -0.737188 0.726406
v 0.056641 -0.712891 0.734375
v 0.117188 -0.712891 0.727051
v 0.11438 -0.664185 0.730225
v 0.056641 -0.712891 0.734375
v 0.055664 -0.661133 0.736328
v 0 -0.661133 0.736328
v -0.056641 -0.712891 0.734375
v -0.055664 -0.661133 0.736328
v -0.11438 -0.664185 0.730225
v -0.056641 -0.712891 0.734375
v -0.117188 -0.712891 0.727051
v -0.1125 -0.737188 0.726406
v -0.054199 -0.736816 0.73291
v 0 -0.746338 0.732666
v 0 -0.717773 0.734375
v -0.056641 -0.712891 0.734375
v 0 -0.717773 0.734375
v 0 -0.661133 0.736328
v 0.109375 -0.253906 0.767578
v 0.114746 -0.259277 0.74707
v 0.123657 -0.22522 0.75061
v 0.121094 -0.222656 0.770508
v 0.121338 -0.221191 0.791138
v 0.109863 -0.249512 0.787109
v 0.109375 -0.253906 0.767578
v 0.109863 -0.249512 0.787109
v 0.084229 -0.272339 0.78125
v 0.083496 -0.279785 0.763184
v 0.089531 -0.299844 0.743984
v 0.114746 -0.259277 0.74707
v -0.109375 -0.253906 0.767578
v -0.083496 -0.279785 0.763184
v -0.084229 -0.272339 0.78125
v -0.109863 -0.249512 0.787109
v -0.121338 -0.221191 0.791138
v -0.121094 -0.222656 0.770508
v -0.109375 -0.253906 0.767578
v -0.121094 -0.222656 0.770508
v -0.123657 -0.22522 0.75061
v -0.114746 -0.259277 0.74707
v -0.089531 -0.299844 0.743984
v -0.083496 -0.279785 0.763184
v 0.118164 -0.18457 0.753418
v 0.096069 -0.148438 0.753906
v 0.097656 -0.150391 0.763184
v 0.117188 -0.183594 0.767578
v 0.097656 -0.150391 0.763184
v 0.100342 -0.147827 0.782104
v 0.117676 -0.182129 0.787598
v 0.121338 -0.221191 0.791138
v 0.121094 -0.222656 0.770508
v 0.121094 -0.222656 0.770508
v 0.123657 -0.22522 0.75061
v 0.118164 -0.18457 0.753418
v -0.121094 -0.222656 0.770508
v -0.121338 -0.221191 0.791138
v -0.117676 -0.182129 0.787598
v -0.117188 -0.183594 0.767578
v -0.117676 -0.182129 0.787598
v -0.100342 -0.147827 0.782104
v -0.097656 -0.150391 0.763184
v -0.096069 -0.148438 0.753906
v -0.118164 -0.18457 0.753418
v -0.118164 -0.18457 0.753418
v -0.123657 -0.22522 0.75061
v -0.121094 -0.222656 0.770508
v 0.055176 -0.12793 0.750488
v 0 -0.13444 0.747396
v 0.027832 -0.141113 0.763184
v 0.0625 -0.136719 0.761719
v 0.027832 -0.141113 0.763184
v 0.039673 -0.138428 0.782104
v 0.070801 -0.133789 0.780273
v 0.100342 -0.147827 0.782104
v 0.097656 -0.150391 0.763184
v 0.0625 -0.136719 0.761719
v 0.097656 -0.150391 0.763184
v 0.096069 -0.148438 0.753906
v -0.097656 -0.150391 0.763184
v -0.100342 -0.147827 0.782104
v -0.070801 -0.133789 0.780273
v -0.0625 -0.136719 0.761719
v -0.070801 -0.133789 0.780273
v -0.039673 -0.138428 0.782104
v -0.027832 -0.141113 0.763184
v 0 -0.13444 0.747396
v -0.055176 -0.12793 0.750488
v -0.0625 -0.136719 0.761719
v -0.055176 -0.12793 0.750488
v -0.096069 -0.148438 0.753906
v 0.009766 -0.162109 0.767578
v 0 -0.165039 0.756836
v 0 -0.163086 0.768555
v 0.009766 -0.162109 0.767578
v 0 -0.176758 0.770508
v 0 -0.175293 0.79126
v 0.017578 -0.160156 0.787598
v 0.039673 -0.138428 0.782104
v 0.027832 -0.141113 0.763184
v 0.009766 -0.162109 0.767578
v 0.027832 -0.141113 0.763184
v 0 -0.13444 0.747396
v -0.027832 -0.141113 0.763184
v -0.039673 -0.138428 0.782104
v -0.017578 -0.160156 0.787598
v -0.009766 -0.162109 0.767578
v -0.017578 -0.160156 0.787598
v 0 -0.175293 0.79126
v -0.009766 -0.162109 0.767578
v 0 -0.176758 0.770508
v 0 -0.163086 0.768555
v -0.009766 -0.162109 0.767578
v 0 -0.165039 0.756836
v 0 -0.13444 0.747396
v 0 -0.313477 0.761719
v 0 -0.333008 0.748047
v 0.042969 -0.324219 0.748047
v 0.044922 -0.302734 0.761719
v 0.042969 -0.324219 0.748047
v 0.089531 -0.299844 0.743984
v 0.083496 -0.279785 0.763184
v 0.084229 -0.272339 0.78125
v 0.04541 -0.294922 0.779297
v 0.044922 -0.302734 0.761719
v 0.04541 -0.294922 0.779297
v 0 -0.306152 0.779297
v -0.04541 -0.294922 0.779297
v -0.084229 -0.272339 0.78125
v -0.083496 -0.279785 0.763184
v -0.044922 -0.302734 0.761719
v -0.083496 -0.279785 0.763184
v -0.089531 -0.299844 0.743984
v -0.042969 -0.324219 0.748047
v 0 -0.333008 0.748047
v 0 -0.313477 0.761719
v -0.044922 -0.302734 0.761719
v 0 -0.313477 0.761719
v 0 -0.306152 0.779297
v 0 -0.293945 0.792969
v 0 -0.306152 0.779297
v 0.04541 -0.294922 0.779297
v 0.042969 -0.283203 0.792969
v 0.04541 -0.294922 0.779297
v 0.084229 -0.272339 0.78125
v 0.042969 -0.283203 0.792969
v 0.07959 -0.262695 0.79541
v 0.070095 -0.25651 0.804471
v 0.042969 -0.283203 0.792969
v 0.041992 -0.266113 0.804688
v 0 -0.27417 0.804688
v -0.042969 -0.283203 0.792969
v -0.041992 -0.266113 0.804688
v -0.070095 -0.25651 0.804471
v -0.042969 -0.283203 0.792969
v -0.07959 -0.262695 0.79541
v -0.084229 -0.272339 0.78125
v -0.04541 -0.294922 0.779297
v 0 -0.306152 0.779297
v 0 -0.293945 0.792969
v -0.042969 -0.283203 0.792969
v 0 -0.293945 0.792969
v 0 -0.27417 0.804688
v 0.021484 -0.166016 0.804688
v 0.017578 -0.160156 0.787598
v 0 -0.175293 0.79126
v 0 -0.180664 0.808594
v 0 -0.202365 0.823351
v 0.032715 -0.175293 0.816406
v 0.021484 -0.166016 0.804688
v 0.032715 -0.175293 0.816406
v 0.047743 -0.157769 0.809028
v 0.044922 -0.14502 0.798828
v 0.039673 -0.138428 0.782104
v 0.017578 -0.160156 0.787598
v -0.021484 -0.166016 0.804688
v -0.044922 -0.14502 0.798828
v -0.047743 -0.157769 0.809028
v -0.032715 -0.175293 0.816406
v 0 -0.202365 0.823351
v 0 -0.180664 0.808594
v -0.021484 -0.166016 0.804688
v 0 -0.180664 0.808594
v 0 -0.175293 0.79126
v -0.017578 -0.160156 0.787598
v -0.039673 -0.138428 0.782104
v -0.044922 -0.14502 0.798828
v 0.070801 -0.133789 0.780273
v 0.039673 -0.138428 0.782104
v 0.044922 -0.14502 0.798828
v 0.044922 -0.14502 0.798828
v 0.047743 -0.157769 0.809028
v 0.068848 -0.157227 0.810547
v 0.068848 -0.157227 0.810547
v 0.088108 -0.165148 0.809028
v 0.09668 -0.153809 0.798828
v 0.072266 -0.140625 0.796875
v 0.09668 -0.153809 0.798828
v 0.100342 -0.147827 0.782104
v -0.09668 -0.153809 0.798828
v -0.088108 -0.165148 0.809028
v -0.068848 -0.157227 0.810547
v -0.068848 -0.157227 0.810547
v -0.047743 -0.157769 0.809028
v -0.044922 -0.14502 0.798828
v -0.044922 -0.14502 0.798828
v -0.039673 -0.138428 0.782104
v -0.070801 -0.133789 0.780273
v -0.072266 -0.140625 0.796875
v -0.070801 -0.133789 0.780273
v -0.100342 -0.147827 0.782104
v 0.117676 -0.182129 0.787598
v 0.100342 -0.147827 0.782104
v 0.09668 -0.153809 0.798828
v 0.111328 -0.185547 0.804688
v 0.09668 -0.153809 0.798828
v 0.088108 -0.165148 0.809028
v 0.094238 -0.187988 0.816406
v 0.093994 -0.218994 0.819458
v 0.114258 -0.220703 0.808105
v 0.111328 -0.185547 0.804688
v 0.114258 -0.220703 0.808105
v 0.121338 -0.221191 0.791138
v -0.114258 -0.220703 0.808105
v -0.093994 -0.218994 0.819458
v -0.094238 -0.187988 0.816406
v -0.111328 -0.185547 0.804688
v -0.094238 -0.187988 0.816406
v -0.088108 -0.165148 0.809028
v -0.09668 -0.153809 0.798828
v -0.100342 -0.147827 0.782104
v -0.117676 -0.182129 0.787598
v -0.111328 -0.185547 0.804688
v -0.117676 -0.182129 0.787598
v -0.121338 -0.221191 0.791138
v 0.103516 -0.244141 0.802734
v 0.109863 -0.249512 0.787109
v 0.121338 -0.221191 0.791138
v 0.103516 -0.244141 0.802734
v 0.114258 -0.220703 0.808105
v 0.093994 -0.218994 0.819458
v 0.084473 -0.240723 0.812988
v 0.070095 -0.25651 0.804471
v 0.07959 -0.262695 0.79541
v 0.07959 -0.262695 0.79541
v 0.084229 -0.272339 0.78125
v 0.109863 -0.249512 0.787109
v -0.07959 -0.262695 0.79541
v -0.070095 -0.25651 0.804471
v -0.084473 -0.240723 0.812988
v -0.103516 -0.244141 0.802734
v -0.084473 -0.240723 0.812988
v -0.093994 -0.218994 0.819458
v -0.103516 -0.244141 0.802734
v -0.114258 -0.220703 0.808105
v -0.121338 -0.221191 0.791138
v -0.109863 -0.249512 0.787109
v -0.084229 -0.272339 0.78125
v -0.07959 -0.262695 0.79541
v 0.032715 -0.175293 0.816406
v 0 -0.202365 0.823351
v 0.054688 -0.213867 0.823242
v 0.0625 -0.183594 0.820312
v 0.054688 -0.213867 0.823242
v 0.093994 -0.218994 0.819458
v 0.0625 -0.183594 0.820312
v 0.094238 -0.187988 0.816406
v 0.088108 -0.165148 0.809028
v 0.0625 -0.183594 0.820312
v 0.068848 -0.157227 0.810547
v 0.047743 -0.157769 0.809028
v -0.0625 -0.183594 0.820312
v -0.068848 -0.157227 0.810547
v -0.088108 -0.165148 0.809028
v -0.0625 -0.183594 0.820312
v -0.094238 -0.187988 0.816406
v -0.093994 -0.218994 0.819458
v -0.054688 -0.213867 0.823242
v 0 -0.202365 0.823351
v -0.032715 -0.175293 0.816406
v -0.0625 -0.183594 0.820312
v -0.032715 -0.175293 0.816406
v -0.047743 -0.157769 0.809028
v 0.046875 -0.242188 0.816406
v 0.054688 -0.213867 0.823242
v 0 -0.202365 0.823351
v 0 -0.244141 0.816406
v 0 -0.27417 0.804688
v 0.041992 -0.266113 0.804688
v 0.046875 -0.242188 0.816406
v 0.041992 -0.266113 0.804688
v 0.070095 -0.25651 0.804471
v 0.084473 -0.240723 0.812988
v 0.093994 -0.218994 0.819458
v 0.054688 -0.213867 0.823242
v -0.046875 -0.242188 0.816406
v -0.084473 -0.240723 0.812988
v -0.070095 -0.25651 0.804471
v -0.041992 -0.266113 0.804688
v 0 -0.27417 0.804688
v 0 -0.244141 0.816406
v -0.046875 -0.242188 0.816406
v 0 -0.244141 0.816406
v 0 -0.202365 0.823351
v -0.054688 -0.213867 0.823242
v -0.093994 -0.218994 0.819458
v -0.084473 -0.240723 0.812988
v 0.056641 -0.085938 0.755859
v 0 -0.066406 0.745117
v 0 -0.13444 0.747396
v 0.055176 -0.12793 0.750488
v 0.096069 -0.148438 0.753906
v 0.103027 -0.128906 0.766113
v 0.056641 -0.085938 0.755859
v 0.103027 -0.128906 0.766113
v 0.142415 -0.0963 0.776693
v 0.076172 -0.023926 0.763184
v 0 0.041558 0.738824
v 0 -0.066406 0.745117
v -0.056641 -0.085938 0.755859
v -0.076172 -0.023926 0.763184
v -0.142415 -0.0963 0.776693
v -0.103027 -0.128906 0.766113
v -0.096069 -0.148438 0.753906
v -0.055176 -0.12793 0.750488
v -0.056641 -0.085938 0.755859
v -0.055176 -0.12793 0.750488
v 0 -0.13444 0.747396
v 0 -0.066406 0.745117
v 0 0.041558 0.738824
v -0.076172 -0.023926 0.763184
v 0.128906 -0.179688 0.753906
v 0.103027 -0.128906 0.766113
v 0.096069 -0.148438 0.753906
v 0.128906 -0.179688 0.753906
v 0.118164 -0.18457 0.753418
v 0.123657 -0.22522 0.75061
v 0.13916 -0.229004 0.73584
v 0.164673 -0.234375 0.705688
v 0.149902 -0.179688 0.734375
v 0.128906 -0.179688 0.753906
v 0.149902 -0.179688 0.734375
v 0.142415 -0.0963 0.776693
v -0.149902 -0.179688 0.734375
v -0.164673 -0.234375 0.705688
v -0.13916 -0.229004 0.73584
v -0.128906 -0.179688 0.753906
v -0.13916 -0.229004 0.73584
v -0.123657 -0.22522 0.75061
v -0.128906 -0.179688 0.753906
v -0.118164 -0.18457 0.753418
v -0.096069 -0.148438 0.753906
v -0.128906 -0.179688 0.753906
v -0.103027 -0.128906 0.766113
v -0.142415 -0.0963 0.776693
v 0.13916 -0.229004 0.73584
v 0.123657 -0.22522 0.75061
v 0.114746 -0.259277 0.74707
v 0.114746 -0.259277 0.74707
v 0.089531 -0.299844 0.743984
v 0.135742 -0.310547 0.727539
v 0.135742 -0.310547 0.727539
v 0.180176 -0.317871 0.695801
v 0.172852 -0.275391 0.695801
v 0.138672 -0.267578 0.728516
v 0.172852 -0.275391 0.695801
v 0.164673 -0.234375 0.705688
v -0.172852 -0.275391 0.695801
v -0.180176 -0.317871 0.695801
v -0.135742 -0.310547 0.727539
v -0.135742 -0.310547 0.727539
v -0.089531 -0.299844 0.743984
v -0.114746 -0.259277 0.74707
v -0.114746 -0.259277 0.74707
v -0.123657 -0.22522 0.75061
v -0.13916 -0.229004 0.73584
v -0.138672 -0.267578 0.728516
v -0.13916 -0.229004 0.73584
v -0.164673 -0.234375 0.705688
v 0.135742 -0.310547 0.727539
v 0.089531 -0.299844 0.743984
v 0.085938 -0.371094 0.741699
v 0.138672 -0.373047 0.728516
v 0.085938 -0.371094 0.741699
v 0.089478 -0.457153 0.742188
v 0.147949 -0.458496 0.727539
v 0.208252 -0.459473 0.695435
v 0.192383 -0.376953 0.696777
v 0.138672 -0.373047 0.728516
v 0.192383 -0.376953 0.696777
v 0.180176 -0.317871 0.695801
v -0.192383 -0.376953 0.696777
v -0.208252 -0.459473 0.695435
v -0.147949 -0.458496 0.727539
v -0.138672 -0.373047 0.728516
v -0.147949 -0.458496 0.727539
v -0.089478 -0.457153 0.742188
v -0.085938 -0.371094 0.741699
v -0.089531 -0.299844 0.743984
v -0.135742 -0.310547 0.727539
v -0.138672 -0.373047 0.728516
v -0.135742 -0.310547 0.727539
v -0.180176 -0.317871 0.695801
v 0.240234 -0.376953 0.636719
v 0.26123 -0.45752 0.638184
v 0.288696 -0.443359 0.565674
v 0.266602 -0.368164 0.562988
v 0.24646 -0.315674 0.560303
v 0.22168 -0.320312 0.633789
v 0.22168 -0.320312 0.633789
v 0.180176 -0.317871 0.695801
v 0.192383 -0.376953 0.696777
v 0.240234 -0.376953 0.636719
v 0.192383 -0.376953 0.696777
v 0.208252 -0.459473 0.695435
v -0.192383 -0.376953 0.696777
v -0.180176 -0.317871 0.695801
v -0.22168 -0.320312 0.633789
v -0.22168 -0.320312 0.633789
v -0.24646 -0.315674 0.560303
v -0.266602 -0.368164 0.562988
v -0.240234 -0.376953 0.636719
v -0.266602 -0.368164 0.562988
v -0.288696 -0.443359 0.565674
v -0.240234 -0.376953 0.636719
v -0.26123 -0.45752 0.638184
v -0.208252 -0.459473 0.695435
v 0.22168 -0.320312 0.633789
v 0.24646 -0.315674 0.560303
v 0.23291 -0.277344 0.561035
v 0.208984 -0.279297 0.632812
v 0.23291 -0.277344 0.561035
v 0.221558 -0.244995 0.565674
v 0.197266 -0.241699 0.639648
v 0.164673 -0.234375 0.705688
v 0.172852 -0.275391 0.695801
v 0.208984 -0.279297 0.632812
v 0.172852 -0.275391 0.695801
v 0.180176 -0.317871 0.695801
v -0.172852 -0.275391 0.695801
v -0.164673 -0.234375 0.705688
v -0.197266 -0.241699 0.639648
v -0.208984 -0.279297 0.632812
v -0.197266 -0.241699 0.639648
v -0.221558 -0.244995 0.565674
v -0.23291 -0.277344 0.561035
v -0.24646 -0.315674 0.560303
v -0.22168 -0.320312 0.633789
v -0.208984 -0.279297 0.632812
v -0.22168 -0.320312 0.633789
v -0.180176 -0.317871 0.695801
v 0.181641 -0.195312 0.660156
v 0.208008 -0.210449 0.574707
v 0.226929 -0.177246 0.577515
v 0.200195 -0.150879 0.669922
v 0.142415 -0.0963 0.776693
v 0.149902 -0.179688 0.734375
v 0.181641 -0.195312 0.660156
v 0.149902 -0.179688 0.734375
v 0.164673 -0.234375 0.705688
v 0.197266 -0.241699 0.639648
v 0.221558 -0.244995 0.565674
v 0.208008 -0.210449 0.574707
v -0.181641 -0.195312 0.660156
v -0.197266 -0.241699 0.639648
v -0.164673 -0.234375 0.705688
v -0.149902 -0.179688 0.734375
v -0.142415 -0.0963 0.776693
v -0.200195 -0.150879 0.669922
v -0.181641 -0.195312 0.660156
v -0.200195 -0.150879 0.669922
v -0.226929 -0.177246 0.577515
v -0.208008 -0.210449 0.574707
v -0.221558 -0.244995 0.565674
v -0.197266 -0.241699 0.639648
v 0.089355 -0.747559 0.727539
v 0.1125 -0.737188 0.726406
v 0.054199 -0.736816 0.73291
v 0.050781 -0.75 0.728516
v 0.054199 -0.736816 0.73291
v 0 -0.746338 0.732666
v 0 -0.759766 0.727539
v 0 -0.765137 0.7146
v 0.047852 -0.756836 0.716309
v 0.050781 -0.75 0.728516
v 0.047852 -0.756836 0.716309
v 0.083862 -0.754517 0.716675
v -0.047852 -0.756836 0.716309
v 0 -0.765137 0.7146
v 0 -0.759766 0.727539
v -0.050781 -0.75 0.728516
v 0 -0.759766 0.727539
v 0 -0.746338 0.732666
v -0.054199 -0.736816 0.73291
v -0.1125 -0.737188 0.726406
v -0.089355 -0.747559 0.727539
v -0.050781 -0.75 0.728516
v -0.089355 -0.747559 0.727539
v -0.083862 -0.754517 0.716675
v 0.098633 -0.821777 0.710938
v 0.121704 -0.835449 0.702271
v 0.12793 -0.789062 0.712891
v 0.103516 -0.779297 0.720703
v 0.12793 -0.789062 0.712891
v 0.1125 -0.737188 0.726406
v 0.103516 -0.779297 0.720703
v 0.089355 -0.747559 0.727539
v 0.083862 -0.754517 0.716675
v 0.096191 -0.780762 0.710938
v 0.090576 -0.816895 0.701782
v 0.098633 -0.821777 0.710938
v -0.103516 -0.779297 0.720703
v -0.096191 -0.780762 0.710938
v -0.083862 -0.754517 0.716675
v -0.103516 -0.779297 0.720703
v -0.089355 -0.747559 0.727539
v -0.1125 -0.737188 0.726406
v -0.12793 -0.789062 0.712891
v -0.121704 -0.835449 0.702271
v -0.098633 -0.821777 0.710938
v -0.098633 -0.821777 0.710938
v -0.090576 -0.816895 0.701782
v -0.096191 -0.780762 0.710938
v 0.080078 -0.851562 0.701172
v 0.054199 -0.870117 0.693359
v 0.071045 -0.882446 0.687744
v 0.080078 -0.851562 0.701172
v 0.101074 -0.865234 0.693848
v 0.121704 -0.835449 0.702271
v 0.080078 -0.851562 0.701172
v 0.098633 -0.821777 0.710938
v 0.090576 -0.816895 0.701782
v 0.072754 -0.844238 0.691895
v 0.048706 -0.862427 0.684082
v 0.054199 -0.870117 0.693359
v -0.080078 -0.851562 0.701172
v -0.072754 -0.844238 0.691895
v -0.090576 -0.816895 0.701782
v -0.080078 -0.851562 0.701172
v -0.098633 -0.821777 0.710938
v -0.121704 -0.835449 0.702271
v -0.080078 -0.851562 0.701172
v -0.101074 -0.865234 0.693848
v -0.071045 -0.882446 0.687744
v -0.054199 -0.870117 0.693359
v -0.048706 -0.862427 0.684082
v -0.072754 -0.844238 0.691895
v 0.027344 -0.878906 0.689453
v 0 -0.880859 0.688477
v 0 -0.893311 0.682861
v 0.036621 -0.891113 0.684082
v 0.071045 -0.882446 0.687744
v 0.054199 -0.870117 0.693359
v 0.027344 -0.878906 0.689453
v 0.054199 -0.870117 0.693359
v 0.048706 -0.862427 0.684082
v 0.024414 -0.871094 0.681152
v 0 -0.873047 0.680908
v 0 -0.880859 0.688477
v -0.027344 -0.878906 0.689453
v -0.024414 -0.871094 0.681152
v -0.048706 -0.862427 0.684082
v -0.054199 -0.870117 0.693359
v -0.071045 -0.882446 0.687744
v -0.036621 -0.891113 0.684082
v -0.027344 -0.878906 0.689453
v -0.036621 -0.891113 0.684082
v 0 -0.893311 0.682861
v 0 -0.880859 0.688477
v 0 -0.873047 0.680908
v -0.024414 -0.871094 0.681152
v 0 -0.865234 0.660156
v 0 -0.873047 0.680908
v 0.024414 -0.871094 0.681152
v 0.024414 -0.871094 0.681152
v 0.048706 -0.862427 0.684082
v 0.046875 -0.85498 0.662109
v 0.046875 -0.85498 0.662109
v 0.051025 -0.838623 0.644246
v 0.026367 -0.846191 0.643066
v 0.023438 -0.863281 0.660156
v 0.026367 -0.846191 0.643066
v 0 -0.848877 0.642822
v -0.026367 -0.846191 0.643066
v -0.051025 -0.838623 0.644246
v -0.046875 -0.85498 0.662109
v -0.046875 -0.85498 0.662109
v -0.048706 -0.862427 0.684082
v -0.024414 -0.871094 0.681152
v -0.024414 -0.871094 0.681152
v 0 -0.873047 0.680908
v 0 -0.865234 0.660156
v -0.023438 -0.863281 0.660156
v 0 -0.865234 0.660156
v 0 -0.848877 0.642822
v 0.070312 -0.837891 0.667969
v 0.046875 -0.85498 0.662109
v 0.048706 -0.862427 0.684082
v 0.072754 -0.844238 0.691895
v 0.090576 -0.816895 0.701782
v 0.087891 -0.812988 0.67627
v 0.070312 -0.837891 0.667969
v 0.087891 -0.812988 0.67627
v 0.084201 -0.809245 0.658782
v 0.070312 -0.837891 0.667969
v 0.072266 -0.82666 0.64681
v 0.051025 -0.838623 0.644246
v -0.070312 -0.837891 0.667969
v -0.072266 -0.82666 0.64681
v -0.084201 -0.809245 0.658782
v -0.087891 -0.812988 0.67627
v -0.090576 -0.816895 0.701782
v -0.072754 -0.844238 0.691895
v -0.070312 -0.837891 0.667969
v -0.072754 -0.844238 0.691895
v -0.048706 -0.862427 0.684082
v -0.070312 -0.837891 0.667969
v -0.046875 -0.85498 0.662109
v -0.051025 -0.838623 0.644246
v 0.09375 -0.78125 0.685547
v 0.087891 -0.812988 0.67627
v 0.090576 -0.816895 0.701782
v 0.096191 -0.780762 0.710938
v 0.083862 -0.754517 0.716675
v 0.082031 -0.758789 0.691895
v 0.09375 -0.78125 0.685547
v 0.082031 -0.758789 0.691895
v 0.077393 -0.771606 0.664876
v 0.089844 -0.787109 0.659017
v 0.084201 -0.809245 0.658782
v 0.087891 -0.812988 0.67627
v -0.09375 -0.78125 0.685547
v -0.089844 -0.787109 0.659017
v -0.077393 -0.771606 0.664876
v -0.082031 -0.758789 0.691895
v -0.083862 -0.754517 0.716675
v -0.096191 -0.780762 0.710938
v -0.09375 -0.78125 0.685547
v -0.096191 -0.780762 0.710938
v -0.090576 -0.816895 0.701782
v -0.087891 -0.812988 0.67627
v -0.084201 -0.809245 0.658782
v -0.089844 -0.787109 0.659017
v 0.082031 -0.758789 0.691895
v 0.083862 -0.754517 0.716675
v 0.047852 -0.756836 0.716309
v 0.046875 -0.761719 0.691406
v 0.047852 -0.756836 0.716309
v 0 -0.765137 0.7146
v 0 -0.769531 0.689453
v 0 -0.782959 0.662842
v 0.043945 -0.775879 0.664551
v 0.046875 -0.761719 0.691406
v 0.043945 -0.775879 0.664551
v 0.077393 -0.771606 0.664876
v -0.043945 -0.775879 0.664551
v 0 -0.782959 0.662842
v 0 -0.769531 0.689453
v -0.046875 -0.761719 0.691406
v 0 -0.769531 0.689453
v 0 -0.765137 0.7146
v -0.047852 -0.756836 0.716309
v -0.083862 -0.754517 0.716675
v -0.082031 -0.758789 0.691895
v -0.046875 -0.761719 0.691406
v -0.082031 -0.758789 0.691895
v -0.077393 -0.771606 0.664876
v 0.035156 -0.810547 0.646484
v 0.043945 -0.775879 0.664551
v 0 -0.782959 0.662842
v 0 -0.81543 0.645508
v 0 -0.848877 0.642822
v 0.026367 -0.846191 0.643066
v 0.035156 -0.810547 0.646484
v 0.026367 -0.846191 0.643066
v 0.051025 -0.838623 0.644246
v 0.063477 -0.804199 0.647298
v 0.077393 -0.771606 0.664876
v 0.043945 -0.775879 0.664551
v -0.035156 -0.810547 0.646484
v -0.063477 -0.804199 0.647298
v -0.051025 -0.838623 0.644246
v -0.026367 -0.846191 0.643066
v 0 -0.848877 0.642822
v 0 -0.81543 0.645508
v -0.035156 -0.810547 0.646484
v 0 -0.81543 0.645508
v 0 -0.782959 0.662842
v -0.043945 -0.775879 0.664551
v -0.077393 -0.771606 0.664876
v -0.063477 -0.804199 0.647298
v 0.089844 -0.787109 0.659017
v 0.077393 -0.771606 0.664876
v 0.063477 -0.804199 0.647298
v 0.063477 -0.804199 0.647298
v 0.051025 -0.838623 0.644246
v 0.072266 -0.82666 0.64681
v 0.078125 -0.804688 0.645833
v 0.072266 -0.82666 0.64681
v 0.084201 -0.809245 0.658782
v -0.078125 -0.804688 0.645833
v -0.089844 -0.787109 0.659017
v -0.084201 -0.809245 0.658782
v -0.072266 -0.82666 0.64681
v -0.051025 -0.838623 0.644246
v -0.063477 -0.804199 0.647298
v -0.063477 -0.804199 0.647298
v -0.077393 -0.771606 0.664876
v -0.089844 -0.787109 0.659017
v 0.164062 0.181641 0.765625
v 0.155273 0.217285 0.769043
v 0.123657 0.213989 0.761841
v 0.133789 0.171387 0.755859
v 0.149536 0.133545 0.752197
v 0.177734 0.150879 0.762695
v 0.164062 0.181641 0.765625
v 0.177734 0.150879 0.762695
v 0.189331 0.158203 0.769165
v 0.178223 0.1875 0.770996
v 0.172607 0.220825 0.773804
v 0.155273 0.217285 0.769043
v -0.164062 0.181641 0.765625
v -0.178223 0.1875 0.770996
v -0.189331 0.158203 0.769165
v -0.177734 0.150879 0.762695
v -0.149536 0.133545 0.752197
v -0.133789 0.171387 0.755859
v -0.164062 0.181641 0.765625
v -0.133789 0.171387 0.755859
v -0.123657 0.213989 0.761841
v -0.155273 0.217285 0.769043
v -0.172607 0.220825 0.773804
v -0.178223 0.1875 0.770996
v 0.156738 0.301758 0.773438
v 0.122559 0.310059 0.773926
v 0.118652 0.260742 0.768066
v 0.152344 0.257812 0.771484
v 0.118652 0.260742 0.768066
v 0.123657 0.213989 0.761841
v 0.152344 0.257812 0.771484
v 0.155273 0.217285 0.769043
v 0.172607 0.220825 0.773804
v 0.172363 0.258301 0.775391
v 0.178345 0.297974 0.776245
v 0.156738 0.301758 0.773438
v -0.152344 0.257812 0.771484
v -0.172363 0.258301 0.775391
v -0.172607 0.220825 0.773804
v -0.152344 0.257812 0.771484
v -0.155273 0.217285 0.769043
v -0.123657 0.213989 0.761841
v -0.118652 0.260742 0.768066
v -0.122559 0.310059 0.773926
v -0.156738 0.301758 0.773438
v -0.156738 0.301758 0.773438
v -0.178345 0.297974 0.776245
v -0.172363 0.258301 0.775391
v 0.169922 0.347656 0.775391
v 0.192383 0.38916 0.775391
v 0.166992 0.407227 0.78064
v 0.169922 0.347656 0.775391
v 0.13916 0.360352 0.778809
v 0.122559 0.310059 0.773926
v 0.169922 0.347656 0.775391
v 0.156738 0.301758 0.773438
v 0.178345 0.297974 0.776245
v 0.169922 0.347656 0.775391
v 0.191406 0.337891 0.776855
v 0.211792 0.373779 0.776367
v -0.169922 0.347656 0.775391
v -0.191406 0.337891 0.776855
v -0.178345 0.297974 0.776245
v -0.169922 0.347656 0.775391
v -0.156738 0.301758 0.773438
v -0.122559 0.310059 0.773926
v -0.169922 0.347656 0.775391
v -0.13916 0.360352 0.778809
v -0.166992 0.407227 0.78064
v -0.169922 0.347656 0.775391
v -0.192383 0.38916 0.775391
v -0.211792 0.373779 0.776367
v 0.195312 0.125 0.761719
v 0.177734 0.150879 0.762695
v 0.149536 0.133545 0.752197
v 0.195312 0.125 0.761719
v 0.171387 0.101074 0.75293
v 0.212769 0.071533 0.748657
v 0.22998 0.099609 0.756836
v 0.23938 0.109009 0.767944
v 0.206055 0.132812 0.770508
v 0.206055 0.132812 0.770508
v 0.189331 0.158203 0.769165
v 0.177734 0.150879 0.762695
v -0.206055 0.132812 0.770508
v -0.23938 0.109009 0.767944
v -0.22998 0.099609 0.756836
v -0.195312 0.125 0.761719
v -0.22998 0.099609 0.756836
v -0.212769 0.071533 0.748657
v -0.195312 0.125 0.761719
v -0.171387 0.101074 0.75293
v -0.149536 0.133545 0.752197
v -0.177734 0.150879 0.762695
v -0.189331 0.158203 0.769165
v -0.206055 0.132812 0.770508
v 0.294922 0.070312 0.742188
v 0.22998 0.099609 0.756836
v 0.212769 0.071533 0.748657
v 0.287109 0.04248 0.72998
v 0.371216 0.027466 0.706543
v 0.368652 0.052246 0.724121
v 0.294922 0.070312 0.742188
v 0.368652 0.052246 0.724121
v 0.369019 0.070679 0.737061
v 0.300293 0.084473 0.754395
v 0.23938 0.109009 0.767944
v 0.22998 0.099609 0.756836
v -0.294922 0.070312 0.742188
v -0.300293 0.084473 0.754395
v -0.369019 0.070679 0.737061
v -0.368652 0.052246 0.724121
v -0.371216 0.027466 0.706543
v -0.287109 0.04248 0.72998
v -0.294922 0.070312 0.742188
v -0.287109 0.04248 0.72998
v -0.212769 0.071533 0.748657
v -0.22998 0.099609 0.756836
v -0.23938 0.109009 0.767944
v -0.300293 0.084473 0.754395
v 0.429688 0.060547 0.708984
v 0.368652 0.052246 0.724121
v 0.371216 0.027466 0.706543
v 0.441895 0.040039 0.687988
v 0.505615 0.075317 0.672729
v 0.485352 0.090332 0.694824
v 0.429688 0.060547 0.708984
v 0.485352 0.090332 0.694824
v 0.476807 0.105957 0.709473
v 0.425781 0.079102 0.723145
v 0.369019 0.070679 0.737061
v 0.368652 0.052246 0.724121
v -0.429688 0.060547 0.708984
v -0.425781 0.079102 0.723145
v -0.476807 0.105957 0.709473
v -0.485352 0.090332 0.694824
v -0.505615 0.075317 0.672729
v -0.441895 0.040039 0.687988
v -0.429688 0.060547 0.708984
v -0.441895 0.040039 0.687988
v -0.371216 0.027466 0.706543
v -0.368652 0.052246 0.724121
v -0.369019 0.070679 0.737061
v -0.425781 0.079102 0.723145
v 0.542969 0.136719 0.679688
v 0.485352 0.090332 0.694824
v 0.505615 0.075317 0.672729
v 0.568848 0.128418 0.65918
v 0.61792 0.189331 0.650635
v 0.588379 0.19043 0.668457
v 0.542969 0.136719 0.679688
v 0.588379 0.19043 0.668457
v 0.568237 0.195679 0.680054
v 0.52832 0.147461 0.692871
v 0.476807 0.105957 0.709473
v 0.485352 0.090332 0.694824
v -0.542969 0.136719 0.679688
v -0.52832 0.147461 0.692871
v -0.568237 0.195679 0.680054
v -0.588379 0.19043 0.668457
v -0.61792 0.189331 0.650635
v -0.568848 0.128418 0.65918
v -0.542969 0.136719 0.679688
v -0.568848 0.128418 0.65918
v -0.505615 0.075317 0.672729
v -0.485352 0.090332 0.694824
v -0.476807 0.105957 0.709473
v -0.52832 0.147461 0.692871
v 0.607422 0.242188 0.666016
v 0.588379 0.19043 0.668457
v 0.61792 0.189331 0.650635
v 0.63916 0.248047 0.650391
v 0.639771 0.300171 0.656006
v 0.60791 0.289062 0.668945
v 0.607422 0.242188 0.666016
v 0.60791 0.289062 0.668945
v 0.584595 0.2854 0.68103
v 0.584473 0.242676 0.677734
v 0.568237 0.195679 0.680054
v 0.588379 0.19043 0.668457
v -0.607422 0.242188 0.666016
v -0.584473 0.242676 0.677734
v -0.584595 0.2854 0.68103
v -0.60791 0.289062 0.668945
v -0.639771 0.300171 0.656006
v -0.63916 0.248047 0.650391
v -0.607422 0.242188 0.666016
v -0.63916 0.248047 0.650391
v -0.61792 0.189331 0.650635
v -0.588379 0.19043 0.668457
v -0.568237 0.195679 0.680054
v -0.584473 0.242676 0.677734
v 0.597656 0.328125 0.673828
v 0.60791 0.289062 0.668945
v 0.639771 0.300171 0.656006
v 0.597656 0.328125 0.673828
v 0.626953 0.341309 0.665039
v 0.590088 0.376709 0.680542
v 0.566406 0.361328 0.686523
v 0.54895 0.35083 0.697632
v 0.576172 0.320801 0.685059
v 0.597656 0.328125 0.673828
v 0.576172 0.320801 0.685059
v 0.584595 0.2854 0.68103
v -0.576172 0.320801 0.685059
v -0.54895 0.35083 0.697632
v -0.566406 0.361328 0.686523
v -0.597656 0.328125 0.673828
v -0.566406 0.361328 0.686523
v -0.590088 0.376709 0.680542
v -0.597656 0.328125 0.673828
v -0.626953 0.341309 0.665039
v -0.639771 0.300171 0.656006
v -0.597656 0.328125 0.673828
v -0.60791 0.289062 0.668945
v -0.584595 0.2854 0.68103
v 0.566406 0.361328 0.686523
v 0.590088 0.376709 0.680542
v 0.518555 0.411621 0.705566
v 0.503906 0.390625 0.712891
v 0.518555 0.411621 0.705566
v 0.439087 0.443237 0.730469
v 0.433594 0.415527 0.738281
v 0.428711 0.399902 0.753296
v 0.492676 0.377441 0.726562
v 0.503906 0.390625 0.712891
v 0.492676 0.377441 0.726562
v 0.54895 0.35083 0.697632
v -0.492676 0.377441 0.726562
v -0.428711 0.399902 0.753296
v -0.433594 0.415527 0.738281
v -0.503906 0.390625 0.712891
v -0.433594 0.415527 0.738281
v -0.439087 0.443237 0.730469
v -0.518555 0.411621 0.705566
v -0.590088 0.376709 0.680542
v -0.566406 0.361328 0.686523
v -0.503906 0.390625 0.712891
v -0.566406 0.361328 0.686523
v -0.54895 0.35083 0.697632
v 0.378906 0.435547 0.748047
v 0.433594 0.415527 0.738281
v 0.439087 0.443237 0.730469
v 0.378418 0.46875 0.745605
v 0.329956 0.484375 0.755249
v 0.334961 0.447754 0.751465
v 0.378906 0.435547 0.748047
v 0.334961 0.447754 0.751465
v 0.337891 0.427856 0.757935
v 0.378418 0.41748 0.759277
v 0.428711 0.399902 0.753296
v 0.433594 0.415527 0.738281
v -0.378906 0.435547 0.748047
v -0.378418 0.41748 0.759277
v -0.337891 0.427856 0.757935
v -0.334961 0.447754 0.751465
v -0.329956 0.484375 0.755249
v -0.378418 0.46875 0.745605
v -0.378906 0.435547 0.748047
v -0.378418 0.46875 0.745605
v -0.439087 0.443237 0.730469
v -0.433594 0.415527 0.738281
v -0.428711 0.399902 0.753296
v -0.378418 0.41748 0.759277
v 0.296875 0.449219 0.757812
v 0.334961 0.447754 0.751465
v 0.329956 0.484375 0.755249
v 0.287109 0.486328 0.763672
v 0.24646 0.473877 0.770996
v 0.26123 0.439941 0.765137
v 0.296875 0.449219 0.757812
v 0.26123 0.439941 0.765137
v 0.271484 0.419922 0.769409
v 0.303223 0.428711 0.762695
v 0.337891 0.427856 0.757935
v 0.334961 0.447754 0.751465
v -0.296875 0.449219 0.757812
v -0.303223 0.428711 0.762695
v -0.271484 0.419922 0.769409
v -0.26123 0.439941 0.765137
v -0.24646 0.473877 0.770996
v -0.287109 0.486328 0.763672
v -0.296875 0.449219 0.757812
v -0.287109 0.486328 0.763672
v -0.329956 0.484375 0.755249
v -0.334961 0.447754 0.751465
v -0.337891 0.427856 0.757935
v -0.303223 0.428711 0.762695
v 0.224609 0.419922 0.771484
v 0.26123 0.439941 0.765137
v 0.24646 0.473877 0.770996
v 0.20459 0.446289 0.777344
v 0.166992 0.407227 0.78064
v 0.192383 0.38916 0.775391
v 0.224609 0.419922 0.771484
v 0.192383 0.38916 0.775391
v 0.211792 0.373779 0.776367
v 0.239746 0.401367 0.773926
v 0.271484 0.419922 0.769409
v 0.26123 0.439941 0.765137
v -0.224609 0.419922 0.771484
v -0.239746 0.401367 0.773926
v -0.211792 0.373779 0.776367
v -0.192383 0.38916 0.775391
v -0.166992 0.407227 0.78064
v -0.20459 0.446289 0.777344
v -0.224609 0.419922 0.771484
v -0.20459 0.446289 0.777344
v -0.24646 0.473877 0.770996
v -0.26123 0.439941 0.765137
v -0.271484 0.419922 0.769409
v -0.239746 0.401367 0.773926
v 0.25 0.388672 0.769531
v 0.277832 0.405762 0.767578
v 0.271484 0.419922 0.769409
v 0.239746 0.401367 0.773926
v 0.211792 0.373779 0.776367
v 0.225098 0.36377 0.769531
v 0.225098 0.36377 0.769531
v 0.235352 0.356445 0.758789
v 0.257812 0.378906 0.761719
v 0.25 0.388672 0.769531
v 0.257812 0.378906 0.761719
v 0.282227 0.394531 0.762695
v -0.257812 0.378906 0.761719
v -0.235352 0.356445 0.758789
v -0.225098 0.36377 0.769531
v -0.225098 0.36377 0.769531
v -0.211792 0.373779 0.776367
v -0.239746 0.401367 0.773926
v -0.25 0.388672 0.769531
v -0.239746 0.401367 0.773926
v -0.271484 0.419922 0.769409
v -0.25 0.388672 0.769531
v -0.277832 0.405762 0.767578
v -0.282227 0.394531 0.762695
v 0.306641 0.414062 0.761719
v 0.338867 0.414062 0.756836
v 0.337891 0.427856 0.757935
v 0.303223 0.428711 0.762695
v 0.271484 0.419922 0.769409
v 0.277832 0.405762 0.767578
v 0.306641 0.414062 0.761719
v 0.277832 0.405762 0.767578
v 0.282227 0.394531 0.762695
v 0.308594 0.402344 0.757812
v 0.338867 0.40332 0.751953
v 0.338867 0.414062 0.756836
v -0.306641 0.414062 0.761719
v -0.308594 0.402344 0.757812
v -0.282227 0.394531 0.762695
v -0.277832 0.405762 0.767578
v -0.271484 0.419922 0.769409
v -0.303223 0.428711 0.762695
v -0.306641 0.414062 0.761719
v -0.303223 0.428711 0.762695
v -0.337891 0.427856 0.757935
v -0.338867 0.414062 0.756836
v -0.338867 0.40332 0.751953
v -0.308594 0.402344 0.757812
v 0.376953 0.40625 0.757812
v 0.423828 0.391113 0.751465
v 0.428711 0.399902 0.753296
v 0.378418 0.41748 0.759277
v 0.337891 0.427856 0.757935
v 0.338867 0.414062 0.756836
v 0.376953 0.40625 0.757812
v 0.338867 0.414062 0.756836
v 0.338867 0.40332 0.751953
v 0.375 0.398438 0.75
v 0.418945 0.385742 0.741211
v 0.423828 0.391113 0.751465
v -0.376953 0.40625 0.757812
v -0.375 0.398438 0.75
v -0.338867 0.40332 0.751953
v -0.338867 0.414062 0.756836
v -0.337891 0.427856 0.757935
v -0.378418 0.41748 0.759277
v -0.376953 0.40625 0.757812
v -0.378418 0.41748 0.759277
v -0.428711 0.399902 0.753296
v -0.423828 0.391113 0.751465
v -0.418945 0.385742 0.741211
v -0.375 0.398438 0.75
v 0.533691 0.342773 0.695801
v 0.54895 0.35083 0.697632
v 0.492676 0.377441 0.726562
v 0.482422 0.369141 0.724609
v 0.492676 0.377441 0.726562
v 0.428711 0.399902 0.753296
v 0.423828 0.391113 0.751465
v 0.418945 0.385742 0.741211
v 0.472656 0.363281 0.714844
v 0.482422 0.369141 0.724609
v 0.472656 0.363281 0.714844
v 0.519531 0.335938 0.6875
v -0.472656 0.363281 0.714844
v -0.418945 0.385742 0.741211
v -0.423828 0.391113 0.751465
v -0.482422 0.369141 0.724609
v -0.423828 0.391113 0.751465
v -0.428711 0.399902 0.753296
v -0.492676 0.377441 0.726562
v -0.54895 0.35083 0.697632
v -0.533691 0.342773 0.695801
v -0.482422 0.369141 0.724609
v -0.533691 0.342773 0.695801
v -0.519531 0.335938 0.6875
v 0.558594 0.314453 0.683594
v 0.566406 0.282227 0.680176
v 0.584595 0.2854 0.68103
v 0.558594 0.314453 0.683594
v 0.576172 0.320801 0.685059
v 0.54895 0.35083 0.697632
v 0.533691 0.342773 0.695801
v 0.519531 0.335938 0.6875
v 0.542969 0.308594 0.675781
v 0.542969 0.308594 0.675781
v 0.550781 0.279297 0.672852
v 0.566406 0.282227 0.680176
v -0.542969 0.308594 0.675781
v -0.519531 0.335938 0.6875
v -0.533691 0.342773 0.695801
v -0.558594 0.314453 0.683594
v -0.533691 0.342773 0.695801
v -0.54895 0.35083 0.697632
v -0.558594 0.314453 0.683594
v -0.576172 0.320801 0.685059
v -0.584595 0.2854 0.68103
v -0.566406 0.282227 0.680176
v -0.550781 0.279297 0.672852
v -0.542969 0.308594 0.675781
v 0.566406 0.244141 0.677734
v 0.551758 0.20166 0.680664
v 0.568237 0.195679 0.680054
v 0.584473 0.242676 0.677734
v 0.584595 0.2854 0.68103
v 0.566406 0.282227 0.680176
v 0.566406 0.244141 0.677734
v 0.566406 0.282227 0.680176
v 0.550781 0.279297 0.672852
v 0.550781 0.246094 0.671875
v 0.537109 0.208008 0.675781
v 0.551758 0.20166 0.680664
v -0.566406 0.244141 0.677734
v -0.550781 0.246094 0.671875
v -0.550781 0.279297 0.672852
v -0.566406 0.282227 0.680176
v -0.584595 0.2854 0.68103
v -0.584473 0.242676 0.677734
v -0.566406 0.244141 0.677734
v -0.584473 0.242676 0.677734
v -0.568237 0.195679 0.680054
v -0.551758 0.20166 0.680664
v -0.537109 0.208008 0.675781
v -0.550781 0.246094 0.671875
v 0.515625 0.15625 0.693359
v 0.46875 0.116699 0.709473
v 0.476807 0.105957 0.709473
v 0.52832 0.147461 0.692871
v 0.568237 0.195679 0.680054
v 0.551758 0.20166 0.680664
v 0.515625 0.15625 0.693359
v 0.551758 0.20166 0.680664
v 0.537109 0.208008 0.675781
v 0.503906 0.164062 0.6875
v 0.460938 0.125 0.702148
v 0.46875 0.116699 0.709473
v -0.515625 0.15625 0.693359
v -0.503906 0.164062 0.6875
v -0.537109 0.208008 0.675781
v -0.551758 0.20166 0.680664
v -0.568237 0.195679 0.680054
v -0.52832 0.147461 0.692871
v -0.515625 0.15625 0.693359
v -0.52832 0.147461 0.692871
v -0.476807 0.105957 0.709473
v -0.46875 0.116699 0.709473
v -0.460938 0.125 0.702148
v -0.503906 0.164062 0.6875
v 0.369141 0.083984 0.73584
v 0.369019 0.070679 0.737061
v 0.425781 0.079102 0.723145
v 0.421875 0.091797 0.722656
v 0.425781 0.079102 0.723145
v 0.476807 0.105957 0.709473
v 0.46875 0.116699 0.709473
v 0.460938 0.125 0.702148
v 0.417969 0.101562 0.714844
v 0.421875 0.091797 0.722656
v 0.417969 0.101562 0.714844
v 0.369141 0.094727 0.727539
v -0.417969 0.101562 0.714844
v -0.460938 0.125 0.702148
v -0.46875 0.116699 0.709473
v -0.421875 0.091797 0.722656
v -0.46875 0.116699 0.709473
v -0.476807 0.105957 0.709473
v -0.425781 0.079102 0.723145
v -0.369019 0.070679 0.737061
v -0.369141 0.083984 0.73584
v -0.421875 0.091797 0.722656
v -0.369141 0.083984 0.73584
v -0.369141 0.094727 0.727539
v 0.24707 0.117676 0.76416
v 0.23938 0.109009 0.767944
v 0.300293 0.084473 0.754395
v 0.304688 0.095703 0.751953
v 0.300293 0.084473 0.754395
v 0.369019 0.070679 0.737061
v 0.369141 0.083984 0.73584
v 0.369141 0.094727 0.727539
v 0.308594 0.105469 0.742188
v 0.304688 0.095703 0.751953
v 0.308594 0.105469 0.742188
v 0.253906 0.125977 0.75293
v -0.308594 0.105469 0.742188
v -0.369141 0.094727 0.727539
v -0.369141 0.083984 0.73584
v -0.304688 0.095703 0.751953
v -0.369141 0.083984 0.73584
v -0.369019 0.070679 0.737061
v -0.300293 0.084473 0.754395
v -0.23938 0.109009 0.767944
v -0.24707 0.117676 0.76416
v -0.304688 0.095703 0.751953
v -0.24707 0.117676 0.76416
v -0.253906 0.125977 0.75293
v 0.214844 0.140625 0.765625
v 0.19873 0.165527 0.763184
v 0.189331 0.158203 0.769165
v 0.214844 0.140625 0.765625
v 0.206055 0.132812 0.770508
v 0.23938 0.109009 0.767944
v 0.24707 0.117676 0.76416
v 0.253906 0.125977 0.75293
v 0.222656 0.148438 0.753906
v 0.222656 0.148438 0.753906
v 0.207031 0.172852 0.750977
v 0.19873 0.165527 0.763184
v -0.222656 0.148438 0.753906
v -0.253906 0.125977 0.75293
v -0.24707 0.117676 0.76416
v -0.214844 0.140625 0.765625
v -0.24707 0.117676 0.76416
v -0.23938 0.109009 0.767944
v -0.214844 0.140625 0.765625
v -0.206055 0.132812 0.770508
v -0.189331 0.158203 0.769165
v -0.19873 0.165527 0.763184
v -0.207031 0.172852 0.750977
v -0.222656 0.148438 0.753906
v 0.205078 0.332031 0.769531
v 0.225098 0.36377 0.769531
v 0.211792 0.373779 0.776367
v 0.191406 0.337891 0.776855
v 0.178345 0.297974 0.776245
v 0.191406 0.296387 0.769043
v 0.205078 0.332031 0.769531
v 0.191406 0.296387 0.769043
v 0.200195 0.295898 0.756836
v 0.214844 0.328125 0.757812
v 0.235352 0.356445 0.758789
v 0.225098 0.36377 0.769531
v -0.205078 0.332031 0.769531
v -0.214844 0.328125 0.757812
v -0.200195 0.295898 0.756836
v -0.191406 0.296387 0.769043
v -0.178345 0.297974 0.776245
v -0.191406 0.337891 0.776855
v -0.205078 0.332031 0.769531
v -0.191406 0.337891 0.776855
v -0.211792 0.373779 0.776367
v -0.225098 0.36377 0.769531
v -0.235352 0.356445 0.758789
v -0.214844 0.328125 0.757812
v 0.185547 0.259766 0.767578
v 0.191406 0.296387 0.769043
v 0.178345 0.297974 0.776245
v 0.172363 0.258301 0.775391
v 0.172607 0.220825 0.773804
v 0.185547 0.224609 0.765625
v 0.185547 0.259766 0.767578
v 0.185547 0.224609 0.765625
v 0.196289 0.228516 0.750977
v 0.195312 0.261719 0.753906
v 0.200195 0.295898 0.756836
v 0.191406 0.296387 0.769043
v -0.185547 0.259766 0.767578
v -0.195312 0.261719 0.753906
v -0.196289 0.228516 0.750977
v -0.185547 0.224609 0.765625
v -0.172607 0.220825 0.773804
v -0.172363 0.258301 0.775391
v -0.185547 0.259766 0.767578
v -0.172363 0.258301 0.775391
v -0.178345 0.297974 0.776245
v -0.191406 0.296387 0.769043
v -0.200195 0.295898 0.756836
v -0.195312 0.261719 0.753906
v 0.189453 0.193359 0.763672
v 0.185547 0.224609 0.765625
v 0.172607 0.220825 0.773804
v 0.178223 0.1875 0.770996
v 0.189331 0.158203 0.769165
v 0.19873 0.165527 0.763184
v 0.189453 0.193359 0.763672
v 0.19873 0.165527 0.763184
v 0.207031 0.172852 0.750977
v 0.199219 0.199219 0.75
v 0.196289 0.228516 0.750977
v 0.185547 0.224609 0.765625
v -0.189453 0.193359 0.763672
v -0.199219 0.199219 0.75
v -0.207031 0.172852 0.750977
v -0.19873 0.165527 0.763184
v -0.189331 0.158203 0.769165
v -0.178223 0.1875 0.770996
v -0.189453 0.193359 0.763672
v -0.178223 0.1875 0.770996
v -0.172607 0.220825 0.773804
v -0.185547 0.224609 0.765625
v -0.196289 0.228516 0.750977
v -0.199219 0.199219 0.75
v 0.042969 0.447266 0.675781
v 0 0.432617 0.673828
v 0 0.432861 0.736816
v 0.036621 0.44873 0.739258
v 0.075806 0.499878 0.743896
v 0.086426 0.496094 0.679688
v 0.086426 0.496094 0.679688
v 0.125521 0.489245 0.612891
v 0.047201 0.448405 0.620117
v 0.042969 0.447266 0.675781
v 0.047201 0.448405 0.620117
v 0 0.439046 0.617676
v -0.047201 0.448405 0.620117
v -0.125521 0.489245 0.612891
v -0.086426 0.496094 0.679688
v -0.086426 0.496094 0.679688
v -0.075806 0.499878 0.743896
v -0.036621 0.44873 0.739258
v -0.042969 0.447266 0.675781
v -0.036621 0.44873 0.739258
v 0 0.432861 0.736816
v -0.042969 0.447266 0.675781
v 0 0.432617 0.673828
v 0 0.439046 0.617676
v 0.130859 0.583984 0.683594
v 0.086426 0.496094 0.679688
v 0.075806 0.499878 0.743896
v 0.120117 0.589844 0.748047
v 0.174561 0.67627 0.748169
v 0.183594 0.668457 0.683594
v 0.130859 0.583984 0.683594
v 0.183594 0.668457 0.683594
v 0.205729 0.638021 0.640625
v 0.130859 0.583984 0.683594
v 0.179199 0.575195 0.625977
v 0.125521 0.489245 0.612891
v -0.130859 0.583984 0.683594
v -0.179199 0.575195 0.625977
v -0.205729 0.638021 0.640625
v -0.183594 0.668457 0.683594
v -0.174561 0.67627 0.748169
v -0.120117 0.589844 0.748047
v -0.130859 0.583984 0.683594
v -0.120117 0.589844 0.748047
v -0.075806 0.499878 0.743896
v -0.130859 0.583984 0.683594
v -0.086426 0.496094 0.679688
v -0.125521 0.489245 0.612891
v 0.183594 0.668457 0.683594
v 0.174561 0.67627 0.748169
v 0.244141 0.716797 0.740723
v 0.251953 0.707031 0.675781
v 0.244141 0.716797 0.740723
v 0.322388 0.711792 0.726685
v 0.329102 0.700684 0.661621
v 0.327691 0.665365 0.622179
v 0.266113 0.662598 0.620117
v 0.251953 0.707031 0.675781
v 0.266113 0.662598 0.620117
v 0.205729 0.638021 0.640625
v -0.266113 0.662598 0.620117
v -0.327691 0.665365 0.622179
v -0.329102 0.700684 0.661621
v -0.251953 0.707031 0.675781
v -0.329102 0.700684 0.661621
v -0.322388 0.711792 0.726685
v -0.244141 0.716797 0.740723
v -0.174561 0.67627 0.748169
v -0.183594 0.668457 0.683594
v -0.251953 0.707031 0.675781
v -0.183594 0.668457 0.683594
v -0.205729 0.638021 0.640625
v 0.329102 0.700684 0.661621
v 0.322388 0.711792 0.726685
v 0.402832 0.661621 0.707031
v 0.408203 0.650391 0.642578
v 0.402832 0.661621 0.707031
v 0.491455 0.592407 0.682251
v 0.494141 0.58252 0.618652
v 0.458125 0.553438 0.557578
v 0.377441 0.621094 0.596191
v 0.408203 0.650391 0.642578
v 0.377441 0.621094 0.596191
v 0.327691 0.665365 0.622179
v -0.377441 0.621094 0.596191
v -0.458125 0.553438 0.557578
v -0.494141 0.58252 0.618652
v -0.408203 0.650391 0.642578
v -0.494141 0.58252 0.618652
v -0.491455 0.592407 0.682251
v -0.402832 0.661621 0.707031
v -0.322388 0.711792 0.726685
v -0.329102 0.700684 0.661621
v -0.408203 0.650391 0.642578
v -0.329102 0.700684 0.661621
v -0.327691 0.665365 0.622179
v 0.494141 0.58252 0.618652
v 0.491455 0.592407 0.682251
v 0.594238 0.530273 0.652832
v 0.591797 0.523438 0.589844
v 0.594238 0.530273 0.652832
v 0.693237 0.479858 0.624512
v 0.686035 0.476074 0.5625
v 0.668091 0.463501 0.489014
v 0.580078 0.506836 0.519043
v 0.591797 0.523438 0.589844
v 0.580078 0.506836 0.519043
v 0.458125 0.553438 0.557578
v -0.580078 0.506836 0.519043
v -0.668091 0.463501 0.489014
v -0.686035 0.476074 0.5625
v -0.591797 0.523438 0.589844
v -0.686035 0.476074 0.5625
v -0.693237 0.479858 0.624512
v -0.594238 0.530273 0.652832
v -0.491455 0.592407 0.682251
v -0.494141 0.58252 0.618652
v -0.591797 0.523438 0.589844
v -0.494141 0.58252 0.618652
v -0.458125 0.553438 0.557578
v 0.686035 0.476074 0.5625
v 0.693237 0.479858 0.624512
v 0.770508 0.445801 0.603027
v 0.761719 0.443359 0.542969
v 0.770508 0.445801 0.603027
v 0.816772 0.393555 0.573364
v 0.808105 0.391602 0.516602
v 0.780396 0.385376 0.449707
v 0.736816 0.433105 0.472168
v 0.761719 0.443359 0.542969
v 0.736816 0.433105 0.472168
v 0.668091 0.463501 0.489014
v -0.736816 0.433105 0.472168
v -0.780396 0.385376 0.449707
v -0.808105 0.391602 0.516602
v -0.761719 0.443359 0.542969
v -0.808105 0.391602 0.516602
v -0.816772 0.393555 0.573364
v -0.770508 0.445801 0.603027
v -0.693237 0.479858 0.624512
v -0.686035 0.476074 0.5625
v -0.761719 0.443359 0.542969
v -0.686035 0.476074 0.5625
v -0.668091 0.463501 0.489014
v 0.808105 0.391602 0.516602
v 0.816772 0.393555 0.573364
v 0.822754 0.288574 0.520508
v 0.814453 0.287109 0.46875
v 0.822754 0.288574 0.520508
v 0.789429 0.167603 0.481934
v 0.78125 0.166992 0.433105
v 0.769775 0.177979 0.363892
v 0.792969 0.290039 0.402832
v 0.814453 0.287109 0.46875
v 0.792969 0.290039 0.402832
v 0.780396 0.385376 0.449707
v -0.792969 0.290039 0.402832
v -0.769775 0.177979 0.363892
v -0.78125 0.166992 0.433105
v -0.814453 0.287109 0.46875
v -0.78125 0.166992 0.433105
v -0.789429 0.167603 0.481934
v -0.822754 0.288574 0.520508
v -0.816772 0.393555 0.573364
v -0.808105 0.391602 0.516602
v -0.814453 0.287109 0.46875
v -0.808105 0.391602 0.516602
v -0.780396 0.385376 0.449707
v 0.78125 0.166992 0.433105
v 0.789429 0.167603 0.481934
v 0.717773 0.067383 0.495117
v 0.717773 0.067383 0.495117
v 0.625366 -0.012573 0.525269
v 0.617676 -0.009766 0.471191
v 0.708984 0.068359 0.443359
v 0.617676 -0.009766 0.471191
v 0.619507 -0.000366 0.387573
v 0.706055 0.080078 0.365234
v 0.769775 0.177979 0.363892
v 0.78125 0.166992 0.433105
v -0.708984 0.068359 0.443359
v -0.706055 0.080078 0.365234
v -0.619507 -0.000366 0.387573
v -0.617676 -0.009766 0.471191
v -0.625366 -0.012573 0.525269
v -0.717773 0.067383 0.495117
v -0.717773 0.067383 0.495117
v -0.789429 0.167603 0.481934
v -0.78125 0.166992 0.433105
v -0.78125 0.166992 0.433105
v -0.769775 0.177979 0.363892
v -0.706055 0.080078 0.365234
v 0.527344 -0.068359 0.488281
v 0.617676 -0.009766 0.471191
v 0.625366 -0.012573 0.525269
v 0.529785 -0.072754 0.537598
v 0.427002 -0.116943 0.545776
v 0.430664 -0.112793 0.500977
v 0.527344 -0.068359 0.488281
v 0.430664 -0.112793 0.500977
v 0.416667 -0.110781 0.449245
v 0.527832 -0.060059 0.411621
v 0.619507 -0.000366 0.387573
v 0.617676 -0.009766 0.471191
v -0.527344 -0.068359 0.488281
v -0.527832 -0.060059 0.411621
v -0.416667 -0.110781 0.449245
v -0.430664 -0.112793 0.500977
v -0.427002 -0.116943 0.545776
v -0.529785 -0.072754 0.537598
v -0.527344 -0.068359 0.488281
v -0.529785 -0.072754 0.537598
v -0.625366 -0.012573 0.525269
v -0.617676 -0.009766 0.471191
v -0.619507 -0.000366 0.387573
v -0.527832 -0.060059 0.411621
v 0.066895 -0.569824 0.333008
v 0 -0.579346 0.325684
v 0 -0.514648 0.302734
v 0.076172 -0.501953 0.304688
v 0 -0.514648 0.302734
v 0 -0.47583 0.270508
v 0.088379 -0.459473 0.266602
v 0.161865 -0.426758 0.279297
v 0.144531 -0.476562 0.318848
v 0.076172 -0.501953 0.304688
v 0.144531 -0.476562 0.318848
v 0.131958 -0.550171 0.349487
v -0.144531 -0.476562 0.318848
v -0.161865 -0.426758 0.279297
v -0.088379 -0.459473 0.266602
v -0.076172 -0.501953 0.304688
v -0.088379 -0.459473 0.266602
v 0 -0.47583 0.270508
v 0 -0.514648 0.302734
v 0 -0.579346 0.325684
v -0.066895 -0.569824 0.333008
v -0.076172 -0.501953 0.304688
v -0.066895 -0.569824 0.333008
v -0.131958 -0.550171 0.349487
v 0.070801 -0.775391 0.365234
v 0 -0.786133 0.360352
v 0 -0.677734 0.339844
v 0.066406 -0.667969 0.347656
v 0 -0.677734 0.339844
v 0 -0.579346 0.325684
v 0.066895 -0.569824 0.333008
v 0.131958 -0.550171 0.349487
v 0.133301 -0.647949 0.362305
v 0.066406 -0.667969 0.347656
v 0.133301 -0.647949 0.362305
v 0.142334 -0.753784 0.373901
v -0.133301 -0.647949 0.362305
v -0.131958 -0.550171 0.349487
v -0.066895 -0.569824 0.333008
v -0.066406 -0.667969 0.347656
v -0.066895 -0.569824 0.333008
v 0 -0.579346 0.325684
v 0 -0.677734 0.339844
v 0 -0.786133 0.360352
v -0.070801 -0.775391 0.365234
v -0.066406 -0.667969 0.347656
v -0.070801 -0.775391 0.365234
v -0.142334 -0.753784 0.373901
v 0.081543 -0.94043 0.452148
v 0 -0.948242 0.456543
v 0 -0.880859 0.402344
v 0.076172 -0.871094 0.402344
v 0 -0.880859 0.402344
v 0 -0.786133 0.360352
v 0.070801 -0.775391 0.365234
v 0.142334 -0.753784 0.373901
v 0.152832 -0.851562 0.400879
v 0.076172 -0.871094 0.402344
v 0.152832 -0.851562 0.400879
v 0.16272 -0.924683 0.44165
v -0.152832 -0.851562 0.400879
v -0.142334 -0.753784 0.373901
v -0.070801 -0.775391 0.365234
v -0.076172 -0.871094 0.402344
v -0.070801 -0.775391 0.365234
v 0 -0.786133 0.360352
v 0 -0.880859 0.402344
v 0 -0.948242 0.456543
v -0.081543 -0.94043 0.452148
v -0.076172 -0.871094 0.402344
v -0.081543 -0.94043 0.452148
v -0.16272 -0.924683 0.44165
v 0.085938 -0.96875 0.507812
v 0.169922 -0.956543 0.494629
v 0.171387 -0.960205 0.54895
v 0.087891 -0.969727 0.560547
v 0 -0.974121 0.565918
v 0 -0.974609 0.513672
v 0.085938 -0.96875 0.507812
v 0 -0.974609 0.513672
v 0 -0.948242 0.456543
v 0.081543 -0.94043 0.452148
v 0.16272 -0.924683 0.44165
v 0.169922 -0.956543 0.494629
v -0.085938 -0.96875 0.507812
v -0.081543 -0.94043 0.452148
v 0 -0.948242 0.456543
v 0 -0.974609 0.513672
v 0 -0.974121 0.565918
v -0.087891 -0.969727 0.560547
v -0.085938 -0.96875 0.507812
v -0.087891 -0.969727 0.560547
v -0.171387 -0.960205 0.54895
v -0.169922 -0.956543 0.494629
v -0.16272 -0.924683 0.44165
v -0.081543 -0.94043 0.452148
v 0.25 -0.943359 0.478516
v 0.308594 -0.916992 0.464844
v 0.302368 -0.930664 0.526001
v 0.246094 -0.949219 0.535645
v 0.171387 -0.960205 0.54895
v 0.169922 -0.956543 0.494629
v 0.25 -0.943359 0.478516
v 0.169922 -0.956543 0.494629
v 0.16272 -0.924683 0.44165
v 0.243164 -0.908691 0.427734
v 0.286024 -0.887153 0.430339
v 0.308594 -0.916992 0.464844
v -0.25 -0.943359 0.478516
v -0.243164 -0.908691 0.427734
v -0.16272 -0.924683 0.44165
v -0.169922 -0.956543 0.494629
v -0.171387 -0.960205 0.54895
v -0.246094 -0.949219 0.535645
v -0.25 -0.943359 0.478516
v -0.246094 -0.949219 0.535645
v -0.302368 -0.930664 0.526001
v -0.308594 -0.916992 0.464844
v -0.286024 -0.887153 0.430339
v -0.243164 -0.908691 0.427734
v 0.328125 -0.865234 0.458984
v 0.324707 -0.791504 0.460449
v 0.338867 -0.845703 0.532471
v 0.330566 -0.898438 0.525391
v 0.302368 -0.930664 0.526001
v 0.308594 -0.916992 0.464844
v 0.328125 -0.865234 0.458984
v 0.308594 -0.916992 0.464844
v 0.286024 -0.887153 0.430339
v 0.293945 -0.830566 0.40918
v 0.279541 -0.73584 0.403076
v 0.324707 -0.791504 0.460449
v -0.328125 -0.865234 0.458984
v -0.293945 -0.830566 0.40918
v -0.286024 -0.887153 0.430339
v -0.308594 -0.916992 0.464844
v -0.302368 -0.930664 0.526001
v -0.330566 -0.898438 0.525391
v -0.328125 -0.865234 0.458984
v -0.330566 -0.898438 0.525391
v -0.338867 -0.845703 0.532471
v -0.324707 -0.791504 0.460449
v -0.279541 -0.73584 0.403076
v -0.293945 -0.830566 0.40918
v 0.314453 -0.699219 0.46875
v 0.300781 -0.597656 0.478516
v 0.323975 -0.664795 0.55896
v 0.335449 -0.765625 0.545898
v 0.338867 -0.845703 0.532471
v 0.324707 -0.791504 0.460449
v 0.314453 -0.699219 0.46875
v 0.324707 -0.791504 0.460449
v 0.279541 -0.73584 0.403076
v 0.263672 -0.634277 0.404297
v 0.25 -0.535645 0.407837
v 0.300781 -0.597656 0.478516
v -0.314453 -0.699219 0.46875
v -0.263672 -0.634277 0.404297
v -0.279541 -0.73584 0.403076
v -0.324707 -0.791504 0.460449
v -0.338867 -0.845703 0.532471
v -0.335449 -0.765625 0.545898
v -0.314453 -0.699219 0.46875
v -0.335449 -0.765625 0.545898
v -0.323975 -0.664795 0.55896
v -0.300781 -0.597656 0.478516
v -0.25 -0.535645 0.407837
v -0.263672 -0.634277 0.404297
v 0.263672 -0.634277 0.404297
v 0.279541 -0.73584 0.403076
v 0.215332 -0.731934 0.380371
v 0.215332 -0.731934 0.380371
v 0.142334 -0.753784 0.373901
v 0.133301 -0.647949 0.362305
v 0.201172 -0.626953 0.375
v 0.133301 -0.647949 0.362305
v 0.131958 -0.550171 0.349487
v 0.201172 -0.626953 0.375
v 0.193359 -0.529297 0.369629
v 0.25 -0.535645 0.407837
v -0.201172 -0.626953 0.375
v -0.193359 -0.529297 0.369629
v -0.131958 -0.550171 0.349487
v -0.133301 -0.647949 0.362305
v -0.142334 -0.753784 0.373901
v -0.215332 -0.731934 0.380371
v -0.215332 -0.731934 0.380371
v -0.279541 -0.73584 0.403076
v -0.263672 -0.634277 0.404297
v -0.201172 -0.626953 0.375
v -0.263672 -0.634277 0.404297
v -0.25 -0.535645 0.407837
v 0.230469 -0.832031 0.396484
v 0.215332 -0.731934 0.380371
v 0.279541 -0.73584 0.403076
v 0.230469 -0.832031 0.396484
v 0.293945 -0.830566 0.40918
v 0.286024 -0.887153 0.430339
v 0.243164 -0.908691 0.427734
v 0.16272 -0.924683 0.44165
v 0.152832 -0.851562 0.400879
v 0.230469 -0.832031 0.396484
v 0.152832 -0.851562 0.400879
v 0.142334 -0.753784 0.373901
v -0.152832 -0.851562 0.400879
v -0.16272 -0.924683 0.44165
v -0.243164 -0.908691 0.427734
v -0.230469 -0.832031 0.396484
v -0.243164 -0.908691 0.427734
v -0.286024 -0.887153 0.430339
v -0.230469 -0.832031 0.396484
v -0.293945 -0.830566 0.40918
v -0.279541 -0.73584 0.403076
v -0.230469 -0.832031 0.396484
v -0.215332 -0.731934 0.380371
v -0.142334 -0.753784 0.373901
v 0.197266 -0.451172 0.353516
v 0.205566 -0.394043 0.333008
v 0.236694 -0.381104 0.408813
v 0.242188 -0.449707 0.408691
v 0.25 -0.535645 0.407837
v 0.193359 -0.529297 0.369629
v 0.193359 -0.529297 0.369629
v 0.131958 -0.550171 0.349487
v 0.144531 -0.476562 0.318848
v 0.197266 -0.451172 0.353516
v 0.144531 -0.476562 0.318848
v 0.161865 -0.426758 0.279297
v -0.144531 -0.476562 0.318848
v -0.131958 -0.550171 0.349487
v -0.193359 -0.529297 0.369629
v -0.193359 -0.529297 0.369629
v -0.25 -0.535645 0.407837
v -0.242188 -0.449707 0.408691
v -0.197266 -0.451172 0.353516
v -0.242188 -0.449707 0.408691
v -0.236694 -0.381104 0.408813
v -0.197266 -0.451172 0.353516
v -0.205566 -0.394043 0.333008
v -0.161865 -0.426758 0.279297
v 0.287109 -0.496094 0.484375
v 0.272461 -0.407715 0.487793
v 0.288696 -0.443359 0.565674
v 0.308105 -0.549805 0.564941
v 0.323975 -0.664795 0.55896
v 0.300781 -0.597656 0.478516
v 0.287109 -0.496094 0.484375
v 0.300781 -0.597656 0.478516
v 0.25 -0.535645 0.407837
v 0.242188 -0.449707 0.408691
v 0.236694 -0.381104 0.408813
v 0.272461 -0.407715 0.487793
v -0.287109 -0.496094 0.484375
v -0.242188 -0.449707 0.408691
v -0.25 -0.535645 0.407837
v -0.300781 -0.597656 0.478516
v -0.323975 -0.664795 0.55896
v -0.308105 -0.549805 0.564941
v -0.287109 -0.496094 0.484375
v -0.308105 -0.549805 0.564941
v -0.288696 -0.443359 0.565674
v -0.272461 -0.407715 0.487793
v -0.236694 -0.381104 0.408813
v -0.242188 -0.449707 0.408691
v 0.23291 -0.277344 0.561035
v 0.24646 -0.315674 0.560303
v 0.240723 -0.301758 0.494141
v 0.240723 -0.301758 0.494141
v 0.235833 -0.284766 0.404818
v 0.244629 -0.242188 0.444824
v 0.230469 -0.267578 0.501953
v 0.244629 -0.242188 0.444824
v 0.239176 -0.21521 0.47404
v 0.222168 -0.238281 0.511719
v 0.221558 -0.244995 0.565674
v 0.23291 -0.277344 0.561035
v -0.230469 -0.267578 0.501953
v -0.222168 -0.238281 0.511719
v -0.239176 -0.21521 0.47404
v -0.244629 -0.242188 0.444824
v -0.235833 -0.284766 0.404818
v -0.240723 -0.301758 0.494141
v -0.240723 -0.301758 0.494141
v -0.24646 -0.315674 0.560303
v -0.23291 -0.277344 0.561035
v -0.23291 -0.277344 0.561035
v -0.221558 -0.244995 0.565674
v -0.222168 -0.238281 0.511719
v 0.266602 -0.368164 0.562988
v 0.288696 -0.443359 0.565674
v 0.272461 -0.407715 0.487793
v 0.255859 -0.345703 0.490234
v 0.272461 -0.407715 0.487793
v 0.236694 -0.381104 0.408813
v 0.22998 -0.334473 0.410156
v 0.235833 -0.284766 0.404818
v 0.240723 -0.301758 0.494141
v 0.255859 -0.345703 0.490234
v 0.240723 -0.301758 0.494141
v 0.24646 -0.315674 0.560303
v -0.240723 -0.301758 0.494141
v -0.235833 -0.284766 0.404818
v -0.22998 -0.334473 0.410156
v -0.255859 -0.345703 0.490234
v -0.22998 -0.334473 0.410156
v -0.236694 -0.381104 0.408813
v -0.272461 -0.407715 0.487793
v -0.288696 -0.443359 0.565674
v -0.266602 -0.368164 0.562988
v -0.255859 -0.345703 0.490234
v -0.266602 -0.368164 0.562988
v -0.24646 -0.315674 0.560303
v 0.234863 -0.179199 0.524902
v 0.226929 -0.177246 0.577515
v 0.208008 -0.210449 0.574707
v 0.212891 -0.208984 0.521484
v 0.208008 -0.210449 0.574707
v 0.221558 -0.244995 0.565674
v 0.222168 -0.238281 0.511719
v 0.239176 -0.21521 0.47404
v 0.227702 -0.192871 0.49235
v 0.227702 -0.192871 0.49235
v 0.253111 -0.171658 0.501809
v 0.234863 -0.179199 0.524902
v -0.227702 -0.192871 0.49235
v -0.239176 -0.21521 0.47404
v -0.222168 -0.238281 0.511719
v -0.212891 -0.208984 0.521484
v -0.222168 -0.238281 0.511719
v -0.221558 -0.244995 0.565674
v -0.208008 -0.210449 0.574707
v -0.226929 -0.177246 0.577515
v -0.234863 -0.179199 0.524902
v -0.234863 -0.179199 0.524902
v -0.253111 -0.171658 0.501809
v -0.227702 -0.192871 0.49235
v 0.312988 -0.148926 0.563477
v 0.226929 -0.177246 0.577515
v 0.234863 -0.179199 0.524902
v 0.320312 -0.148438 0.515625
v 0.234863 -0.179199 0.524902
v 0.253111 -0.171658 0.501809
v 0.320312 -0.148438 0.515625
v 0.311198 -0.144531 0.490885
v 0.416667 -0.110781 0.449245
v 0.320312 -0.148438 0.515625
v 0.430664 -0.112793 0.500977
v 0.427002 -0.116943 0.545776
v -0.320312 -0.148438 0.515625
v -0.430664 -0.112793 0.500977
v -0.416667 -0.110781 0.449245
v -0.320312 -0.148438 0.515625
v -0.311198 -0.144531 0.490885
v -0.253111 -0.171658 0.501809
v -0.234863 -0.179199 0.524902
v -0.226929 -0.177246 0.577515
v -0.312988 -0.148926 0.563477
v -0.320312 -0.148438 0.515625
v -0.312988 -0.148926 0.563477
v -0.427002 -0.116943 0.545776
v 0 -0.058594 -0.712891
v 0 0.093262 -0.771973
v 0.17627 0.087891 -0.732422
v 0.169922 -0.054688 -0.675781
v 0.17627 0.087891 -0.732422
v 0.325521 0.077148 -0.66097
v 0.309408 -0.042969 -0.61556
v 0.310872 -0.13208 -0.535482
v 0.168457 -0.164551 -0.585938
v 0.169922 -0.054688 -0.675781
v 0.168457 -0.164551 -0.585938
v 0 -0.175049 -0.618652
v -0.168457 -0.164551 -0.585938
v -0.310872 -0.13208 -0.535482
v -0.309408 -0.042969 -0.61556
v -0.169922 -0.054688 -0.675781
v -0.309408 -0.042969 -0.61556
v -0.325521 0.077148 -0.66097
v -0.17627 0.087891 -0.732422
v 0 0.093262 -0.771973
v 0 -0.058594 -0.712891
v -0.169922 -0.054688 -0.675781
v 0 -0.058594 -0.712891
v 0 -0.175049 -0.618652
v 0 -0.274414 -0.484375
v 0 -0.175049 -0.618652
v 0.168457 -0.164551 -0.585938
v 0.160156 -0.259766 -0.457031
v 0.168457 -0.164551 -0.585938
v 0.310872 -0.13208 -0.535482
v 0.297363 -0.219727 -0.413086
v 0.273193 -0.293091 -0.251099
v 0.145996 -0.335449 -0.285156
v 0.160156 -0.259766 -0.457031
v 0.145996 -0.335449 -0.285156
v 0 -0.352295 -0.304688
v -0.145996 -0.335449 -0.285156
v -0.273193 -0.293091 -0.251099
v -0.297363 -0.219727 -0.413086
v -0.160156 -0.259766 -0.457031
v -0.297363 -0.219727 -0.413086
v -0.310872 -0.13208 -0.535482
v -0.168457 -0.164551 -0.585938
v 0 -0.175049 -0.618652
v 0 -0.274414 -0.484375
v -0.160156 -0.259766 -0.457031
v 0 -0.274414 -0.484375
v 0 -0.352295 -0.304688
v 0 -0.404297 -0.074219
v 0 -0.352295 -0.304688
v 0.145996 -0.335449 -0.285156
v 0.145996 -0.335449 -0.285156
v 0.273193 -0.293091 -0.251099
v 0.242676 -0.339355 -0.052246
v 0.242676 -0.339355 -0.052246
v 0.21263 -0.369297 0.155833
v 0.108887 -0.418945 0.126953
v 0.108887 -0.418945 0.126953
v 0 -0.436523 0.129395
v 0 -0.404297 -0.074219
v -0.108887 -0.418945 0.126953
v -0.21263 -0.369297 0.155833
v -0.242676 -0.339355 -0.052246
v -0.242676 -0.339355 -0.052246
v -0.273193 -0.293091 -0.251099
v -0.145996 -0.335449 -0.285156
v -0.145996 -0.335449 -0.285156
v 0 -0.352295 -0.304688
v 0 -0.404297 -0.074219
v 0 -0.404297 -0.074219
v 0 -0.436523 0.129395
v -0.108887 -0.418945 0.126953
v 0.097656 -0.4375 0.222656
v 0 -0.455078 0.228516
v 0 -0.436523 0.129395
v 0.108887 -0.418945 0.126953
v 0.21263 -0.369297 0.155833
v 0.174805 -0.400391 0.239746
v 0.097656 -0.4375 0.222656
v 0.174805 -0.400391 0.239746
v 0.161865 -0.426758 0.279297
v 0.088379 -0.459473 0.266602
v 0 -0.47583 0.270508
v 0 -0.455078 0.228516
v -0.097656 -0.4375 0.222656
v -0.088379 -0.459473 0.266602
v -0.161865 -0.426758 0.279297
v -0.174805 -0.400391 0.239746
v -0.21263 -0.369297 0.155833
v -0.108887 -0.418945 0.126953
v -0.097656 -0.4375 0.222656
v -0.108887 -0.418945 0.126953
v 0 -0.436523 0.129395
v 0 -0.455078 0.228516
v 0 -0.47583 0.270508
v -0.088379 -0.459473 0.266602
v 0.22998 -0.334473 0.410156
v 0.236694 -0.381104 0.408813
v 0.205566 -0.394043 0.333008
v 0.210938 -0.359375 0.314453
v 0.205566 -0.394043 0.333008
v 0.161865 -0.426758 0.279297
v 0.174805 -0.400391 0.239746
v 0.21263 -0.369297 0.155833
v 0.229818 -0.328125 0.2889
v 0.210938 -0.359375 0.314453
v 0.229818 -0.328125 0.2889
v 0.235833 -0.284766 0.404818
v -0.229818 -0.328125 0.2889
v -0.21263 -0.369297 0.155833
v -0.174805 -0.400391 0.239746
v -0.210938 -0.359375 0.314453
v -0.174805 -0.400391 0.239746
v -0.161865 -0.426758 0.279297
v -0.205566 -0.394043 0.333008
v -0.236694 -0.381104 0.408813
v -0.22998 -0.334473 0.410156
v -0.210938 -0.359375 0.314453
v -0.22998 -0.334473 0.410156
v -0.235833 -0.284766 0.404818
v 0.740234 0.087891 0.228516
v 0.788086 0.197266 0.241211
v 0.769775 0.177979 0.363892
v 0.706055 0.080078 0.365234
v 0.619507 -0.000366 0.387573
v 0.655273 -0.009277 0.24707
v 0.740234 0.087891 0.228516
v 0.655273 -0.009277 0.24707
v 0.700312 -0.0325 0.072812
v 0.779785 0.100586 0.088867
v 0.814697 0.226074 0.114136
v 0.788086 0.197266 0.241211
v -0.740234 0.087891 0.228516
v -0.779785 0.100586 0.088867
v -0.700312 -0.0325 0.072812
v -0.655273 -0.009277 0.24707
v -0.619507 -0.000366 0.387573
v -0.706055 0.080078 0.365234
v -0.740234 0.087891 0.228516
v -0.706055 0.080078 0.365234
v -0.769775 0.177979 0.363892
v -0.788086 0.197266 0.241211
v -0.814697 0.226074 0.114136
v -0.779785 0.100586 0.088867
v 0 0.298828 -0.800781
v 0 0.518066 -0.772461
v 0.222168 0.493164 -0.734375
v 0.199219 0.28125 -0.761719
v 0.222168 0.493164 -0.734375
v 0.408691 0.442139 -0.665405
v 0.367676 0.246094 -0.688477
v 0.325521 0.077148 -0.66097
v 0.17627 0.087891 -0.732422
v 0.199219 0.28125 -0.761719
v 0.17627 0.087891 -0.732422
v 0 0.093262 -0.771973
v -0.17627 0.087891 -0.732422
v -0.325521 0.077148 -0.66097
v -0.367676 0.246094 -0.688477
v -0.199219 0.28125 -0.761719
v -0.367676 0.246094 -0.688477
v -0.408691 0.442139 -0.665405
v -0.222168 0.493164 -0.734375
v 0 0.518066 -0.772461
v 0 0.298828 -0.800781
v -0.199219 0.28125 -0.761719
v 0 0.298828 -0.800781
v 0 0.093262 -0.771973
v 0 0.928711 0.099609
v 0 0.856201 0.263916
v 0.227051 0.844238 0.249512
v 0.226562 0.916016 0.09375
v 0.227051 0.844238 0.249512
v 0.420532 0.808472 0.206787
v 0.419922 0.876465 0.065918
v 0.419922 0.896362 -0.089233
v 0.226562 0.9375 -0.081055
v 0.226562 0.9375 -0.081055
v 0 0.950195 -0.085938
v 0 0.928711 0.099609
v -0.226562 0.9375 -0.081055
v -0.419922 0.896362 -0.089233
v -0.419922 0.876465 0.065918
v -0.226562 0.916016 0.09375
v -0.419922 0.876465 0.065918
v -0.420532 0.808472 0.206787
v -0.227051 0.844238 0.249512
v 0 0.856201 0.263916
v 0 0.928711 0.099609
v 0 0.928711 0.099609
v 0 0.950195 -0.085938
v -0.226562 0.9375 -0.081055
v 0.226562 0.919922 -0.269531
v 0 0.930664 -0.291016
v 0 0.950195 -0.085938
v 0.226562 0.9375 -0.081055
v 0.419922 0.896362 -0.089233
v 0.419922 0.880859 -0.249023
v 0.226562 0.919922 -0.269531
v 0.419922 0.880859 -0.249023
v 0.420288 0.804932 -0.407593
v 0.227051 0.844238 -0.455078
v 0 0.855713 -0.490723
v 0 0.930664 -0.291016
v -0.226562 0.919922 -0.269531
v -0.227051 0.844238 -0.455078
v -0.420288 0.804932 -0.407593
v -0.419922 0.880859 -0.249023
v -0.419922 0.896362 -0.089233
v -0.226562 0.9375 -0.081055
v -0.226562 0.919922 -0.269531
v -0.226562 0.9375 -0.081055
v 0 0.950195 -0.085938
v 0 0.930664 -0.291016
v 0 0.855713 -0.490723
v -0.227051 0.844238 -0.455078
v 0.228516 0.691406 -0.621094
v 0 0.710938 -0.660156
v 0 0.855713 -0.490723
v 0.227051 0.844238 -0.455078
v 0.420288 0.804932 -0.407593
v 0.421387 0.643555 -0.559082
v 0.421387 0.643555 -0.559082
v 0.408691 0.442139 -0.665405
v 0.222168 0.493164 -0.734375
v 0.222168 0.493164 -0.734375
v 0 0.518066 -0.772461
v 0 0.710938 -0.660156
v -0.222168 0.493164 -0.734375
v -0.408691 0.442139 -0.665405
v -0.421387 0.643555 -0.559082
v -0.421387 0.643555 -0.559082
v -0.420288 0.804932 -0.407593
v -0.227051 0.844238 -0.455078
v -0.228516 0.691406 -0.621094
v -0.227051 0.844238 -0.455078
v 0 0.855713 -0.490723
v 0 0.710938 -0.660156
v 0 0.518066 -0.772461
v -0.222168 0.493164 -0.734375
v 0.708984 0.429688 0.392578
v 0.646484 0.458008 0.401367
v 0.668091 0.463501 0.489014
v 0.708984 0.429688 0.392578
v 0.736816 0.433105 0.472168
v 0.780396 0.385376 0.449707
v 0.708984 0.429688 0.392578
v 0.754883 0.38623 0.374023
v 0.743408 0.409424 0.289062
v 0.691895 0.455078 0.302246
v 0.630615 0.487549 0.302734
v 0.646484 0.458008 0.401367
v -0.708984 0.429688 0.392578
v -0.691895 0.455078 0.302246
v -0.743408 0.409424 0.289062
v -0.708984 0.429688 0.392578
v -0.754883 0.38623 0.374023
v -0.780396 0.385376 0.449707
v -0.708984 0.429688 0.392578
v -0.736816 0.433105 0.472168
v -0.668091 0.463501 0.489014
v -0.646484 0.458008 0.401367
v -0.630615 0.487549 0.302734
v -0.691895 0.455078 0.302246
v 0.699219 0.53125 0.199219
v 0.629883 0.580078 0.196289
v 0.630615 0.487549 0.302734
v 0.691895 0.455078 0.302246
v 0.743408 0.409424 0.289062
v 0.757812 0.470215 0.194336
v 0.699219 0.53125 0.199219
v 0.757812 0.470215 0.194336
v 0.77771 0.535889 0.090576
v 0.713867 0.61377 0.086426
v 0.63501 0.679565 0.081543
v 0.629883 0.580078 0.196289
v -0.699219 0.53125 0.199219
v -0.713867 0.61377 0.086426
v -0.77771 0.535889 0.090576
v -0.757812 0.470215 0.194336
v -0.743408 0.409424 0.289062
v -0.691895 0.455078 0.302246
v -0.699219 0.53125 0.199219
v -0.691895 0.455078 0.302246
v -0.630615 0.487549 0.302734
v -0.629883 0.580078 0.196289
v -0.63501 0.679565 0.081543
v -0.713867 0.61377 0.086426
v 0.71875 0.658203 -0.033203
v 0.636719 0.72998 -0.041992
v 0.63501 0.679565 0.081543
v 0.713867 0.61377 0.086426
v 0.77771 0.535889 0.090576
v 0.782715 0.57373 -0.021484
v 0.71875 0.658203 -0.033203
v 0.782715 0.57373 -0.021484
v 0.780151 0.582275 -0.138916
v 0.71875 0.667969 -0.15625
v 0.636719 0.740601 -0.170044
v 0.636719 0.72998 -0.041992
v -0.71875 0.658203 -0.033203
v -0.71875 0.667969 -0.15625
v -0.780151 0.582275 -0.138916
v -0.782715 0.57373 -0.021484
v -0.77771 0.535889 0.090576
v -0.713867 0.61377 0.086426
v -0.71875 0.658203 -0.033203
v -0.713867 0.61377 0.086426
v -0.63501 0.679565 0.081543
v -0.636719 0.72998 -0.041992
v -0.636719 0.740601 -0.170044
v -0.71875 0.667969 -0.15625
v 0.71875 0.646484 -0.279297
v 0.636719 0.720703 -0.29834
v 0.636719 0.740601 -0.170044
v 0.71875 0.667969 -0.15625
v 0.780151 0.582275 -0.138916
v 0.777344 0.560059 -0.258789
v 0.71875 0.646484 -0.279297
v 0.777344 0.560059 -0.258789
v 0.758247 0.524089 -0.34375
v 0.71875 0.646484 -0.279297
v 0.71582 0.57959 -0.385254
v 0.634277 0.650391 -0.414062
v -0.71875 0.646484 -0.279297
v -0.71582 0.57959 -0.385254
v -0.758247 0.524089 -0.34375
v -0.777344 0.560059 -0.258789
v -0.780151 0.582275 -0.138916
v -0.71875 0.667969 -0.15625
v -0.71875 0.646484 -0.279297
v -0.71875 0.667969 -0.15625
v -0.636719 0.740601 -0.170044
v -0.71875 0.646484 -0.279297
v -0.636719 0.720703 -0.29834
v -0.634277 0.650391 -0.414062
v 0.707031 0.453125 -0.457031
v 0.768555 0.423828 -0.383301
v 0.762813 0.282891 -0.41875
v 0.707031 0.453125 -0.457031
v 0.681641 0.299805 -0.495117
v 0.603149 0.339111 -0.558228
v 0.626953 0.509766 -0.504395
v 0.634277 0.650391 -0.414062
v 0.71582 0.57959 -0.385254
v 0.707031 0.453125 -0.457031
v 0.71582 0.57959 -0.385254
v 0.758247 0.524089 -0.34375
v -0.71582 0.57959 -0.385254
v -0.634277 0.650391 -0.414062
v -0.626953 0.509766 -0.504395
v -0.707031 0.453125 -0.457031
v -0.626953 0.509766 -0.504395
v -0.603149 0.339111 -0.558228
v -0.707031 0.453125 -0.457031
v -0.681641 0.299805 -0.495117
v -0.762813 0.282891 -0.41875
v -0.707031 0.453125 -0.457031
v -0.768555 0.423828 -0.383301
v -0.758247 0.524089 -0.34375
v 0.542969 0.578125 -0.529297
v 0.523926 0.388672 -0.61084
v 0.408691 0.442139 -0.665405
v 0.421387 0.643555 -0.559082
v 0.420288 0.804932 -0.407593
v 0.545898 0.73291 -0.407715
v 0.542969 0.578125 -0.529297
v 0.545898 0.73291 -0.407715
v 0.634277 0.650391 -0.414062
v 0.626953 0.509766 -0.504395
v 0.603149 0.339111 -0.558228
v 0.523926 0.388672 -0.61084
v -0.542969 0.578125 -0.529297
v -0.626953 0.509766 -0.504395
v -0.634277 0.650391 -0.414062
v -0.545898 0.73291 -0.407715
v -0.420288 0.804932 -0.407593
v -0.421387 0.643555 -0.559082
v -0.542969 0.578125 -0.529297
v -0.421387 0.643555 -0.559082
v -0.408691 0.442139 -0.665405
v -0.523926 0.388672 -0.61084
v -0.603149 0.339111 -0.558228
v -0.626953 0.509766 -0.504395
v 0.546875 0.806641 -0.273438
v 0.545898 0.73291 -0.407715
v 0.420288 0.804932 -0.407593
v 0.419922 0.880859 -0.249023
v 0.419922 0.896362 -0.089233
v 0.546875 0.82373 -0.133301
v 0.546875 0.806641 -0.273438
v 0.546875 0.82373 -0.133301
v 0.636719 0.740601 -0.170044
v 0.636719 0.720703 -0.29834
v 0.634277 0.650391 -0.414062
v 0.545898 0.73291 -0.407715
v -0.546875 0.806641 -0.273438
v -0.636719 0.720703 -0.29834
v -0.636719 0.740601 -0.170044
v -0.546875 0.82373 -0.133301
v -0.419922 0.896362 -0.089233
v -0.419922 0.880859 -0.249023
v -0.546875 0.806641 -0.273438
v -0.419922 0.880859 -0.249023
v -0.420288 0.804932 -0.407593
v -0.545898 0.73291 -0.407715
v -0.634277 0.650391 -0.414062
v -0.636719 0.720703 -0.29834
v 0.546875 0.808594 0.005859
v 0.546875 0.82373 -0.133301
v 0.419922 0.896362 -0.089233
v 0.419922 0.876465 0.065918
v 0.420532 0.808472 0.206787
v 0.546875 0.749023 0.13623
v 0.546875 0.808594 0.005859
v 0.546875 0.749023 0.13623
v 0.63501 0.679565 0.081543
v 0.636719 0.72998 -0.041992
v 0.636719 0.740601 -0.170044
v 0.546875 0.82373 -0.133301
v -0.546875 0.808594 0.005859
v -0.636719 0.72998 -0.041992
v -0.63501 0.679565 0.081543
v -0.546875 0.749023 0.13623
v -0.420532 0.808472 0.206787
v -0.419922 0.876465 0.065918
v -0.546875 0.808594 0.005859
v -0.419922 0.876465 0.065918
v -0.419922 0.896362 -0.089233
v -0.546875 0.82373 -0.133301
v -0.636719 0.740601 -0.170044
v -0.636719 0.72998 -0.041992
v 0.546875 0.632812 0.25
v 0.546875 0.749023 0.13623
v 0.420532 0.808472 0.206787
v 0.422363 0.679688 0.32373
v 0.428833 0.561523 0.418091
v 0.55127 0.526367 0.350098
v 0.546875 0.632812 0.25
v 0.55127 0.526367 0.350098
v 0.630615 0.487549 0.302734
v 0.546875 0.632812 0.25
v 0.629883 0.580078 0.196289
v 0.63501 0.679565 0.081543
v -0.546875 0.632812 0.25
v -0.629883 0.580078 0.196289
v -0.630615 0.487549 0.302734
v -0.55127 0.526367 0.350098
v -0.428833 0.561523 0.418091
v -0.422363 0.679688 0.32373
v -0.546875 0.632812 0.25
v -0.422363 0.679688 0.32373
v -0.420532 0.808472 0.206787
v -0.546875 0.632812 0.25
v -0.546875 0.749023 0.13623
v -0.63501 0.679565 0.081543
v 0.443359 0.525391 0.491211
v 0.458125 0.553438 0.557578
v 0.580078 0.506836 0.519043
v 0.564453 0.496094 0.439453
v 0.580078 0.506836 0.519043
v 0.668091 0.463501 0.489014
v 0.646484 0.458008 0.401367
v 0.630615 0.487549 0.302734
v 0.55127 0.526367 0.350098
v 0.564453 0.496094 0.439453
v 0.55127 0.526367 0.350098
v 0.428833 0.561523 0.418091
v -0.55127 0.526367 0.350098
v -0.630615 0.487549 0.302734
v -0.646484 0.458008 0.401367
v -0.564453 0.496094 0.439453
v -0.646484 0.458008 0.401367
v -0.668091 0.463501 0.489014
v -0.580078 0.506836 0.519043
v -0.458125 0.553438 0.557578
v -0.443359 0.525391 0.491211
v -0.564453 0.496094 0.439453
v -0.443359 0.525391 0.491211
v -0.428833 0.561523 0.418091
v 0 0.722656 0.405273
v 0 0.566551 0.546875
v 0.238281 0.583008 0.480469
v 0.228516 0.710938 0.380859
v 0.238281 0.583008 0.480469
v 0.428833 0.561523 0.418091
v 0.422363 0.679688 0.32373
v 0.420532 0.808472 0.206787
v 0.227051 0.844238 0.249512
v 0.228516 0.710938 0.380859
v 0.227051 0.844238 0.249512
v 0 0.856201 0.263916
v -0.227051 0.844238 0.249512
v -0.420532 0.808472 0.206787
v -0.422363 0.679688 0.32373
v -0.228516 0.710938 0.380859
v -0.422363 0.679688 0.32373
v -0.428833 0.561523 0.418091
v -0.238281 0.583008 0.480469
v 0 0.566551 0.546875
v 0 0.722656 0.405273
v -0.228516 0.710938 0.380859
v 0 0.722656 0.405273
v 0 0.856201 0.263916
v 0.284668 0.533691 0.574707
v 0.125521 0.489245 0.612891
v 0.179199 0.575195 0.625977
v 0.28125 0.591797 0.59375
v 0.179199 0.575195 0.625977
v 0.205729 0.638021 0.640625
v 0.28125 0.591797 0.59375
v 0.266113 0.662598 0.620117
v 0.327691 0.665365 0.622179
v 0.377441 0.621094 0.596191
v 0.458125 0.553438 0.557578
v 0.284668 0.533691 0.574707
v -0.28125 0.591797 0.59375
v -0.377441 0.621094 0.596191
v -0.327691 0.665365 0.622179
v -0.28125 0.591797 0.59375
v -0.266113 0.662598 0.620117
v -0.205729 0.638021 0.640625
v -0.179199 0.575195 0.625977
v -0.125521 0.489245 0.612891
v -0.284668 0.533691 0.574707
v -0.284668 0.533691 0.574707
v -0.458125 0.553438 0.557578
v -0.377441 0.621094 0.596191
v 0.263672 0.527344 0.541016
v 0.102376 0.50944 0.578613
v 0.125521 0.489245 0.612891
v 0.284668 0.533691 0.574707
v 0.458125 0.553438 0.557578
v 0.443359 0.525391 0.491211
v 0.263672 0.527344 0.541016
v 0.443359 0.525391 0.491211
v 0.428833 0.561523 0.418091
v 0.238281 0.583008 0.480469
v 0 0.566551 0.546875
v 0.102376 0.50944 0.578613
v -0.263672 0.527344 0.541016
v -0.238281 0.583008 0.480469
v -0.428833 0.561523 0.418091
v -0.443359 0.525391 0.491211
v -0.458125 0.553438 0.557578
v -0.284668 0.533691 0.574707
v -0.263672 0.527344 0.541016
v -0.284668 0.533691 0.574707
v -0.125521 0.489245 0.612891
v -0.102376 0.50944 0.578613
v 0 0.566551 0.546875
v -0.238281 0.583008 0.480469
v 0.036458 0.479167 0.59375
v 0 0.483724 0.589844
v 0 0.439046 0.617676
v 0.036458 0.479167 0.59375
v 0.047201 0.448405 0.620117
v 0.125521 0.489245 0.612891
v 0.036458 0.479167 0.59375
v 0.102376 0.50944 0.578613
v 0 0.566551 0.546875
v -0.036458 0.479167 0.59375
v 0 0.483724 0.589844
v 0 0.566551 0.546875
v -0.036458 0.479167 0.59375
v -0.102376 0.50944 0.578613
v -0.125521 0.489245 0.612891
v -0.036458 0.479167 0.59375
v -0.047201 0.448405 0.620117
v 0 0.439046 0.617676
v 0.754883 0.38623 0.374023
v 0.780396 0.385376 0.449707
v 0.792969 0.290039 0.402832
v 0.787109 0.302734 0.306641
v 0.792969 0.290039 0.402832
v 0.769775 0.177979 0.363892
v 0.788086 0.197266 0.241211
v 0.814697 0.226074 0.114136
v 0.793457 0.331055 0.203613
v 0.787109 0.302734 0.306641
v 0.793457 0.331055 0.203613
v 0.743408 0.409424 0.289062
v -0.793457 0.331055 0.203613
v -0.814697 0.226074 0.114136
v -0.788086 0.197266 0.241211
v -0.787109 0.302734 0.306641
v -0.788086 0.197266 0.241211
v -0.769775 0.177979 0.363892
v -0.792969 0.290039 0.402832
v -0.780396 0.385376 0.449707
v -0.754883 0.38623 0.374023
v -0.787109 0.302734 0.306641
v -0.754883 0.38623 0.374023
v -0.743408 0.409424 0.289062
v 0.808594 0.380859 0.117188
v 0.793457 0.331055 0.203613
v 0.814697 0.226074 0.114136
v 0.828125 0.265625 0.031738
v 0.836328 0.300938 -0.049844
v 0.820801 0.430176 0.033691
v 0.808594 0.380859 0.117188
v 0.820801 0.430176 0.033691
v 0.77771 0.535889 0.090576
v 0.757812 0.470215 0.194336
v 0.743408 0.409424 0.289062
v 0.793457 0.331055 0.203613
v -0.808594 0.380859 0.117188
v -0.757812 0.470215 0.194336
v -0.77771 0.535889 0.090576
v -0.820801 0.430176 0.033691
v -0.836328 0.300938 -0.049844
v -0.828125 0.265625 0.031738
v -0.808594 0.380859 0.117188
v -0.828125 0.265625 0.031738
v -0.814697 0.226074 0.114136
v -0.793457 0.331055 0.203613
v -0.743408 0.409424 0.289062
v -0.757812 0.470215 0.194336
v 0.818359 0.457031 -0.060547
v 0.820801 0.430176 0.033691
v 0.836328 0.300938 -0.049844
v 0.832031 0.347656 -0.119629
v 0.824766 0.347656 -0.205312
v 0.808105 0.459961 -0.165039
v 0.818359 0.457031 -0.060547
v 0.808105 0.459961 -0.165039
v 0.780151 0.582275 -0.138916
v 0.782715 0.57373 -0.021484
v 0.77771 0.535889 0.090576
v 0.820801 0.430176 0.033691
v -0.818359 0.457031 -0.060547
v -0.782715 0.57373 -0.021484
v -0.780151 0.582275 -0.138916
v -0.808105 0.459961 -0.165039
v -0.824766 0.347656 -0.205312
v -0.832031 0.347656 -0.119629
v -0.818359 0.457031 -0.060547
v -0.832031 0.347656 -0.119629
v -0.836328 0.300938 -0.049844
v -0.820801 0.430176 0.033691
v -0.77771 0.535889 0.090576
v -0.782715 0.57373 -0.021484
v 0.806641 0.344238 -0.308594
v 0.762813 0.282891 -0.41875
v 0.768555 0.423828 -0.383301
v 0.796875 0.4375 -0.279297
v 0.768555 0.423828 -0.383301
v 0.758247 0.524089 -0.34375
v 0.777344 0.560059 -0.258789
v 0.780151 0.582275 -0.138916
v 0.808105 0.459961 -0.165039
v 0.796875 0.4375 -0.279297
v 0.808105 0.459961 -0.165039
v 0.824766 0.347656 -0.205312
v -0.808105 0.459961 -0.165039
v -0.780151 0.582275 -0.138916
v -0.777344 0.560059 -0.258789
v -0.796875 0.4375 -0.279297
v -0.777344 0.560059 -0.258789
v -0.758247 0.524089 -0.34375
v -0.768555 0.423828 -0.383301
v -0.762813 0.282891 -0.41875
v -0.806641 0.344238 -0.308594
v -0.796875 0.4375 -0.279297
v -0.806641 0.344238 -0.308594
v -0.824766 0.347656 -0.205312
v 0.307943 -0.277832 0.12972
v 0.21263 -0.369297 0.155833
v 0.242676 -0.339355 -0.052246
v 0.335938 -0.267578 -0.041016
v 0.242676 -0.339355 -0.052246
v 0.273193 -0.293091 -0.251099
v 0.362793 -0.233398 -0.227051
v 0.438843 -0.174072 -0.207764
v 0.428223 -0.192383 -0.035645
v 0.428223 -0.192383 -0.035645
v 0.405755 -0.181641 0.158802
v 0.307943 -0.277832 0.12972
v -0.428223 -0.192383 -0.035645
v -0.438843 -0.174072 -0.207764
v -0.362793 -0.233398 -0.227051
v -0.335938 -0.267578 -0.041016
v -0.362793 -0.233398 -0.227051
v -0.273193 -0.293091 -0.251099
v -0.242676 -0.339355 -0.052246
v -0.21263 -0.369297 0.155833
v -0.307943 -0.277832 0.12972
v -0.307943 -0.277832 0.12972
v -0.405755 -0.181641 0.158802
v -0.428223 -0.192383 -0.035645
v 0.640625 -0.088867 -0.054199
v 0.700312 -0.0325 0.072812
v 0.556641 -0.10791 0.11377
v 0.556641 -0.10791 0.11377
v 0.405755 -0.181641 0.158802
v 0.428223 -0.192383 -0.035645
v 0.428223 -0.192383 -0.035645
v 0.438843 -0.174072 -0.207764
v 0.525391 -0.132812 -0.187988
v 0.541016 -0.134766 -0.039062
v 0.525391 -0.132812 -0.187988
v 0.616094 -0.109531 -0.167969
v -0.525391 -0.132812 -0.187988
v -0.438843 -0.174072 -0.207764
v -0.428223 -0.192383 -0.035645
v -0.428223 -0.192383 -0.035645
v -0.405755 -0.181641 0.158802
v -0.556641 -0.10791 0.11377
v -0.556641 -0.10791 0.11377
v -0.700312 -0.0325 0.072812
v -0.640625 -0.088867 -0.054199
v -0.541016 -0.134766 -0.039062
v -0.640625 -0.088867 -0.054199
v -0.616094 -0.109531 -0.167969
v 0.544922 -0.078125 0.275391
v 0.655273 -0.009277 0.24707
v 0.619507 -0.000366 0.387573
v 0.527832 -0.060059 0.411621
v 0.416667 -0.110781 0.449245
v 0.426758 -0.134277 0.317871
v 0.544922 -0.078125 0.275391
v 0.426758 -0.134277 0.317871
v 0.405755 -0.181641 0.158802
v 0.556641 -0.10791 0.11377
v 0.700312 -0.0325 0.072812
v 0.655273 -0.009277 0.24707
v -0.544922 -0.078125 0.275391
v -0.556641 -0.10791 0.11377
v -0.405755 -0.181641 0.158802
v -0.426758 -0.134277 0.317871
v -0.416667 -0.110781 0.449245
v -0.527832 -0.060059 0.411621
v -0.544922 -0.078125 0.275391
v -0.527832 -0.060059 0.411621
v -0.619507 -0.000366 0.387573
v -0.655273 -0.009277 0.24707
v -0.700312 -0.0325 0.072812
v -0.556641 -0.10791 0.11377
v 0.318359 -0.193359 0.378906
v 0.426758 -0.134277 0.317871
v 0.416667 -0.110781 0.449245
v 0.312663 -0.169434 0.448893
v 0.239176 -0.21521 0.47404
v 0.244629 -0.242188 0.444824
v 0.318359 -0.193359 0.378906
v 0.244629 -0.242188 0.444824
v 0.235833 -0.284766 0.404818
v 0.305501 -0.231934 0.301107
v 0.405755 -0.181641 0.158802
v 0.426758 -0.134277 0.317871
v -0.318359 -0.193359 0.378906
v -0.305501 -0.231934 0.301107
v -0.235833 -0.284766 0.404818
v -0.244629 -0.242188 0.444824
v -0.239176 -0.21521 0.47404
v -0.312663 -0.169434 0.448893
v -0.318359 -0.193359 0.378906
v -0.312663 -0.169434 0.448893
v -0.416667 -0.110781 0.449245
v -0.426758 -0.134277 0.317871
v -0.405755 -0.181641 0.158802
v -0.305501 -0.231934 0.301107
v 0.305501 -0.231934 0.301107
v 0.235833 -0.284766 0.404818
v 0.229818 -0.328125 0.2889
v 0.278646 -0.28125 0.247396
v 0.229818 -0.328125 0.2889
v 0.21263 -0.369297 0.155833
v 0.278646 -0.28125 0.247396
v 0.307943 -0.277832 0.12972
v 0.405755 -0.181641 0.158802
v -0.278646 -0.28125 0.247396
v -0.305501 -0.231934 0.301107
v -0.405755 -0.181641 0.158802
v -0.278646 -0.28125 0.247396
v -0.307943 -0.277832 0.12972
v -0.21263 -0.369297 0.155833
v -0.229818 -0.328125 0.2889
v -0.235833 -0.284766 0.404818
v -0.305501 -0.231934 0.301107
v 0.312663 -0.169434 0.448893
v 0.416667 -0.110781 0.449245
v 0.311198 -0.144531 0.490885
v 0.283854 -0.164062 0.479167
v 0.311198 -0.144531 0.490885
v 0.253111 -0.171658 0.501809
v 0.283854 -0.164062 0.479167
v 0.227702 -0.192871 0.49235
v 0.239176 -0.21521 0.47404
v -0.283854 -0.164062 0.479167
v -0.312663 -0.169434 0.448893
v -0.239176 -0.21521 0.47404
v -0.283854 -0.164062 0.479167
v -0.227702 -0.192871 0.49235
v -0.253111 -0.171658 0.501809
v -0.311198 -0.144531 0.490885
v -0.416667 -0.110781 0.449245
v -0.312663 -0.169434 0.448893
v 0.681641 0.299805 -0.495117
v 0.762813 0.282891 -0.41875
v 0.702148 0.134766 -0.44043
v 0.702148 0.134766 -0.44043
v 0.64978 0.005127 -0.400513
v 0.572754 0.022949 -0.453613
v 0.572754 0.022949 -0.453613
v 0.482005 0.019531 -0.522786
v 0.55127 0.178711 -0.564453
v 0.55127 0.178711 -0.564453
v 0.603149 0.339111 -0.558228
v 0.681641 0.299805 -0.495117
v -0.55127 0.178711 -0.564453
v -0.482005 0.019531 -0.522786
v -0.572754 0.022949 -0.453613
v -0.572754 0.022949 -0.453613
v -0.64978 0.005127 -0.400513
v -0.702148 0.134766 -0.44043
v -0.702148 0.134766 -0.44043
v -0.762813 0.282891 -0.41875
v -0.681641 0.299805 -0.495117
v -0.681641 0.299805 -0.495117
v -0.603149 0.339111 -0.558228
v -0.55127 0.178711 -0.564453
v 0.367676 0.246094 -0.688477
v 0.408691 0.442139 -0.665405
v 0.523926 0.388672 -0.61084
v 0.474609 0.210938 -0.625
v 0.523926 0.388672 -0.61084
v 0.603149 0.339111 -0.558228
v 0.55127 0.178711 -0.564453
v 0.482005 0.019531 -0.522786
v 0.420736 0.066406 -0.604818
v 0.420736 0.066406 -0.604818
v 0.325521 0.077148 -0.66097
v 0.367676 0.246094 -0.688477
v -0.420736 0.066406 -0.604818
v -0.482005 0.019531 -0.522786
v -0.55127 0.178711 -0.564453
v -0.474609 0.210938 -0.625
v -0.55127 0.178711 -0.564453
v -0.603149 0.339111 -0.558228
v -0.523926 0.388672 -0.61084
v -0.408691 0.442139 -0.665405
v -0.367676 0.246094 -0.688477
v -0.367676 0.246094 -0.688477
v -0.325521 0.077148 -0.66097
v -0.420736 0.066406 -0.604818
v 0.617676 -0.077148 -0.29834
v 0.616094 -0.109531 -0.167969
v 0.525391 -0.132812 -0.187988
v 0.537109 -0.076172 -0.337891
v 0.525391 -0.132812 -0.187988
v 0.438843 -0.174072 -0.207764
v 0.459961 -0.101562 -0.371582
v 0.482005 0.019531 -0.522786
v 0.572754 0.022949 -0.453613
v 0.537109 -0.076172 -0.337891
v 0.572754 0.022949 -0.453613
v 0.64978 0.005127 -0.400513
v -0.572754 0.022949 -0.453613
v -0.482005 0.019531 -0.522786
v -0.459961 -0.101562 -0.371582
v -0.537109 -0.076172 -0.337891
v -0.459961 -0.101562 -0.371582
v -0.438843 -0.174072 -0.207764
v -0.525391 -0.132812 -0.187988
v -0.616094 -0.109531 -0.167969
v -0.617676 -0.077148 -0.29834
v -0.537109 -0.076172 -0.337891
v -0.617676 -0.077148 -0.29834
v -0.64978 0.005127 -0.400513
v 0.362793 -0.233398 -0.227051
v 0.273193 -0.293091 -0.251099
v 0.297363 -0.219727 -0.413086
v 0.388672 -0.158203 -0.390625
v 0.297363 -0.219727 -0.413086
v 0.310872 -0.13208 -0.535482
v 0.401204 -0.07666 -0.514974
v 0.482005 0.019531 -0.522786
v 0.459961 -0.101562 -0.371582
v 0.388672 -0.158203 -0.390625
v 0.459961 -0.101562 -0.371582
v 0.438843 -0.174072 -0.207764
v -0.459961 -0.101562 -0.371582
v -0.482005 0.019531 -0.522786
v -0.401204 -0.07666 -0.514974
v -0.388672 -0.158203 -0.390625
v -0.401204 -0.07666 -0.514974
v -0.310872 -0.13208 -0.535482
v -0.297363 -0.219727 -0.413086
v -0.273193 -0.293091 -0.251099
v -0.362793 -0.233398 -0.227051
v -0.388672 -0.158203 -0.390625
v -0.362793 -0.233398 -0.227051
v -0.438843 -0.174072 -0.207764
v 0.388021 -0.023438 -0.583333
v 0.309408 -0.042969 -0.61556
v 0.325521 0.077148 -0.66097
v 0.388021 -0.023438 -0.583333
v 0.420736 0.066406 -0.604818
v 0.482005 0.019531 -0.522786
v 0.388021 -0.023438 -0.583333
v 0.401204 -0.07666 -0.514974
v 0.310872 -0.13208 -0.535482
v -0.388021 -0.023438 -0.583333
v -0.309408 -0.042969 -0.61556
v -0.310872 -0.13208 -0.535482
v -0.388021 -0.023438 -0.583333
v -0.401204 -0.07666 -0.514974
v -0.482005 0.019531 -0.522786
v -0.388021 -0.023438 -0.583333
v -0.420736 0.066406 -0.604818
v -0.325521 0.077148 -0.66097
v 1.029297 0.440918 -0.304688
v 1.031982 0.459351 -0.333862
v 0.956543 0.430664 -0.291016
v 0.962891 0.414062 -0.263672
v 0.956543 0.430664 -0.291016
v 0.897949 0.395508 -0.258789
v 0.911133 0.381348 -0.233398
v 0.923706 0.356445 -0.236816
v 0.969238 0.385742 -0.265137
v 0.962891 0.414062 -0.263672
v 0.969238 0.385742 -0.265137
v 1.027222 0.40918 -0.304321
v -0.969238 0.385742 -0.265137
v -0.923706 0.356445 -0.236816
v -0.911133 0.381348 -0.233398
v -0.962891 0.414062 -0.263672
v -0.911133 0.381348 -0.233398
v -0.897949 0.395508 -0.258789
v -0.956543 0.430664 -0.291016
v -1.031982 0.459351 -0.333862
v -1.029297 0.440918 -0.304688
v -0.962891 0.414062 -0.263672
v -1.029297 0.440918 -0.304688
v -1.027222 0.40918 -0.304321
v 1.115234 0.458984 -0.353516
v 1.126465 0.479004 -0.382324
v 1.031982 0.459351 -0.333862
v 1.029297 0.440918 -0.304688
v 1.027222 0.40918 -0.304321
v 1.104492 0.424805 -0.350586
v 1.115234 0.458984 -0.353516
v 1.104492 0.424805 -0.350586
v 1.17981 0.415039 -0.389526
v 1.199219 0.448242 -0.394043
v 1.218506 0.467773 -0.420288
v 1.126465 0.479004 -0.382324
v -1.115234 0.458984 -0.353516
v -1.199219 0.448242 -0.394043
v -1.17981 0.415039 -0.389526
v -1.104492 0.424805 -0.350586
v -1.027222 0.40918 -0.304321
v -1.029297 0.440918 -0.304688
v -1.115234 0.458984 -0.353516
v -1.029297 0.440918 -0.304688
v -1.031982 0.459351 -0.333862
v -1.126465 0.479004 -0.382324
v -1.218506 0.467773 -0.420288
v -1.199219 0.448242 -0.394043
v 1.259766 0.388672 -0.410156
v 1.286621 0.403809 -0.431641
v 1.218506 0.467773 -0.420288
v 1.259766 0.388672 -0.410156
v 1.199219 0.448242 -0.394043
v 1.17981 0.415039 -0.389526
v 1.231934 0.362305 -0.406738
v 1.255371 0.280273 -0.411621
v 1.288574 0.295898 -0.413574
v 1.259766 0.388672 -0.410156
v 1.288574 0.295898 -0.413574
v 1.320435 0.304077 -0.431396
v -1.288574 0.295898 -0.413574
v -1.255371 0.280273 -0.411621
v -1.231934 0.362305 -0.406738
v -1.259766 0.388672 -0.410156
v -1.231934 0.362305 -0.406738
v -1.17981 0.415039 -0.389526
v -1.259766 0.388672 -0.410156
v -1.199219 0.448242 -0.394043
v -1.218506 0.467773 -0.420288
v -1.259766 0.388672 -0.410156
v -1.286621 0.403809 -0.431641
v -1.320435 0.304077 -0.431396
v 1.30957 0.185547 -0.43457
v 1.320435 0.304077 -0.431396
v 1.288574 0.295898 -0.413574
v 1.277344 0.185547 -0.416016
v 1.288574 0.295898 -0.413574
v 1.255371 0.280273 -0.411621
v 1.244629 0.182617 -0.413574
v 1.200806 0.088623 -0.401611
v 1.227539 0.079102 -0.404785
v 1.277344 0.185547 -0.416016
v 1.227539 0.079102 -0.404785
v 1.254883 0.070923 -0.426514
v -1.227539 0.079102 -0.404785
v -1.200806 0.088623 -0.401611
v -1.244629 0.182617 -0.413574
v -1.277344 0.185547 -0.416016
v -1.244629 0.182617 -0.413574
v -1.255371 0.280273 -0.411621
v -1.288574 0.295898 -0.413574
v -1.320435 0.304077 -0.431396
v -1.30957 0.185547 -0.43457
v -1.277344 0.185547 -0.416016
v -1.30957 0.185547 -0.43457
v -1.254883 0.070923 -0.426514
v 1.157227 -0.01709 -0.392578
v 1.254883 0.070923 -0.426514
v 1.227539 0.079102 -0.404785
v 1.140625 -0.001953 -0.367188
v 1.227539 0.079102 -0.404785
v 1.200806 0.088623 -0.401611
v 1.140625 -0.001953 -0.367188
v 1.125 0.017578 -0.364746
v 1.030518 -0.031006 -0.30603
v 1.140625 -0.001953 -0.367188
v 1.032227 -0.057617 -0.305664
v 1.035889 -0.077881 -0.33313
v -1.140625 -0.001953 -0.367188
v -1.032227 -0.057617 -0.305664
v -1.030518 -0.031006 -0.30603
v -1.140625 -0.001953 -0.367188
v -1.125 0.017578 -0.364746
v -1.200806 0.088623 -0.401611
v -1.227539 0.079102 -0.404785
v -1.254883 0.070923 -0.426514
v -1.157227 -0.01709 -0.392578
v -1.140625 -0.001953 -0.367188
v -1.157227 -0.01709 -0.392578
v -1.035889 -0.077881 -0.33313
v 0.910156 -0.11084 -0.248535
v 1.035889 -0.077881 -0.33313
v 1.032227 -0.057617 -0.305664
v 1.032227 -0.057617 -0.305664
v 1.030518 -0.031006 -0.30603
v 0.930664 -0.057617 -0.228516
v 0.917969 -0.087891 -0.222656
v 0.930664 -0.057617 -0.228516
v 0.8396 -0.064575 -0.168579
v 0.812012 -0.097168 -0.157227
v 0.793335 -0.121094 -0.181519
v 0.910156 -0.11084 -0.248535
v -0.917969 -0.087891 -0.222656
v -0.812012 -0.097168 -0.157227
v -0.8396 -0.064575 -0.168579
v -0.930664 -0.057617 -0.228516
v -1.030518 -0.031006 -0.30603
v -1.032227 -0.057617 -0.305664
v -1.032227 -0.057617 -0.305664
v -1.035889 -0.077881 -0.33313
v -0.910156 -0.11084 -0.248535
v -0.910156 -0.11084 -0.248535
v -0.793335 -0.121094 -0.181519
v -0.812012 -0.097168 -0.157227
v 0.945312 -0.033203 -0.253906
v 0.930664 -0.057617 -0.228516
v 1.030518 -0.031006 -0.30603
v 1.033203 -0.009766 -0.32666
v 1.037964 0.00415 -0.356323
v 0.95752 -0.016602 -0.287109
v 0.945312 -0.033203 -0.253906
v 0.95752 -0.016602 -0.287109
v 0.886963 -0.023926 -0.235107
v 0.866699 -0.040039 -0.19873
v 0.8396 -0.064575 -0.168579
v 0.930664 -0.057617 -0.228516
v -0.945312 -0.033203 -0.253906
v -0.866699 -0.040039 -0.19873
v -0.886963 -0.023926 -0.235107
v -0.95752 -0.016602 -0.287109
v -1.037964 0.00415 -0.356323
v -1.033203 -0.009766 -0.32666
v -0.945312 -0.033203 -0.253906
v -1.033203 -0.009766 -0.32666
v -1.030518 -0.031006 -0.30603
v -0.930664 -0.057617 -0.228516
v -0.8396 -0.064575 -0.168579
v -0.866699 -0.040039 -0.19873
v 1.117188 0.033203 -0.380859
v 1.125 0.017578 -0.364746
v 1.200806 0.088623 -0.401611
v 1.185059 0.095703 -0.414551
v 1.180054 0.099243 -0.435547
v 1.116211 0.042969 -0.405762
v 1.117188 0.033203 -0.380859
v 1.116211 0.042969 -0.405762
v 1.037964 0.00415 -0.356323
v 1.033203 -0.009766 -0.32666
v 1.030518 -0.031006 -0.30603
v 1.125 0.017578 -0.364746
v -1.117188 0.033203 -0.380859
v -1.033203 -0.009766 -0.32666
v -1.037964 0.00415 -0.356323
v -1.116211 0.042969 -0.405762
v -1.180054 0.099243 -0.435547
v -1.185059 0.095703 -0.414551
v -1.117188 0.033203 -0.380859
v -1.185059 0.095703 -0.414551
v -1.200806 0.088623 -0.401611
v -1.125 0.017578 -0.364746
v -1.030518 -0.031006 -0.30603
v -1.033203 -0.009766 -0.32666
v 1.244629 0.182617 -0.413574
v 1.255371 0.280273 -0.411621
v 1.234863 0.262695 -0.424316
v 1.224609 0.177734 -0.425781
v 1.234863 0.262695 -0.424316
v 1.227051 0.247681 -0.445068
v 1.217285 0.172363 -0.445801
v 1.180054 0.099243 -0.435547
v 1.185059 0.095703 -0.414551
v 1.224609 0.177734 -0.425781
v 1.185059 0.095703 -0.414551
v 1.200806 0.088623 -0.401611
v -1.185059 0.095703 -0.414551
v -1.180054 0.099243 -0.435547
v -1.217285 0.172363 -0.445801
v -1.224609 0.177734 -0.425781
v -1.217285 0.172363 -0.445801
v -1.227051 0.247681 -0.445068
v -1.234863 0.262695 -0.424316
v -1.255371 0.280273 -0.411621
v -1.244629 0.182617 -0.413574
v -1.224609 0.177734 -0.425781
v -1.244629 0.182617 -0.413574
v -1.200806 0.088623 -0.401611
v 1.231934 0.362305 -0.406738
v 1.17981 0.415039 -0.389526
v 1.168457 0.379883 -0.404297
v 1.214844 0.333984 -0.419922
v 1.168457 0.379883 -0.404297
v 1.165039 0.350952 -0.428589
v 1.208496 0.310547 -0.441895
v 1.227051 0.247681 -0.445068
v 1.234863 0.262695 -0.424316
v 1.214844 0.333984 -0.419922
v 1.234863 0.262695 -0.424316
v 1.255371 0.280273 -0.411621
v -1.234863 0.262695 -0.424316
v -1.227051 0.247681 -0.445068
v -1.208496 0.310547 -0.441895
v -1.214844 0.333984 -0.419922
v -1.208496 0.310547 -0.441895
v -1.165039 0.350952 -0.428589
v -1.168457 0.379883 -0.404297
v -1.17981 0.415039 -0.389526
v -1.231934 0.362305 -0.406738
v -1.214844 0.333984 -0.419922
v -1.231934 0.362305 -0.406738
v -1.255371 0.280273 -0.411621
v 1.104492 0.424805 -0.350586
v 1.027222 0.40918 -0.304321
v 1.028809 0.375488 -0.32666
v 1.099609 0.388672 -0.369141
v 1.028809 0.375488 -0.32666
v 1.033203 0.347534 -0.358643
v 1.100098 0.358887 -0.397461
v 1.165039 0.350952 -0.428589
v 1.168457 0.379883 -0.404297
v 1.099609 0.388672 -0.369141
v 1.168457 0.379883 -0.404297
v 1.17981 0.415039 -0.389526
v -1.168457 0.379883 -0.404297
v -1.165039 0.350952 -0.428589
v -1.100098 0.358887 -0.397461
v -1.099609 0.388672 -0.369141
v -1.100098 0.358887 -0.397461
v -1.033203 0.347534 -0.358643
v -1.028809 0.375488 -0.32666
v -1.027222 0.40918 -0.304321
v -1.104492 0.424805 -0.350586
v -1.099609 0.388672 -0.369141
v -1.104492 0.424805 -0.350586
v -1.17981 0.415039 -0.389526
v 0.976562 0.355469 -0.289062
v 1.028809 0.375488 -0.32666
v 1.027222 0.40918 -0.304321
v 0.969238 0.385742 -0.265137
v 0.923706 0.356445 -0.236816
v 0.936035 0.32959 -0.260742
v 0.976562 0.355469 -0.289062
v 0.936035 0.32959 -0.260742
v 0.946167 0.306885 -0.293213
v 0.983887 0.330078 -0.322266
v 1.033203 0.347534 -0.358643
v 1.028809 0.375488 -0.32666
v -0.976562 0.355469 -0.289062
v -0.983887 0.330078 -0.322266
v -0.946167 0.306885 -0.293213
v -0.936035 0.32959 -0.260742
v -0.923706 0.356445 -0.236816
v -0.969238 0.385742 -0.265137
v -0.976562 0.355469 -0.289062
v -0.969238 0.385742 -0.265137
v -1.027222 0.40918 -0.304321
v -1.028809 0.375488 -0.32666
v -1.033203 0.347534 -0.358643
v -0.983887 0.330078 -0.322266
v 0.736816 0.007812 -0.020508
v 0.700312 -0.0325 0.072812
v 0.640625 -0.088867 -0.054199
v 0.640625 -0.088867 -0.054199
v 0.616094 -0.109531 -0.167969
v 0.683594 -0.071777 -0.14209
v 0.683594 -0.071777 -0.14209
v 0.727526 -0.027448 -0.168229
v 0.715007 -0.016764 -0.11735
v 0.693359 -0.048828 -0.083984
v 0.715007 -0.016764 -0.11735
v 0.739176 0.032064 -0.078288
v -0.715007 -0.016764 -0.11735
v -0.727526 -0.027448 -0.168229
v -0.683594 -0.071777 -0.14209
v -0.683594 -0.071777 -0.14209
v -0.616094 -0.109531 -0.167969
v -0.640625 -0.088867 -0.054199
v -0.640625 -0.088867 -0.054199
v -0.700312 -0.0325 0.072812
v -0.736816 0.007812 -0.020508
v -0.693359 -0.048828 -0.083984
v -0.736816 0.007812 -0.020508
v -0.739176 0.032064 -0.078288
v 0.683594 -0.071777 -0.14209
v 0.616094 -0.109531 -0.167969
v 0.69873 -0.11377 -0.174805
v 0.728516 -0.089844 -0.148438
v 0.69873 -0.11377 -0.174805
v 0.793335 -0.121094 -0.181519
v 0.812012 -0.097168 -0.157227
v 0.8396 -0.064575 -0.168579
v 0.771484 -0.054199 -0.162598
v 0.728516 -0.089844 -0.148438
v 0.771484 -0.054199 -0.162598
v 0.727526 -0.027448 -0.168229
v -0.771484 -0.054199 -0.162598
v -0.8396 -0.064575 -0.168579
v -0.812012 -0.097168 -0.157227
v -0.728516 -0.089844 -0.148438
v -0.812012 -0.097168 -0.157227
v -0.793335 -0.121094 -0.181519
v -0.69873 -0.11377 -0.174805
v -0.616094 -0.109531 -0.167969
v -0.683594 -0.071777 -0.14209
v -0.728516 -0.089844 -0.148438
v -0.683594 -0.071777 -0.14209
v -0.727526 -0.027448 -0.168229
v 0.792969 0.126953 0.001953
v 0.828125 0.265625 0.031738
v 0.814697 0.226074 0.114136
v 0.779785 0.100586 0.088867
v 0.700312 -0.0325 0.072812
v 0.736816 0.007812 -0.020508
v 0.792969 0.126953 0.001953
v 0.736816 0.007812 -0.020508
v 0.739176 0.032064 -0.078288
v 0.788574 0.146973 -0.061035
v 0.836328 0.300938 -0.049844
v 0.828125 0.265625 0.031738
v -0.792969 0.126953 0.001953
v -0.788574 0.146973 -0.061035
v -0.739176 0.032064 -0.078288
v -0.736816 0.007812 -0.020508
v -0.700312 -0.0325 0.072812
v -0.779785 0.100586 0.088867
v -0.792969 0.126953 0.001953
v -0.779785 0.100586 0.088867
v -0.814697 0.226074 0.114136
v -0.828125 0.265625 0.031738
v -0.836328 0.300938 -0.049844
v -0.788574 0.146973 -0.061035
v 0.869141 0.345703 -0.216797
v 0.854004 0.356445 -0.242188
v 0.824766 0.347656 -0.205312
v 0.84082 0.312012 -0.199707
v 0.851318 0.287598 -0.216064
v 0.883789 0.323242 -0.223145
v 0.869141 0.345703 -0.216797
v 0.883789 0.323242 -0.223145
v 0.923706 0.356445 -0.236816
v 0.911133 0.381348 -0.233398
v 0.897949 0.395508 -0.258789
v 0.854004 0.356445 -0.242188
v -0.869141 0.345703 -0.216797
v -0.911133 0.381348 -0.233398
v -0.923706 0.356445 -0.236816
v -0.883789 0.323242 -0.223145
v -0.851318 0.287598 -0.216064
v -0.84082 0.312012 -0.199707
v -0.869141 0.345703 -0.216797
v -0.84082 0.312012 -0.199707
v -0.824766 0.347656 -0.205312
v -0.854004 0.356445 -0.242188
v -0.897949 0.395508 -0.258789
v -0.911133 0.381348 -0.233398
v 0.810547 -0.033203 -0.197266
v 0.771484 -0.054199 -0.162598
v 0.8396 -0.064575 -0.168579
v 0.866699 -0.040039 -0.19873
v 0.886963 -0.023926 -0.235107
v 0.838379 -0.022461 -0.237305
v 0.838379 -0.022461 -0.237305
v 0.813721 -0.013672 -0.259521
v 0.778809 -0.01709 -0.217285
v 0.778809 -0.01709 -0.217285
v 0.727526 -0.027448 -0.168229
v 0.771484 -0.054199 -0.162598
v -0.778809 -0.01709 -0.217285
v -0.813721 -0.013672 -0.259521
v -0.838379 -0.022461 -0.237305
v -0.838379 -0.022461 -0.237305
v -0.886963 -0.023926 -0.235107
v -0.866699 -0.040039 -0.19873
v -0.810547 -0.033203 -0.197266
v -0.866699 -0.040039 -0.19873
v -0.8396 -0.064575 -0.168579
v -0.771484 -0.054199 -0.162598
v -0.727526 -0.027448 -0.168229
v -0.778809 -0.01709 -0.217285
v 0.814941 0.000977 -0.267578
v 0.823608 0.022583 -0.269653
v 0.780273 0.029297 -0.234863
v 0.773438 0.003906 -0.226562
v 0.780273 0.029297 -0.234863
v 0.738307 0.048411 -0.191979
v 0.733073 0.006185 -0.182292
v 0.727526 -0.027448 -0.168229
v 0.778809 -0.01709 -0.217285
v 0.773438 0.003906 -0.226562
v 0.778809 -0.01709 -0.217285
v 0.813721 -0.013672 -0.259521
v -0.778809 -0.01709 -0.217285
v -0.727526 -0.027448 -0.168229
v -0.733073 0.006185 -0.182292
v -0.773438 0.003906 -0.226562
v -0.733073 0.006185 -0.182292
v -0.738307 0.048411 -0.191979
v -0.780273 0.029297 -0.234863
v -0.823608 0.022583 -0.269653
v -0.814941 0.000977 -0.267578
v -0.773438 0.003906 -0.226562
v -0.814941 0.000977 -0.267578
v -0.813721 -0.013672 -0.259521
v 0.785156 0.058594 -0.251953
v 0.789062 0.081543 -0.273926
v 0.772461 0.09668 -0.270264
v 0.759766 0.07959 -0.237305
v 0.738307 0.048411 -0.191979
v 0.780273 0.029297 -0.234863
v 0.785156 0.058594 -0.251953
v 0.780273 0.029297 -0.234863
v 0.823608 0.022583 -0.269653
v 0.785156 0.058594 -0.251953
v 0.821289 0.052246 -0.273926
v 0.811632 0.071181 -0.281467
v -0.785156 0.058594 -0.251953
v -0.821289 0.052246 -0.273926
v -0.823608 0.022583 -0.269653
v -0.780273 0.029297 -0.234863
v -0.738307 0.048411 -0.191979
v -0.759766 0.07959 -0.237305
v -0.785156 0.058594 -0.251953
v -0.759766 0.07959 -0.237305
v -0.772461 0.09668 -0.270264
v -0.785156 0.058594 -0.251953
v -0.789062 0.081543 -0.273926
v -0.811632 0.071181 -0.281467
v 0.792969 0.131348 -0.27002
v 0.828857 0.173584 -0.270386
v 0.812988 0.182129 -0.240234
v 0.812988 0.182129 -0.240234
v 0.803589 0.201538 -0.19873
v 0.76709 0.127441 -0.190918
v 0.76709 0.127441 -0.190918
v 0.738307 0.048411 -0.191979
v 0.759766 0.07959 -0.237305
v 0.777344 0.126953 -0.236328
v 0.759766 0.07959 -0.237305
v 0.772461 0.09668 -0.270264
v -0.759766 0.07959 -0.237305
v -0.738307 0.048411 -0.191979
v -0.76709 0.127441 -0.190918
v -0.76709 0.127441 -0.190918
v -0.803589 0.201538 -0.19873
v -0.812988 0.182129 -0.240234
v -0.812988 0.182129 -0.240234
v -0.828857 0.173584 -0.270386
v -0.792969 0.131348 -0.27002
v -0.777344 0.126953 -0.236328
v -0.792969 0.131348 -0.27002
v -0.772461 0.09668 -0.270264
v 0.869141 0.26416 -0.240723
v 0.851318 0.287598 -0.216064
v 0.828125 0.250977 -0.20752
v 0.841797 0.226562 -0.240234
v 0.828125 0.250977 -0.20752
v 0.803589 0.201538 -0.19873
v 0.812988 0.182129 -0.240234
v 0.828857 0.173584 -0.270386
v 0.858398 0.211426 -0.268555
v 0.841797 0.226562 -0.240234
v 0.858398 0.211426 -0.268555
v 0.885498 0.245972 -0.269043
v -0.858398 0.211426 -0.268555
v -0.828857 0.173584 -0.270386
v -0.812988 0.182129 -0.240234
v -0.841797 0.226562 -0.240234
v -0.812988 0.182129 -0.240234
v -0.803589 0.201538 -0.19873
v -0.828125 0.250977 -0.20752
v -0.851318 0.287598 -0.216064
v -0.869141 0.26416 -0.240723
v -0.841797 0.226562 -0.240234
v -0.869141 0.26416 -0.240723
v -0.885498 0.245972 -0.269043
v 0.900391 0.298828 -0.246094
v 0.936035 0.32959 -0.260742
v 0.923706 0.356445 -0.236816
v 0.900391 0.298828 -0.246094
v 0.883789 0.323242 -0.223145
v 0.851318 0.287598 -0.216064
v 0.869141 0.26416 -0.240723
v 0.885498 0.245972 -0.269043
v 0.914062 0.27832 -0.276367
v 0.914062 0.27832 -0.276367
v 0.946167 0.306885 -0.293213
v 0.936035 0.32959 -0.260742
v -0.914062 0.27832 -0.276367
v -0.885498 0.245972 -0.269043
v -0.869141 0.26416 -0.240723
v -0.900391 0.298828 -0.246094
v -0.869141 0.26416 -0.240723
v -0.851318 0.287598 -0.216064
v -0.900391 0.298828 -0.246094
v -0.883789 0.323242 -0.223145
v -0.923706 0.356445 -0.236816
v -0.936035 0.32959 -0.260742
v -0.946167 0.306885 -0.293213
v -0.914062 0.27832 -0.276367
v 0.830078 0.285156 -0.167969
v 0.832031 0.347656 -0.119629
v 0.836328 0.300938 -0.049844
v 0.81543 0.237305 -0.138672
v 0.803589 0.201538 -0.19873
v 0.828125 0.250977 -0.20752
v 0.830078 0.285156 -0.167969
v 0.828125 0.250977 -0.20752
v 0.851318 0.287598 -0.216064
v 0.84082 0.312012 -0.199707
v 0.824766 0.347656 -0.205312
v 0.832031 0.347656 -0.119629
v -0.830078 0.285156 -0.167969
v -0.84082 0.312012 -0.199707
v -0.851318 0.287598 -0.216064
v -0.828125 0.250977 -0.20752
v -0.803589 0.201538 -0.19873
v -0.81543 0.237305 -0.138672
v -0.830078 0.285156 -0.167969
v -0.81543 0.237305 -0.138672
v -0.836328 0.300938 -0.049844
v -0.832031 0.347656 -0.119629
v -0.824766 0.347656 -0.205312
v -0.84082 0.312012 -0.199707
v 0.81543 0.237305 -0.138672
v 0.836328 0.300938 -0.049844
v 0.788574 0.146973 -0.061035
v 0.775391 0.140625 -0.128906
v 0.788574 0.146973 -0.061035
v 0.739176 0.032064 -0.078288
v 0.735514 0.046224 -0.132487
v 0.738307 0.048411 -0.191979
v 0.76709 0.127441 -0.190918
v 0.775391 0.140625 -0.128906
v 0.76709 0.127441 -0.190918
v 0.803589 0.201538 -0.19873
v -0.76709 0.127441 -0.190918
v -0.738307 0.048411 -0.191979
v -0.735514 0.046224 -0.132487
v -0.775391 0.140625 -0.128906
v -0.735514 0.046224 -0.132487
v -0.739176 0.032064 -0.078288
v -0.788574 0.146973 -0.061035
v -0.836328 0.300938 -0.049844
v -0.81543 0.237305 -0.138672
v -0.775391 0.140625 -0.128906
v -0.81543 0.237305 -0.138672
v -0.803589 0.201538 -0.19873
v 0.721354 0.005208 -0.143229
v 0.735514 0.046224 -0.132487
v 0.739176 0.032064 -0.078288
v 0.721354 0.005208 -0.143229
v 0.715007 -0.016764 -0.11735
v 0.727526 -0.027448 -0.168229
v 0.733073 0.006185 -0.182292
v 0.738307 0.048411 -0.191979
v 0.735514 0.046224 -0.132487
v -0.735514 0.046224 -0.132487
v -0.738307 0.048411 -0.191979
v -0.733073 0.006185 -0.182292
v -0.721354 0.005208 -0.143229
v -0.733073 0.006185 -0.182292
v -0.727526 -0.027448 -0.168229
v -0.721354 0.005208 -0.143229
v -0.715007 -0.016764 -0.11735
v -0.739176 0.032064 -0.078288
v 0.919922 0.267578 -0.304688
v 0.952148 0.294434 -0.322266
v 0.946167 0.306885 -0.293213
v 0.914062 0.27832 -0.276367
v 0.885498 0.245972 -0.269043
v 0.891602 0.237305 -0.296387
v 0.919922 0.267578 -0.304688
v 0.891602 0.237305 -0.296387
v 0.900635 0.226685 -0.320068
v 0.929688 0.255859 -0.329102
v 0.962769 0.281982 -0.345825
v 0.952148 0.294434 -0.322266
v -0.919922 0.267578 -0.304688
v -0.929688 0.255859 -0.329102
v -0.900635 0.226685 -0.320068
v -0.891602 0.237305 -0.296387
v -0.885498 0.245972 -0.269043
v -0.914062 0.27832 -0.276367
v -0.919922 0.267578 -0.304688
v -0.914062 0.27832 -0.276367
v -0.946167 0.306885 -0.293213
v -0.952148 0.294434 -0.322266
v -0.962769 0.281982 -0.345825
v -0.929688 0.255859 -0.329102
v 0.891602 0.237305 -0.296387
v 0.885498 0.245972 -0.269043
v 0.858398 0.211426 -0.268555
v 0.865234 0.205078 -0.294922
v 0.858398 0.211426 -0.268555
v 0.828857 0.173584 -0.270386
v 0.836426 0.17041 -0.296387
v 0.845459 0.162964 -0.315552
v 0.874023 0.195801 -0.316406
v 0.865234 0.205078 -0.294922
v 0.874023 0.195801 -0.316406
v 0.900635 0.226685 -0.320068
v -0.874023 0.195801 -0.316406
v -0.845459 0.162964 -0.315552
v -0.836426 0.17041 -0.296387
v -0.865234 0.205078 -0.294922
v -0.836426 0.17041 -0.296387
v -0.828857 0.173584 -0.270386
v -0.858398 0.211426 -0.268555
v -0.885498 0.245972 -0.269043
v -0.891602 0.237305 -0.296387
v -0.865234 0.205078 -0.294922
v -0.891602 0.237305 -0.296387
v -0.900635 0.226685 -0.320068
v 0.800781 0.132812 -0.296875
v 0.836426 0.17041 -0.296387
v 0.828857 0.173584 -0.270386
v 0.792969 0.131348 -0.27002
v 0.772461 0.09668 -0.270264
v 0.779297 0.102051 -0.296875
v 0.800781 0.132812 -0.296875
v 0.779297 0.102051 -0.296875
v 0.794705 0.106554 -0.310113
v 0.810547 0.12793 -0.314941
v 0.845459 0.162964 -0.315552
v 0.836426 0.17041 -0.296387
v -0.800781 0.132812 -0.296875
v -0.810547 0.12793 -0.314941
v -0.794705 0.106554 -0.310113
v -0.779297 0.102051 -0.296875
v -0.772461 0.09668 -0.270264
v -0.792969 0.131348 -0.27002
v -0.800781 0.132812 -0.296875
v -0.792969 0.131348 -0.27002
v -0.828857 0.173584 -0.270386
v -0.836426 0.17041 -0.296387
v -0.845459 0.162964 -0.315552
v -0.810547 0.12793 -0.314941
v 0.779297 0.102051 -0.296875
v 0.772461 0.09668 -0.270264
v 0.789062 0.081543 -0.273926
v 0.792969 0.087891 -0.296875
v 0.789062 0.081543 -0.273926
v 0.811632 0.071181 -0.281467
v 0.819336 0.075195 -0.296875
v 0.830688 0.077881 -0.31543
v 0.804688 0.093262 -0.314941
v 0.792969 0.087891 -0.296875
v 0.804688 0.093262 -0.314941
v 0.794705 0.106554 -0.310113
v -0.804688 0.093262 -0.314941
v -0.830688 0.077881 -0.31543
v -0.819336 0.075195 -0.296875
v -0.792969 0.087891 -0.296875
v -0.819336 0.075195 -0.296875
v -0.811632 0.071181 -0.281467
v -0.789062 0.081543 -0.273926
v -0.772461 0.09668 -0.270264
v -0.779297 0.102051 -0.296875
v -0.792969 0.087891 -0.296875
v -0.779297 0.102051 -0.296875
v -0.794705 0.106554 -0.310113
v 0.819336 0.075195 -0.296875
v 0.811632 0.071181 -0.281467
v 0.821289 0.052246 -0.273926
v 0.835938 0.048828 -0.296875
v 0.821289 0.052246 -0.273926
v 0.823608 0.022583 -0.269653
v 0.835938 0.048828 -0.296875
v 0.840332 0.02002 -0.296875
v 0.853027 0.024536 -0.315186
v 0.835938 0.048828 -0.296875
v 0.848145 0.052246 -0.315918
v 0.830688 0.077881 -0.31543
v -0.835938 0.048828 -0.296875
v -0.848145 0.052246 -0.315918
v -0.853027 0.024536 -0.315186
v -0.835938 0.048828 -0.296875
v -0.840332 0.02002 -0.296875
v -0.823608 0.022583 -0.269653
v -0.821289 0.052246 -0.273926
v -0.811632 0.071181 -0.281467
v -0.819336 0.075195 -0.296875
v -0.835938 0.048828 -0.296875
v -0.819336 0.075195 -0.296875
v -0.830688 0.077881 -0.31543
v 0.830078 0 -0.296875
v 0.840332 0.02002 -0.296875
v 0.823608 0.022583 -0.269653
v 0.814941 0.000977 -0.267578
v 0.813721 -0.013672 -0.259521
v 0.825684 -0.012207 -0.289551
v 0.830078 0 -0.296875
v 0.825684 -0.012207 -0.289551
v 0.837023 -0.007595 -0.299479
v 0.841309 0.00293 -0.312012
v 0.853027 0.024536 -0.315186
v 0.840332 0.02002 -0.296875
v -0.830078 0 -0.296875
v -0.841309 0.00293 -0.312012
v -0.837023 -0.007595 -0.299479
v -0.825684 -0.012207 -0.289551
v -0.813721 -0.013672 -0.259521
v -0.814941 0.000977 -0.267578
v -0.830078 0 -0.296875
v -0.814941 0.000977 -0.267578
v -0.823608 0.022583 -0.269653
v -0.840332 0.02002 -0.296875
v -0.853027 0.024536 -0.315186
v -0.841309 0.00293 -0.312012
v 0.847656 -0.017578 -0.267578
v 0.825684 -0.012207 -0.289551
v 0.813721 -0.013672 -0.259521
v 0.847656 -0.017578 -0.267578
v 0.838379 -0.022461 -0.237305
v 0.886963 -0.023926 -0.235107
v 0.894043 -0.016602 -0.265137
v 0.899414 -0.004639 -0.291016
v 0.853516 -0.009277 -0.291016
v 0.853516 -0.009277 -0.291016
v 0.837023 -0.007595 -0.299479
v 0.825684 -0.012207 -0.289551
v -0.853516 -0.009277 -0.291016
v -0.899414 -0.004639 -0.291016
v -0.894043 -0.016602 -0.265137
v -0.847656 -0.017578 -0.267578
v -0.894043 -0.016602 -0.265137
v -0.886963 -0.023926 -0.235107
v -0.847656 -0.017578 -0.267578
v -0.838379 -0.022461 -0.237305
v -0.813721 -0.013672 -0.259521
v -0.825684 -0.012207 -0.289551
v -0.837023 -0.007595 -0.299479
v -0.853516 -0.009277 -0.291016
v 0.990234 0.316406 -0.351562
v 1.039551 0.333008 -0.387207
v 1.033203 0.347534 -0.358643
v 0.983887 0.330078 -0.322266
v 0.946167 0.306885 -0.293213
v 0.952148 0.294434 -0.322266
v 0.990234 0.316406 -0.351562
v 0.952148 0.294434 -0.322266
v 0.962769 0.281982 -0.345825
v 1.001465 0.303711 -0.372559
v 1.049113 0.320719 -0.404785
v 1.039551 0.333008 -0.387207
v -0.990234 0.316406 -0.351562
v -1.001465 0.303711 -0.372559
v -0.962769 0.281982 -0.345825
v -0.952148 0.294434 -0.322266
v -0.946167 0.306885 -0.293213
v -0.983887 0.330078 -0.322266
v -0.990234 0.316406 -0.351562
v -0.983887 0.330078 -0.322266
v -1.033203 0.347534 -0.358643
v -1.039551 0.333008 -0.387207
v -1.049113 0.320719 -0.404785
v -1.001465 0.303711 -0.372559
v 1.105469 0.34375 -0.423828
v 1.169434 0.336426 -0.452637
v 1.165039 0.350952 -0.428589
v 1.100098 0.358887 -0.397461
v 1.033203 0.347534 -0.358643
v 1.039551 0.333008 -0.387207
v 1.105469 0.34375 -0.423828
v 1.039551 0.333008 -0.387207
v 1.049113 0.320719 -0.404785
v 1.10905 0.332682 -0.437988
v 1.164836 0.323649 -0.460449
v 1.169434 0.336426 -0.452637
v -1.105469 0.34375 -0.423828
v -1.10905 0.332682 -0.437988
v -1.049113 0.320719 -0.404785
v -1.039551 0.333008 -0.387207
v -1.033203 0.347534 -0.358643
v -1.100098 0.358887 -0.397461
v -1.105469 0.34375 -0.423828
v -1.100098 0.358887 -0.397461
v -1.165039 0.350952 -0.428589
v -1.169434 0.336426 -0.452637
v -1.164836 0.323649 -0.460449
v -1.10905 0.332682 -0.437988
v 1.212891 0.298828 -0.464844
v 1.231934 0.239746 -0.467285
v 1.227051 0.247681 -0.445068
v 1.208496 0.310547 -0.441895
v 1.165039 0.350952 -0.428589
v 1.169434 0.336426 -0.452637
v 1.212891 0.298828 -0.464844
v 1.169434 0.336426 -0.452637
v 1.164836 0.323649 -0.460449
v 1.20459 0.288086 -0.470215
v 1.222412 0.234009 -0.471924
v 1.231934 0.239746 -0.467285
v -1.212891 0.298828 -0.464844
v -1.20459 0.288086 -0.470215
v -1.164836 0.323649 -0.460449
v -1.169434 0.336426 -0.452637
v -1.165039 0.350952 -0.428589
v -1.208496 0.310547 -0.441895
v -1.212891 0.298828 -0.464844
v -1.208496 0.310547 -0.441895
v -1.227051 0.247681 -0.445068
v -1.231934 0.239746 -0.467285
v -1.222412 0.234009 -0.471924
v -1.20459 0.288086 -0.470215
v 1.185547 0.098145 -0.456543
v 1.180054 0.099243 -0.435547
v 1.217285 0.172363 -0.445801
v 1.217285 0.172363 -0.445801
v 1.227051 0.247681 -0.445068
v 1.231934 0.239746 -0.467285
v 1.222656 0.167969 -0.466797
v 1.231934 0.239746 -0.467285
v 1.222412 0.234009 -0.471924
v 1.212402 0.169434 -0.470215
v 1.175903 0.106567 -0.460327
v 1.185547 0.098145 -0.456543
v -1.222656 0.167969 -0.466797
v -1.212402 0.169434 -0.470215
v -1.222412 0.234009 -0.471924
v -1.231934 0.239746 -0.467285
v -1.227051 0.247681 -0.445068
v -1.217285 0.172363 -0.445801
v -1.217285 0.172363 -0.445801
v -1.180054 0.099243 -0.435547
v -1.185547 0.098145 -0.456543
v -1.185547 0.098145 -0.456543
v -1.175903 0.106567 -0.460327
v -1.212402 0.169434 -0.470215
v 1.04248 0.008789 -0.383789
v 1.037964 0.00415 -0.356323
v 1.116211 0.042969 -0.405762
v 1.121094 0.044922 -0.429688
v 1.116211 0.042969 -0.405762
v 1.180054 0.099243 -0.435547
v 1.185547 0.098145 -0.456543
v 1.175903 0.106567 -0.460327
v 1.114258 0.057617 -0.4375
v 1.121094 0.044922 -0.429688
v 1.114258 0.057617 -0.4375
v 1.039795 0.023315 -0.397949
v -1.114258 0.057617 -0.4375
v -1.175903 0.106567 -0.460327
v -1.185547 0.098145 -0.456543
v -1.121094 0.044922 -0.429688
v -1.185547 0.098145 -0.456543
v -1.180054 0.099243 -0.435547
v -1.116211 0.042969 -0.405762
v -1.037964 0.00415 -0.356323
v -1.04248 0.008789 -0.383789
v -1.121094 0.044922 -0.429688
v -1.04248 0.008789 -0.383789
v -1.039795 0.023315 -0.397949
v 0.894043 -0.016602 -0.265137
v 0.886963 -0.023926 -0.235107
v 0.95752 -0.016602 -0.287109
v 0.962891 -0.009766 -0.316406
v 0.95752 -0.016602 -0.287109
v 1.037964 0.00415 -0.356323
v 1.04248 0.008789 -0.383789
v 1.039795 0.023315 -0.397949
v 0.964844 0.004395 -0.337891
v 0.962891 -0.009766 -0.316406
v 0.964844 0.004395 -0.337891
v 0.899414 -0.004639 -0.291016
v -0.964844 0.004395 -0.337891
v -1.039795 0.023315 -0.397949
v -1.04248 0.008789 -0.383789
v -0.962891 -0.009766 -0.316406
v -1.04248 0.008789 -0.383789
v -1.037964 0.00415 -0.356323
v -0.95752 -0.016602 -0.287109
v -0.886963 -0.023926 -0.235107
v -0.894043 -0.016602 -0.265137
v -0.962891 -0.009766 -0.316406
v -0.894043 -0.016602 -0.265137
v -0.899414 -0.004639 -0.291016
v 0.856934 0.091797 -0.324219
v 0.830688 0.077881 -0.31543
v 0.848145 0.052246 -0.315918
v 0.848145 0.052246 -0.315918
v 0.853027 0.024536 -0.315186
v 0.884277 0.039062 -0.323242
v 0.876953 0.066406 -0.326172
v 0.884277 0.039062 -0.323242
v 0.924194 0.060791 -0.331177
v 0.876953 0.066406 -0.326172
v 0.913086 0.088867 -0.333984
v 0.890503 0.114258 -0.329834
v -0.876953 0.066406 -0.326172
v -0.913086 0.088867 -0.333984
v -0.924194 0.060791 -0.331177
v -0.884277 0.039062 -0.323242
v -0.853027 0.024536 -0.315186
v -0.848145 0.052246 -0.315918
v -0.848145 0.052246 -0.315918
v -0.830688 0.077881 -0.31543
v -0.856934 0.091797 -0.324219
v -0.876953 0.066406 -0.326172
v -0.856934 0.091797 -0.324219
v -0.890503 0.114258 -0.329834
v 0.923828 0.142578 -0.338867
v 0.890503 0.114258 -0.329834
v 0.913086 0.088867 -0.333984
v 0.913086 0.088867 -0.333984
v 0.924194 0.060791 -0.331177
v 0.962891 0.086914 -0.349121
v 0.947266 0.117188 -0.345703
v 0.962891 0.086914 -0.349121
v 1 0.116333 -0.369141
v 0.947266 0.117188 -0.345703
v 0.979004 0.148438 -0.358398
v 0.955688 0.173706 -0.349731
v -0.947266 0.117188 -0.345703
v -0.979004 0.148438 -0.358398
v -1 0.116333 -0.369141
v -0.962891 0.086914 -0.349121
v -0.924194 0.060791 -0.331177
v -0.913086 0.088867 -0.333984
v -0.913086 0.088867 -0.333984
v -0.890503 0.114258 -0.329834
v -0.923828 0.142578 -0.338867
v -0.947266 0.117188 -0.345703
v -0.923828 0.142578 -0.338867
v -0.955688 0.173706 -0.349731
v 1.007812 0.179688 -0.369141
v 0.984863 0.20459 -0.36084
v 0.955688 0.173706 -0.349731
v 0.979004 0.148438 -0.358398
v 1 0.116333 -0.369141
v 1.035156 0.147949 -0.383301
v 1.035156 0.147949 -0.383301
v 1.067749 0.177734 -0.392822
v 1.036133 0.207031 -0.37793
v 1.007812 0.179688 -0.369141
v 1.036133 0.207031 -0.37793
v 1.014526 0.2323 -0.371948
v -1.036133 0.207031 -0.37793
v -1.067749 0.177734 -0.392822
v -1.035156 0.147949 -0.383301
v -1.035156 0.147949 -0.383301
v -1 0.116333 -0.369141
v -0.979004 0.148438 -0.358398
v -1.007812 0.179688 -0.369141
v -0.979004 0.148438 -0.358398
v -0.955688 0.173706 -0.349731
v -1.007812 0.179688 -0.369141
v -0.984863 0.20459 -0.36084
v -1.014526 0.2323 -0.371948
v 1.047852 0.253906 -0.382812
v 1.014526 0.2323 -0.371948
v 1.036133 0.207031 -0.37793
v 1.066406 0.226562 -0.384766
v 1.036133 0.207031 -0.37793
v 1.067749 0.177734 -0.392822
v 1.097168 0.20166 -0.398926
v 1.123481 0.223524 -0.411024
v 1.105469 0.244629 -0.401367
v 1.066406 0.226562 -0.384766
v 1.105469 0.244629 -0.401367
v 1.087077 0.274699 -0.401489
v -1.105469 0.244629 -0.401367
v -1.123481 0.223524 -0.411024
v -1.097168 0.20166 -0.398926
v -1.066406 0.226562 -0.384766
v -1.097168 0.20166 -0.398926
v -1.067749 0.177734 -0.392822
v -1.036133 0.207031 -0.37793
v -1.014526 0.2323 -0.371948
v -1.047852 0.253906 -0.382812
v -1.066406 0.226562 -0.384766
v -1.047852 0.253906 -0.382812
v -1.087077 0.274699 -0.401489
v 1.023438 0.28125 -0.380859
v 1.063151 0.299479 -0.403809
v 1.049113 0.320719 -0.404785
v 1.001465 0.303711 -0.372559
v 0.962769 0.281982 -0.345825
v 0.986816 0.259277 -0.361816
v 1.023438 0.28125 -0.380859
v 0.986816 0.259277 -0.361816
v 1.014526 0.2323 -0.371948
v 1.047852 0.253906 -0.382812
v 1.087077 0.274699 -0.401489
v 1.063151 0.299479 -0.403809
v -1.023438 0.28125 -0.380859
v -1.047852 0.253906 -0.382812
v -1.014526 0.2323 -0.371948
v -0.986816 0.259277 -0.361816
v -0.962769 0.281982 -0.345825
v -1.001465 0.303711 -0.372559
v -1.023438 0.28125 -0.380859
v -1.001465 0.303711 -0.372559
v -1.049113 0.320719 -0.404785
v -1.063151 0.299479 -0.403809
v -1.087077 0.274699 -0.401489
v -1.047852 0.253906 -0.382812
v 0.929688 0.255859 -0.329102
v 0.900635 0.226685 -0.320068
v 0.925781 0.202637 -0.337402
v 0.955078 0.232422 -0.347656
v 0.925781 0.202637 -0.337402
v 0.955688 0.173706 -0.349731
v 0.984863 0.20459 -0.36084
v 1.014526 0.2323 -0.371948
v 0.986816 0.259277 -0.361816
v 0.955078 0.232422 -0.347656
v 0.986816 0.259277 -0.361816
v 0.962769 0.281982 -0.345825
v -0.986816 0.259277 -0.361816
v -1.014526 0.2323 -0.371948
v -0.984863 0.20459 -0.36084
v -0.955078 0.232422 -0.347656
v -0.984863 0.20459 -0.36084
v -0.955688 0.173706 -0.349731
v -0.925781 0.202637 -0.337402
v -0.900635 0.226685 -0.320068
v -0.929688 0.255859 -0.329102
v -0.955078 0.232422 -0.347656
v -0.929688 0.255859 -0.329102
v -0.962769 0.281982 -0.345825
v 0.896484 0.171875 -0.330078
v 0.925781 0.202637 -0.337402
v 0.900635 0.226685 -0.320068
v 0.896484 0.171875 -0.330078
v 0.874023 0.195801 -0.316406
v 0.845459 0.162964 -0.315552
v 0.896484 0.171875 -0.330078
v 0.865723 0.141602 -0.325195
v 0.890503 0.114258 -0.329834
v 0.923828 0.142578 -0.338867
v 0.955688 0.173706 -0.349731
v 0.925781 0.202637 -0.337402
v -0.896484 0.171875 -0.330078
v -0.923828 0.142578 -0.338867
v -0.890503 0.114258 -0.329834
v -0.896484 0.171875 -0.330078
v -0.865723 0.141602 -0.325195
v -0.845459 0.162964 -0.315552
v -0.896484 0.171875 -0.330078
v -0.874023 0.195801 -0.316406
v -0.900635 0.226685 -0.320068
v -0.925781 0.202637 -0.337402
v -0.955688 0.173706 -0.349731
v -0.923828 0.142578 -0.338867
v 0.832031 0.113281 -0.322266
v 0.804688 0.093262 -0.314941
v 0.830688 0.077881 -0.31543
v 0.856934 0.091797 -0.324219
v 0.890503 0.114258 -0.329834
v 0.865723 0.141602 -0.325195
v 0.832031 0.113281 -0.322266
v 0.865723 0.141602 -0.325195
v 0.845459 0.162964 -0.315552
v 0.810547 0.12793 -0.314941
v 0.794705 0.106554 -0.310113
v 0.804688 0.093262 -0.314941
v -0.832031 0.113281 -0.322266
v -0.810547 0.12793 -0.314941
v -0.845459 0.162964 -0.315552
v -0.865723 0.141602 -0.325195
v -0.890503 0.114258 -0.329834
v -0.856934 0.091797 -0.324219
v -0.832031 0.113281 -0.322266
v -0.856934 0.091797 -0.324219
v -0.830688 0.077881 -0.31543
v -0.804688 0.093262 -0.314941
v -0.794705 0.106554 -0.310113
v -0.810547 0.12793 -0.314941
v 0.841309 0.00293 -0.312012
v 0.837023 -0.007595 -0.299479
v 0.853516 -0.009277 -0.291016
v 0.871094 0.011719 -0.310547
v 0.853516 -0.009277 -0.291016
v 0.899414 -0.004639 -0.291016
v 0.914551 0.025391 -0.314941
v 0.924194 0.060791 -0.331177
v 0.884277 0.039062 -0.323242
v 0.871094 0.011719 -0.310547
v 0.884277 0.039062 -0.323242
v 0.853027 0.024536 -0.315186
v -0.884277 0.039062 -0.323242
v -0.924194 0.060791 -0.331177
v -0.914551 0.025391 -0.314941
v -0.871094 0.011719 -0.310547
v -0.914551 0.025391 -0.314941
v -0.899414 -0.004639 -0.291016
v -0.853516 -0.009277 -0.291016
v -0.837023 -0.007595 -0.299479
v -0.841309 0.00293 -0.312012
v -0.871094 0.011719 -0.310547
v -0.841309 0.00293 -0.312012
v -0.853027 0.024536 -0.315186
v 0.966797 0.042969 -0.347656
v 0.964844 0.004395 -0.337891
v 1.039795 0.023315 -0.397949
v 1.022949 0.066895 -0.387695
v 1 0.116333 -0.369141
v 0.962891 0.086914 -0.349121
v 0.966797 0.042969 -0.347656
v 0.962891 0.086914 -0.349121
v 0.924194 0.060791 -0.331177
v 0.914551 0.025391 -0.314941
v 0.899414 -0.004639 -0.291016
v 0.964844 0.004395 -0.337891
v -0.966797 0.042969 -0.347656
v -0.914551 0.025391 -0.314941
v -0.924194 0.060791 -0.331177
v -0.962891 0.086914 -0.349121
v -1 0.116333 -0.369141
v -1.022949 0.066895 -0.387695
v -0.966797 0.042969 -0.347656
v -1.022949 0.066895 -0.387695
v -1.039795 0.023315 -0.397949
v -0.964844 0.004395 -0.337891
v -0.899414 -0.004639 -0.291016
v -0.914551 0.025391 -0.314941
v 1.114258 0.057617 -0.4375
v 1.175903 0.106567 -0.460327
v 1.125488 0.138672 -0.429688
v 1.078125 0.099609 -0.414062
v 1.125488 0.138672 -0.429688
v 1.067749 0.177734 -0.392822
v 1.035156 0.147949 -0.383301
v 1 0.116333 -0.369141
v 1.022949 0.066895 -0.387695
v 1.078125 0.099609 -0.414062
v 1.022949 0.066895 -0.387695
v 1.039795 0.023315 -0.397949
v -1.022949 0.066895 -0.387695
v -1 0.116333 -0.369141
v -1.035156 0.147949 -0.383301
v -1.078125 0.099609 -0.414062
v -1.035156 0.147949 -0.383301
v -1.067749 0.177734 -0.392822
v -1.125488 0.138672 -0.429688
v -1.175903 0.106567 -0.460327
v -1.114258 0.057617 -0.4375
v -1.078125 0.099609 -0.414062
v -1.114258 0.057617 -0.4375
v -1.039795 0.023315 -0.397949
v 1.212402 0.169434 -0.470215
v 1.222412 0.234009 -0.471924
v 1.171387 0.225586 -0.439941
v 1.158203 0.181641 -0.4375
v 1.171387 0.225586 -0.439941
v 1.123481 0.223524 -0.411024
v 1.097168 0.20166 -0.398926
v 1.067749 0.177734 -0.392822
v 1.125488 0.138672 -0.429688
v 1.158203 0.181641 -0.4375
v 1.125488 0.138672 -0.429688
v 1.175903 0.106567 -0.460327
v -1.125488 0.138672 -0.429688
v -1.067749 0.177734 -0.392822
v -1.097168 0.20166 -0.398926
v -1.158203 0.181641 -0.4375
v -1.097168 0.20166 -0.398926
v -1.123481 0.223524 -0.411024
v -1.171387 0.225586 -0.439941
v -1.222412 0.234009 -0.471924
v -1.212402 0.169434 -0.470215
v -1.158203 0.181641 -0.4375
v -1.212402 0.169434 -0.470215
v -1.175903 0.106567 -0.460327
v 1.160156 0.267578 -0.439453
v 1.20459 0.288086 -0.470215
v 1.164836 0.323649 -0.460449
v 1.13444 0.299967 -0.436035
v 1.087077 0.274699 -0.401489
v 1.105469 0.244629 -0.401367
v 1.160156 0.267578 -0.439453
v 1.105469 0.244629 -0.401367
v 1.123481 0.223524 -0.411024
v 1.171387 0.225586 -0.439941
v 1.222412 0.234009 -0.471924
v 1.20459 0.288086 -0.470215
v -1.160156 0.267578 -0.439453
v -1.171387 0.225586 -0.439941
v -1.123481 0.223524 -0.411024
v -1.105469 0.244629 -0.401367
v -1.087077 0.274699 -0.401489
v -1.13444 0.299967 -0.436035
v -1.160156 0.267578 -0.439453
v -1.13444 0.299967 -0.436035
v -1.164836 0.323649 -0.460449
v -1.20459 0.288086 -0.470215
v -1.222412 0.234009 -0.471924
v -1.171387 0.225586 -0.439941
v 1.104167 0.315104 -0.429688
v 1.10905 0.332682 -0.437988
v 1.049113 0.320719 -0.404785
v 1.104167 0.315104 -0.429688
v 1.063151 0.299479 -0.403809
v 1.087077 0.274699 -0.401489
v 1.13444 0.299967 -0.436035
v 1.164836 0.323649 -0.460449
v 1.10905 0.332682 -0.437988
v -1.10905 0.332682 -0.437988
v -1.164836 0.323649 -0.460449
v -1.13444 0.299967 -0.436035
v -1.104167 0.315104 -0.429688
v -1.13444 0.299967 -0.436035
v -1.087077 0.274699 -0.401489
v -1.104167 0.315104 -0.429688
v -1.063151 0.299479 -0.403809
v -1.049113 0.320719 -0.404785
v 0.910156 -0.113281 -0.318359
v 1.039062 -0.080078 -0.395996
v 1.035889 -0.077881 -0.33313
v 0.910156 -0.11084 -0.248535
v 0.793335 -0.121094 -0.181519
v 0.792969 -0.119629 -0.258301
v 0.910156 -0.113281 -0.318359
v 0.792969 -0.119629 -0.258301
v 0.807983 -0.04895 -0.340698
v 0.916504 -0.042969 -0.390137
v 1.039917 -0.011475 -0.456787
v 1.039062 -0.080078 -0.395996
v -0.910156 -0.113281 -0.318359
v -0.916504 -0.042969 -0.390137
v -0.807983 -0.04895 -0.340698
v -0.792969 -0.119629 -0.258301
v -0.793335 -0.121094 -0.181519
v -0.910156 -0.11084 -0.248535
v -0.910156 -0.113281 -0.318359
v -0.910156 -0.11084 -0.248535
v -1.035889 -0.077881 -0.33313
v -1.039062 -0.080078 -0.395996
v -1.039917 -0.011475 -0.456787
v -0.916504 -0.042969 -0.390137
v 1.167969 -0.019531 -0.445312
v 1.272461 0.067871 -0.469238
v 1.254883 0.070923 -0.426514
v 1.157227 -0.01709 -0.392578
v 1.035889 -0.077881 -0.33313
v 1.039062 -0.080078 -0.395996
v 1.167969 -0.019531 -0.445312
v 1.039062 -0.080078 -0.395996
v 1.039917 -0.011475 -0.456787
v 1.168945 0.041992 -0.495605
v 1.274984 0.114136 -0.510905
v 1.272461 0.067871 -0.469238
v -1.167969 -0.019531 -0.445312
v -1.168945 0.041992 -0.495605
v -1.039917 -0.011475 -0.456787
v -1.039062 -0.080078 -0.395996
v -1.035889 -0.077881 -0.33313
v -1.157227 -0.01709 -0.392578
v -1.167969 -0.019531 -0.445312
v -1.157227 -0.01709 -0.392578
v -1.254883 0.070923 -0.426514
v -1.272461 0.067871 -0.469238
v -1.274984 0.114136 -0.510905
v -1.168945 0.041992 -0.495605
v 1.336914 0.299316 -0.466309
v 1.320435 0.304077 -0.431396
v 1.30957 0.185547 -0.43457
v 1.30957 0.185547 -0.43457
v 1.254883 0.070923 -0.426514
v 1.272461 0.067871 -0.469238
v 1.328125 0.181641 -0.470703
v 1.272461 0.067871 -0.469238
v 1.274984 0.114136 -0.510905
v 1.328125 0.181641 -0.470703
v 1.329427 0.20166 -0.506999
v 1.32827 0.287543 -0.4966
v -1.328125 0.181641 -0.470703
v -1.329427 0.20166 -0.506999
v -1.274984 0.114136 -0.510905
v -1.272461 0.067871 -0.469238
v -1.254883 0.070923 -0.426514
v -1.30957 0.185547 -0.43457
v -1.30957 0.185547 -0.43457
v -1.320435 0.304077 -0.431396
v -1.336914 0.299316 -0.466309
v -1.328125 0.181641 -0.470703
v -1.336914 0.299316 -0.466309
v -1.32827 0.287543 -0.4966
v 1.229492 0.461914 -0.470703
v 1.218506 0.467773 -0.420288
v 1.286621 0.403809 -0.431641
v 1.300781 0.398438 -0.472656
v 1.286621 0.403809 -0.431641
v 1.320435 0.304077 -0.431396
v 1.336914 0.299316 -0.466309
v 1.32827 0.287543 -0.4966
v 1.306966 0.359375 -0.511393
v 1.300781 0.398438 -0.472656
v 1.306966 0.359375 -0.511393
v 1.239828 0.400635 -0.516642
v -1.306966 0.359375 -0.511393
v -1.32827 0.287543 -0.4966
v -1.336914 0.299316 -0.466309
v -1.300781 0.398438 -0.472656
v -1.336914 0.299316 -0.466309
v -1.320435 0.304077 -0.431396
v -1.286621 0.403809 -0.431641
v -1.218506 0.467773 -0.420288
v -1.229492 0.461914 -0.470703
v -1.300781 0.398438 -0.472656
v -1.229492 0.461914 -0.470703
v -1.239828 0.400635 -0.516642
v 1.032227 0.453125 -0.397949
v 1.031982 0.459351 -0.333862
v 1.126465 0.479004 -0.382324
v 1.132812 0.472656 -0.441406
v 1.126465 0.479004 -0.382324
v 1.218506 0.467773 -0.420288
v 1.229492 0.461914 -0.470703
v 1.239828 0.400635 -0.516642
v 1.140625 0.399414 -0.496582
v 1.132812 0.472656 -0.441406
v 1.140625 0.399414 -0.496582
v 1.032837 0.375732 -0.45874
v -1.140625 0.399414 -0.496582
v -1.239828 0.400635 -0.516642
v -1.229492 0.461914 -0.470703
v -1.132812 0.472656 -0.441406
v -1.229492 0.461914 -0.470703
v -1.218506 0.467773 -0.420288
v -1.126465 0.479004 -0.382324
v -1.031982 0.459351 -0.333862
v -1.032227 0.453125 -0.397949
v -1.132812 0.472656 -0.441406
v -1.032227 0.453125 -0.397949
v -1.032837 0.375732 -0.45874
v 0.883789 0.390137 -0.321289
v 0.897949 0.395508 -0.258789
v 0.956543 0.430664 -0.291016
v 0.949219 0.425781 -0.353516
v 0.956543 0.430664 -0.291016
v 1.031982 0.459351 -0.333862
v 1.032227 0.453125 -0.397949
v 1.032837 0.375732 -0.45874
v 0.939941 0.349609 -0.410645
v 0.939941 0.349609 -0.410645
v 0.86438 0.318726 -0.376953
v 0.883789 0.390137 -0.321289
v -0.939941 0.349609 -0.410645
v -1.032837 0.375732 -0.45874
v -1.032227 0.453125 -0.397949
v -0.949219 0.425781 -0.353516
v -1.032227 0.453125 -0.397949
v -1.031982 0.459351 -0.333862
v -0.956543 0.430664 -0.291016
v -0.897949 0.395508 -0.258789
v -0.883789 0.390137 -0.321289
v -0.883789 0.390137 -0.321289
v -0.86438 0.318726 -0.376953
v -0.939941 0.349609 -0.410645
v 0.939941 0.349609 -0.410645
v 1.032837 0.375732 -0.45874
v 1.036621 0.180664 -0.478027
v 0.927734 0.152344 -0.421875
v 1.036621 0.180664 -0.478027
v 1.039917 -0.011475 -0.456787
v 0.916504 -0.042969 -0.390137
v 0.807983 -0.04895 -0.340698
v 0.835449 0.134766 -0.381836
v 0.927734 0.152344 -0.421875
v 0.835449 0.134766 -0.381836
v 0.86438 0.318726 -0.376953
v -0.835449 0.134766 -0.381836
v -0.807983 -0.04895 -0.340698
v -0.916504 -0.042969 -0.390137
v -0.927734 0.152344 -0.421875
v -0.916504 -0.042969 -0.390137
v -1.039917 -0.011475 -0.456787
v -1.036621 0.180664 -0.478027
v -1.032837 0.375732 -0.45874
v -0.939941 0.349609 -0.410645
v -0.927734 0.152344 -0.421875
v -0.939941 0.349609 -0.410645
v -0.86438 0.318726 -0.376953
v 1.15625 0.21875 -0.513672
v 1.036621 0.180664 -0.478027
v 1.032837 0.375732 -0.45874
v 1.140625 0.399414 -0.496582
v 1.239828 0.400635 -0.516642
v 1.257161 0.253906 -0.52946
v 1.15625 0.21875 -0.513672
v 1.257161 0.253906 -0.52946
v 1.274984 0.114136 -0.510905
v 1.168945 0.041992 -0.495605
v 1.039917 -0.011475 -0.456787
v 1.036621 0.180664 -0.478027
v -1.15625 0.21875 -0.513672
v -1.168945 0.041992 -0.495605
v -1.274984 0.114136 -0.510905
v -1.257161 0.253906 -0.52946
v -1.239828 0.400635 -0.516642
v -1.140625 0.399414 -0.496582
v -1.15625 0.21875 -0.513672
v -1.140625 0.399414 -0.496582
v -1.032837 0.375732 -0.45874
v -1.036621 0.180664 -0.478027
v -1.039917 -0.011475 -0.456787
v -1.168945 0.041992 -0.495605
v 1.257161 0.253906 -0.52946
v 1.239828 0.400635 -0.516642
v 1.306966 0.359375 -0.511393
v 1.309896 0.273438 -0.526042
v 1.306966 0.359375 -0.511393
v 1.32827 0.287543 -0.4966
v 1.329427 0.20166 -0.506999
v 1.274984 0.114136 -0.510905
v 1.257161 0.253906 -0.52946
v -1.257161 0.253906 -0.52946
v -1.274984 0.114136 -0.510905
v -1.329427 0.20166 -0.506999
v -1.309896 0.273438 -0.526042
v -1.329427 0.20166 -0.506999
v -1.32827 0.287543 -0.4966
v -1.306966 0.359375 -0.511393
v -1.239828 0.400635 -0.516642
v -1.257161 0.253906 -0.52946
v 0.808594 0.280762 -0.382324
v 0.762813 0.282891 -0.41875
v 0.806641 0.344238 -0.308594
v 0.806641 0.344238 -0.308594
v 0.824766 0.347656 -0.205312
v 0.854004 0.356445 -0.242188
v 0.854004 0.356445 -0.242188
v 0.897949 0.395508 -0.258789
v 0.883789 0.390137 -0.321289
v 0.835938 0.345703 -0.314453
v 0.883789 0.390137 -0.321289
v 0.86438 0.318726 -0.376953
v -0.883789 0.390137 -0.321289
v -0.897949 0.395508 -0.258789
v -0.854004 0.356445 -0.242188
v -0.854004 0.356445 -0.242188
v -0.824766 0.347656 -0.205312
v -0.806641 0.344238 -0.308594
v -0.806641 0.344238 -0.308594
v -0.762813 0.282891 -0.41875
v -0.808594 0.280762 -0.382324
v -0.835938 0.345703 -0.314453
v -0.808594 0.280762 -0.382324
v -0.86438 0.318726 -0.376953
v 0.765625 0.128906 -0.394531
v 0.702148 0.134766 -0.44043
v 0.762813 0.282891 -0.41875
v 0.808594 0.280762 -0.382324
v 0.86438 0.318726 -0.376953
v 0.835449 0.134766 -0.381836
v 0.765625 0.128906 -0.394531
v 0.835449 0.134766 -0.381836
v 0.807983 -0.04895 -0.340698
v 0.765625 0.128906 -0.394531
v 0.723633 -0.025879 -0.353516
v 0.64978 0.005127 -0.400513
v -0.765625 0.128906 -0.394531
v -0.723633 -0.025879 -0.353516
v -0.807983 -0.04895 -0.340698
v -0.835449 0.134766 -0.381836
v -0.86438 0.318726 -0.376953
v -0.808594 0.280762 -0.382324
v -0.765625 0.128906 -0.394531
v -0.808594 0.280762 -0.382324
v -0.762813 0.282891 -0.41875
v -0.765625 0.128906 -0.394531
v -0.702148 0.134766 -0.44043
v -0.64978 0.005127 -0.400513
v 0.699219 -0.099609 -0.261719
v 0.69873 -0.11377 -0.174805
v 0.616094 -0.109531 -0.167969
v 0.617676 -0.077148 -0.29834
v 0.64978 0.005127 -0.400513
v 0.723633 -0.025879 -0.353516
v 0.699219 -0.099609 -0.261719
v 0.723633 -0.025879 -0.353516
v 0.807983 -0.04895 -0.340698
v 0.699219 -0.099609 -0.261719
v 0.792969 -0.119629 -0.258301
v 0.793335 -0.121094 -0.181519
v -0.699219 -0.099609 -0.261719
v -0.792969 -0.119629 -0.258301
v -0.807983 -0.04895 -0.340698
v -0.723633 -0.025879 -0.353516
v -0.64978 0.005127 -0.400513
v -0.617676 -0.077148 -0.29834
v -0.699219 -0.099609 -0.261719
v -0.617676 -0.077148 -0.29834
v -0.616094 -0.109531 -0.167969
v -0.699219 -0.099609 -0.261719
v -0.69873 -0.11377 -0.174805
v -0.793335 -0.121094 -0.181519
vn 0.703351 -0.228379 0.673156
vn 0.818977 -0.001884 0.573824
vn 0.776439 -0.262265 0.573027
vn 0.776439 -0.262265 0.573027
vn 0.57427 -0.435545 0.693191
vn 0.703351 -0.228379 0.673156
vn 0.703351 -0.228379 0.673156
vn 0.619565 -0.502486 0.603032
vn 0.759822 -0.264162 0.594044
vn 0.759822 -0.264162 0.594044
vn 0.743518 -0.000776 0.668715
vn 0.703351 -0.228379 0.673156
vn -0.703351 -0.228379 0.673156
vn -0.619565 -0.502486 0.603032
vn -0.57427 -0.435545 0.693191
vn -0.57427 -0.435545 0.693191
vn -0.776439 -0.262265 0.573027
vn -0.703351 -0.228379 0.673156
vn -0.703351 -0.228379 0.673156
vn -0.818977 -0.001884 0.573824
vn -0.743518 -0.000776 0.668715
vn -0.743518 -0.000776 0.668715
vn -0.759822 -0.264162 0.594044
vn -0.703351 -0.228379 0.673156
vn 0.813457 -0.298946 0.498917
vn 0.805495 -0.000951 0.592602
vn 0.759822 -0.264162 0.594044
vn 0.759822 -0.264162 0.594044
vn 0.656743 -0.569384 0.494459
vn 0.813457 -0.298946 0.498917
vn 0.813457 -0.298946 0.498917
vn 0.677476 -0.572732 0.461524
vn 0.830791 -0.299546 0.469105
vn 0.830791 -0.299546 0.469105
vn 0.865075 -0.001487 0.50164
vn 0.813457 -0.298946 0.498917
vn -0.813457 -0.298946 0.498917
vn -0.677476 -0.572732 0.461524
vn -0.656743 -0.569384 0.494459
vn -0.656743 -0.569384 0.494459
vn -0.759822 -0.264162 0.594044
vn -0.813457 -0.298946 0.498917
vn -0.813457 -0.298946 0.498917
vn -0.805495 -0.000951 0.592602
vn -0.865075 -0.001487 0.50164
vn -0.865075 -0.001487 0.50164
vn -0.830791 -0.299546 0.469105
vn -0.813457 -0.298946 0.498917
vn 0.407257 -0.771038 0.489533
vn 0.619565 -0.502486 0.603032
vn 0.39609 -0.676556 0.620793
vn 0.39609 -0.676556 0.620793
vn 0.087617 -0.862697 0.498073
vn 0.407257 -0.771038 0.489533
vn 0.407257 -0.771038 0.489533
vn 0.09867 -0.889341 0.446471
vn 0.425991 -0.786358 0.447407
vn 0.425991 -0.786358 0.447407
vn 0.656743 -0.569384 0.494459
vn 0.407257 -0.771038 0.489533
vn -0.407257 -0.771038 0.489533
vn -0.09867 -0.889341 0.446471
vn -0.087617 -0.862697 0.498073
vn -0.087617 -0.862697 0.498073
vn -0.39609 -0.676556 0.620793
vn -0.407257 -0.771038 0.489533
vn -0.407257 -0.771038 0.489533
vn -0.619565 -0.502486 0.603032
vn -0.656743 -0.569384 0.494459
vn -0.656743 -0.569384 0.494459
vn -0.425991 -0.786358 0.447407
vn -0.407257 -0.771038 0.489533
vn 0.374328 -0.5786 0.724638
vn 0.628139 -0.514856 0.583407
vn 0.396663 -0.699677 0.59423
vn 0.396663 -0.699677 0.59423
vn 0.135161 -0.639526 0.756795
vn 0.374328 -0.5786 0.724638
vn 0.374328 -0.5786 0.724638
vn 0.112269 -0.754951 0.646099
vn 0.39609 -0.676556 0.620793
vn 0.39609 -0.676556 0.620793
vn 0.57427 -0.435545 0.693191
vn 0.374328 -0.5786 0.724638
vn -0.374328 -0.5786 0.724638
vn -0.112269 -0.754951 0.646099
vn -0.135161 -0.639526 0.756795
vn -0.135161 -0.639526 0.756795
vn -0.396663 -0.699677 0.59423
vn -0.374328 -0.5786 0.724638
vn -0.374328 -0.5786 0.724638
vn -0.628139 -0.514856 0.583407
vn -0.57427 -0.435545 0.693191
vn -0.57427 -0.435545 0.693191
vn -0.39609 -0.676556 0.620793
vn -0.374328 -0.5786 0.724638
vn -0.125937 -0.613838 0.779322
vn 0.117239 -0.785344 0.607857
vn -0.198338 -0.75345 0.626877
vn -0.198338 -0.75345 0.626877
vn -0.373333 -0.471776 0.79878
vn -0.125937 -0.613838 0.779322
vn -0.125937 -0.613838 0.779322
vn -0.461096 -0.547986 0.697926
vn -0.190914 -0.71624 0.671232
vn -0.190914 -0.71624 0.671232
vn 0.135161 -0.639526 0.756795
vn -0.125937 -0.613838 0.779322
vn 0.125937 -0.613838 0.779322
vn 0.461096 -0.547986 0.697926
vn 0.373333 -0.471776 0.79878
vn 0.373333 -0.471776 0.79878
vn 0.198338 -0.75345 0.626877
vn 0.125937 -0.613838 0.779322
vn 0.125937 -0.613838 0.779322
vn -0.117239 -0.785344 0.607857
vn -0.135161 -0.639526 0.756795
vn -0.135161 -0.639526 0.756795
vn 0.190914 -0.71624 0.671232
vn 0.125937 -0.613838 0.779322
vn -0.250542 -0.815784 0.521273
vn 0.112269 -0.754951 0.646099
vn -0.190914 -0.71624 0.671232
vn -0.190914 -0.71624 0.671232
vn -0.545194 -0.625733 0.557872
vn -0.250542 -0.815784 0.521273
vn -0.250542 -0.815784 0.521273
vn -0.563518 -0.652683 0.506411
vn -0.255801 -0.846709 0.466529
vn -0.255801 -0.846709 0.466529
vn 0.087617 -0.862697 0.498073
vn -0.250542 -0.815784 0.521273
vn 0.250542 -0.815784 0.521273
vn 0.563518 -0.652683 0.506411
vn 0.545194 -0.625733 0.557872
vn 0.545194 -0.625733 0.557872
vn 0.190914 -0.71624 0.671232
vn 0.250542 -0.815784 0.521273
vn 0.250542 -0.815784 0.521273
vn -0.112269 -0.754951 0.646099
vn -0.087617 -0.862697 0.498073
vn -0.087617 -0.862697 0.498073
vn 0.255801 -0.846709 0.466529
vn 0.250542 -0.815784 0.521273
vn -0.740133 -0.329863 0.585997
vn -0.461096 -0.547986 0.697926
vn -0.638225 -0.284449 0.715372
vn -0.740133 -0.329863 0.585997
vn -0.692104 -0.001858 0.721796
vn -0.802002 -0.002519 0.597316
vn -0.802002 -0.002519 0.597316
vn -0.767458 -0.34562 0.539958
vn -0.740133 -0.329863 0.585997
vn -0.767458 -0.34562 0.539958
vn -0.545194 -0.625733 0.557872
vn -0.740133 -0.329863 0.585997
vn 0.767458 -0.34562 0.539958
vn 0.802002 -0.002519 0.597316
vn 0.740133 -0.329863 0.585997
vn 0.740133 -0.329863 0.585997
vn 0.692104 -0.001858 0.721796
vn 0.638225 -0.284449 0.715372
vn 0.740133 -0.329863 0.585997
vn 0.461096 -0.547986 0.697926
vn 0.545194 -0.625733 0.557872
vn 0.545194 -0.625733 0.557872
vn 0.767458 -0.34562 0.539958
vn 0.740133 -0.329863 0.585997
vn -0.538569 -0.241618 0.807195
vn -0.492591 -0.578193 0.65042
vn -0.695485 -0.305097 0.650551
vn -0.695485 -0.305097 0.650551
vn -0.587365 -0.000587 0.809322
vn -0.538569 -0.241618 0.807195
vn -0.587365 -0.000587 0.809322
vn -0.638225 -0.284449 0.715372
vn -0.538569 -0.241618 0.807195
vn -0.638225 -0.284449 0.715372
vn -0.373333 -0.471776 0.79878
vn -0.538569 -0.241618 0.807195
vn 0.638225 -0.284449 0.715372
vn 0.587365 -0.000587 0.809322
vn 0.538569 -0.241618 0.807195
vn 0.587365 -0.000587 0.809322
vn 0.695485 -0.305097 0.650551
vn 0.538569 -0.241618 0.807195
vn 0.538569 -0.241618 0.807195
vn 0.492591 -0.578193 0.65042
vn 0.373333 -0.471776 0.79878
vn 0.373333 -0.471776 0.79878
vn 0.638225 -0.284449 0.715372
vn 0.538569 -0.241618 0.807195
vn -0.546624 0.23689 0.803172
vn -0.763406 -0.003046 0.645911
vn -0.709125 0.293577 0.641057
vn -0.546624 0.23689 0.803172
vn -0.52025 0.578654 0.628091
vn -0.391615 0.478563 0.785885
vn -0.391615 0.478563 0.785885
vn -0.639051 0.280339 0.716256
vn -0.546624 0.23689 0.803172
vn -0.639051 0.280339 0.716256
vn -0.587365 -0.000587 0.809322
vn -0.546624 0.23689 0.803172
vn 0.639051 0.280339 0.716256
vn 0.391615 0.478563 0.785885
vn 0.546624 0.23689 0.803172
vn 0.546624 0.23689 0.803172
vn 0.52025 0.578654 0.628091
vn 0.709125 0.293577 0.641058
vn 0.546624 0.23689 0.803172
vn 0.763406 -0.003046 0.645911
vn 0.587365 -0.000587 0.809322
vn 0.587365 -0.000587 0.809322
vn 0.639051 0.280339 0.716256
vn 0.546624 0.23689 0.803172
vn -0.802002 -0.002519 0.597316
vn -0.639051 0.280339 0.716256
vn -0.736903 0.323432 0.593603
vn -0.736903 0.323432 0.593603
vn -0.46483 0.542748 0.699541
vn -0.538578 0.609475 0.581786
vn -0.538578 0.609475 0.581786
vn -0.761535 0.340925 0.551212
vn -0.736903 0.323432 0.593603
vn -0.736903 0.323432 0.593603
vn -0.832342 -0.001237 0.554262
vn -0.802002 -0.002519 0.597316
vn 0.761535 0.340925 0.551212
vn 0.538578 0.609474 0.581786
vn 0.736903 0.323432 0.593603
vn 0.736903 0.323432 0.593603
vn 0.46483 0.542748 0.699541
vn 0.639051 0.280339 0.716256
vn 0.639051 0.280339 0.716256
vn 0.802002 -0.002519 0.597316
vn 0.736903 0.323432 0.593603
vn 0.736903 0.323432 0.593603
vn 0.832342 -0.001237 0.554262
vn 0.761535 0.340925 0.551212
vn -0.538578 0.609475 0.581786
vn -0.191961 0.713381 0.673972
vn -0.240215 0.794964 0.557072
vn -0.240215 0.794964 0.557072
vn 0.113392 0.751956 0.649388
vn 0.094621 0.838953 0.535914
vn 0.094621 0.838953 0.535914
vn -0.239245 0.822158 0.516544
vn -0.240215 0.794964 0.557072
vn -0.240215 0.794964 0.557072
vn -0.54948 0.636551 0.541179
vn -0.538578 0.609475 0.581786
vn 0.239245 0.822158 0.516544
vn -0.094621 0.838953 0.535914
vn 0.240215 0.794964 0.557072
vn 0.240215 0.794964 0.557072
vn -0.113392 0.751956 0.649388
vn 0.191961 0.713381 0.673972
vn 0.191961 0.713381 0.673972
vn 0.538578 0.609474 0.581786
vn 0.240215 0.794964 0.557072
vn 0.240215 0.794964 0.557072
vn 0.54948 0.636551 0.541179
vn 0.239245 0.822158 0.516544
vn -0.391615 0.478563 0.785885
vn -0.219878 0.776062 0.591085
vn -0.140383 0.635488 0.759241
vn -0.140383 0.635488 0.759241
vn 0.109382 0.815363 0.568523
vn 0.131183 0.664889 0.735332
vn 0.131183 0.664889 0.735332
vn -0.191961 0.713381 0.673972
vn -0.140383 0.635488 0.759241
vn -0.140383 0.635488 0.759241
vn -0.46483 0.542748 0.699541
vn -0.391615 0.478563 0.785885
vn 0.191961 0.713381 0.673972
vn -0.131183 0.664889 0.735332
vn 0.140383 0.635488 0.759241
vn 0.140383 0.635488 0.759241
vn -0.109382 0.815363 0.568523
vn 0.219878 0.776062 0.591085
vn 0.219878 0.776062 0.591085
vn 0.391615 0.478563 0.785885
vn 0.140383 0.635488 0.759241
vn 0.140383 0.635488 0.759241
vn 0.46483 0.542748 0.699541
vn 0.191961 0.713381 0.673972
vn 0.131183 0.664889 0.735332
vn 0.405764 0.722697 0.559522
vn 0.381449 0.598091 0.704829
vn 0.381449 0.598091 0.704829
vn 0.647578 0.516164 0.560551
vn 0.586306 0.440302 0.679985
vn 0.586306 0.440302 0.679985
vn 0.398191 0.672579 0.623763
vn 0.381449 0.598091 0.704829
vn 0.381449 0.598091 0.704829
vn 0.113392 0.751956 0.649388
vn 0.131183 0.664889 0.735332
vn -0.398191 0.672579 0.623763
vn -0.586306 0.440302 0.679985
vn -0.381449 0.598091 0.704829
vn -0.381449 0.598091 0.704829
vn -0.647578 0.516164 0.560551
vn -0.405764 0.722697 0.559522
vn -0.405764 0.722697 0.559522
vn -0.131183 0.664889 0.735332
vn -0.381449 0.598091 0.704829
vn -0.381449 0.598091 0.704829
vn -0.113392 0.751956 0.649388
vn -0.398191 0.672579 0.623763
vn 0.094621 0.838953 0.535914
vn 0.398191 0.672579 0.623763
vn 0.407788 0.748834 0.522452
vn 0.407788 0.748834 0.522452
vn 0.622269 0.496224 0.605428
vn 0.655138 0.552395 0.515416
vn 0.655138 0.552395 0.515416
vn 0.423492 0.761258 0.491061
vn 0.407788 0.748834 0.522452
vn 0.407788 0.748834 0.522452
vn 0.106811 0.860425 0.498256
vn 0.094621 0.838953 0.535914
vn -0.423492 0.761258 0.491061
vn -0.655138 0.552395 0.515416
vn -0.407788 0.748834 0.522452
vn -0.407788 0.748834 0.522452
vn -0.622269 0.496224 0.605428
vn -0.398191 0.672579 0.623763
vn -0.398191 0.672579 0.623763
vn -0.094621 0.838953 0.535914
vn -0.407788 0.748834 0.522452
vn -0.407788 0.748834 0.522452
vn -0.106811 0.860425 0.498256
vn -0.423492 0.761258 0.491061
vn 0.655138 0.552395 0.515416
vn 0.760562 0.259613 0.595101
vn 0.812241 0.290455 0.505866
vn 0.812241 0.290455 0.505866
vn 0.805495 -0.000951 0.592602
vn 0.865075 -0.001487 0.50164
vn 0.865075 -0.001487 0.50164
vn 0.82859 0.293266 0.476901
vn 0.812241 0.290455 0.505866
vn 0.812241 0.290455 0.505866
vn 0.672235 0.557239 0.487426
vn 0.655138 0.552395 0.515416
vn -0.82859 0.293266 0.476901
vn -0.865075 -0.001487 0.50164
vn -0.812241 0.290455 0.505866
vn -0.812241 0.290455 0.505866
vn -0.805495 -0.000951 0.592602
vn -0.760562 0.259613 0.595101
vn -0.760562 0.259613 0.595101
vn -0.655138 0.552395 0.515416
vn -0.812241 0.290455 0.505866
vn -0.812241 0.290455 0.505866
vn -0.672235 0.557239 0.487426
vn -0.82859 0.293266 0.476901
vn 0.586306 0.440302 0.679985
vn 0.785164 0.254614 0.564526
vn 0.708388 0.225894 0.668699
vn 0.708388 0.225894 0.668699
vn 0.818977 -0.001884 0.573824
vn 0.743518 -0.000776 0.668715
vn 0.743518 -0.000776 0.668715
vn 0.760562 0.259613 0.595101
vn 0.708388 0.225894 0.668699
vn 0.708388 0.225894 0.668699
vn 0.622269 0.496224 0.605428
vn 0.586306 0.440302 0.679985
vn -0.760562 0.259613 0.595101
vn -0.743518 -0.000776 0.668715
vn -0.708388 0.225894 0.668699
vn -0.708388 0.225894 0.668699
vn -0.818977 -0.001884 0.573824
vn -0.785164 0.254614 0.564526
vn -0.785164 0.254614 0.564526
vn -0.586306 0.440302 0.679985
vn -0.708388 0.225894 0.668699
vn -0.708388 0.225894 0.668699
vn -0.622269 0.496224 0.605428
vn -0.760562 0.259613 0.595101
vn 0.849471 -0.002161 0.527631
vn 0.785164 0.254614 0.564526
vn 0.835236 0.269741 0.479187
vn 0.835236 0.269741 0.479187
vn 0.647578 0.516164 0.560551
vn 0.666779 0.556199 0.496033
vn 0.666779 0.556199 0.496033
vn 0.670355 0.176489 0.720746
vn 0.835236 0.269741 0.479187
vn 0.835236 0.269741 0.479187
vn 0.647437 -0.001842 0.762117
vn 0.849471 -0.002161 0.527631
vn -0.670355 0.176489 0.720746
vn -0.666779 0.556199 0.496033
vn -0.835236 0.269741 0.479187
vn -0.835236 0.269741 0.479187
vn -0.647578 0.516164 0.560551
vn -0.785164 0.254614 0.564526
vn -0.785164 0.254614 0.564526
vn -0.849471 -0.002161 0.527631
vn -0.835236 0.269741 0.479187
vn -0.835236 0.269741 0.479187
vn -0.647436 -0.001842 0.762117
vn -0.670355 0.176489 0.720746
vn 0.666779 0.556199 0.496033
vn 0.405764 0.722697 0.559522
vn 0.424851 0.803661 0.416691
vn 0.424851 0.803661 0.416691
vn 0.109382 0.815363 0.568523
vn 0.07796 0.890623 0.44801
vn 0.07796 0.890623 0.44801
vn 0.400503 0.570375 0.717126
vn 0.424851 0.803661 0.416691
vn 0.424851 0.803661 0.416691
vn 0.529887 0.349977 0.772487
vn 0.666779 0.556199 0.496033
vn -0.400503 0.570375 0.717126
vn -0.07796 0.890623 0.44801
vn -0.424851 0.803661 0.416691
vn -0.424851 0.803661 0.416691
vn -0.109382 0.815363 0.568523
vn -0.405764 0.722697 0.559522
vn -0.405764 0.722697 0.559522
vn -0.666779 0.556199 0.496033
vn -0.424851 0.803661 0.416691
vn -0.424851 0.803661 0.416691
vn -0.529887 0.349977 0.772487
vn -0.400503 0.570375 0.717126
vn 0.07796 0.890623 0.44801
vn -0.219878 0.776062 0.591085
vn -0.282342 0.862425 0.420127
vn -0.282342 0.862425 0.420127
vn -0.52025 0.578654 0.628091
vn -0.595472 0.615191 0.516676
vn -0.595472 0.615191 0.516676
vn -0.133073 0.630365 0.764808
vn -0.282342 0.862425 0.420127
vn -0.282342 0.862425 0.420127
vn 0.147524 0.593694 0.791053
vn 0.07796 0.890623 0.44801
vn 0.133073 0.630365 0.764808
vn 0.595472 0.615191 0.516676
vn 0.282342 0.862425 0.420127
vn 0.282342 0.862425 0.420127
vn 0.52025 0.578654 0.628091
vn 0.219878 0.776062 0.591085
vn 0.219878 0.776062 0.591085
vn -0.07796 0.890623 0.44801
vn 0.282342 0.862425 0.420127
vn 0.282342 0.862425 0.420127
vn -0.147524 0.593694 0.791053
vn 0.133073 0.630365 0.764808
vn -0.595472 0.615191 0.516676
vn -0.709125 0.293577 0.641057
vn -0.825777 0.350872 0.441566
vn -0.709125 0.293577 0.641057
vn -0.878248 -0.004081 0.478187
vn -0.825777 0.350872 0.441566
vn -0.878248 -0.004081 0.478187
vn -0.56733 0.254552 0.78316
vn -0.825777 0.350872 0.441566
vn -0.825777 0.350872 0.441566
vn -0.338165 0.39562 0.853891
vn -0.595472 0.615191 0.516676
vn 0.56733 0.254552 0.78316
vn 0.878248 -0.004081 0.478187
vn 0.825777 0.350872 0.441566
vn 0.878248 -0.004081 0.478187
vn 0.709125 0.293577 0.641058
vn 0.825777 0.350872 0.441566
vn 0.709125 0.293577 0.641058
vn 0.595472 0.615191 0.516676
vn 0.825777 0.350872 0.441566
vn 0.825777 0.350872 0.441566
vn 0.338165 0.39562 0.853891
vn 0.56733 0.254552 0.78316
vn -0.819831 -0.365922 0.44043
vn -0.763406 -0.003046 0.645911
vn -0.695485 -0.305097 0.650551
vn -0.695485 -0.305097 0.650551
vn -0.581435 -0.628389 0.516779
vn -0.819831 -0.365922 0.44043
vn -0.819831 -0.365922 0.44043
vn -0.337141 -0.419842 0.842656
vn -0.567108 -0.272723 0.777181
vn -0.567108 -0.272723 0.777181
vn -0.878248 -0.004081 0.478187
vn -0.819831 -0.365922 0.44043
vn 0.819831 -0.365922 0.440431
vn 0.337141 -0.419842 0.842656
vn 0.581435 -0.628389 0.516779
vn 0.581435 -0.628389 0.516779
vn 0.695485 -0.305097 0.650551
vn 0.819831 -0.365922 0.440431
vn 0.819831 -0.365922 0.440431
vn 0.763406 -0.003046 0.645911
vn 0.878248 -0.004081 0.478187
vn 0.878248 -0.004081 0.478187
vn 0.567108 -0.272723 0.777181
vn 0.819831 -0.365922 0.440431
vn -0.276577 -0.864067 0.420588
vn -0.492591 -0.578193 0.65042
vn -0.198338 -0.75345 0.626877
vn -0.198338 -0.75345 0.626877
vn 0.079482 -0.888858 0.451236
vn -0.276577 -0.864067 0.420588
vn -0.276577 -0.864067 0.420588
vn 0.142554 -0.621712 0.770164
vn -0.13875 -0.653678 0.743944
vn -0.13875 -0.653678 0.743944
vn -0.581435 -0.628389 0.516779
vn -0.276577 -0.864067 0.420588
vn 0.276577 -0.864067 0.420588
vn -0.142554 -0.621712 0.770164
vn -0.079482 -0.888858 0.451236
vn -0.079482 -0.888858 0.451236
vn 0.198338 -0.75345 0.626877
vn 0.276577 -0.864067 0.420588
vn 0.276577 -0.864067 0.420588
vn 0.492591 -0.578193 0.65042
vn 0.581435 -0.628389 0.516779
vn 0.581435 -0.628389 0.516779
vn 0.13875 -0.653678 0.743944
vn 0.276577 -0.864067 0.420588
vn 0.42096 -0.803361 0.421192
vn 0.117239 -0.785344 0.607857
vn 0.396663 -0.699677 0.59423
vn 0.396663 -0.699677 0.59423
vn 0.654429 -0.565688 0.501717
vn 0.42096 -0.803361 0.421192
vn 0.42096 -0.803361 0.421192
vn 0.527938 -0.373153 0.762914
vn 0.398869 -0.59525 0.697554
vn 0.398869 -0.59525 0.697554
vn 0.079482 -0.888858 0.451236
vn 0.42096 -0.803361 0.421192
vn -0.42096 -0.803361 0.421192
vn -0.527938 -0.373154 0.762914
vn -0.654429 -0.565688 0.501717
vn -0.654429 -0.565688 0.501717
vn -0.396663 -0.699677 0.59423
vn -0.42096 -0.803361 0.421192
vn -0.42096 -0.803361 0.421192
vn -0.117239 -0.785344 0.607857
vn -0.079482 -0.888858 0.451236
vn -0.079482 -0.888858 0.451236
vn -0.398869 -0.59525 0.697554
vn -0.42096 -0.803361 0.421192
vn 0.829936 -0.281682 0.48152
vn 0.628139 -0.514856 0.583407
vn 0.776439 -0.262265 0.573027
vn 0.776439 -0.262265 0.573027
vn 0.849471 -0.002161 0.527631
vn 0.829936 -0.281682 0.48152
vn 0.829936 -0.281682 0.48152
vn 0.647437 -0.001842 0.762117
vn 0.670839 -0.19129 0.716508
vn 0.670839 -0.19129 0.716508
vn 0.654429 -0.565688 0.501717
vn 0.829936 -0.281682 0.48152
vn -0.829936 -0.281683 0.48152
vn -0.647436 -0.001842 0.762117
vn -0.849471 -0.002161 0.527631
vn -0.849471 -0.002161 0.527631
vn -0.776439 -0.262265 0.573027
vn -0.829936 -0.281683 0.48152
vn -0.829936 -0.281683 0.48152
vn -0.628139 -0.514856 0.583407
vn -0.654429 -0.565688 0.501717
vn -0.654429 -0.565688 0.501717
vn -0.670839 -0.19129 0.716508
vn -0.829936 -0.281683 0.48152
vn 0.395356 -0.000834 0.918527
vn 0.350756 -0.120336 0.928703
vn 0.413976 -0.074943 0.907198
vn 0.413976 -0.074943 0.907198
vn 0.527938 -0.373153 0.762914
vn 0.670839 -0.19129 0.716508
vn 0.413976 -0.074943 0.907198
vn 0.647437 -0.001842 0.762117
vn 0.395356 -0.000834 0.918527
vn -0.413976 -0.074943 0.907198
vn -0.647436 -0.001842 0.762117
vn -0.670839 -0.19129 0.716508
vn -0.413976 -0.074943 0.907198
vn -0.527938 -0.373154 0.762914
vn -0.350756 -0.120336 0.928703
vn -0.350756 -0.120336 0.928703
vn -0.395356 -0.000834 0.918527
vn -0.413976 -0.074943 0.907198
vn 0.300837 -0.202572 0.931913
vn 0.142554 -0.621712 0.770164
vn 0.398869 -0.59525 0.697554
vn 0.300837 -0.202572 0.931913
vn 0.527938 -0.373153 0.762914
vn 0.350756 -0.120336 0.928703
vn 0.350756 -0.120336 0.928703
vn 0.203909 -0.189632 0.960448
vn 0.300837 -0.202572 0.931913
vn -0.203909 -0.189632 0.960448
vn -0.350756 -0.120336 0.928703
vn -0.300837 -0.202572 0.931913
vn -0.300837 -0.202572 0.931913
vn -0.527938 -0.373154 0.762914
vn -0.398869 -0.59525 0.697554
vn -0.300837 -0.202572 0.931913
vn -0.142554 -0.621712 0.770164
vn -0.203909 -0.189632 0.960448
vn 0.203909 -0.189632 0.960448
vn 0.01424 -0.117984 0.992913
vn 0.085388 -0.205163 0.974996
vn 0.085388 -0.205163 0.974996
vn -0.337141 -0.419842 0.842656
vn -0.13875 -0.653678 0.743944
vn 0.085388 -0.205163 0.974996
vn 0.142554 -0.621712 0.770164
vn 0.203909 -0.189632 0.960448
vn -0.085388 -0.205163 0.974996
vn -0.142554 -0.621712 0.770164
vn 0.13875 -0.653678 0.743944
vn -0.085388 -0.205163 0.974996
vn 0.337141 -0.419842 0.842656
vn -0.01424 -0.117984 0.992913
vn -0.01424 -0.117984 0.992913
vn -0.203909 -0.189632 0.960448
vn -0.085388 -0.205163 0.974996
vn 0.01424 -0.117984 0.992913
vn -0.061946 -0.000336 0.998079
vn -0.089712 -0.065006 0.993844
vn -0.089712 -0.065006 0.993844
vn -0.547619 -0.002161 0.836725
vn -0.567108 -0.272723 0.777181
vn -0.089712 -0.065006 0.993844
vn -0.337141 -0.419842 0.842656
vn 0.01424 -0.117984 0.992913
vn 0.089712 -0.065006 0.993844
vn 0.337141 -0.419842 0.842656
vn 0.567108 -0.272723 0.777181
vn 0.089712 -0.065006 0.993844
vn 0.547619 -0.002161 0.836725
vn 0.061946 -0.000336 0.998079
vn 0.061946 -0.000336 0.998079
vn -0.01424 -0.117984 0.992913
vn 0.089712 -0.065006 0.993844
vn -0.061946 -0.000336 0.998079
vn 0.015717 0.11102 0.993694
vn -0.089198 0.059391 0.994242
vn -0.089198 0.059391 0.994242
vn -0.338165 0.39562 0.853891
vn -0.56733 0.254552 0.78316
vn -0.089198 0.059391 0.994242
vn -0.547619 -0.002161 0.836725
vn -0.061946 -0.000336 0.998079
vn 0.089198 0.059391 0.994242
vn 0.547619 -0.002161 0.836725
vn 0.56733 0.254552 0.78316
vn 0.089198 0.059391 0.994242
vn 0.338165 0.39562 0.853891
vn -0.015717 0.11102 0.993694
vn -0.015717 0.11102 0.993694
vn 0.061946 -0.000336 0.998079
vn 0.089198 0.059391 0.994242
vn 0.015717 0.11102 0.993694
vn 0.204507 0.177473 0.962642
vn 0.087738 0.193113 0.977246
vn 0.087738 0.193113 0.977246
vn 0.147524 0.593694 0.791053
vn -0.133073 0.630365 0.764808
vn 0.087738 0.193113 0.977246
vn -0.338165 0.39562 0.853891
vn 0.015717 0.11102 0.993694
vn -0.087738 0.193113 0.977246
vn 0.338165 0.39562 0.853891
vn 0.133073 0.630365 0.764808
vn -0.087738 0.193113 0.977246
vn -0.147524 0.593694 0.791053
vn -0.204507 0.177473 0.962642
vn -0.204507 0.177473 0.962642
vn -0.015717 0.11102 0.993694
vn -0.087738 0.193113 0.977246
vn 0.204507 0.177473 0.962642
vn 0.349901 0.113324 0.929907
vn 0.299714 0.190669 0.934782
vn 0.299714 0.190669 0.934782
vn 0.529887 0.349977 0.772487
vn 0.400503 0.570375 0.717126
vn 0.299714 0.190669 0.934782
vn 0.147524 0.593694 0.791053
vn 0.204507 0.177473 0.962642
vn -0.299714 0.190669 0.934782
vn -0.147524 0.593694 0.791053
vn -0.400503 0.570375 0.717126
vn -0.299714 0.190669 0.934782
vn -0.529887 0.349977 0.772487
vn -0.349901 0.113324 0.929907
vn -0.349901 0.113324 0.929907
vn -0.204507 0.177473 0.962642
vn -0.299714 0.190669 0.934782
vn 0.349901 0.113324 0.929907
vn 0.395356 -0.000834 0.918527
vn 0.413734 0.069121 0.90777
vn 0.413734 0.069121 0.90777
vn 0.647437 -0.001842 0.762117
vn 0.670355 0.176489 0.720746
vn 0.413734 0.069121 0.90777
vn 0.529887 0.349977 0.772487
vn 0.349901 0.113324 0.929907
vn -0.413734 0.069121 0.90777
vn -0.529887 0.349977 0.772487
vn -0.670355 0.176489 0.720746
vn -0.413734 0.069121 0.90777
vn -0.647436 -0.001842 0.762117
vn -0.395356 -0.000834 0.918527
vn -0.395356 -0.000834 0.918527
vn -0.349901 0.113324 0.929907
vn -0.413734 0.069121 0.90777
vn 0.09527 -0.985059 0.143463
vn 0.164375 -0.896559 0.411295
vn 0.099563 -0.897814 0.428972
vn 0.099563 -0.897814 0.428972
vn 0.154973 -0.769642 0.619383
vn 0.09033 -0.788003 0.609009
vn 0.09033 -0.788003 0.609009
vn 0 -0.896762 0.442513
vn 0.099563 -0.897814 0.428972
vn 0.099563 -0.897814 0.428972
vn 0 -0.98594 0.167097
vn 0.09527 -0.985059 0.143463
vn 0 -0.896762 0.442513
vn -0.09033 -0.788003 0.609009
vn -0.099563 -0.897814 0.428972
vn -0.099563 -0.897814 0.428972
vn -0.154973 -0.769642 0.619383
vn -0.164375 -0.896559 0.411295
vn -0.164375 -0.896559 0.411295
vn -0.09527 -0.985059 0.143463
vn -0.099563 -0.897814 0.428972
vn -0.099563 -0.897814 0.428972
vn 0 -0.98594 0.167097
vn 0 -0.896762 0.442513
vn 0.253802 -0.961538 0.105023
vn 0.456621 -0.730011 0.508509
vn 0.268217 -0.856857 0.440289
vn 0.268217 -0.856857 0.440289
vn 0.375262 -0.560224 0.738463
vn 0.250153 -0.701603 0.667216
vn 0.250153 -0.701603 0.667216
vn 0.164375 -0.896559 0.411295
vn 0.268217 -0.856857 0.440289
vn 0.268217 -0.856857 0.440289
vn 0.149131 -0.98316 0.105621
vn 0.253802 -0.961538 0.105023
vn -0.164375 -0.896559 0.411295
vn -0.250153 -0.701603 0.667216
vn -0.268217 -0.856857 0.440289
vn -0.268217 -0.856857 0.440289
vn -0.375262 -0.560224 0.738463
vn -0.456621 -0.730011 0.508509
vn -0.456621 -0.730011 0.508509
vn -0.253802 -0.961538 0.105023
vn -0.268217 -0.856857 0.440289
vn -0.268217 -0.856857 0.440289
vn -0.149131 -0.98316 0.105621
vn -0.164375 -0.896559 0.411295
vn 0.684343 -0.449074 0.574462
vn 0.98664 -0.080561 0.141604
vn 0.790481 -0.209385 0.575585
vn 0.790481 -0.209385 0.575585
vn 0.473415 -0.368613 0.800001
vn 0.684343 -0.449074 0.574462
vn 0.684343 -0.449074 0.574462
vn 0.375262 -0.560224 0.738463
vn 0.456621 -0.730011 0.508509
vn 0.684343 -0.449074 0.574462
vn 0.563848 -0.815894 0.128035
vn 0.898209 -0.414529 0.14624
vn -0.684343 -0.449074 0.574462
vn -0.375262 -0.560224 0.738463
vn -0.473415 -0.368613 0.800001
vn -0.473415 -0.368613 0.800001
vn -0.790481 -0.209385 0.575585
vn -0.684343 -0.449074 0.574462
vn -0.684343 -0.449074 0.574462
vn -0.98664 -0.080561 0.141604
vn -0.898209 -0.414529 0.14624
vn -0.684343 -0.449074 0.574462
vn -0.563848 -0.815894 0.128035
vn -0.456621 -0.730011 0.508509
vn 0.991085 0.057859 0.120014
vn 0.821085 0.043335 0.569159
vn 0.822736 -0.049696 0.566247
vn 0.821085 0.043335 0.569159
vn 0.570611 -0.102723 0.81477
vn 0.822736 -0.049696 0.566247
vn 0.822736 -0.049696 0.566247
vn 0.53286 -0.225632 0.815568
vn 0.790481 -0.209385 0.575585
vn 0.790481 -0.209385 0.575585
vn 0.991085 0.057859 0.120014
vn 0.822736 -0.049696 0.566247
vn -0.822736 -0.049696 0.566247
vn -0.53286 -0.225632 0.815568
vn -0.570611 -0.102723 0.81477
vn -0.570611 -0.102723 0.81477
vn -0.821085 0.043335 0.569159
vn -0.822736 -0.049696 0.566247
vn -0.821085 0.043335 0.569159
vn -0.991085 0.057859 0.120014
vn -0.822736 -0.049696 0.566247
vn -0.991085 0.057859 0.120014
vn -0.790481 -0.209385 0.575585
vn -0.822736 -0.049696 0.566247
vn 0.981016 0.148911 0.124229
vn 0.823266 0.169961 0.541614
vn 0.819839 0.098787 0.564008
vn 0.823266 0.169961 0.541614
vn 0.589328 0.035501 0.807114
vn 0.819839 0.098787 0.564008
vn 0.819839 0.098787 0.564008
vn 0.582483 -0.012359 0.812749
vn 0.821085 0.043335 0.569159
vn 0.819839 0.098787 0.564008
vn 0.985734 0.115268 0.122645
vn 0.981016 0.148911 0.124229
vn -0.819839 0.098787 0.564008
vn -0.582483 -0.012359 0.812749
vn -0.589328 0.035501 0.807113
vn -0.589328 0.035501 0.807113
vn -0.823266 0.169961 0.541614
vn -0.819839 0.098787 0.564008
vn -0.823266 0.169961 0.541614
vn -0.981016 0.148911 0.124229
vn -0.819839 0.098787 0.564008
vn -0.819839 0.098787 0.564008
vn -0.985734 0.115268 0.122645
vn -0.821085 0.043335 0.569159
vn 0.377938 -0.778016 0.50185
vn 0.633583 -0.724536 0.271331
vn 0.329425 -0.91449 0.234921
vn 0.329425 -0.91449 0.234921
vn 0.369419 -0.754319 0.542708
vn 0.377938 -0.778016 0.50185
vn 0.377938 -0.778016 0.50185
vn 0.390112 -0.565859 0.726372
vn 0.392288 -0.487095 0.780288
vn 0.392288 -0.487095 0.780288
vn 0.641026 -0.58967 0.491299
vn 0.377938 -0.778016 0.50185
vn -0.377937 -0.778016 0.50185
vn -0.390112 -0.565859 0.726372
vn -0.369419 -0.754319 0.542708
vn -0.369419 -0.754319 0.542708
vn -0.329425 -0.91449 0.234921
vn -0.377937 -0.778016 0.50185
vn -0.377937 -0.778016 0.50185
vn -0.633583 -0.724536 0.271331
vn -0.641026 -0.58967 0.491299
vn -0.641026 -0.58967 0.491299
vn -0.392288 -0.487095 0.780288
vn -0.377937 -0.778016 0.50185
vn 0.438887 -0.686071 0.580246
vn 0.357169 -0.910683 0.207572
vn 0.472963 -0.857344 0.203143
vn 0.438887 -0.686071 0.580246
vn 0.610261 -0.770589 0.183779
vn 0.568737 -0.589191 0.573926
vn 0.438887 -0.686071 0.580246
vn 0.486423 -0.429635 0.760793
vn 0.4176 -0.526413 0.740608
vn 0.4176 -0.526413 0.740608
vn 0.369419 -0.754319 0.542708
vn 0.438887 -0.686071 0.580246
vn -0.438887 -0.686071 0.580246
vn -0.486423 -0.429635 0.760793
vn -0.568737 -0.589191 0.573926
vn -0.438887 -0.686071 0.580246
vn -0.610261 -0.770589 0.183779
vn -0.472963 -0.857344 0.203143
vn -0.438887 -0.686071 0.580246
vn -0.357169 -0.910683 0.207572
vn -0.369419 -0.754319 0.542708
vn -0.369419 -0.754319 0.542708
vn -0.4176 -0.526413 0.740608
vn -0.438887 -0.686071 0.580246
vn 0.68902 -0.479374 0.543554
vn 0.610261 -0.770589 0.183779
vn 0.748592 -0.646495 0.147154
vn 0.748592 -0.646495 0.147154
vn 0.734714 -0.396977 0.550095
vn 0.68902 -0.479374 0.543554
vn 0.68902 -0.479374 0.543554
vn 0.590273 -0.319547 0.741261
vn 0.571921 -0.35517 0.739433
vn 0.571921 -0.35517 0.739433
vn 0.568737 -0.589191 0.573926
vn 0.68902 -0.479374 0.543554
vn -0.68902 -0.479374 0.543554
vn -0.590273 -0.319547 0.741261
vn -0.734714 -0.396977 0.550095
vn -0.734714 -0.396977 0.550095
vn -0.748592 -0.646495 0.147154
vn -0.68902 -0.479374 0.543554
vn -0.68902 -0.479374 0.543554
vn -0.610261 -0.770589 0.183779
vn -0.568737 -0.589191 0.573926
vn -0.568737 -0.589191 0.573926
vn -0.571921 -0.35517 0.739433
vn -0.68902 -0.479374 0.543554
vn 0.734714 -0.396977 0.550095
vn 0.975007 -0.150514 0.163425
vn 0.736725 -0.302542 0.604735
vn 0.736725 -0.302542 0.604735
vn 0.931062 0.285506 0.227177
vn 0.734351 -0.052405 0.676744
vn 0.734351 -0.052405 0.676744
vn 0.523095 -0.305853 0.795504
vn 0.736725 -0.302542 0.604735
vn 0.736725 -0.302542 0.604735
vn 0.590273 -0.319547 0.741261
vn 0.734714 -0.396977 0.550095
vn -0.523095 -0.305853 0.795504
vn -0.734351 -0.052405 0.676744
vn -0.736725 -0.302542 0.604735
vn -0.736725 -0.302542 0.604735
vn -0.931062 0.285506 0.227177
vn -0.975007 -0.150514 0.163425
vn -0.975007 -0.150514 0.163425
vn -0.734714 -0.396977 0.550095
vn -0.736725 -0.302542 0.604735
vn -0.736725 -0.302542 0.604735
vn -0.590273 -0.319547 0.741261
vn -0.523095 -0.305853 0.795504
vn 0.734351 -0.052405 0.676744
vn 0.6574 0.715217 0.237257
vn 0.639038 0.319866 0.699512
vn 0.639038 0.319866 0.699512
vn 0.473414 0.864887 0.166879
vn 0.538482 0.55086 0.637644
vn 0.538482 0.55086 0.637644
vn 0.45544 -0.177679 0.872356
vn 0.639038 0.319866 0.699512
vn 0.639038 0.319866 0.699512
vn 0.472215 -0.301442 0.828339
vn 0.734351 -0.052405 0.676744
vn -0.45544 -0.177679 0.872356
vn -0.538482 0.55086 0.637644
vn -0.639038 0.319866 0.699512
vn -0.639038 0.319866 0.699512
vn -0.473414 0.864887 0.166879
vn -0.6574 0.715217 0.237257
vn -0.6574 0.715217 0.237257
vn -0.734351 -0.052405 0.676744
vn -0.639038 0.319866 0.699512
vn -0.639038 0.319866 0.699512
vn -0.472215 -0.301442 0.828339
vn -0.45544 -0.177679 0.872356
vn 0.538482 0.55086 0.637644
vn 0.514555 0.846669 0.13559
vn 0.524672 0.607247 0.596632
vn 0.524672 0.607247 0.596632
vn 0.590342 0.793136 0.14977
vn 0.549832 0.56466 0.615503
vn 0.549832 0.56466 0.615503
vn 0.315594 0.016983 0.948742
vn 0.524672 0.607247 0.596632
vn 0.524672 0.607247 0.596632
vn 0.363705 -0.043714 0.930488
vn 0.538482 0.55086 0.637644
vn -0.315594 0.016983 0.948742
vn -0.549832 0.56466 0.615503
vn -0.524672 0.607247 0.596632
vn -0.524672 0.607247 0.596632
vn -0.590342 0.793136 0.14977
vn -0.514555 0.846669 0.13559
vn -0.514555 0.846669 0.13559
vn -0.538482 0.55086 0.637644
vn -0.524672 0.607247 0.596632
vn -0.524672 0.607247 0.596632
vn -0.363705 -0.043714 0.930488
vn -0.315594 0.016983 0.948742
vn 0.549832 0.56466 0.615503
vn 0.588911 0.790329 0.169006
vn 0.533345 0.55096 0.641862
vn 0.533345 0.55096 0.641862
vn 0.314459 0.932198 0.17923
vn 0.330339 0.640111 0.693639
vn 0.533345 0.55096 0.641862
vn 0.258352 0.102773 0.960569
vn 0.307239 0.054785 0.950054
vn 0.307239 0.054785 0.950054
vn 0.549832 0.56466 0.615503
vn 0.533345 0.55096 0.641862
vn -0.533345 0.55096 0.641862
vn -0.258352 0.102773 0.960569
vn -0.330339 0.640111 0.693639
vn -0.533345 0.55096 0.641862
vn -0.314459 0.932198 0.17923
vn -0.588911 0.790329 0.169006
vn -0.588911 0.790329 0.169006
vn -0.549832 0.56466 0.615503
vn -0.533345 0.55096 0.641862
vn -0.549832 0.56466 0.615503
vn -0.307239 0.054785 0.950054
vn -0.533345 0.55096 0.641862
vn 0.330339 0.640111 0.693639
vn -0.204963 0.960946 0.185937
vn -0.073746 0.669183 0.73943
vn -0.073746 0.669183 0.73943
vn -0.670451 0.724 0.162235
vn -0.466988 0.516006 0.718094
vn -0.466988 0.516006 0.718094
vn 0.106435 0.122761 0.986712
vn -0.073746 0.669183 0.73943
vn 0.106435 0.122761 0.986712
vn 0.330339 0.640111 0.693639
vn -0.073746 0.669183 0.73943
vn -0.106435 0.122761 0.986712
vn 0.466988 0.516006 0.718094
vn 0.073746 0.669183 0.73943
vn 0.073746 0.669183 0.73943
vn 0.670451 0.724 0.162235
vn 0.204963 0.960946 0.185937
vn 0.204963 0.960946 0.185937
vn -0.330339 0.640111 0.693639
vn 0.073746 0.669183 0.73943
vn -0.330339 0.640111 0.693639
vn -0.106435 0.122761 0.986712
vn 0.073746 0.669183 0.73943
vn -0.466988 0.516006 0.718094
vn -0.864735 0.490271 0.108941
vn -0.660773 0.377781 0.648583
vn -0.660773 0.377781 0.648583
vn -0.847628 0.52261 0.091679
vn -0.679223 0.411178 0.607939
vn -0.679223 0.411178 0.607939
vn -0.102489 0.022754 0.994474
vn -0.660773 0.377781 0.648583
vn -0.660773 0.377781 0.648583
vn -0.047093 0.074229 0.996129
vn -0.466988 0.516006 0.718094
vn 0.102489 0.022754 0.994474
vn 0.679223 0.411178 0.607939
vn 0.660773 0.377781 0.648583
vn 0.660773 0.377781 0.648583
vn 0.847628 0.52261 0.091679
vn 0.864735 0.490271 0.108941
vn 0.864735 0.490271 0.108941
vn 0.466988 0.516006 0.718094
vn 0.660773 0.377781 0.648583
vn 0.660773 0.377781 0.648583
vn 0.047093 0.074229 0.996129
vn 0.102489 0.022754 0.994474
vn -0.679223 0.411178 0.607939
vn -0.615002 0.773479 0.153307
vn -0.499146 0.573299 0.649755
vn -0.499146 0.573299 0.649755
vn -0 0.976524 0.215407
vn 0 0.666953 0.7451
vn 0 0.666953 0.7451
vn -0.118032 0.03255 0.992476
vn -0.499146 0.573299 0.649755
vn -0.499146 0.573299 0.649755
vn -0.12745 0.009126 0.991803
vn -0.679223 0.411178 0.607939
vn 0.118032 0.03255 0.992476
vn 0 0.666953 0.7451
vn 0.499146 0.573299 0.649755
vn 0.499146 0.573299 0.649755
vn -0 0.976524 0.215407
vn 0.615002 0.773479 0.153307
vn 0.615002 0.773479 0.153307
vn 0.679223 0.411178 0.607939
vn 0.499146 0.573299 0.649755
vn 0.499146 0.573299 0.649755
vn 0.12745 0.009126 0.991803
vn 0.118032 0.03255 0.992476
vn 0.355238 -0.305913 0.883303
vn 0.319004 -0.241723 0.916409
vn 0.360873 -0.298689 0.883491
vn 0.360873 -0.298689 0.883491
vn 0.282574 -0.249536 0.92622
vn 0.306043 -0.298081 0.904149
vn 0.306043 -0.298081 0.904149
vn -0.102489 0.022754 0.994474
vn 0.360873 -0.298689 0.883491
vn 0.360873 -0.298689 0.883491
vn -0.12745 0.009126 0.991803
vn 0.355238 -0.305913 0.883303
vn 0.102489 0.022754 0.994474
vn -0.306043 -0.298081 0.904149
vn -0.360873 -0.298689 0.883491
vn -0.360873 -0.298689 0.883491
vn -0.282574 -0.249536 0.92622
vn -0.319004 -0.241723 0.916409
vn -0.319004 -0.241723 0.916409
vn -0.355238 -0.305913 0.883303
vn -0.360873 -0.298689 0.883491
vn -0.360873 -0.298689 0.883491
vn 0.12745 0.009126 0.991803
vn 0.102489 0.022754 0.994474
vn 0.306043 -0.298081 0.904149
vn 0.211766 -0.274684 0.937925
vn 0.215225 -0.324758 0.920984
vn 0.211766 -0.274684 0.937925
vn 0.125863 -0.35085 0.927935
vn 0.215225 -0.324758 0.920984
vn 0.215225 -0.324758 0.920984
vn 0.258352 0.102773 0.960569
vn 0.106435 0.122761 0.986712
vn 0.215225 -0.324758 0.920984
vn -0.047093 0.074229 0.996129
vn 0.306043 -0.298081 0.904149
vn -0.215225 -0.324758 0.920984
vn -0.258352 0.102773 0.960569
vn -0.125863 -0.35085 0.927935
vn -0.125863 -0.35085 0.927935
vn -0.211766 -0.274684 0.937925
vn -0.215225 -0.324758 0.920984
vn -0.211766 -0.274684 0.937925
vn -0.306043 -0.298081 0.904149
vn -0.215225 -0.324758 0.920984
vn -0.215225 -0.324758 0.920984
vn 0.047093 0.074229 0.996129
vn -0.106435 0.122761 0.986712
vn 0.106249 -0.218579 0.970018
vn 0.057221 -0.399373 0.915001
vn 0.064934 -0.370939 0.926384
vn 0.064934 -0.370939 0.926384
vn 0.303114 0.036285 0.952263
vn 0.307239 0.054785 0.950054
vn 0.307239 0.054785 0.950054
vn 0.125863 -0.35085 0.927935
vn 0.064934 -0.370939 0.926384
vn 0.064934 -0.370939 0.926384
vn 0.127393 -0.279755 0.951582
vn 0.106249 -0.218579 0.970018
vn -0.125863 -0.35085 0.927935
vn -0.307239 0.054785 0.950054
vn -0.064934 -0.370939 0.926384
vn -0.064934 -0.370939 0.926384
vn -0.303114 0.036285 0.952263
vn -0.057221 -0.399373 0.915001
vn -0.057221 -0.399373 0.915001
vn -0.106249 -0.218579 0.970018
vn -0.064934 -0.370939 0.926384
vn -0.064934 -0.370939 0.926384
vn -0.127393 -0.279755 0.951582
vn -0.125863 -0.35085 0.927935
vn 0.055999 -0.474123 0.878676
vn 0.111562 -0.346676 0.931327
vn 0.048194 -0.477204 0.87747
vn 0.048194 -0.477204 0.87747
vn 0.315594 0.016983 0.948742
vn 0.055999 -0.474123 0.878676
vn 0.315594 0.016983 0.948742
vn 0.057221 -0.399373 0.915001
vn 0.055999 -0.474123 0.878676
vn 0.055999 -0.474123 0.878676
vn 0.184534 -0.165058 0.968867
vn 0.202888 -0.282111 0.937683
vn -0.057221 -0.399373 0.915001
vn -0.315594 0.016983 0.948742
vn -0.055999 -0.474123 0.878676
vn -0.315594 0.016983 0.948742
vn -0.048194 -0.477204 0.87747
vn -0.055999 -0.474123 0.878676
vn -0.055999 -0.474123 0.878676
vn -0.111562 -0.346676 0.931327
vn -0.202888 -0.282111 0.937683
vn -0.055999 -0.474123 0.878676
vn -0.184534 -0.165058 0.968867
vn -0.057221 -0.399373 0.915001
vn 0.174249 -0.27145 0.946548
vn 0.253165 -0.300481 0.919575
vn 0.172849 -0.43457 0.883896
vn 0.172849 -0.43457 0.883896
vn 0.472215 -0.301442 0.828339
vn 0.45544 -0.177679 0.872356
vn 0.172849 -0.43457 0.883896
vn 0.363705 -0.043714 0.930488
vn 0.048194 -0.477204 0.87747
vn 0.048194 -0.477204 0.87747
vn 0.174249 -0.27145 0.946548
vn 0.172849 -0.43457 0.883896
vn -0.172849 -0.43457 0.883896
vn -0.363705 -0.043714 0.930488
vn -0.45544 -0.177679 0.872356
vn -0.172849 -0.43457 0.883896
vn -0.472215 -0.301442 0.828339
vn -0.253165 -0.300481 0.919575
vn -0.253165 -0.300481 0.919575
vn -0.174249 -0.27145 0.946548
vn -0.172849 -0.43457 0.883896
vn -0.174249 -0.27145 0.946548
vn -0.048194 -0.477204 0.87747
vn -0.172849 -0.43457 0.883896
vn 0.382496 -0.133926 0.914199
vn 0.461335 -0.226284 0.857884
vn 0.375156 -0.223833 0.899532
vn 0.375156 -0.223833 0.899532
vn 0.590273 -0.319547 0.741261
vn 0.523095 -0.305853 0.795504
vn 0.523095 -0.305853 0.795504
vn 0.253165 -0.300481 0.919575
vn 0.375156 -0.223833 0.899532
vn 0.375156 -0.223833 0.899532
vn 0.27914 -0.134941 0.950722
vn 0.382496 -0.133926 0.914199
vn -0.253165 -0.300481 0.919575
vn -0.523095 -0.305853 0.795504
vn -0.375156 -0.223833 0.899532
vn -0.375156 -0.223833 0.899532
vn -0.590273 -0.319547 0.741261
vn -0.461335 -0.226284 0.857884
vn -0.461335 -0.226284 0.857884
vn -0.382496 -0.133926 0.914199
vn -0.375156 -0.223833 0.899532
vn -0.375156 -0.223833 0.899532
vn -0.27914 -0.134941 0.950722
vn -0.253165 -0.300481 0.919575
vn 0.462579 -0.281674 0.840643
vn 0.411858 -0.326667 0.850683
vn 0.453635 -0.265177 0.850821
vn 0.453635 -0.265177 0.850821
vn 0.486423 -0.429635 0.760793
vn 0.571921 -0.35517 0.739433
vn 0.571921 -0.35517 0.739433
vn 0.461335 -0.226284 0.857884
vn 0.453635 -0.265177 0.850821
vn 0.453635 -0.265177 0.850821
vn 0.44885 -0.194104 0.872271
vn 0.462579 -0.281674 0.840643
vn -0.461335 -0.226284 0.857884
vn -0.571921 -0.35517 0.739433
vn -0.453635 -0.265177 0.850821
vn -0.453635 -0.265177 0.850821
vn -0.486423 -0.429635 0.760793
vn -0.411858 -0.326667 0.850683
vn -0.411858 -0.326667 0.850683
vn -0.462579 -0.281674 0.840643
vn -0.453635 -0.265177 0.850821
vn -0.453635 -0.265177 0.850821
vn -0.44885 -0.194104 0.872271
vn -0.461335 -0.226284 0.857884
vn 0.375083 -0.434354 0.818932
vn 0.354182 -0.346151 0.868755
vn 0.385093 -0.392413 0.835294
vn 0.385093 -0.392413 0.835294
vn 0.390112 -0.565859 0.726372
vn 0.4176 -0.526413 0.740608
vn 0.4176 -0.526413 0.740608
vn 0.411858 -0.326667 0.850683
vn 0.385093 -0.392413 0.835294
vn 0.385093 -0.392413 0.835294
vn 0.439057 -0.368131 0.819578
vn 0.375083 -0.434354 0.818932
vn -0.411858 -0.326667 0.850683
vn -0.4176 -0.526413 0.740608
vn -0.385093 -0.392413 0.835294
vn -0.385093 -0.392413 0.835294
vn -0.390112 -0.565859 0.726372
vn -0.354182 -0.346151 0.868755
vn -0.354182 -0.346151 0.868755
vn -0.375083 -0.434354 0.818932
vn -0.385093 -0.392413 0.835294
vn -0.385093 -0.392413 0.835294
vn -0.439057 -0.368131 0.819578
vn -0.411858 -0.326667 0.850683
vn 0.284808 -0.16104 0.944961
vn 0.098453 -0.113604 0.988636
vn 0.179912 0.053864 0.982207
vn 0.179912 0.053864 0.982207
vn 0.392288 -0.487095 0.780288
vn 0.284808 -0.16104 0.944961
vn 0.392288 -0.487095 0.780288
vn 0.354182 -0.346151 0.868755
vn 0.284808 -0.16104 0.944961
vn 0.284808 -0.16104 0.944961
vn 0.273557 -0.386032 0.880991
vn 0.182604 -0.218976 0.958491
vn -0.354182 -0.346151 0.868755
vn -0.392288 -0.487095 0.780288
vn -0.284808 -0.16104 0.944961
vn -0.392288 -0.487095 0.780288
vn -0.179912 0.053864 0.982207
vn -0.284808 -0.16104 0.944961
vn -0.284808 -0.16104 0.944961
vn -0.098453 -0.113604 0.988636
vn -0.182604 -0.218976 0.958491
vn -0.284808 -0.16104 0.944961
vn -0.273557 -0.386032 0.880991
vn -0.354182 -0.346151 0.868755
vn -0.052794 0.125865 0.990642
vn 0.098453 -0.113604 0.988636
vn -0.069086 -0.073645 0.994889
vn -0.069086 -0.073645 0.994889
vn -0.078212 0.015699 0.996813
vn -0.052794 0.125865 0.990642
vn -0.052794 0.125865 0.990642
vn -0 0.049069 0.998795
vn -0.157349 0.077589 0.98449
vn -0.157349 0.077589 0.98449
vn 0.179912 0.053864 0.982207
vn -0.052794 0.125865 0.990642
vn 0.052794 0.125865 0.990642
vn -0 0.049069 0.998795
vn 0.078212 0.015699 0.996813
vn 0.078212 0.015699 0.996813
vn 0.069086 -0.073645 0.994889
vn 0.052794 0.125865 0.990642
vn 0.052794 0.125865 0.990642
vn -0.098453 -0.113604 0.988636
vn -0.179912 0.053864 0.982207
vn -0.179912 0.053864 0.982207
vn 0.157349 0.077589 0.98449
vn 0.052794 0.125865 0.990642
vn 0.248904 -0.200593 0.947528
vn 0.355238 -0.305913 0.883303
vn 0.248743 -0.291357 0.923709
vn 0.248743 -0.291357 0.923709
vn -0.12745 0.009126 0.991803
vn -0.118032 0.03255 0.992476
vn -0.118032 0.03255 0.992476
vn 0.176038 -0.279108 0.943986
vn 0.248743 -0.291357 0.923709
vn 0.248743 -0.291357 0.923709
vn 0.136145 -0.167373 0.976448
vn 0.248904 -0.200593 0.947528
vn -0.176038 -0.279108 0.943986
vn 0.118032 0.03255 0.992476
vn -0.248743 -0.291357 0.923709
vn -0.248743 -0.291357 0.923709
vn 0.12745 0.009126 0.991803
vn -0.355238 -0.305913 0.883303
vn -0.355238 -0.305913 0.883303
vn -0.248904 -0.200593 0.947528
vn -0.248743 -0.291357 0.923709
vn -0.248743 -0.291357 0.923709
vn -0.136145 -0.167373 0.976448
vn -0.176038 -0.279108 0.943986
vn 0.11958 -0.237656 0.963961
vn 0.136145 -0.167373 0.976448
vn 0.176038 -0.279108 0.943986
vn 0.176038 -0.279108 0.943986
vn 0 -0.285324 0.958431
vn 0.11958 -0.237656 0.963961
vn 0.11958 -0.237656 0.963961
vn -0 -0.246475 0.969149
vn 0.038298 -0.204337 0.978151
vn 0.038298 -0.204337 0.978151
vn 0.015889 -0.134035 0.990849
vn 0.11958 -0.237656 0.963961
vn -0.11958 -0.237656 0.963961
vn -0 -0.246475 0.969149
vn 0 -0.285324 0.958431
vn 0 -0.285324 0.958431
vn -0.176038 -0.279108 0.943986
vn -0.11958 -0.237656 0.963961
vn -0.11958 -0.237656 0.963961
vn -0.136145 -0.167373 0.976448
vn -0.015889 -0.134035 0.990849
vn -0.015889 -0.134035 0.990849
vn -0.038298 -0.204337 0.978151
vn -0.11958 -0.237656 0.963961
vn 0 -0.156078 0.987745
vn -0.078212 0.015699 0.996813
vn -0.016827 -0.149314 0.988647
vn -0.016827 -0.149314 0.988647
vn -0.145707 -0.119385 0.982098
vn -0.131057 -0.170415 0.976618
vn -0.131057 -0.170415 0.976618
vn 0.038298 -0.204337 0.978151
vn -0.016827 -0.149314 0.988647
vn -0.016827 -0.149314 0.988647
vn -0 -0.246475 0.969149
vn 0 -0.156078 0.987745
vn -0.038298 -0.204337 0.978151
vn 0.131057 -0.170415 0.976618
vn 0.016827 -0.149314 0.988647
vn 0.016827 -0.149314 0.988647
vn 0.145707 -0.119385 0.982098
vn 0.078212 0.015699 0.996813
vn 0.078212 0.015699 0.996813
vn 0 -0.156078 0.987745
vn 0.016827 -0.149314 0.988647
vn 0.016827 -0.149314 0.988647
vn -0 -0.246475 0.969149
vn -0.038298 -0.204337 0.978151
vn 0.070576 -0.703012 0.707667
vn 0.07269 -0.528048 0.846098
vn 0.025161 -0.546616 0.837006
vn 0.025161 -0.546616 0.837006
vn 0 -0.704507 0.709697
vn 0.070576 -0.703012 0.707667
vn 0.070576 -0.703012 0.707667
vn 0 -0.789348 0.613945
vn 0.09033 -0.788003 0.609009
vn 0.09033 -0.788003 0.609009
vn 0.136875 -0.664273 0.734851
vn 0.070576 -0.703012 0.707667
vn -0.070576 -0.703012 0.707667
vn 0 -0.789348 0.613945
vn 0 -0.704507 0.709697
vn 0 -0.704507 0.709697
vn -0.025161 -0.546616 0.837006
vn -0.070576 -0.703012 0.707667
vn -0.070576 -0.703012 0.707667
vn -0.07269 -0.528048 0.846098
vn -0.136875 -0.664273 0.734851
vn -0.136875 -0.664273 0.734851
vn -0.09033 -0.788003 0.609009
vn -0.070576 -0.703012 0.707667
vn 0.223694 -0.569509 0.790962
vn 0.231591 -0.332235 0.914322
vn 0.153025 -0.452135 0.878725
vn 0.153025 -0.452135 0.878725
vn 0.136875 -0.664273 0.734851
vn 0.223694 -0.569509 0.790962
vn 0.223694 -0.569509 0.790962
vn 0.154973 -0.769642 0.619383
vn 0.250153 -0.701603 0.667216
vn 0.250153 -0.701603 0.667216
vn 0.312022 -0.419791 0.852302
vn 0.223694 -0.569509 0.790962
vn -0.223694 -0.569509 0.790962
vn -0.154973 -0.769642 0.619383
vn -0.136875 -0.664273 0.734851
vn -0.136875 -0.664273 0.734851
vn -0.153025 -0.452135 0.878725
vn -0.223694 -0.569509 0.790962
vn -0.223694 -0.569509 0.790962
vn -0.231591 -0.332235 0.914322
vn -0.312022 -0.419791 0.852302
vn -0.312022 -0.419791 0.852302
vn -0.250153 -0.701603 0.667216
vn -0.223694 -0.569509 0.790962
vn 0.363145 -0.199703 0.91008
vn 0.267283 -0.213584 0.93965
vn 0.35541 -0.282116 0.89112
vn 0.35541 -0.282116 0.89112
vn 0.231591 -0.332235 0.914322
vn 0.312022 -0.419791 0.852302
vn 0.312022 -0.419791 0.852302
vn 0.473415 -0.368613 0.800001
vn 0.35541 -0.282116 0.89112
vn 0.35541 -0.282116 0.89112
vn 0.53286 -0.225632 0.815568
vn 0.363145 -0.199703 0.91008
vn -0.473415 -0.368613 0.800001
vn -0.312022 -0.419791 0.852302
vn -0.35541 -0.282116 0.89112
vn -0.35541 -0.282116 0.89112
vn -0.231591 -0.332235 0.914322
vn -0.267283 -0.213584 0.93965
vn -0.267283 -0.213584 0.93965
vn -0.363145 -0.199703 0.91008
vn -0.35541 -0.282116 0.89112
vn -0.35541 -0.282116 0.89112
vn -0.53286 -0.225632 0.815568
vn -0.473415 -0.368613 0.800001
vn 0.358855 -0.012637 0.933308
vn 0.613236 0.086257 0.785176
vn 0.362835 0.018092 0.931678
vn 0.362835 0.018092 0.931678
vn 0.173825 -0.037029 0.98408
vn 0.358855 -0.012637 0.933308
vn 0.358855 -0.012637 0.933308
vn 0.186808 -0.047078 0.981268
vn 0.369875 -0.043168 0.928078
vn 0.369875 -0.043168 0.928078
vn 0.589328 0.035501 0.807114
vn 0.358855 -0.012637 0.933308
vn -0.358855 -0.012637 0.933308
vn -0.186808 -0.047078 0.981268
vn -0.173825 -0.037029 0.98408
vn -0.173825 -0.037029 0.98408
vn -0.362835 0.018092 0.931678
vn -0.358855 -0.012637 0.933308
vn -0.358855 -0.012637 0.933308
vn -0.613236 0.086257 0.785176
vn -0.589328 0.035501 0.807113
vn -0.589328 0.035501 0.807113
vn -0.369875 -0.043168 0.928078
vn -0.358855 -0.012637 0.933308
vn 0.373113 -0.115192 0.920607
vn 0.199277 -0.114842 0.973191
vn 0.363145 -0.199703 0.91008
vn 0.363145 -0.199703 0.91008
vn 0.570611 -0.102723 0.81477
vn 0.373113 -0.115192 0.920607
vn 0.373113 -0.115192 0.920607
vn 0.582483 -0.012359 0.812749
vn 0.369875 -0.043168 0.928078
vn 0.369875 -0.043168 0.928078
vn 0.206023 -0.062525 0.976548
vn 0.373113 -0.115192 0.920607
vn -0.373113 -0.115192 0.920607
vn -0.582483 -0.012359 0.812749
vn -0.570611 -0.102723 0.81477
vn -0.570611 -0.102723 0.81477
vn -0.363145 -0.199703 0.91008
vn -0.373113 -0.115192 0.920607
vn -0.373113 -0.115192 0.920607
vn -0.199277 -0.114842 0.973191
vn -0.206023 -0.062525 0.976548
vn -0.206023 -0.062525 0.976548
vn -0.369875 -0.043168 0.928078
vn -0.373113 -0.115192 0.920607
vn 0.179426 -0.00609 0.983753
vn 0.139094 -0.283237 0.94891
vn 0.050697 -0.014067 0.998615
vn 0.050697 -0.014067 0.998615
vn 0 -0.285643 0.958336
vn 0 -0.011912 0.999929
vn 0 -0.011912 0.999929
vn 0.050399 -0.014962 0.998617
vn 0.050697 -0.014067 0.998615
vn 0.050697 -0.014067 0.998615
vn 0.170572 -0.00778 0.985315
vn 0.179426 -0.00609 0.983753
vn -0.050399 -0.014962 0.998617
vn 0 -0.011912 0.999929
vn -0.050697 -0.014067 0.998615
vn -0.050697 -0.014067 0.998615
vn 0 -0.285643 0.958336
vn -0.139094 -0.283237 0.94891
vn -0.139094 -0.283237 0.94891
vn -0.179426 -0.00609 0.983752
vn -0.050697 -0.014067 0.998615
vn -0.050697 -0.014067 0.998615
vn -0.170572 -0.00778 0.985315
vn -0.050399 -0.014962 0.998617
vn 0.05116 -0.047162 0.997576
vn 0.173825 -0.037029 0.98408
vn 0.048947 -0.049242 0.997587
vn 0.048947 -0.049242 0.997587
vn 0.170572 -0.00778 0.985315
vn 0.050399 -0.014962 0.998617
vn 0.050399 -0.014962 0.998617
vn -0 -0.052895 0.9986
vn 0.048947 -0.049242 0.997587
vn 0.048947 -0.049242 0.997587
vn 0 -0.048158 0.99884
vn 0.05116 -0.047162 0.997576
vn -0 -0.052895 0.9986
vn -0.050399 -0.014962 0.998617
vn -0.048947 -0.049242 0.997587
vn -0.048947 -0.049242 0.997587
vn -0.170572 -0.00778 0.985315
vn -0.173825 -0.037029 0.98408
vn -0.173825 -0.037029 0.98408
vn -0.05116 -0.047162 0.997576
vn -0.048947 -0.049242 0.997587
vn -0.048947 -0.049242 0.997587
vn 0 -0.048158 0.99884
vn -0 -0.052895 0.9986
vn 0 -0.048047 0.998845
vn 0.053687 -0.181237 0.981973
vn 0.059298 -0.052178 0.996876
vn 0.059298 -0.052178 0.996876
vn 0.199277 -0.114842 0.973191
vn 0.206023 -0.062525 0.976548
vn 0.059298 -0.052178 0.996876
vn 0.186808 -0.047078 0.981268
vn 0.05116 -0.047162 0.997576
vn 0.059298 -0.052178 0.996876
vn 0 -0.048158 0.99884
vn 0 -0.048047 0.998845
vn -0.059298 -0.052178 0.996876
vn -0.186808 -0.047078 0.981268
vn -0.206023 -0.062525 0.976548
vn -0.059298 -0.052178 0.996876
vn -0.199277 -0.114842 0.973191
vn -0.053687 -0.181237 0.981973
vn -0.053687 -0.181237 0.981973
vn 0 -0.048047 0.998845
vn -0.059298 -0.052178 0.996876
vn -0.059298 -0.052178 0.996876
vn 0 -0.048158 0.99884
vn -0.05116 -0.047162 0.997576
vn 0.804509 -0.548742 0.227262
vn 0.83757 -0.16838 0.519735
vn 0.989191 -0.130313 0.067225
vn 0.989191 -0.130313 0.067225
vn 0.75812 -0.582083 0.293996
vn 0.804509 -0.548742 0.227262
vn 0.804509 -0.548742 0.227262
vn 0.507256 -0.743258 0.436186
vn 0.542479 -0.676963 0.497431
vn 0.542479 -0.676963 0.497431
vn 0.665359 -0.330063 0.669594
vn 0.804509 -0.548742 0.227262
vn -0.804509 -0.548742 0.227262
vn -0.507256 -0.743258 0.436186
vn -0.75812 -0.582083 0.293996
vn -0.75812 -0.582083 0.293996
vn -0.989191 -0.130313 0.067225
vn -0.804509 -0.548742 0.227262
vn -0.804509 -0.548742 0.227262
vn -0.83757 -0.16838 0.519735
vn -0.665359 -0.330063 0.669594
vn -0.665359 -0.330063 0.669594
vn -0.542479 -0.676963 0.497431
vn -0.804509 -0.548742 0.227262
vn 0.606674 0.158144 0.779061
vn 0.676235 0.731527 -0.087032
vn 0.954184 0.299025 -0.010843
vn 0.954184 0.299025 -0.010843
vn 0.681084 0.726575 0.090629
vn 0.939631 0.29598 0.171727
vn 0.939631 0.29598 0.171727
vn 0.989191 -0.130313 0.067225
vn 0.954184 0.299025 -0.010843
vn 0.989191 -0.130313 0.067225
vn 0.606674 0.158144 0.779061
vn 0.954184 0.299025 -0.010843
vn -0.989191 -0.130313 0.067225
vn -0.939631 0.29598 0.171727
vn -0.954184 0.299025 -0.010843
vn -0.954184 0.299025 -0.010843
vn -0.681084 0.726575 0.090629
vn -0.676235 0.731527 -0.087032
vn -0.676235 0.731527 -0.087032
vn -0.606674 0.158144 0.779061
vn -0.954184 0.299025 -0.010843
vn -0.606674 0.158144 0.779061
vn -0.989191 -0.130313 0.067225
vn -0.954184 0.299025 -0.010843
vn -0.102334 0.299613 0.948557
vn -0.34543 0.809072 0.47548
vn 0.155087 0.970491 0.18465
vn 0.155087 0.970491 0.18465
vn -0.351244 0.904143 0.243213
vn 0.158717 0.984713 0.071752
vn 0.158717 0.984713 0.071752
vn 0.676235 0.731527 -0.087032
vn 0.155087 0.970491 0.18465
vn 0.155087 0.970491 0.18465
vn 0.176574 0.273879 0.945416
vn -0.102334 0.299613 0.948557
vn -0.676235 0.731527 -0.087032
vn -0.158717 0.984713 0.071752
vn -0.155087 0.970491 0.18465
vn -0.155087 0.970491 0.18465
vn 0.351244 0.904143 0.243213
vn 0.34543 0.809072 0.47548
vn 0.34543 0.809072 0.47548
vn 0.102334 0.299613 0.948557
vn -0.155087 0.970491 0.18465
vn -0.155087 0.970491 0.18465
vn -0.176574 0.273879 0.945416
vn -0.676235 0.731527 -0.087032
vn -0.598291 0.654584 0.462135
vn 0 0.767528 0.641015
vn -0 0.891831 0.452369
vn -0.598291 0.654584 0.462135
vn 0 0.963766 0.266749
vn -0.612062 0.729207 0.306004
vn -0.612062 0.729207 0.306004
vn -0.34543 0.809072 0.47548
vn -0.598291 0.654584 0.462135
vn -0.598291 0.654584 0.462135
vn 0 0.310651 0.950524
vn 0 0.755017 0.655705
vn 0.34543 0.809072 0.47548
vn 0.612062 0.729207 0.306004
vn 0.598291 0.654584 0.462135
vn 0.598291 0.654584 0.462135
vn 0 0.963766 0.266749
vn -0 0.891831 0.452369
vn 0.598291 0.654584 0.462135
vn 0 0.767528 0.641015
vn 0 0.755017 0.655705
vn 0.598291 0.654584 0.462135
vn 0 0.310651 0.950524
vn 0.34543 0.809072 0.47548
vn 0 -0.757759 0.652535
vn 0.139094 -0.283237 0.94891
vn 0.304942 -0.723015 0.619887
vn 0.304942 -0.723015 0.619887
vn 0.343776 -0.296934 0.890869
vn 0.542479 -0.676963 0.497431
vn 0.542479 -0.676963 0.497431
vn 0.320825 -0.798536 0.509324
vn 0.304942 -0.723015 0.619887
vn 0.304942 -0.723015 0.619887
vn 0 -0.85206 0.523444
vn 0 -0.757759 0.652535
vn -0.320826 -0.798536 0.509324
vn -0.542479 -0.676963 0.497431
vn -0.304942 -0.723015 0.619887
vn -0.304942 -0.723015 0.619887
vn -0.343776 -0.296934 0.890869
vn -0.139094 -0.283237 0.94891
vn -0.139094 -0.283237 0.94891
vn 0 -0.757759 0.652535
vn -0.304942 -0.723015 0.619887
vn -0.304942 -0.723015 0.619887
vn 0 -0.85206 0.523444
vn -0.320826 -0.798536 0.509324
vn 0 -0.648627 0.761106
vn 0.320825 -0.798536 0.509324
vn 0.225373 -0.642325 0.732548
vn 0.225373 -0.642325 0.732548
vn 0.507256 -0.743258 0.436186
vn 0.354847 -0.672103 0.649893
vn 0.225373 -0.642325 0.732548
vn 0.212825 -0.577283 0.788321
vn 0.120894 -0.496142 0.859783
vn 0.225373 -0.642325 0.732548
vn 0 -0.454094 0.890954
vn 0 -0.648627 0.761106
vn -0.225373 -0.642325 0.732548
vn -0.212825 -0.577283 0.788321
vn -0.354847 -0.672103 0.649893
vn -0.225373 -0.642325 0.732548
vn -0.507256 -0.743258 0.436186
vn -0.320826 -0.798536 0.509324
vn -0.320826 -0.798536 0.509324
vn 0 -0.648627 0.761106
vn -0.225373 -0.642325 0.732548
vn -0.225373 -0.642325 0.732548
vn 0 -0.454094 0.890954
vn -0.120894 -0.496142 0.859783
vn -0.430606 0.692935 0.578291
vn 0 0.963766 0.266749
vn 0 0.744838 0.667246
vn 0 0.744838 0.667246
vn -0.144984 0.417852 0.896872
vn -0.430606 0.692935 0.578291
vn -0.430606 0.692935 0.578291
vn -0.147417 0.519293 0.841785
vn -0.276458 0.75395 0.595928
vn -0.276458 0.75395 0.595928
vn -0.612062 0.729207 0.306004
vn -0.430606 0.692935 0.578291
vn 0.430606 0.692935 0.578291
vn 0.147417 0.519293 0.841785
vn 0.144984 0.417852 0.896872
vn 0.144984 0.417852 0.896872
vn 0 0.744838 0.667246
vn 0.430606 0.692935 0.578291
vn 0.430606 0.692935 0.578291
vn 0 0.963766 0.266749
vn 0.612062 0.729207 0.306004
vn 0.612062 0.729207 0.306004
vn 0.276458 0.75395 0.595928
vn 0.430606 0.692935 0.578291
vn 0.158717 0.984713 0.071752
vn -0.276458 0.75395 0.595928
vn 0.1451 0.81246 0.564673
vn -0.276458 0.75395 0.595928
vn 0.086821 0.486864 0.869152
vn 0.1451 0.81246 0.564673
vn 0.086821 0.486864 0.869152
vn 0.549621 0.594833 0.586592
vn 0.1451 0.81246 0.564673
vn 0.1451 0.81246 0.564673
vn 0.681084 0.726575 0.090629
vn 0.158717 0.984713 0.071752
vn -0.549621 0.594833 0.586592
vn -0.086821 0.486864 0.869152
vn -0.1451 0.81246 0.564673
vn -0.086821 0.486864 0.869152
vn 0.276458 0.75395 0.595928
vn -0.1451 0.81246 0.564673
vn 0.276458 0.75395 0.595928
vn -0.158717 0.984713 0.071752
vn -0.1451 0.81246 0.564673
vn -0.1451 0.81246 0.564673
vn -0.681084 0.726575 0.090629
vn -0.549621 0.594833 0.586592
vn 0.939631 0.29598 0.171727
vn 0.549621 0.594833 0.586592
vn 0.741152 0.269209 0.614996
vn 0.741152 0.269209 0.614996
vn 0.319301 0.402438 0.857957
vn 0.346632 0.225547 0.91048
vn 0.346632 0.225547 0.91048
vn 0.741243 -0.166796 0.650183
vn 0.741152 0.269209 0.614996
vn 0.741152 0.269209 0.614996
vn 0.965803 -0.151456 0.21044
vn 0.939631 0.29598 0.171727
vn -0.741243 -0.166796 0.650183
vn -0.346632 0.225547 0.91048
vn -0.741152 0.269209 0.614996
vn -0.741152 0.269209 0.614996
vn -0.319301 0.402438 0.857957
vn -0.549621 0.594833 0.586592
vn -0.549621 0.594833 0.586592
vn -0.939631 0.29598 0.171727
vn -0.741152 0.269209 0.614996
vn -0.741152 0.269209 0.614996
vn -0.965803 -0.151456 0.21044
vn -0.741243 -0.166796 0.650183
vn 0.542958 -0.560703 0.625148
vn 0.965803 -0.151456 0.21044
vn 0.741243 -0.166796 0.650183
vn 0.542958 -0.560703 0.625148
vn 0.295261 -0.14333 0.944604
vn 0.21172 -0.467902 0.858046
vn 0.21172 -0.467902 0.858046
vn 0.354847 -0.672103 0.649893
vn 0.542958 -0.560703 0.625148
vn 0.354847 -0.672103 0.649893
vn 0.75812 -0.582083 0.293996
vn 0.542958 -0.560703 0.625148
vn -0.354847 -0.672103 0.649893
vn -0.21172 -0.467902 0.858046
vn -0.542958 -0.560703 0.625148
vn -0.542958 -0.560703 0.625148
vn -0.295261 -0.14333 0.944604
vn -0.741243 -0.166796 0.650183
vn -0.542958 -0.560703 0.625148
vn -0.965803 -0.151456 0.21044
vn -0.75812 -0.582083 0.293996
vn -0.75812 -0.582083 0.293996
vn -0.354847 -0.672103 0.649893
vn -0.542958 -0.560703 0.625148
vn -0.144984 0.417852 0.896872
vn 0.029798 -0.071787 0.996975
vn 0.038861 0.221713 0.974337
vn 0.038861 0.221713 0.974337
vn 0.295261 -0.14333 0.944604
vn 0.346632 0.225547 0.91048
vn 0.038861 0.221713 0.974337
vn 0.319301 0.402438 0.857957
vn 0.086821 0.486864 0.869152
vn 0.038861 0.221713 0.974337
vn -0.147417 0.519293 0.841785
vn -0.144984 0.417852 0.896872
vn -0.038861 0.221713 0.974337
vn -0.319301 0.402438 0.857957
vn -0.346632 0.225547 0.91048
vn -0.038861 0.221713 0.974337
vn -0.295261 -0.14333 0.944604
vn -0.029798 -0.071787 0.996975
vn -0.029798 -0.071787 0.996975
vn 0.144984 0.417852 0.896872
vn -0.038861 0.221713 0.974337
vn -0.038861 0.221713 0.974337
vn 0.147417 0.519293 0.841785
vn -0.086821 0.486864 0.869152
vn 0.056348 -0.349447 0.93526
vn 0 0.140466 0.990085
vn 0 -0.282889 0.959153
vn 0 -0.282889 0.959153
vn 0.120894 -0.496142 0.859783
vn 0.056348 -0.349447 0.93526
vn 0.056348 -0.349447 0.93526
vn 0.212825 -0.577283 0.788321
vn 0.21172 -0.467902 0.858046
vn 0.21172 -0.467902 0.858046
vn 0.029798 -0.071787 0.996975
vn 0.056348 -0.349447 0.93526
vn -0.056348 -0.349447 0.93526
vn -0.212825 -0.577283 0.788321
vn -0.120894 -0.496142 0.859783
vn -0.120894 -0.496142 0.859783
vn 0 -0.282889 0.959153
vn -0.056348 -0.349447 0.93526
vn -0.056348 -0.349447 0.93526
vn 0 0.140466 0.990085
vn -0.029798 -0.071787 0.996975
vn -0.029798 -0.071787 0.996975
vn -0.21172 -0.467902 0.858046
vn -0.056348 -0.349447 0.93526
vn -0.205223 -0.050695 0.977401
vn 0 0.310651 0.950524
vn -0.102334 0.299613 0.948557
vn -0.102334 0.299613 0.948557
vn -0.222275 -0.23013 0.947436
vn -0.205223 -0.050695 0.977401
vn -0.205223 -0.050695 0.977401
vn 0.2121 -0.17029 0.962297
vn -0.157349 0.077589 0.98449
vn -0.157349 0.077589 0.98449
vn 0 0.019341 0.999813
vn -0.205223 -0.050695 0.977401
vn 0.205223 -0.050695 0.977401
vn -0.2121 -0.17029 0.962297
vn 0.222275 -0.23013 0.947436
vn 0.222275 -0.23013 0.947436
vn 0.102334 0.299613 0.948557
vn 0.205223 -0.050695 0.977401
vn 0.205223 -0.050695 0.977401
vn 0 0.310651 0.950524
vn 0 0.019341 0.999813
vn 0 0.019341 0.999813
vn 0.157349 0.077589 0.98449
vn 0.205223 -0.050695 0.977401
vn 0.32578 -0.18905 0.926352
vn 0.176574 0.273879 0.945416
vn 0.606674 0.158144 0.779061
vn 0.32578 -0.18905 0.926352
vn 0.83757 -0.16838 0.519735
vn 0.687809 -0.15696 0.708719
vn 0.687809 -0.15696 0.708719
vn 0.773477 -0.188237 0.605227
vn 0.32578 -0.18905 0.926352
vn 0.32578 -0.18905 0.926352
vn 0.2121 -0.17029 0.962297
vn -0.222275 -0.23013 0.947436
vn -0.773477 -0.188237 0.605227
vn -0.687809 -0.15696 0.708719
vn -0.32578 -0.18905 0.926352
vn -0.32578 -0.18905 0.926352
vn -0.83757 -0.16838 0.519735
vn -0.606674 0.158144 0.779061
vn -0.32578 -0.18905 0.926352
vn -0.176574 0.273879 0.945416
vn 0.222275 -0.23013 0.947436
vn -0.32578 -0.18905 0.926352
vn -0.2121 -0.17029 0.962297
vn -0.773477 -0.188237 0.605227
vn 0.687809 -0.15696 0.708719
vn 0.665359 -0.330063 0.669594
vn 0.649648 -0.08757 0.755175
vn 0.665359 -0.330063 0.669594
vn 0.483551 -0.032743 0.874704
vn 0.649648 -0.08757 0.755175
vn 0.483551 -0.032743 0.874704
vn 0.786623 0.069926 0.613461
vn 0.649648 -0.08757 0.755175
vn 0.649648 -0.08757 0.755175
vn 0.836852 -0.00845 0.547365
vn 0.687809 -0.15696 0.708719
vn -0.786623 0.069926 0.613461
vn -0.483551 -0.032743 0.874704
vn -0.649648 -0.08757 0.755175
vn -0.483551 -0.032743 0.874704
vn -0.665359 -0.330063 0.669594
vn -0.649648 -0.08757 0.755175
vn -0.665359 -0.330063 0.669594
vn -0.687809 -0.15696 0.708719
vn -0.649648 -0.08757 0.755175
vn -0.649648 -0.08757 0.755175
vn -0.836852 -0.00845 0.547365
vn -0.786623 0.069926 0.613461
vn 0.483551 -0.032743 0.874704
vn 0.179426 -0.00609 0.983753
vn 0.388869 0.043084 0.920285
vn 0.388869 0.043084 0.920285
vn 0.170572 -0.00778 0.985315
vn 0.362835 0.018092 0.931678
vn 0.362835 0.018092 0.931678
vn 0.65652 0.136605 0.741836
vn 0.388869 0.043084 0.920285
vn 0.388869 0.043084 0.920285
vn 0.715185 0.138644 0.685046
vn 0.483551 -0.032743 0.874704
vn -0.65652 0.136605 0.741836
vn -0.362835 0.018092 0.931678
vn -0.388869 0.043084 0.920285
vn -0.388869 0.043084 0.920285
vn -0.170572 -0.00778 0.985315
vn -0.179426 -0.00609 0.983752
vn -0.179426 -0.00609 0.983752
vn -0.483551 -0.032743 0.874704
vn -0.388869 0.043084 0.920285
vn -0.388869 0.043084 0.920285
vn -0.715185 0.138644 0.685046
vn -0.65652 0.136605 0.741836
vn 0.8295 0.252683 0.498077
vn 0.966112 0.218488 0.137444
vn 0.938653 0.311376 0.148238
vn 0.938653 0.311376 0.148238
vn 0.85047 0.281716 0.444225
vn 0.8295 0.252683 0.498077
vn 0.85047 0.281716 0.444225
vn 0.65652 0.136605 0.741836
vn 0.8295 0.252683 0.498077
vn 0.8295 0.252683 0.498077
vn 0.613236 0.086257 0.785176
vn 0.823266 0.169961 0.541614
vn -0.65652 0.136605 0.741836
vn -0.85047 0.281716 0.444225
vn -0.8295 0.252683 0.498077
vn -0.85047 0.281716 0.444225
vn -0.938653 0.311376 0.148238
vn -0.8295 0.252683 0.498077
vn -0.8295 0.252683 0.498077
vn -0.966112 0.218488 0.137444
vn -0.823266 0.169961 0.541614
vn -0.8295 0.252683 0.498077
vn -0.613236 0.086257 0.785176
vn -0.65652 0.136605 0.741836
vn 0.85047 0.281716 0.444225
vn 0.938473 0.305697 0.160677
vn 0.884951 0.239125 0.399601
vn 0.884951 0.239125 0.399601
vn 0.936673 0.300732 0.179456
vn 0.913829 0.186427 0.360779
vn 0.913829 0.186427 0.360779
vn 0.786623 0.069926 0.613461
vn 0.884951 0.239125 0.399601
vn 0.884951 0.239125 0.399601
vn 0.715185 0.138644 0.685046
vn 0.85047 0.281716 0.444225
vn -0.786623 0.069926 0.613461
vn -0.913829 0.186427 0.360779
vn -0.884951 0.239125 0.399601
vn -0.884951 0.239125 0.399601
vn -0.936673 0.300732 0.179456
vn -0.938473 0.305697 0.160677
vn -0.938473 0.305697 0.160677
vn -0.85047 0.281716 0.444225
vn -0.884951 0.239125 0.399601
vn -0.884951 0.239125 0.399601
vn -0.715185 0.138644 0.685046
vn -0.786623 0.069926 0.613461
vn 0.904532 -0.162524 0.394218
vn 0.633583 -0.724536 0.271331
vn 0.641026 -0.58967 0.491299
vn 0.641026 -0.58967 0.491299
vn 0.773477 -0.188237 0.605227
vn 0.904532 -0.162524 0.394218
vn 0.904532 -0.162524 0.394218
vn 0.836852 -0.00845 0.547365
vn 0.913829 0.186427 0.360779
vn 0.913829 0.186427 0.360779
vn 0.966738 -0.100272 0.235293
vn 0.904532 -0.162524 0.394218
vn -0.904532 -0.162524 0.394218
vn -0.836852 -0.00845 0.547365
vn -0.773477 -0.188237 0.605227
vn -0.773477 -0.188237 0.605227
vn -0.641026 -0.58967 0.491299
vn -0.904532 -0.162524 0.394218
vn -0.904532 -0.162524 0.394218
vn -0.633583 -0.724536 0.271331
vn -0.966738 -0.100272 0.235293
vn -0.966738 -0.100272 0.235293
vn -0.913829 0.186427 0.360779
vn -0.904532 -0.162524 0.394218
vn -0.033544 -0.363496 0.930992
vn 0.053687 -0.181237 0.981973
vn 0.078439 -0.635249 0.768314
vn 0.078439 -0.635249 0.768314
vn 0 -0.224319 0.974516
vn 0 -0.717346 0.696718
vn 0 -0.717346 0.696718
vn 0.115646 -0.938371 0.325709
vn 0.078439 -0.635249 0.768314
vn 0.078439 -0.635249 0.768314
vn -0.386694 -0.798975 0.460551
vn -0.033544 -0.363496 0.930992
vn -0.115646 -0.938371 0.325709
vn 0 -0.717346 0.696718
vn -0.078439 -0.635249 0.768314
vn -0.078439 -0.635249 0.768314
vn 0 -0.224319 0.974516
vn -0.053687 -0.181237 0.981973
vn -0.053687 -0.181237 0.981973
vn 0.033544 -0.363496 0.930992
vn -0.078439 -0.635249 0.768314
vn -0.078439 -0.635249 0.768314
vn 0.386694 -0.798975 0.460551
vn -0.115646 -0.938371 0.325709
vn -0.262263 -0.158206 0.95194
vn 0.267283 -0.213584 0.93965
vn -0.23371 -0.268463 0.934509
vn -0.23371 -0.268463 0.934509
vn 0.199277 -0.114842 0.973191
vn -0.033544 -0.363496 0.930992
vn -0.23371 -0.268463 0.934509
vn -0.386694 -0.798975 0.460551
vn -0.887334 -0.233791 0.397467
vn -0.887334 -0.233791 0.397467
vn -0.262263 -0.158206 0.95194
vn -0.23371 -0.268463 0.934509
vn 0.233709 -0.268463 0.934509
vn 0.386694 -0.798975 0.460551
vn 0.033544 -0.363496 0.930992
vn 0.233709 -0.268463 0.934509
vn -0.199277 -0.114842 0.973191
vn -0.267283 -0.213584 0.93965
vn -0.267283 -0.213584 0.93965
vn 0.262263 -0.158206 0.95194
vn 0.233709 -0.268463 0.934509
vn 0.262263 -0.158206 0.95194
vn 0.887334 -0.233791 0.397467
vn 0.233709 -0.268463 0.934509
vn -0.273144 -0.088949 0.957852
vn 0.07269 -0.528048 0.846098
vn 0.153025 -0.452135 0.878725
vn -0.273144 -0.088949 0.957852
vn 0.231591 -0.332235 0.914322
vn -0.262263 -0.158206 0.95194
vn -0.273144 -0.088949 0.957852
vn -0.870844 0.193265 0.451973
vn -0.71146 0.48421 0.509279
vn -0.71146 0.48421 0.509279
vn -0.24326 0.028404 0.969545
vn -0.273144 -0.088949 0.957852
vn 0.273144 -0.088949 0.957852
vn 0.870844 0.193265 0.451973
vn 0.262263 -0.158206 0.95194
vn 0.273144 -0.088949 0.957852
vn -0.231591 -0.332235 0.914322
vn -0.153025 -0.452135 0.878725
vn 0.273144 -0.088949 0.957852
vn -0.07269 -0.528048 0.846098
vn 0.24326 0.028404 0.969545
vn 0.24326 0.028404 0.969545
vn 0.71146 0.48421 0.509279
vn 0.273144 -0.088949 0.957852
vn -0.120671 0.122129 0.985151
vn 0 -0.543005 0.83973
vn 0.025161 -0.546616 0.837006
vn 0.025161 -0.546616 0.837006
vn -0.24326 0.028404 0.969545
vn -0.120671 0.122129 0.985151
vn -0.120671 0.122129 0.985151
vn -0.476282 0.703068 0.528063
vn -0.203983 0.813885 0.544042
vn -0.203983 0.813885 0.544042
vn 0 0.152606 0.988287
vn -0.120671 0.122129 0.985151
vn 0.120671 0.122129 0.985151
vn 0.476282 0.703068 0.528063
vn 0.24326 0.028404 0.969545
vn 0.24326 0.028404 0.969545
vn -0.025161 -0.546616 0.837006
vn 0.120671 0.122129 0.985151
vn 0.120671 0.122129 0.985151
vn 0 -0.543005 0.83973
vn 0 0.152606 0.988287
vn 0 0.152606 0.988287
vn 0.203983 0.813885 0.544042
vn 0.120671 0.122129 0.985151
vn 0 0.851115 0.524979
vn -0.203983 0.813885 0.544042
vn -0.193384 0.831873 0.520183
vn -0.203983 0.813885 0.544042
vn -0.447862 0.770983 0.452775
vn -0.193384 0.831873 0.520183
vn -0.447862 0.770983 0.452775
vn -0.120685 0.374799 0.919217
vn -0.193384 0.831873 0.520183
vn -0.193384 0.831873 0.520183
vn 0 0.377235 0.926117
vn 0 0.851115 0.524979
vn 0.120685 0.374799 0.919217
vn 0.447862 0.770983 0.452775
vn 0.193384 0.831873 0.520183
vn 0.447862 0.770983 0.452775
vn 0.203983 0.813885 0.544042
vn 0.193384 0.831873 0.520183
vn 0.203983 0.813885 0.544042
vn 0 0.851115 0.524979
vn 0.193384 0.831873 0.520183
vn 0.193384 0.831873 0.520183
vn 0 0.377235 0.926117
vn 0.120685 0.374799 0.919217
vn -0.713189 0.636064 0.294592
vn -0.476282 0.703068 0.528063
vn -0.71146 0.48421 0.509279
vn -0.71146 0.48421 0.509279
vn -0.919944 0.34044 0.194431
vn -0.713189 0.636064 0.294592
vn -0.713189 0.636064 0.294592
vn -0.884207 0.317278 0.342801
vn -0.556119 0.398232 0.729481
vn -0.713189 0.636064 0.294592
vn -0.28931 0.404312 0.867658
vn -0.447862 0.770983 0.452775
vn 0.713189 0.636064 0.294592
vn 0.884207 0.317278 0.342801
vn 0.919944 0.340441 0.194431
vn 0.919944 0.340441 0.194431
vn 0.71146 0.48421 0.509279
vn 0.713189 0.636064 0.294592
vn 0.713189 0.636064 0.294592
vn 0.476282 0.703068 0.528063
vn 0.447862 0.770983 0.452775
vn 0.713189 0.636064 0.294592
vn 0.28931 0.404312 0.867658
vn 0.556119 0.398232 0.729481
vn -0.95461 -0.23278 0.185834
vn -0.870844 0.193265 0.451973
vn -0.887334 -0.233791 0.397467
vn -0.887334 -0.233791 0.397467
vn -0.449076 -0.844755 0.291067
vn -0.95461 -0.23278 0.185834
vn -0.95461 -0.23278 0.185834
vn -0.275319 -0.730149 0.625366
vn -0.751592 -0.289351 0.592778
vn -0.751592 -0.289351 0.592778
vn -0.919944 0.34044 0.194431
vn -0.95461 -0.23278 0.185834
vn 0.95461 -0.23278 0.185834
vn 0.275319 -0.730149 0.625366
vn 0.449076 -0.844755 0.291067
vn 0.449076 -0.844755 0.291067
vn 0.887334 -0.233791 0.397467
vn 0.95461 -0.23278 0.185834
vn 0.95461 -0.23278 0.185834
vn 0.870844 0.193265 0.451973
vn 0.919944 0.340441 0.194431
vn 0.919944 0.340441 0.194431
vn 0.751592 -0.289351 0.592778
vn 0.95461 -0.23278 0.185834
vn -0.449076 -0.844755 0.291067
vn 0.115646 -0.938371 0.325709
vn 0.115708 -0.942051 0.314883
vn 0.115708 -0.942051 0.314883
vn 0 -0.961092 0.27623
vn -0 -0.946075 0.323948
vn -0 -0.946075 0.323948
vn 0.092032 -0.716403 0.69159
vn 0.115708 -0.942051 0.314883
vn 0.115708 -0.942051 0.314883
vn -0.275319 -0.730149 0.625366
vn -0.449076 -0.844755 0.291067
vn -0.092032 -0.716403 0.69159
vn -0 -0.946075 0.323948
vn -0.115708 -0.942051 0.314883
vn -0.115708 -0.942051 0.314883
vn 0 -0.961092 0.27623
vn -0.115646 -0.938371 0.325709
vn -0.115646 -0.938371 0.325709
vn 0.449076 -0.844755 0.291067
vn -0.115708 -0.942051 0.314883
vn -0.115708 -0.942051 0.314883
vn 0.275319 -0.730149 0.625366
vn -0.092032 -0.716403 0.69159
vn 0.020723 -0.281929 0.959211
vn 0 -0.695688 0.718344
vn 0 -0.267496 0.963559
vn 0 -0.267496 0.963559
vn -0.120685 0.374799 0.919217
vn 0.020723 -0.281929 0.959211
vn 0.020723 -0.281929 0.959211
vn -0.28931 0.404312 0.867658
vn 0.028103 -0.302006 0.952892
vn 0.028103 -0.302006 0.952892
vn 0.092032 -0.716403 0.69159
vn 0.020723 -0.281929 0.959211
vn -0.020723 -0.281929 0.959211
vn 0.28931 0.404312 0.867658
vn 0.120685 0.374799 0.919217
vn 0.120685 0.374799 0.919217
vn 0 -0.267496 0.963559
vn -0.020723 -0.281929 0.959211
vn -0.020723 -0.281929 0.959211
vn 0 -0.695688 0.718344
vn -0.092032 -0.716403 0.69159
vn -0.092032 -0.716403 0.69159
vn -0.028103 -0.302006 0.952892
vn -0.020723 -0.281929 0.959211
vn -0.751592 -0.289351 0.592778
vn 0.028103 -0.302006 0.952892
vn -0.409491 -0.141753 0.901234
vn 0.028103 -0.302006 0.952892
vn -0.556119 0.398232 0.729481
vn -0.409491 -0.141753 0.901234
vn -0.409491 -0.141753 0.901234
vn -0.884207 0.317278 0.342801
vn -0.751592 -0.289351 0.592778
vn 0.409491 -0.141753 0.901234
vn 0.884207 0.317278 0.342801
vn 0.556119 0.398232 0.729481
vn 0.556119 0.398232 0.729481
vn -0.028103 -0.302006 0.952892
vn 0.409491 -0.141753 0.901234
vn -0.028103 -0.302006 0.952892
vn 0.751592 -0.289351 0.592778
vn 0.409491 -0.141753 0.901234
vn -0.264708 -0.180824 0.947223
vn -0.082899 -0.133992 0.987509
vn -0.131057 -0.170415 0.976618
vn -0.131057 -0.170415 0.976618
vn -0.303172 -0.217487 0.927786
vn -0.264708 -0.180824 0.947223
vn -0.264708 -0.180824 0.947223
vn -0.007933 -0.013521 0.999877
vn 0.09985 -0.047401 0.993873
vn 0.09985 -0.047401 0.993873
vn -0.229995 -0.10786 0.967196
vn -0.264708 -0.180824 0.947223
vn 0.264708 -0.180824 0.947223
vn 0.007933 -0.013521 0.999877
vn 0.303172 -0.217487 0.927786
vn 0.303172 -0.217487 0.927786
vn 0.131057 -0.170415 0.976618
vn 0.264708 -0.180824 0.947223
vn 0.264708 -0.180824 0.947223
vn 0.082899 -0.133992 0.987509
vn 0.229995 -0.10786 0.967196
vn 0.229995 -0.10786 0.967196
vn -0.09985 -0.047401 0.993873
vn 0.264708 -0.180824 0.947223
vn -0.07785 -0.037776 0.996249
vn 0.015889 -0.134035 0.990849
vn -0.162348 -0.059112 0.984961
vn -0.162348 -0.059112 0.984961
vn -0.082899 -0.133992 0.987509
vn -0.229995 -0.10786 0.967196
vn -0.162348 -0.059112 0.984961
vn 0.143367 -0.055721 0.9881
vn 0.162718 -0.050983 0.985354
vn 0.162718 -0.050983 0.985354
vn -0.07785 -0.037776 0.996249
vn -0.162348 -0.059112 0.984961
vn 0.162348 -0.059112 0.984961
vn -0.143368 -0.055721 0.9881
vn 0.229995 -0.10786 0.967196
vn 0.162348 -0.059112 0.984961
vn 0.082899 -0.133992 0.987509
vn -0.015889 -0.134035 0.990849
vn -0.015889 -0.134035 0.990849
vn 0.07785 -0.037776 0.996249
vn 0.162348 -0.059112 0.984961
vn 0.07785 -0.037776 0.996249
vn -0.162718 -0.050983 0.985354
vn 0.162348 -0.059112 0.984961
vn 0.007349 -0.037578 0.999267
vn 0.323027 -0.225623 0.919101
vn 0.248904 -0.200593 0.947528
vn 0.007349 -0.037578 0.999267
vn 0.136145 -0.167373 0.976448
vn -0.07785 -0.037776 0.996249
vn 0.007349 -0.037578 0.999267
vn 0.169338 -0.067842 0.98322
vn 0.165668 -0.078564 0.983047
vn 0.007349 -0.037578 0.999267
vn 0.143502 -0.065721 0.987465
vn 0.085617 -0.014511 0.996222
vn -0.007349 -0.037578 0.999267
vn -0.169338 -0.067842 0.98322
vn 0.07785 -0.037776 0.996249
vn -0.007349 -0.037578 0.999267
vn -0.136145 -0.167373 0.976448
vn -0.248904 -0.200593 0.947528
vn -0.007349 -0.037578 0.999267
vn -0.323027 -0.225623 0.919101
vn -0.085617 -0.014511 0.996222
vn -0.007349 -0.037578 0.999267
vn -0.143502 -0.065721 0.987465
vn -0.165668 -0.078564 0.983047
vn -0.253753 -0.313775 0.914962
vn -0.145707 -0.119385 0.982098
vn -0.069086 -0.073645 0.994889
vn -0.253753 -0.313775 0.914962
vn 0.098453 -0.113604 0.988636
vn -0.108256 -0.457501 0.882594
vn -0.108256 -0.457501 0.882594
vn -0.07653 -0.132479 0.988227
vn -0.253753 -0.313775 0.914962
vn -0.07653 -0.132479 0.988227
vn -0.303172 -0.217487 0.927786
vn -0.253753 -0.313775 0.914962
vn 0.07653 -0.132479 0.988227
vn 0.108256 -0.457501 0.882594
vn 0.253753 -0.313775 0.914962
vn 0.253753 -0.313775 0.914962
vn -0.098453 -0.113604 0.988636
vn 0.069086 -0.073645 0.994889
vn 0.253753 -0.313775 0.914962
vn 0.145707 -0.119385 0.982098
vn 0.303172 -0.217487 0.927786
vn 0.303172 -0.217487 0.927786
vn 0.07653 -0.132479 0.988227
vn 0.253753 -0.313775 0.914962
vn 0.037345 -0.524562 0.850553
vn 0.098453 -0.113604 0.988636
vn 0.182604 -0.218976 0.958491
vn 0.182604 -0.218976 0.958491
vn 0.183887 -0.552024 0.813299
vn 0.037345 -0.524562 0.850553
vn 0.037345 -0.524562 0.850553
vn 0.208677 -0.294049 0.932732
vn 0.116007 -0.316683 0.941411
vn 0.116007 -0.316683 0.941411
vn -0.108256 -0.457501 0.882594
vn 0.037345 -0.524562 0.850553
vn -0.037345 -0.524562 0.850553
vn -0.208677 -0.294049 0.932732
vn -0.183887 -0.552024 0.813299
vn -0.183887 -0.552024 0.813299
vn -0.182604 -0.218976 0.958491
vn -0.037345 -0.524562 0.850553
vn -0.037345 -0.524562 0.850553
vn -0.098453 -0.113604 0.988636
vn 0.108256 -0.457501 0.882594
vn 0.108256 -0.457501 0.882594
vn -0.116007 -0.316683 0.941411
vn -0.037345 -0.524562 0.850553
vn 0.363189 -0.530408 0.766003
vn 0.273557 -0.386032 0.880991
vn 0.375083 -0.434354 0.818932
vn 0.375083 -0.434354 0.818932
vn 0.486569 -0.441881 0.753652
vn 0.363189 -0.530408 0.766003
vn 0.363189 -0.530408 0.766003
vn 0.378457 -0.16801 0.910244
vn 0.313491 -0.250424 0.915976
vn 0.313491 -0.250424 0.915976
vn 0.183887 -0.552024 0.813299
vn 0.363189 -0.530408 0.766003
vn -0.363189 -0.530408 0.766003
vn -0.378457 -0.16801 0.910244
vn -0.486569 -0.441881 0.753652
vn -0.486569 -0.441881 0.753652
vn -0.375083 -0.434354 0.818932
vn -0.363189 -0.530408 0.766003
vn -0.363189 -0.530408 0.766003
vn -0.273557 -0.386032 0.880991
vn -0.183887 -0.552024 0.813299
vn -0.183887 -0.552024 0.813299
vn -0.313491 -0.250424 0.915976
vn -0.363189 -0.530408 0.766003
vn 0.511927 -0.317977 0.798011
vn 0.439057 -0.368131 0.819578
vn 0.462579 -0.281674 0.840643
vn 0.462579 -0.281674 0.840643
vn 0.484509 -0.196454 0.852442
vn 0.511927 -0.317977 0.798011
vn 0.511927 -0.317977 0.798011
vn 0.302274 -0.049832 0.951918
vn 0.362692 -0.083476 0.928163
vn 0.362692 -0.083476 0.928163
vn 0.486569 -0.441881 0.753652
vn 0.511927 -0.317977 0.798011
vn -0.511927 -0.317977 0.798011
vn -0.302274 -0.049832 0.951918
vn -0.484509 -0.196454 0.852442
vn -0.484509 -0.196454 0.852442
vn -0.462579 -0.281674 0.840643
vn -0.511927 -0.317977 0.798011
vn -0.511927 -0.317977 0.798011
vn -0.439057 -0.368131 0.819578
vn -0.486569 -0.441881 0.753652
vn -0.486569 -0.441881 0.753652
vn -0.362692 -0.083476 0.928163
vn -0.511927 -0.317977 0.798011
vn 0.460127 -0.106667 0.881422
vn 0.44885 -0.194104 0.872271
vn 0.382496 -0.133926 0.914199
vn 0.382496 -0.133926 0.914199
vn 0.431249 -0.041377 0.901284
vn 0.460127 -0.106667 0.881422
vn 0.460127 -0.106667 0.881422
vn 0.240452 -0.061309 0.968723
vn 0.256617 -0.062193 0.96451
vn 0.256617 -0.062193 0.96451
vn 0.484509 -0.196454 0.852442
vn 0.460127 -0.106667 0.881422
vn -0.460127 -0.106667 0.881422
vn -0.240452 -0.061309 0.968723
vn -0.431249 -0.041377 0.901283
vn -0.431249 -0.041377 0.901283
vn -0.382496 -0.133926 0.914199
vn -0.460127 -0.106667 0.881422
vn -0.460127 -0.106667 0.881422
vn -0.44885 -0.194104 0.872271
vn -0.484509 -0.196454 0.852442
vn -0.484509 -0.196454 0.852442
vn -0.256617 -0.062193 0.96451
vn -0.460127 -0.106667 0.881422
vn 0.383298 -0.028445 0.923187
vn 0.27914 -0.134941 0.950722
vn 0.174249 -0.27145 0.946548
vn 0.383298 -0.028445 0.923187
vn 0.111562 -0.346676 0.931327
vn 0.382347 0.010797 0.923956
vn 0.382347 0.010797 0.923956
vn 0.27665 -0.070454 0.958385
vn 0.383298 -0.028445 0.923187
vn 0.383298 -0.028445 0.923187
vn 0.240452 -0.061309 0.968723
vn 0.431249 -0.041377 0.901284
vn -0.27665 -0.070454 0.958385
vn -0.382347 0.010797 0.923956
vn -0.383298 -0.028445 0.923187
vn -0.383298 -0.028445 0.923187
vn -0.111562 -0.346676 0.931327
vn -0.174249 -0.27145 0.946548
vn -0.383298 -0.028445 0.923187
vn -0.27914 -0.134941 0.950722
vn -0.431249 -0.041377 0.901283
vn -0.383298 -0.028445 0.923187
vn -0.240452 -0.061309 0.968723
vn -0.27665 -0.070454 0.958385
vn 0.382347 0.010797 0.923956
vn 0.202888 -0.282111 0.937683
vn 0.440624 0.217579 0.870925
vn 0.440624 0.217579 0.870925
vn 0.184534 -0.165058 0.968867
vn 0.369363 0.384847 0.845851
vn 0.369363 0.384847 0.845851
vn 0.397557 -0.024308 0.917256
vn 0.440624 0.217579 0.870925
vn 0.440624 0.217579 0.870925
vn 0.333347 -0.101583 0.937316
vn 0.382347 0.010797 0.923956
vn -0.397557 -0.024308 0.917256
vn -0.369363 0.384847 0.845851
vn -0.440624 0.217579 0.870925
vn -0.440624 0.217579 0.870925
vn -0.184534 -0.165058 0.968867
vn -0.202888 -0.282111 0.937683
vn -0.202888 -0.282111 0.937683
vn -0.382347 0.010797 0.923956
vn -0.440624 0.217579 0.870925
vn -0.440624 0.217579 0.870925
vn -0.333347 -0.101583 0.937316
vn -0.397557 -0.024308 0.917256
vn 0.210391 0.293539 0.932508
vn 0.184534 -0.165058 0.968867
vn 0.106249 -0.218579 0.970018
vn 0.106249 -0.218579 0.970018
vn 0.155169 0.123199 0.980176
vn 0.210391 0.293539 0.932508
vn 0.210391 0.293539 0.932508
vn 0.108053 0.163787 0.98056
vn 0.124871 0.217859 0.967959
vn 0.124871 0.217859 0.967959
vn 0.369363 0.384847 0.845851
vn 0.210391 0.293539 0.932508
vn -0.210391 0.293539 0.932508
vn -0.108053 0.163787 0.98056
vn -0.155169 0.123199 0.980176
vn -0.155169 0.123199 0.980176
vn -0.106249 -0.218579 0.970018
vn -0.210391 0.293539 0.932508
vn -0.210391 0.293539 0.932508
vn -0.184534 -0.165058 0.968867
vn -0.369363 0.384847 0.845851
vn -0.369363 0.384847 0.845851
vn -0.124871 0.217859 0.967959
vn -0.210391 0.293539 0.932508
vn 0.176875 0.07378 0.981464
vn 0.127393 -0.279755 0.951582
vn 0.211766 -0.274684 0.937925
vn 0.211766 -0.274684 0.937925
vn 0.151983 0.065581 0.986205
vn 0.176875 0.07378 0.981464
vn 0.176875 0.07378 0.981464
vn 0.123921 0.102093 0.987026
vn 0.159962 0.142656 0.976761
vn 0.159962 0.142656 0.976761
vn 0.155169 0.123199 0.980176
vn 0.176875 0.07378 0.981464
vn -0.176875 0.07378 0.981464
vn -0.123921 0.102093 0.987026
vn -0.151983 0.065581 0.986205
vn -0.151983 0.065581 0.986205
vn -0.211766 -0.274684 0.937925
vn -0.176875 0.07378 0.981464
vn -0.176875 0.07378 0.981464
vn -0.127393 -0.279755 0.951582
vn -0.155169 0.123199 0.980176
vn -0.155169 0.123199 0.980176
vn -0.159962 0.142656 0.976761
vn -0.176875 0.07378 0.981464
vn 0.120986 0.027085 0.992285
vn 0.282574 -0.249536 0.92622
vn 0.319004 -0.241723 0.916409
vn 0.319004 -0.241723 0.916409
vn 0.085617 -0.014511 0.996222
vn 0.120986 0.027085 0.992285
vn 0.120986 0.027085 0.992285
vn 0.143502 -0.065721 0.987465
vn 0.112957 0.002179 0.993597
vn 0.112957 0.002179 0.993597
vn 0.151983 0.065581 0.986205
vn 0.120986 0.027085 0.992285
vn -0.120986 0.027085 0.992285
vn -0.143502 -0.065721 0.987465
vn -0.085617 -0.014511 0.996222
vn -0.085617 -0.014511 0.996222
vn -0.319004 -0.241723 0.916409
vn -0.120986 0.027085 0.992285
vn -0.120986 0.027085 0.992285
vn -0.282574 -0.249536 0.92622
vn -0.151983 0.065581 0.986205
vn -0.151983 0.065581 0.986205
vn -0.112957 0.002179 0.993597
vn -0.120986 0.027085 0.992285
vn 0.2539 -0.272845 0.927949
vn 0.123921 0.102093 0.987026
vn 0.112957 0.002179 0.993597
vn 0.112957 0.002179 0.993597
vn 0.389477 -0.322075 0.862888
vn 0.2539 -0.272845 0.927949
vn 0.389477 -0.322075 0.862888
vn 0.328241 -0.440457 0.835617
vn 0.2539 -0.272845 0.927949
vn 0.2539 -0.272845 0.927949
vn 0.260363 -0.316514 0.912157
vn 0.21021 -0.164528 0.963713
vn -0.328241 -0.440457 0.835617
vn -0.389477 -0.322075 0.862888
vn -0.2539 -0.272845 0.927949
vn -0.389477 -0.322075 0.862888
vn -0.112957 0.002179 0.993597
vn -0.2539 -0.272845 0.927949
vn -0.2539 -0.272845 0.927949
vn -0.123921 0.102093 0.987026
vn -0.21021 -0.164528 0.963713
vn -0.2539 -0.272845 0.927949
vn -0.260363 -0.316514 0.912157
vn -0.328241 -0.440457 0.835617
vn 0.186661 -0.14759 0.971275
vn 0.108053 0.163787 0.98056
vn 0.159962 0.142656 0.976761
vn 0.159962 0.142656 0.976761
vn 0.21021 -0.164528 0.963713
vn 0.186661 -0.14759 0.971275
vn 0.186661 -0.14759 0.971275
vn 0.260363 -0.316514 0.912157
vn 0.200602 -0.293447 0.934691
vn 0.200602 -0.293447 0.934691
vn 0.041992 -0.234648 0.971173
vn 0.186661 -0.14759 0.971275
vn -0.186661 -0.14759 0.971275
vn -0.260363 -0.316514 0.912157
vn -0.21021 -0.164528 0.963713
vn -0.21021 -0.164528 0.963713
vn -0.159962 0.142656 0.976761
vn -0.186661 -0.14759 0.971275
vn -0.186661 -0.14759 0.971275
vn -0.108053 0.163787 0.98056
vn -0.041992 -0.234648 0.971173
vn -0.041992 -0.234648 0.971173
vn -0.200602 -0.293447 0.934691
vn -0.186661 -0.14759 0.971275
vn -0.039789 -0.407362 0.9124
vn 0.312663 0.149065 0.938095
vn 0.124871 0.217859 0.967959
vn 0.124871 0.217859 0.967959
vn 0.041992 -0.234648 0.971173
vn -0.039789 -0.407362 0.9124
vn -0.039789 -0.407362 0.9124
vn 0.034955 -0.441884 0.896391
vn -0.093083 -0.706622 0.701442
vn -0.093083 -0.706622 0.701442
vn 0.030238 -0.591027 0.806085
vn -0.039789 -0.407362 0.9124
vn 0.039789 -0.407362 0.912399
vn -0.034955 -0.441884 0.896391
vn -0.041992 -0.234648 0.971173
vn -0.041992 -0.234648 0.971173
vn -0.124871 0.217859 0.967959
vn 0.039789 -0.407362 0.912399
vn 0.039789 -0.407362 0.912399
vn -0.312663 0.149065 0.938095
vn -0.030238 -0.591027 0.806085
vn -0.030238 -0.591027 0.806085
vn 0.093083 -0.706622 0.701442
vn 0.039789 -0.407362 0.912399
vn 0.014291 -0.548423 0.836079
vn 0.397557 -0.024308 0.917256
vn 0.076188 -0.651792 0.754562
vn 0.076188 -0.651792 0.754562
vn 0.312663 0.149065 0.938095
vn 0.030238 -0.591027 0.806085
vn 0.030238 -0.591027 0.806085
vn -0.088671 -0.816018 0.571185
vn 0.076188 -0.651792 0.754562
vn 0.076188 -0.651792 0.754562
vn -0.118965 -0.668597 0.734047
vn 0.014291 -0.548423 0.836079
vn 0.088671 -0.816018 0.571185
vn -0.030238 -0.591027 0.806085
vn -0.076188 -0.651792 0.754562
vn -0.076188 -0.651792 0.754562
vn -0.312663 0.149065 0.938095
vn -0.397557 -0.024308 0.917256
vn -0.397557 -0.024308 0.917256
vn -0.014291 -0.548423 0.836079
vn -0.076188 -0.651792 0.754562
vn -0.076188 -0.651792 0.754562
vn 0.118965 -0.668597 0.734047
vn 0.088671 -0.816018 0.571185
vn -0.127197 -0.301549 0.944928
vn 0.240452 -0.061309 0.968723
vn 0.27665 -0.070454 0.958385
vn -0.127197 -0.301549 0.944928
vn 0.333347 -0.101583 0.937316
vn 0.014291 -0.548423 0.836079
vn 0.014291 -0.548423 0.836079
vn -0.302155 -0.372134 0.877621
vn -0.127197 -0.301549 0.944928
vn -0.302155 -0.372134 0.877621
vn -0.204061 -0.111617 0.972574
vn -0.127197 -0.301549 0.944928
vn 0.302155 -0.372134 0.877621
vn -0.014291 -0.548423 0.836079
vn 0.127197 -0.301549 0.944928
vn 0.127197 -0.301549 0.944928
vn -0.333347 -0.101583 0.937316
vn -0.27665 -0.070454 0.958385
vn 0.127197 -0.301549 0.944928
vn -0.240452 -0.061309 0.968723
vn 0.204061 -0.111617 0.972574
vn 0.204061 -0.111617 0.972574
vn 0.302155 -0.372134 0.877621
vn 0.127197 -0.301549 0.944928
vn -0.159242 0.028105 0.986839
vn 0.302274 -0.049832 0.951918
vn 0.256617 -0.062193 0.96451
vn 0.256617 -0.062193 0.96451
vn -0.204061 -0.111617 0.972574
vn -0.159242 0.028105 0.986839
vn -0.159242 0.028105 0.986839
vn -0.394322 -0.118883 0.91125
vn -0.332151 0.077716 0.940019
vn -0.332151 0.077716 0.940019
vn -0.047682 0.191567 0.980321
vn -0.159242 0.028105 0.986839
vn 0.159242 0.028105 0.986839
vn 0.394322 -0.118883 0.91125
vn 0.204061 -0.111617 0.972574
vn 0.204061 -0.111617 0.972574
vn -0.256617 -0.062193 0.96451
vn 0.159242 0.028105 0.986839
vn 0.159242 0.028105 0.986839
vn -0.302274 -0.049832 0.951918
vn 0.047682 0.191567 0.980321
vn 0.047682 0.191567 0.980321
vn 0.332151 0.077716 0.940019
vn 0.159242 0.028105 0.986839
vn 0.013438 0.300282 0.953756
vn 0.378457 -0.16801 0.910244
vn 0.362692 -0.083476 0.928163
vn 0.362692 -0.083476 0.928163
vn -0.047682 0.191567 0.980321
vn 0.013438 0.300282 0.953756
vn 0.013438 0.300282 0.953756
vn -0.195458 0.28223 0.939224
vn -0.157259 0.44132 0.883463
vn -0.157259 0.44132 0.883463
vn 0.040327 0.359259 0.932366
vn 0.013438 0.300282 0.953756
vn -0.013438 0.300282 0.953756
vn 0.195458 0.28223 0.939224
vn 0.047682 0.191567 0.980321
vn 0.047682 0.191567 0.980321
vn -0.362692 -0.083476 0.928163
vn -0.013438 0.300282 0.953756
vn -0.013438 0.300282 0.953756
vn -0.378457 -0.16801 0.910244
vn -0.040327 0.359259 0.932366
vn -0.040327 0.359259 0.932366
vn 0.157259 0.44132 0.883463
vn -0.013438 0.300282 0.953756
vn 0.234239 0.333291 0.913263
vn 0.313491 -0.250424 0.915976
vn 0.129754 0.356159 0.925373
vn 0.129754 0.356159 0.925373
vn 0.378457 -0.16801 0.910244
vn 0.040327 0.359259 0.932366
vn 0.040327 0.359259 0.932366
vn -0.000477 0.625156 0.7805
vn 0.129754 0.356159 0.925373
vn 0.129754 0.356159 0.925373
vn 0.190559 0.603146 0.774533
vn 0.234239 0.333291 0.913263
vn 0.000477 0.625156 0.7805
vn -0.040327 0.359259 0.932366
vn -0.129754 0.356159 0.925373
vn -0.129754 0.356159 0.925373
vn -0.378457 -0.16801 0.910244
vn -0.313491 -0.250424 0.915976
vn -0.313491 -0.250424 0.915976
vn -0.234239 0.333291 0.913263
vn -0.129754 0.356159 0.925373
vn -0.129754 0.356159 0.925373
vn -0.190559 0.603146 0.774533
vn 0.000477 0.625156 0.7805
vn 0.333487 0.386989 0.859666
vn 0.116007 -0.316683 0.941411
vn 0.3047 0.353486 0.884424
vn 0.3047 0.353486 0.884424
vn 0.208677 -0.294049 0.932732
vn 0.234239 0.333291 0.913263
vn 0.234239 0.333291 0.913263
vn 0.323358 0.599297 0.732313
vn 0.3047 0.353486 0.884424
vn 0.3047 0.353486 0.884424
vn 0.404042 0.597282 0.692824
vn 0.333487 0.386989 0.859666
vn -0.323358 0.599297 0.732313
vn -0.234239 0.333291 0.913263
vn -0.3047 0.353486 0.884424
vn -0.3047 0.353486 0.884424
vn -0.208677 -0.294049 0.932732
vn -0.116007 -0.316683 0.941411
vn -0.116007 -0.316683 0.941411
vn -0.333487 0.386989 0.859666
vn -0.3047 0.353486 0.884424
vn -0.3047 0.353486 0.884424
vn -0.404042 0.597282 0.692824
vn -0.323358 0.599297 0.732313
vn 0.392067 0.382834 0.836494
vn -0.007933 -0.013521 0.999877
vn -0.07653 -0.132479 0.988227
vn 0.392067 0.382834 0.836494
vn -0.004688 -0.274032 0.961709
vn 0.333487 0.386989 0.859666
vn 0.333487 0.386989 0.859666
vn 0.516577 0.513633 0.685076
vn 0.392067 0.382834 0.836494
vn 0.516577 0.513633 0.685076
vn 0.53679 0.284306 0.794372
vn 0.392067 0.382834 0.836494
vn -0.516577 0.513633 0.685076
vn -0.333487 0.386989 0.859666
vn -0.392067 0.382834 0.836494
vn -0.392067 0.382834 0.836494
vn 0.004688 -0.274032 0.961709
vn 0.07653 -0.132479 0.988227
vn -0.392067 0.382834 0.836494
vn 0.007933 -0.013521 0.999877
vn -0.536789 0.284306 0.794372
vn -0.536789 0.284306 0.794372
vn -0.516577 0.513633 0.685076
vn -0.392067 0.382834 0.836494
vn 0.532953 -0.275512 0.800034
vn 0.143502 -0.065721 0.987465
vn 0.165668 -0.078564 0.983047
vn 0.165668 -0.078564 0.983047
vn 0.631417 -0.18605 0.752793
vn 0.532953 -0.275512 0.800034
vn 0.532953 -0.275512 0.800034
vn 0.772696 -0.240406 0.587492
vn 0.636764 -0.364887 0.679256
vn 0.636764 -0.364887 0.679256
vn 0.389477 -0.322075 0.862888
vn 0.532953 -0.275512 0.800034
vn -0.532953 -0.275512 0.800034
vn -0.772696 -0.240406 0.587492
vn -0.631417 -0.18605 0.752793
vn -0.631417 -0.18605 0.752793
vn -0.165668 -0.078564 0.983047
vn -0.532953 -0.275512 0.800034
vn -0.532953 -0.275512 0.800034
vn -0.143502 -0.065721 0.987465
vn -0.389477 -0.322075 0.862888
vn -0.389477 -0.322075 0.862888
vn -0.636764 -0.364887 0.679256
vn -0.532953 -0.275512 0.800034
vn 0.671111 -0.082361 0.736767
vn 0.169338 -0.067842 0.98322
vn 0.162718 -0.050983 0.985354
vn 0.162718 -0.050983 0.985354
vn 0.676474 0.001774 0.736465
vn 0.671111 -0.082361 0.736767
vn 0.671111 -0.082361 0.736767
vn 0.805868 0.01077 0.591998
vn 0.814403 -0.094454 0.572561
vn 0.814403 -0.094454 0.572561
vn 0.631417 -0.18605 0.752793
vn 0.671111 -0.082361 0.736767
vn -0.671111 -0.082361 0.736767
vn -0.805868 0.01077 0.591998
vn -0.676474 0.001774 0.736465
vn -0.676474 0.001774 0.736465
vn -0.162718 -0.050983 0.985354
vn -0.671111 -0.082361 0.736767
vn -0.671111 -0.082361 0.736767
vn -0.169338 -0.067842 0.98322
vn -0.631417 -0.18605 0.752793
vn -0.631417 -0.18605 0.752793
vn -0.814403 -0.094454 0.572561
vn -0.671111 -0.082361 0.736767
vn 0.647145 0.118264 0.753138
vn 0.143367 -0.055721 0.9881
vn 0.09985 -0.047401 0.993873
vn 0.09985 -0.047401 0.993873
vn 0.53679 0.284306 0.794372
vn 0.647145 0.118264 0.753138
vn 0.647145 0.118264 0.753138
vn 0.677176 0.332091 0.656619
vn 0.775816 0.140067 0.615216
vn 0.775816 0.140067 0.615216
vn 0.676474 0.001774 0.736465
vn 0.647145 0.118264 0.753138
vn -0.647145 0.118264 0.753138
vn -0.677176 0.332091 0.656619
vn -0.536789 0.284306 0.794372
vn -0.536789 0.284306 0.794372
vn -0.09985 -0.047401 0.993873
vn -0.647145 0.118264 0.753138
vn -0.647145 0.118264 0.753138
vn -0.143368 -0.055721 0.9881
vn -0.676474 0.001774 0.736465
vn -0.676474 0.001774 0.736465
vn -0.775816 0.140067 0.615216
vn -0.647145 0.118264 0.753138
vn -0.544251 0.838581 -0.023921
vn -0 0.976524 0.215407
vn -0.615002 0.773479 0.153307
vn -0.615002 0.773479 0.153307
vn -0.759861 0.595887 -0.259865
vn -0.544251 0.838581 -0.023921
vn -0.759861 0.595887 -0.259865
vn -0.366052 0.861783 0.351192
vn -0.544251 0.838581 -0.023921
vn -0.544251 0.838581 -0.023921
vn -0 0.881179 0.472783
vn 0 0.998433 0.055959
vn 0.366052 0.861783 0.351192
vn 0.759862 0.595887 -0.259865
vn 0.544251 0.838581 -0.023921
vn 0.759862 0.595887 -0.259865
vn 0.615002 0.773479 0.153307
vn 0.544251 0.838581 -0.023921
vn 0.544251 0.838581 -0.023921
vn -0 0.976524 0.215407
vn 0 0.998433 0.055959
vn 0.544251 0.838581 -0.023921
vn -0 0.881179 0.472783
vn 0.366052 0.861783 0.351192
vn -0.788825 0.473845 -0.39144
vn -0.847628 0.52261 0.091679
vn -0.864735 0.490271 0.108941
vn -0.864735 0.490271 0.108941
vn -0.640433 0.647787 -0.412574
vn -0.788825 0.473845 -0.39144
vn -0.788825 0.473845 -0.39144
vn -0.4984 0.453285 -0.739006
vn -0.486623 0.396356 -0.778524
vn -0.788825 0.473845 -0.39144
vn -0.452783 0.889566 -0.060503
vn -0.759861 0.595887 -0.259865
vn 0.788825 0.473845 -0.39144
vn 0.4984 0.453285 -0.739006
vn 0.640433 0.647787 -0.412574
vn 0.640433 0.647787 -0.412574
vn 0.864735 0.490271 0.108941
vn 0.788825 0.473845 -0.39144
vn 0.788825 0.473845 -0.39144
vn 0.847628 0.52261 0.091679
vn 0.759862 0.595887 -0.259865
vn 0.788825 0.473845 -0.39144
vn 0.452783 0.889566 -0.060503
vn 0.486623 0.396356 -0.778524
vn -0.640433 0.647787 -0.412574
vn -0.204963 0.960946 0.185937
vn -0.24604 0.880718 -0.404722
vn -0.24604 0.880718 -0.404722
vn 0.314459 0.932198 0.17923
vn 0.235026 0.888774 -0.393502
vn 0.235026 0.888774 -0.393502
vn -0.226699 0.534953 -0.8139
vn -0.24604 0.880718 -0.404722
vn -0.24604 0.880718 -0.404722
vn -0.4984 0.453285 -0.739006
vn -0.640433 0.647787 -0.412574
vn 0.226699 0.534953 -0.8139
vn -0.235026 0.888774 -0.393502
vn 0.24604 0.880718 -0.404722
vn 0.24604 0.880718 -0.404722
vn -0.314459 0.932198 0.17923
vn 0.204963 0.960946 0.185937
vn 0.204963 0.960946 0.185937
vn 0.640433 0.647787 -0.412574
vn 0.24604 0.880718 -0.404722
vn 0.24604 0.880718 -0.404722
vn 0.4984 0.453285 -0.739006
vn 0.226699 0.534953 -0.8139
vn 0.235026 0.888774 -0.393502
vn 0.588911 0.790329 0.169006
vn 0.468922 0.793708 -0.387479
vn 0.468922 0.793708 -0.387479
vn 0.590342 0.793136 0.14977
vn 0.446856 0.821756 -0.353605
vn 0.446856 0.821756 -0.353605
vn 0.109736 0.56523 -0.817602
vn 0.468922 0.793708 -0.387479
vn 0.468922 0.793708 -0.387479
vn 0.089345 0.621933 -0.777957
vn 0.235026 0.888774 -0.393502
vn -0.109736 0.56523 -0.817602
vn -0.446856 0.821756 -0.353605
vn -0.468922 0.793708 -0.387479
vn -0.468922 0.793708 -0.387479
vn -0.590342 0.793136 0.14977
vn -0.588911 0.790329 0.169006
vn -0.588911 0.790329 0.169006
vn -0.235026 0.888774 -0.393502
vn -0.468922 0.793708 -0.387479
vn -0.468922 0.793708 -0.387479
vn -0.089345 0.621933 -0.777957
vn -0.109736 0.56523 -0.817602
vn 0.446856 0.821756 -0.353605
vn 0.514555 0.846669 0.13559
vn 0.389684 0.894782 -0.217973
vn 0.389684 0.894782 -0.217973
vn 0.473414 0.864887 0.166879
vn 0.374273 0.910814 -0.174178
vn 0.374273 0.910814 -0.174178
vn 0.298128 0.923112 -0.242867
vn 0.389684 0.894782 -0.217973
vn 0.389684 0.894782 -0.217973
vn 0.148844 0.830164 -0.537283
vn 0.446856 0.821756 -0.353605
vn -0.298128 0.923112 -0.242867
vn -0.374273 0.910814 -0.174178
vn -0.389684 0.894782 -0.217973
vn -0.389684 0.894782 -0.217973
vn -0.473414 0.864887 0.166879
vn -0.514555 0.846669 0.13559
vn -0.514555 0.846669 0.13559
vn -0.446856 0.821756 -0.353605
vn -0.389684 0.894782 -0.217973
vn -0.389684 0.894782 -0.217973
vn -0.148844 0.830164 -0.537283
vn -0.298128 0.923112 -0.242867
vn 0.374273 0.910814 -0.174178
vn 0.6574 0.715217 0.237257
vn 0.528612 0.825952 -0.195889
vn 0.528612 0.825952 -0.195889
vn 0.931062 0.285506 0.227177
vn 0.851541 0.458673 -0.253963
vn 0.851541 0.458673 -0.253963
vn 0.502497 0.825626 -0.256589
vn 0.528612 0.825952 -0.195889
vn 0.528612 0.825952 -0.195889
vn 0.3603 0.910472 -0.20304
vn 0.374273 0.910814 -0.174178
vn -0.502497 0.825626 -0.256589
vn -0.851541 0.458673 -0.253963
vn -0.528612 0.825952 -0.195889
vn -0.528612 0.825952 -0.195889
vn -0.931062 0.285506 0.227177
vn -0.6574 0.715217 0.237257
vn -0.6574 0.715217 0.237257
vn -0.374273 0.910814 -0.174178
vn -0.528612 0.825952 -0.195889
vn -0.528612 0.825952 -0.195889
vn -0.3603 0.910472 -0.20304
vn -0.502497 0.825626 -0.256589
vn 0.851541 0.458673 -0.253963
vn 0.975007 -0.150514 0.163425
vn 0.969522 0.001214 -0.245
vn 0.969522 0.001214 -0.245
vn 0.894787 -0.428836 0.124319
vn 0.901153 -0.394004 -0.180788
vn 0.901153 -0.394004 -0.180788
vn 0.977728 0.066901 -0.198926
vn 0.969522 0.001214 -0.245
vn 0.969522 0.001214 -0.245
vn 0.801704 0.504913 -0.319896
vn 0.851541 0.458673 -0.253963
vn -0.977728 0.066901 -0.198926
vn -0.901153 -0.394004 -0.180788
vn -0.969522 0.001214 -0.245
vn -0.969522 0.001214 -0.245
vn -0.894787 -0.428836 0.124319
vn -0.975007 -0.150514 0.163425
vn -0.975007 -0.150514 0.163425
vn -0.851541 0.458673 -0.253963
vn -0.969522 0.001214 -0.245
vn -0.969522 0.001214 -0.245
vn -0.801704 0.504913 -0.319896
vn -0.977728 0.066901 -0.198926
vn 0.901153 -0.394004 -0.180788
vn 0.748592 -0.646495 0.147154
vn 0.715454 -0.687401 -0.124919
vn 0.748592 -0.646495 0.147154
vn 0.576617 -0.810597 -0.102201
vn 0.715454 -0.687401 -0.124919
vn 0.715454 -0.687401 -0.124919
vn 0.613572 -0.787595 0.056774
vn 0.767456 -0.640439 0.029132
vn 0.767456 -0.640439 0.029132
vn 0.901153 -0.394004 -0.180788
vn 0.715454 -0.687401 -0.124919
vn -0.715454 -0.687401 -0.124919
vn -0.613572 -0.787595 0.056774
vn -0.576617 -0.810597 -0.102201
vn -0.576617 -0.810597 -0.102201
vn -0.748592 -0.646495 0.147154
vn -0.715454 -0.687401 -0.124919
vn -0.748592 -0.646495 0.147154
vn -0.901153 -0.394004 -0.180788
vn -0.715454 -0.687401 -0.124919
vn -0.901153 -0.394004 -0.180788
vn -0.767456 -0.640439 0.029132
vn -0.715454 -0.687401 -0.124919
vn 0.460827 -0.881614 -0.101955
vn 0.610261 -0.770589 0.183779
vn 0.472963 -0.857344 0.203143
vn 0.472963 -0.857344 0.203143
vn 0.351734 -0.931001 -0.097574
vn 0.460827 -0.881614 -0.101955
vn 0.460827 -0.881614 -0.101955
vn 0.425591 -0.902583 0.064939
vn 0.496859 -0.866427 0.049348
vn 0.496859 -0.866427 0.049348
vn 0.576617 -0.810597 -0.102201
vn 0.460827 -0.881614 -0.101955
vn -0.460827 -0.881614 -0.101955
vn -0.425591 -0.902583 0.064939
vn -0.351734 -0.931001 -0.097574
vn -0.351734 -0.931001 -0.097574
vn -0.472963 -0.857344 0.203143
vn -0.460827 -0.881614 -0.101955
vn -0.460827 -0.881614 -0.101955
vn -0.610261 -0.770589 0.183779
vn -0.576617 -0.810597 -0.102201
vn -0.576617 -0.810597 -0.102201
vn -0.496859 -0.866427 0.049348
vn -0.460827 -0.881614 -0.101955
vn 0.210427 -0.258207 -0.942894
vn 0 -0.497657 -0.867374
vn 0.229802 -0.545248 -0.806161
vn 0.229802 -0.545248 -0.806161
vn 0 -0.780192 -0.62554
vn 0.277152 -0.794114 -0.540897
vn 0.277152 -0.794114 -0.540897
vn 0.480722 -0.50964 -0.713563
vn 0.229802 -0.545248 -0.806161
vn 0.229802 -0.545248 -0.806161
vn 0.326299 -0.251406 -0.911221
vn 0.210427 -0.258207 -0.942894
vn -0.480722 -0.50964 -0.713563
vn -0.277152 -0.794114 -0.540897
vn -0.229802 -0.545248 -0.806161
vn -0.229802 -0.545248 -0.806161
vn 0 -0.780192 -0.62554
vn 0 -0.497657 -0.867374
vn 0 -0.497657 -0.867374
vn -0.210427 -0.258207 -0.942894
vn -0.229802 -0.545248 -0.806161
vn -0.229802 -0.545248 -0.806161
vn -0.326299 -0.251406 -0.911221
vn -0.480722 -0.50964 -0.713563
vn 0.13277 -0.246139 -0.960098
vn 0 -0.155655 -0.987811
vn 0.181315 -0.13721 -0.973806
vn 0.181315 -0.13721 -0.973806
vn 0 -0.234646 -0.972081
vn 0.210427 -0.258207 -0.942894
vn 0.210427 -0.258207 -0.942894
vn 0.220162 -0.099005 -0.970426
vn 0.181315 -0.13721 -0.973806
vn 0.181315 -0.13721 -0.973806
vn 0.144253 -0.165516 -0.9756
vn 0.13277 -0.246139 -0.960098
vn -0.220162 -0.099005 -0.970426
vn -0.210427 -0.258207 -0.942894
vn -0.181315 -0.13721 -0.973806
vn -0.181315 -0.13721 -0.973806
vn 0 -0.234646 -0.972081
vn 0 -0.155655 -0.987811
vn 0 -0.155655 -0.987811
vn -0.13277 -0.246139 -0.960098
vn -0.181315 -0.13721 -0.973806
vn -0.181315 -0.13721 -0.973806
vn -0.144253 -0.165516 -0.9756
vn -0.220162 -0.099005 -0.970426
vn 0.049111 -0.761173 -0.646687
vn 0 -0.514217 -0.85766
vn 0.070335 -0.468131 -0.880855
vn 0.070335 -0.468131 -0.880855
vn 0 -0.289792 -0.95709
vn 0.13277 -0.246139 -0.960098
vn 0.13277 -0.246139 -0.960098
vn 0.058246 -0.373511 -0.925795
vn 0.070335 -0.468131 -0.880855
vn 0.070335 -0.468131 -0.880855
vn 0.039155 -0.700465 -0.712612
vn 0.049111 -0.761173 -0.646687
vn -0.058246 -0.373511 -0.925795
vn -0.13277 -0.246139 -0.960098
vn -0.070335 -0.468131 -0.880855
vn -0.070335 -0.468131 -0.880855
vn 0 -0.289792 -0.95709
vn 0 -0.514217 -0.85766
vn 0 -0.514217 -0.85766
vn -0.049111 -0.761173 -0.646687
vn -0.070335 -0.468131 -0.880855
vn -0.070335 -0.468131 -0.880855
vn -0.039155 -0.700465 -0.712612
vn -0.058246 -0.373511 -0.925795
vn 0.075823 -0.968183 -0.23848
vn 0.149131 -0.98316 0.105621
vn 0.09527 -0.985059 0.143463
vn 0.09527 -0.985059 0.143463
vn 0 -0.978912 -0.204283
vn 0.075823 -0.968183 -0.23848
vn 0.075823 -0.968183 -0.23848
vn 0 -0.791704 -0.610906
vn 0.049111 -0.761173 -0.646687
vn 0.049111 -0.761173 -0.646687
vn 0.100899 -0.949996 -0.295511
vn 0.075823 -0.968183 -0.23848
vn -0.075823 -0.968183 -0.23848
vn 0 -0.791704 -0.610906
vn 0 -0.978912 -0.204283
vn 0 -0.978912 -0.204283
vn -0.09527 -0.985059 0.143463
vn -0.075823 -0.968183 -0.23848
vn -0.075823 -0.968183 -0.23848
vn -0.149131 -0.98316 0.105621
vn -0.100899 -0.949996 -0.295511
vn -0.100899 -0.949996 -0.295511
vn -0.049111 -0.761173 -0.646687
vn -0.075823 -0.968183 -0.23848
vn 0.201 -0.919335 -0.338263
vn 0.563848 -0.815894 0.128035
vn 0.253802 -0.961538 0.105023
vn 0.253802 -0.961538 0.105023
vn 0.100899 -0.949996 -0.295511
vn 0.201 -0.919335 -0.338263
vn 0.201 -0.919335 -0.338263
vn 0.039155 -0.700465 -0.712612
vn 0.143148 -0.603316 -0.78455
vn 0.143148 -0.603316 -0.78455
vn 0.616192 -0.65624 -0.435495
vn 0.201 -0.919335 -0.338263
vn -0.201 -0.919335 -0.338263
vn -0.039155 -0.700465 -0.712612
vn -0.100899 -0.949996 -0.295511
vn -0.100899 -0.949996 -0.295511
vn -0.253802 -0.961538 0.105023
vn -0.201 -0.919335 -0.338263
vn -0.201 -0.919335 -0.338263
vn -0.563848 -0.815894 0.128035
vn -0.616192 -0.65624 -0.435495
vn -0.616192 -0.65624 -0.435495
vn -0.143148 -0.603316 -0.784549
vn -0.201 -0.919335 -0.338263
vn 0.888468 -0.1786 -0.422761
vn 0.98664 -0.080561 0.141604
vn 0.898209 -0.414529 0.14624
vn 0.898209 -0.414529 0.14624
vn 0.616192 -0.65624 -0.435495
vn 0.888468 -0.1786 -0.422761
vn 0.888468 -0.1786 -0.422761
vn 0.424442 -0.422754 -0.800705
vn 0.53979 -0.134099 -0.83105
vn 0.53979 -0.134099 -0.83105
vn 0.928579 0.089544 -0.360172
vn 0.888468 -0.1786 -0.422761
vn -0.888468 -0.1786 -0.422761
vn -0.424442 -0.422754 -0.800705
vn -0.616192 -0.65624 -0.435495
vn -0.616192 -0.65624 -0.435495
vn -0.898209 -0.414529 0.14624
vn -0.888468 -0.1786 -0.422761
vn -0.888468 -0.1786 -0.422761
vn -0.98664 -0.080561 0.141604
vn -0.928579 0.089544 -0.360171
vn -0.928579 0.089544 -0.360171
vn -0.53979 -0.134099 -0.83105
vn -0.888468 -0.1786 -0.422761
vn 0.927906 0.142842 -0.344364
vn 0.985734 0.115268 0.122645
vn 0.991085 0.057859 0.120014
vn 0.991085 0.057859 0.120014
vn 0.928579 0.089544 -0.360172
vn 0.927906 0.142842 -0.344364
vn 0.927906 0.142842 -0.344364
vn 0.604914 0.057605 -0.794204
vn 0.659 0.105856 -0.744657
vn 0.659 0.105856 -0.744657
vn 0.931316 0.148282 -0.332659
vn 0.927906 0.142842 -0.344364
vn -0.927906 0.142842 -0.344363
vn -0.604914 0.057605 -0.794204
vn -0.928579 0.089544 -0.360171
vn -0.928579 0.089544 -0.360171
vn -0.991085 0.057859 0.120014
vn -0.927906 0.142842 -0.344363
vn -0.927906 0.142842 -0.344363
vn -0.985734 0.115268 0.122645
vn -0.931317 0.148282 -0.332659
vn -0.931317 0.148282 -0.332659
vn -0.659 0.105856 -0.744657
vn -0.927906 0.142842 -0.344363
vn 0.659 0.105856 -0.744657
vn 0.24495 -0.060898 -0.967621
vn 0.344276 -0.011826 -0.938794
vn 0.24495 -0.060898 -0.967621
vn 0.220162 -0.099005 -0.970426
vn 0.344276 -0.011826 -0.938794
vn 0.344276 -0.011826 -0.938794
vn 0.326299 -0.251406 -0.911221
vn 0.528644 -0.11212 -0.841407
vn 0.344276 -0.011826 -0.938794
vn 0.722369 0.085262 -0.686231
vn 0.659 0.105856 -0.744657
vn -0.344276 -0.011826 -0.938794
vn -0.326299 -0.251406 -0.911221
vn -0.220162 -0.099005 -0.970426
vn -0.220162 -0.099005 -0.970426
vn -0.24495 -0.060898 -0.967621
vn -0.344276 -0.011826 -0.938794
vn -0.24495 -0.060898 -0.967621
vn -0.659 0.105856 -0.744657
vn -0.344276 -0.011826 -0.938794
vn -0.344276 -0.011826 -0.938794
vn -0.722369 0.085262 -0.686231
vn -0.528644 -0.11212 -0.841407
vn 0.140458 -0.242192 -0.960007
vn 0.604914 0.057605 -0.794204
vn 0.53979 -0.134099 -0.83105
vn 0.140458 -0.242192 -0.960007
vn 0.424442 -0.422754 -0.800705
vn 0.143148 -0.603316 -0.78455
vn 0.143148 -0.603316 -0.78455
vn 0.058246 -0.373511 -0.925795
vn 0.140458 -0.242192 -0.960007
vn 0.140458 -0.242192 -0.960007
vn 0.144253 -0.165516 -0.9756
vn 0.24495 -0.060898 -0.967621
vn -0.058246 -0.373511 -0.925795
vn -0.143148 -0.603316 -0.784549
vn -0.140458 -0.242192 -0.960007
vn -0.140458 -0.242192 -0.960007
vn -0.424442 -0.422754 -0.800705
vn -0.53979 -0.134099 -0.83105
vn -0.140458 -0.242192 -0.960007
vn -0.604914 0.057605 -0.794204
vn -0.24495 -0.060898 -0.967621
vn -0.140458 -0.242192 -0.960007
vn -0.144253 -0.165516 -0.9756
vn -0.058246 -0.373511 -0.925795
vn 0.771423 -0.244166 -0.587614
vn 0.913707 0.091653 -0.395904
vn 0.825436 0.051819 -0.562113
vn 0.825436 0.051819 -0.562113
vn 0.528644 -0.11212 -0.841407
vn 0.771423 -0.244166 -0.587614
vn 0.528644 -0.11212 -0.841407
vn 0.480722 -0.50964 -0.713563
vn 0.771423 -0.244166 -0.587614
vn 0.771423 -0.244166 -0.587614
vn 0.645956 -0.6407 -0.415023
vn 0.895121 -0.25877 -0.363037
vn -0.480722 -0.50964 -0.713563
vn -0.528644 -0.11212 -0.841407
vn -0.771423 -0.244166 -0.587614
vn -0.528644 -0.11212 -0.841407
vn -0.825436 0.051819 -0.562113
vn -0.771423 -0.244166 -0.587614
vn -0.771423 -0.244166 -0.587614
vn -0.913707 0.091653 -0.395904
vn -0.895121 -0.25877 -0.363037
vn -0.771423 -0.244166 -0.587614
vn -0.645956 -0.6407 -0.415023
vn -0.480722 -0.50964 -0.713563
vn 0.940273 0.150296 -0.305446
vn 0.966112 0.218488 0.137444
vn 0.981016 0.148911 0.124229
vn 0.981016 0.148911 0.124229
vn 0.931316 0.148282 -0.332659
vn 0.940273 0.150296 -0.305446
vn 0.940273 0.150296 -0.305446
vn 0.722369 0.085262 -0.686231
vn 0.825436 0.051819 -0.562113
vn 0.825436 0.051819 -0.562113
vn 0.949187 0.20787 -0.236294
vn 0.940273 0.150296 -0.305446
vn -0.940273 0.150296 -0.305446
vn -0.722369 0.085262 -0.686231
vn -0.931317 0.148282 -0.332659
vn -0.931317 0.148282 -0.332659
vn -0.981016 0.148911 0.124229
vn -0.940273 0.150296 -0.305446
vn -0.940273 0.150296 -0.305446
vn -0.966112 0.218488 0.137444
vn -0.949187 0.20787 -0.236294
vn -0.949187 0.20787 -0.236294
vn -0.825436 0.051819 -0.562113
vn -0.940273 0.150296 -0.305446
vn 0.938473 0.305697 0.160677
vn 0.975011 0.221574 -0.016065
vn 0.962017 0.20367 0.181773
vn 0.975011 0.221574 -0.016065
vn 0.883136 -0.351417 0.310767
vn 0.962017 0.20367 0.181773
vn 0.962017 0.20367 0.181773
vn 0.776861 -0.264351 0.571495
vn 0.945697 0.1984 0.257476
vn 0.945697 0.1984 0.257476
vn 0.938473 0.305697 0.160677
vn 0.962017 0.20367 0.181773
vn -0.962017 0.20367 0.181773
vn -0.776861 -0.264351 0.571495
vn -0.883136 -0.351417 0.310767
vn -0.883136 -0.351417 0.310767
vn -0.975011 0.221574 -0.016065
vn -0.962017 0.20367 0.181773
vn -0.975011 0.221574 -0.016065
vn -0.938473 0.305697 0.160677
vn -0.962017 0.20367 0.181773
vn -0.938473 0.305697 0.160677
vn -0.945697 0.1984 0.257476
vn -0.962017 0.20367 0.181773
vn 0.938653 0.311376 0.148238
vn 0.949187 0.20787 -0.236294
vn 0.942258 0.292406 -0.163246
vn 0.942258 0.292406 -0.163246
vn 0.913707 0.091653 -0.395904
vn 0.976053 0.006611 -0.217431
vn 0.976053 0.006611 -0.217431
vn 0.975011 0.221574 -0.016065
vn 0.942258 0.292406 -0.163246
vn 0.942258 0.292406 -0.163246
vn 0.927691 0.341862 0.150068
vn 0.938653 0.311376 0.148238
vn -0.975011 0.221574 -0.016065
vn -0.976053 0.006611 -0.217431
vn -0.942257 0.292406 -0.163246
vn -0.942257 0.292406 -0.163246
vn -0.913707 0.091653 -0.395904
vn -0.949187 0.20787 -0.236294
vn -0.949187 0.20787 -0.236294
vn -0.938653 0.311376 0.148238
vn -0.942257 0.292406 -0.163246
vn -0.942257 0.292406 -0.163246
vn -0.927691 0.341862 0.150068
vn -0.975011 0.221574 -0.016065
vn 0.601935 -0.793467 0.089916
vn 0.966738 -0.100272 0.235293
vn 0.968558 -0.145878 0.20153
vn 0.968558 -0.145878 0.20153
vn 0.936673 0.300732 0.179456
vn 0.945697 0.1984 0.257476
vn 0.945697 0.1984 0.257476
vn 0.757191 -0.431968 0.489964
vn 0.968558 -0.145878 0.20153
vn 0.757191 -0.431968 0.489964
vn 0.601935 -0.793467 0.089916
vn 0.968558 -0.145878 0.20153
vn -0.757191 -0.431968 0.489964
vn -0.945697 0.1984 0.257476
vn -0.968558 -0.145878 0.20153
vn -0.968558 -0.145878 0.20153
vn -0.936673 0.300732 0.179456
vn -0.966738 -0.100272 0.235293
vn -0.966738 -0.100272 0.235293
vn -0.601935 -0.793467 0.089916
vn -0.968558 -0.145878 0.20153
vn -0.601935 -0.793467 0.089916
vn -0.757191 -0.431968 0.489964
vn -0.968558 -0.145878 0.20153
vn 0.329425 -0.91449 0.234921
vn 0.601935 -0.793467 0.089916
vn 0.300681 -0.949111 -0.093693
vn 0.300681 -0.949111 -0.093693
vn 0.45972 -0.869973 0.178338
vn 0.373019 -0.923988 0.084283
vn 0.300681 -0.949111 -0.093693
vn 0.425591 -0.902583 0.064939
vn 0.351734 -0.931001 -0.097574
vn 0.300681 -0.949111 -0.093693
vn 0.357169 -0.910683 0.207572
vn 0.329425 -0.91449 0.234921
vn -0.300681 -0.949111 -0.093693
vn -0.425591 -0.902583 0.064939
vn -0.373019 -0.923988 0.084283
vn -0.300681 -0.949111 -0.093693
vn -0.45972 -0.869973 0.178338
vn -0.601935 -0.793467 0.089916
vn -0.601935 -0.793467 0.089916
vn -0.329425 -0.91449 0.234921
vn -0.300681 -0.949111 -0.093693
vn -0.300681 -0.949111 -0.093693
vn -0.357169 -0.910683 0.207572
vn -0.351734 -0.931001 -0.097574
vn 0 -0.497702 -0.867348
vn 0.292386 -0.27512 -0.915871
vn 0.285548 -0.492304 -0.822252
vn 0.285548 -0.492304 -0.822252
vn 0.42455 -0.306024 -0.852119
vn 0.407566 -0.49622 -0.766587
vn 0.407566 -0.49622 -0.766587
vn 0.274463 -0.704191 -0.654817
vn 0.285548 -0.492304 -0.822252
vn 0.285548 -0.492304 -0.822252
vn 0 -0.718135 -0.695904
vn 0 -0.497702 -0.867348
vn -0.274463 -0.704191 -0.654817
vn -0.407567 -0.49622 -0.766587
vn -0.285548 -0.492304 -0.822252
vn -0.285548 -0.492304 -0.822252
vn -0.42455 -0.306024 -0.852119
vn -0.292386 -0.27512 -0.915871
vn -0.292386 -0.27512 -0.915871
vn 0 -0.497702 -0.867348
vn -0.285548 -0.492304 -0.822252
vn -0.285548 -0.492304 -0.822252
vn 0 -0.718135 -0.695904
vn -0.274463 -0.704191 -0.654817
vn -0 -0.863961 -0.503558
vn 0.274463 -0.704191 -0.654817
vn 0.267811 -0.842862 -0.466756
vn 0.267811 -0.842862 -0.466756
vn 0.454292 -0.689072 -0.564622
vn 0.482378 -0.786258 -0.386148
vn 0.482378 -0.786258 -0.386148
vn 0.260347 -0.923166 -0.282815
vn 0.267811 -0.842862 -0.466756
vn 0.267811 -0.842862 -0.466756
vn 0 -0.949555 -0.3136
vn -0 -0.863961 -0.503558
vn -0.260347 -0.923166 -0.282815
vn -0.482378 -0.786258 -0.386148
vn -0.267811 -0.842862 -0.466756
vn -0.267811 -0.842862 -0.466756
vn -0.454292 -0.689072 -0.564622
vn -0.274463 -0.704191 -0.654817
vn -0.274463 -0.704191 -0.654817
vn -0 -0.863961 -0.503558
vn -0.267811 -0.842862 -0.466756
vn -0.267811 -0.842862 -0.466756
vn 0 -0.949555 -0.3136
vn -0.260347 -0.923166 -0.282815
vn 0 -0.982561 -0.185943
vn 0.260347 -0.923166 -0.282815
vn 0.269717 -0.94856 -0.165793
vn 0.260347 -0.923166 -0.282815
vn 0.514671 -0.853411 -0.082483
vn 0.269717 -0.94856 -0.165793
vn 0.514671 -0.853411 -0.082483
vn 0.300639 -0.944606 -0.131665
vn 0.269717 -0.94856 -0.165793
vn 0.300639 -0.944606 -0.131665
vn 0 -0.982561 -0.185943
vn 0.269717 -0.94856 -0.165793
vn -0.300639 -0.944606 -0.131665
vn -0.514671 -0.853411 -0.082483
vn -0.269717 -0.94856 -0.165793
vn -0.514671 -0.853411 -0.082483
vn -0.260347 -0.923166 -0.282815
vn -0.269717 -0.94856 -0.165793
vn -0.260347 -0.923166 -0.282815
vn 0 -0.982561 -0.185943
vn -0.269717 -0.94856 -0.165793
vn 0 -0.982561 -0.185943
vn -0.300639 -0.944606 -0.131665
vn -0.269717 -0.94856 -0.165793
vn 0.311441 -0.913539 -0.26163
vn 0 -0.985831 -0.167743
vn 0.300639 -0.944606 -0.131665
vn 0.300639 -0.944606 -0.131665
vn 0.652661 -0.748915 -0.114719
vn 0.311441 -0.913539 -0.26163
vn 0.311441 -0.913539 -0.26163
vn 0.645956 -0.6407 -0.415023
vn 0.277152 -0.794114 -0.540897
vn 0.277152 -0.794114 -0.540897
vn 0 -0.946559 -0.322532
vn 0.311441 -0.913539 -0.26163
vn -0.311441 -0.913539 -0.26163
vn -0.645956 -0.6407 -0.415023
vn -0.652661 -0.748915 -0.114719
vn -0.652661 -0.748915 -0.114719
vn -0.300639 -0.944606 -0.131665
vn -0.311441 -0.913539 -0.26163
vn -0.311441 -0.913539 -0.26163
vn 0 -0.985831 -0.167743
vn 0 -0.946559 -0.322532
vn 0 -0.946559 -0.322532
vn -0.277152 -0.794114 -0.540897
vn -0.311441 -0.913539 -0.26163
vn 0.976053 0.006611 -0.217431
vn 0.895121 -0.25877 -0.363037
vn 0.903409 -0.413355 -0.113976
vn 0.903409 -0.413355 -0.113976
vn 0.645956 -0.6407 -0.415023
vn 0.652661 -0.748915 -0.114719
vn 0.652661 -0.748915 -0.114719
vn 0.798978 -0.592745 0.101428
vn 0.903409 -0.413355 -0.113976
vn 0.903409 -0.413355 -0.113976
vn 0.927605 -0.365344 0.07793
vn 0.976053 0.006611 -0.217431
vn -0.798978 -0.592745 0.101428
vn -0.652661 -0.748915 -0.114719
vn -0.903409 -0.413355 -0.113976
vn -0.903409 -0.413355 -0.113976
vn -0.645956 -0.6407 -0.415023
vn -0.895121 -0.25877 -0.363037
vn -0.895121 -0.25877 -0.363037
vn -0.976053 0.006611 -0.217431
vn -0.903409 -0.413355 -0.113976
vn -0.903409 -0.413355 -0.113976
vn -0.927605 -0.365344 0.07793
vn -0.798978 -0.592745 0.101428
vn 0.832616 -0.521567 0.186331
vn 0.941678 -0.333422 -0.045523
vn 0.767456 -0.640439 0.029132
vn 0.767456 -0.640439 0.029132
vn 0.646944 -0.731198 0.216362
vn 0.832616 -0.521567 0.186331
vn 0.832616 -0.521567 0.186331
vn 0.691001 -0.706956 0.150767
vn 0.905189 -0.409171 0.114944
vn 0.905189 -0.409171 0.114944
vn 0.967747 -0.211819 0.136378
vn 0.832616 -0.521567 0.186331
vn -0.832616 -0.521567 0.186331
vn -0.691001 -0.706956 0.150767
vn -0.646944 -0.731198 0.216362
vn -0.646944 -0.731198 0.216362
vn -0.767456 -0.640439 0.029132
vn -0.832616 -0.521567 0.186331
vn -0.832616 -0.521567 0.186331
vn -0.941678 -0.333422 -0.045523
vn -0.967747 -0.211819 0.136378
vn -0.967747 -0.211819 0.136378
vn -0.905189 -0.409171 0.114944
vn -0.832616 -0.521567 0.186331
vn -0 -0.003607 -0.999994
vn 0.291606 0.28922 -0.911766
vn 0.286231 -0.040165 -0.957319
vn 0.286231 -0.040165 -0.957319
vn 0.435328 0.212247 -0.874894
vn 0.426317 -0.118707 -0.896751
vn 0.426317 -0.118707 -0.896751
vn 0.292386 -0.27512 -0.915871
vn 0.286231 -0.040165 -0.957319
vn 0.286231 -0.040165 -0.957319
vn 0 -0.255386 -0.966839
vn -0 -0.003607 -0.999994
vn -0.292386 -0.27512 -0.915871
vn -0.426317 -0.118707 -0.896751
vn -0.286231 -0.040165 -0.957319
vn -0.286231 -0.040165 -0.957319
vn -0.435328 0.212247 -0.874894
vn -0.291606 0.28922 -0.911766
vn -0.291606 0.28922 -0.911766
vn -0 -0.003607 -0.999994
vn -0.286231 -0.040165 -0.957319
vn -0.286231 -0.040165 -0.957319
vn 0 -0.255386 -0.966839
vn -0.292386 -0.27512 -0.915871
vn 0 0.963466 0.267831
vn 0.175595 0.80337 0.569001
vn 0.146979 0.950108 0.27512
vn 0.146979 0.950108 0.27512
vn 0.417734 0.73173 0.538582
vn 0.385076 0.884131 0.264632
vn 0.385076 0.884131 0.264632
vn 0.133706 0.990893 0.015914
vn 0.146979 0.950108 0.27512
vn 0.133706 0.990893 0.015914
vn 0 0.963466 0.267831
vn 0.146979 0.950108 0.27512
vn -0.133706 0.990893 0.015914
vn -0.385076 0.884131 0.264632
vn -0.146979 0.950108 0.27512
vn -0.146979 0.950108 0.27512
vn -0.417733 0.73173 0.538582
vn -0.175595 0.80337 0.569001
vn -0.175595 0.80337 0.569001
vn 0 0.963466 0.267831
vn -0.146979 0.950108 0.27512
vn 0 0.963466 0.267831
vn -0.133706 0.990893 0.015914
vn -0.146979 0.950108 0.27512
vn 0.149059 0.959234 -0.240108
vn -0 0.999958 0.009131
vn 0.133706 0.990893 0.015914
vn 0.133706 0.990893 0.015914
vn 0.334213 0.91158 -0.239425
vn 0.149059 0.959234 -0.240108
vn 0.149059 0.959234 -0.240108
vn 0.341818 0.770501 -0.538041
vn 0.212395 0.823447 -0.52614
vn 0.212395 0.823447 -0.52614
vn 0 0.971236 -0.238117
vn 0.149059 0.959234 -0.240108
vn -0.149059 0.959234 -0.240108
vn -0.341818 0.770501 -0.538041
vn -0.334213 0.91158 -0.239425
vn -0.334213 0.91158 -0.239425
vn -0.133706 0.990893 0.015914
vn -0.149059 0.959234 -0.240108
vn -0.149059 0.959234 -0.240108
vn -0 0.999958 0.009131
vn 0 0.971236 -0.238117
vn 0 0.971236 -0.238117
vn -0.212395 0.823447 -0.52614
vn -0.149059 0.959234 -0.240108
vn 0.275207 0.601912 -0.749642
vn 0 0.850442 -0.526069
vn 0.212395 0.823447 -0.52614
vn 0.212395 0.823447 -0.52614
vn 0.397182 0.533276 -0.746903
vn 0.275207 0.601912 -0.749642
vn 0.397182 0.533276 -0.746903
vn 0.291606 0.28922 -0.911766
vn 0.275207 0.601912 -0.749642
vn 0.291606 0.28922 -0.911766
vn 0 0.634738 -0.772727
vn 0.275207 0.601912 -0.749642
vn -0.291606 0.28922 -0.911766
vn -0.397182 0.533276 -0.746903
vn -0.275207 0.601912 -0.749642
vn -0.397182 0.533276 -0.746903
vn -0.212395 0.823447 -0.52614
vn -0.275207 0.601912 -0.749642
vn -0.275207 0.601912 -0.749642
vn 0 0.850442 -0.526069
vn 0 0.634738 -0.772727
vn 0 0.634738 -0.772727
vn -0.291606 0.28922 -0.911766
vn -0.275207 0.601912 -0.749642
vn 0.548813 0.834862 -0.04253
vn 0.3603 0.910472 -0.20304
vn 0.502497 0.825626 -0.256589
vn 0.548813 0.834862 -0.04253
vn 0.801704 0.504913 -0.319896
vn 0.832598 0.546524 -0.089956
vn 0.548813 0.834862 -0.04253
vn 0.828967 0.514191 0.22005
vn 0.560238 0.759059 0.331607
vn 0.560238 0.759059 0.331607
vn 0.434331 0.900207 0.031376
vn 0.548813 0.834862 -0.04253
vn -0.548813 0.834862 -0.04253
vn -0.828967 0.514191 0.22005
vn -0.832598 0.546524 -0.089956
vn -0.548813 0.834862 -0.04253
vn -0.801704 0.504913 -0.319896
vn -0.502497 0.825626 -0.256589
vn -0.548813 0.834862 -0.04253
vn -0.3603 0.910472 -0.20304
vn -0.434331 0.900207 0.031376
vn -0.434331 0.900207 0.031376
vn -0.560238 0.759059 0.331607
vn -0.548813 0.834862 -0.04253
vn 0.55079 0.640216 0.535495
vn 0.518954 0.753257 0.404093
vn 0.560238 0.759059 0.331607
vn 0.560238 0.759059 0.331607
vn 0.803552 0.429869 0.411723
vn 0.55079 0.640216 0.535495
vn 0.55079 0.640216 0.535495
vn 0.831044 0.451294 0.325114
vn 0.630993 0.657193 0.412244
vn 0.630993 0.657193 0.412244
vn 0.574089 0.617293 0.537933
vn 0.55079 0.640216 0.535495
vn -0.55079 0.640216 0.535495
vn -0.831044 0.451294 0.325114
vn -0.803552 0.429869 0.411723
vn -0.803552 0.429869 0.411723
vn -0.560238 0.759059 0.331607
vn -0.55079 0.640216 0.535495
vn -0.55079 0.640216 0.535495
vn -0.518953 0.753257 0.404093
vn -0.574089 0.617293 0.537933
vn -0.574089 0.617293 0.537933
vn -0.630993 0.657193 0.412244
vn -0.55079 0.640216 0.535495
vn 0.708964 0.685497 0.16572
vn 0.644535 0.649318 0.403684
vn 0.630993 0.657193 0.412244
vn 0.630993 0.657193 0.412244
vn 0.874617 0.471543 0.112658
vn 0.708964 0.685497 0.16572
vn 0.708964 0.685497 0.16572
vn 0.898077 0.437676 -0.043565
vn 0.742923 0.668552 -0.033226
vn 0.742923 0.668552 -0.033226
vn 0.672814 0.721677 0.162798
vn 0.708964 0.685497 0.16572
vn -0.708964 0.685497 0.16572
vn -0.898077 0.437676 -0.043565
vn -0.874617 0.471543 0.112658
vn -0.874617 0.471543 0.112658
vn -0.630993 0.657193 0.412244
vn -0.708964 0.685497 0.16572
vn -0.708964 0.685497 0.16572
vn -0.644535 0.649318 0.403684
vn -0.672814 0.721677 0.162798
vn -0.672814 0.721677 0.162798
vn -0.742923 0.668552 -0.033226
vn -0.708964 0.685497 0.16572
vn 0.758355 0.604431 -0.244051
vn 0.672761 0.738982 -0.03604
vn 0.742923 0.668552 -0.033226
vn 0.742923 0.668552 -0.033226
vn 0.905445 0.369015 -0.209755
vn 0.758355 0.604431 -0.244051
vn 0.758355 0.604431 -0.244051
vn 0.873307 0.297247 -0.385979
vn 0.747963 0.431754 -0.504122
vn 0.758355 0.604431 -0.244051
vn 0.591166 0.561865 -0.578646
vn 0.651186 0.705858 -0.278786
vn -0.758355 0.604431 -0.244051
vn -0.873307 0.297247 -0.385979
vn -0.905445 0.369015 -0.209755
vn -0.905445 0.369015 -0.209755
vn -0.742923 0.668552 -0.033226
vn -0.758355 0.604431 -0.244051
vn -0.758355 0.604431 -0.244051
vn -0.672761 0.738982 -0.03604
vn -0.651186 0.705858 -0.278786
vn -0.758355 0.604431 -0.244051
vn -0.591165 0.561865 -0.578646
vn -0.747963 0.431754 -0.504122
vn 0.704458 0.206443 -0.679058
vn 0.706176 0.038569 -0.706985
vn 0.641812 -0.05611 -0.764807
vn 0.704458 0.206443 -0.679058
vn 0.590932 7.2E-05 -0.806722
vn 0.577593 0.306184 -0.756728
vn 0.577593 0.306184 -0.756728
vn 0.747963 0.431754 -0.504122
vn 0.704458 0.206443 -0.679058
vn 0.704458 0.206443 -0.679058
vn 0.873307 0.297247 -0.385979
vn 0.870642 0.180961 -0.457423
vn -0.747963 0.431754 -0.504122
vn -0.577593 0.306184 -0.756728
vn -0.704458 0.206443 -0.679058
vn -0.704458 0.206443 -0.679058
vn -0.590932 7.2E-05 -0.806722
vn -0.641812 -0.05611 -0.764807
vn -0.704458 0.206443 -0.679058
vn -0.706176 0.038569 -0.706985
vn -0.870642 0.180961 -0.457423
vn -0.704458 0.206443 -0.679058
vn -0.873307 0.297247 -0.385979
vn -0.747963 0.431754 -0.504122
vn 0.486397 0.426543 -0.762548
vn 0.435328 0.212247 -0.874894
vn 0.397182 0.533276 -0.746903
vn 0.397182 0.533276 -0.746903
vn 0.486636 0.67229 -0.557863
vn 0.486397 0.426543 -0.762548
vn 0.486397 0.426543 -0.762548
vn 0.591166 0.561865 -0.578646
vn 0.577593 0.306184 -0.756728
vn 0.577593 0.306184 -0.756728
vn 0.523763 0.106459 -0.845186
vn 0.486397 0.426543 -0.762548
vn -0.486397 0.426543 -0.762548
vn -0.591165 0.561865 -0.578646
vn -0.486636 0.67229 -0.557863
vn -0.486636 0.67229 -0.557863
vn -0.397182 0.533276 -0.746903
vn -0.486397 0.426543 -0.762548
vn -0.486397 0.426543 -0.762548
vn -0.435328 0.212247 -0.874894
vn -0.523762 0.106459 -0.845186
vn -0.523762 0.106459 -0.845186
vn -0.577593 0.306184 -0.756728
vn -0.486397 0.426543 -0.762548
vn 0.544499 0.798962 -0.255306
vn 0.341818 0.770501 -0.538041
vn 0.334213 0.91158 -0.239425
vn 0.334213 0.91158 -0.239425
vn 0.586593 0.809849 -0.007279
vn 0.544499 0.798962 -0.255306
vn 0.544499 0.798962 -0.255306
vn 0.672761 0.738982 -0.03604
vn 0.651186 0.705858 -0.278786
vn 0.651186 0.705858 -0.278786
vn 0.486636 0.67229 -0.557863
vn 0.544499 0.798962 -0.255306
vn -0.544499 0.798962 -0.255306
vn -0.672761 0.738982 -0.03604
vn -0.586593 0.809849 -0.007279
vn -0.586593 0.809849 -0.007279
vn -0.334213 0.91158 -0.239425
vn -0.544499 0.798962 -0.255306
vn -0.544499 0.798962 -0.255306
vn -0.341818 0.770501 -0.538041
vn -0.486636 0.67229 -0.557863
vn -0.486636 0.67229 -0.557863
vn -0.651186 0.705858 -0.278786
vn -0.544499 0.798962 -0.255306
vn 0.617348 0.760172 0.202533
vn 0.354433 0.934886 0.019131
vn 0.385076 0.884131 0.264632
vn 0.385076 0.884131 0.264632
vn 0.640767 0.630977 0.437362
vn 0.617348 0.760172 0.202533
vn 0.617348 0.760172 0.202533
vn 0.644535 0.649318 0.403684
vn 0.672814 0.721677 0.162798
vn 0.672814 0.721677 0.162798
vn 0.586593 0.809849 -0.007279
vn 0.617348 0.760172 0.202533
vn -0.617348 0.760172 0.202533
vn -0.644535 0.649318 0.403684
vn -0.640767 0.630977 0.437362
vn -0.640767 0.630977 0.437362
vn -0.385076 0.884131 0.264632
vn -0.617348 0.760172 0.202533
vn -0.617348 0.760172 0.202533
vn -0.354433 0.934886 0.019131
vn -0.586593 0.809849 -0.007279
vn -0.586593 0.809849 -0.007279
vn -0.672814 0.721677 0.162798
vn -0.617348 0.760172 0.202533
vn 0.620492 0.556728 0.552308
vn 0.417734 0.73173 0.538582
vn 0.430993 0.603095 0.671209
vn 0.430993 0.603095 0.671209
vn 0.534124 0.732491 0.4221
vn 0.620492 0.556728 0.552308
vn 0.620492 0.556728 0.552308
vn 0.518954 0.753257 0.404093
vn 0.574089 0.617293 0.537933
vn 0.620492 0.556728 0.552308
vn 0.644535 0.649318 0.403684
vn 0.640767 0.630977 0.437362
vn -0.620492 0.556728 0.552308
vn -0.518953 0.753257 0.404093
vn -0.534124 0.732491 0.4221
vn -0.534124 0.732491 0.4221
vn -0.430993 0.603095 0.671209
vn -0.620492 0.556728 0.552308
vn -0.620492 0.556728 0.552308
vn -0.417733 0.73173 0.538582
vn -0.640767 0.630977 0.437362
vn -0.620492 0.556728 0.552308
vn -0.644535 0.649318 0.403684
vn -0.574089 0.617293 0.537933
vn 0.152598 0.988179 0.014726
vn 0.298128 0.923112 -0.242867
vn 0.368456 0.928714 0.0416
vn 0.368456 0.928714 0.0416
vn 0.3603 0.910472 -0.20304
vn 0.434331 0.900207 0.031376
vn 0.434331 0.900207 0.031376
vn 0.534124 0.732491 0.4221
vn 0.368456 0.928714 0.0416
vn 0.368456 0.928714 0.0416
vn 0.355225 0.750849 0.556813
vn 0.152598 0.988179 0.014726
vn -0.534124 0.732491 0.4221
vn -0.434331 0.900207 0.031376
vn -0.368456 0.928714 0.0416
vn -0.368456 0.928714 0.0416
vn -0.3603 0.910472 -0.20304
vn -0.298128 0.923112 -0.242867
vn -0.298128 0.923112 -0.242867
vn -0.152598 0.988179 0.014726
vn -0.368456 0.928714 0.0416
vn -0.368456 0.928714 0.0416
vn -0.355225 0.750849 0.556813
vn -0.534124 0.732491 0.4221
vn -0 0.689844 0.723958
vn 0.201007 0.686029 0.699257
vn 0.205911 0.653524 0.728359
vn 0.205911 0.653524 0.728359
vn 0.355225 0.750849 0.556813
vn 0.430993 0.603095 0.671209
vn 0.430993 0.603095 0.671209
vn 0.175595 0.80337 0.569001
vn 0.205911 0.653524 0.728359
vn 0.205911 0.653524 0.728359
vn 0 0.827331 0.561715
vn -0 0.689844 0.723958
vn -0.175595 0.80337 0.569001
vn -0.430993 0.603095 0.671209
vn -0.205911 0.653524 0.728359
vn -0.205911 0.653524 0.728359
vn -0.355225 0.750849 0.556813
vn -0.201007 0.686029 0.699257
vn -0.201007 0.686029 0.699257
vn -0 0.689844 0.723958
vn -0.205911 0.653524 0.728359
vn -0.205911 0.653524 0.728359
vn 0 0.827331 0.561715
vn -0.175595 0.80337 0.569001
vn -0.206971 0.758684 -0.617707
vn -0.486623 0.396356 -0.778524
vn -0.199026 0.318179 -0.926904
vn -0.199026 0.318179 -0.926904
vn -0.4984 0.453285 -0.739006
vn -0.226699 0.534953 -0.8139
vn -0.199026 0.318179 -0.926904
vn 0.089345 0.621933 -0.777957
vn 0.109736 0.56523 -0.817602
vn 0.109736 0.56523 -0.817602
vn -0.206971 0.758684 -0.617707
vn -0.199026 0.318179 -0.926904
vn 0.199026 0.318179 -0.926904
vn -0.089345 0.621933 -0.777957
vn 0.226699 0.534953 -0.8139
vn 0.199026 0.318179 -0.926904
vn 0.4984 0.453285 -0.739006
vn 0.486623 0.396356 -0.778524
vn 0.486623 0.396356 -0.778524
vn 0.206971 0.758684 -0.617707
vn 0.199026 0.318179 -0.926904
vn 0.206971 0.758684 -0.617707
vn -0.109736 0.56523 -0.817602
vn 0.199026 0.318179 -0.926904
vn 0.002801 0.950981 0.309237
vn -0.452783 0.889566 -0.060503
vn -0.206971 0.758684 -0.617707
vn -0.206971 0.758684 -0.617707
vn 0.152598 0.988179 0.014726
vn 0.002801 0.950981 0.309237
vn 0.002801 0.950981 0.309237
vn 0.355225 0.750849 0.556813
vn 0.201007 0.686029 0.699257
vn 0.201007 0.686029 0.699257
vn -0.004682 0.730518 0.682878
vn 0.002801 0.950981 0.309237
vn -0.002801 0.950981 0.309237
vn -0.355225 0.750849 0.556813
vn -0.152598 0.988179 0.014726
vn -0.152598 0.988179 0.014726
vn 0.206971 0.758684 -0.617707
vn -0.002801 0.950981 0.309237
vn -0.002801 0.950981 0.309237
vn 0.452783 0.889566 -0.060503
vn 0.004682 0.730518 0.682878
vn 0.004682 0.730518 0.682878
vn -0.201007 0.686029 0.699257
vn -0.002801 0.950981 0.309237
vn -0.103221 0.552938 0.826804
vn -0 0.881179 0.472783
vn -0.366052 0.861783 0.351192
vn -0.103221 0.552938 0.826804
vn -0.452783 0.889566 -0.060503
vn -0.004682 0.730518 0.682878
vn -0.103221 0.552938 0.826804
vn 0 0.612838 0.790209
vn 0 0.491525 0.870864
vn 0.103221 0.552938 0.826804
vn 0 0.612838 0.790209
vn 0.004682 0.730518 0.682878
vn 0.103221 0.552938 0.826804
vn 0.452783 0.889566 -0.060503
vn 0.366052 0.861783 0.351192
vn 0.103221 0.552938 0.826804
vn -0 0.881179 0.472783
vn 0 0.491525 0.870864
vn 0.832598 0.546524 -0.089956
vn 0.977728 0.066901 -0.198926
vn 0.988554 0.143294 0.047198
vn 0.988554 0.143294 0.047198
vn 0.941678 -0.333422 -0.045523
vn 0.967747 -0.211819 0.136378
vn 0.967747 -0.211819 0.136378
vn 0.96694 0.150857 0.205594
vn 0.988554 0.143294 0.047198
vn 0.988554 0.143294 0.047198
vn 0.828967 0.514191 0.22005
vn 0.832598 0.546524 -0.089956
vn -0.96694 0.150857 0.205594
vn -0.967747 -0.211819 0.136378
vn -0.988554 0.143294 0.047198
vn -0.988554 0.143294 0.047198
vn -0.941678 -0.333422 -0.045523
vn -0.977728 0.066901 -0.198926
vn -0.977728 0.066901 -0.198926
vn -0.832598 0.546524 -0.089956
vn -0.988554 0.143294 0.047198
vn -0.988554 0.143294 0.047198
vn -0.828967 0.514191 0.22005
vn -0.96694 0.150857 0.205594
vn 0.959829 0.141665 0.242195
vn 0.981427 -0.134858 0.136432
vn 0.991099 -0.113073 0.070269
vn 0.991099 -0.113073 0.070269
vn 0.974474 0.176827 0.13832
vn 0.959829 0.141665 0.242195
vn 0.959829 0.141665 0.242195
vn 0.831044 0.451294 0.325114
vn 0.803552 0.429869 0.411723
vn 0.803552 0.429869 0.411723
vn 0.96694 0.150857 0.205594
vn 0.959829 0.141665 0.242195
vn -0.959829 0.141665 0.242195
vn -0.831044 0.451294 0.325114
vn -0.974474 0.176827 0.13832
vn -0.974474 0.176827 0.13832
vn -0.991099 -0.113073 0.070269
vn -0.959829 0.141665 0.242195
vn -0.959829 0.141665 0.242195
vn -0.981427 -0.134858 0.136432
vn -0.96694 0.150857 0.205594
vn -0.96694 0.150857 0.205594
vn -0.803552 0.429869 0.411723
vn -0.959829 0.141665 0.242195
vn 0.977861 0.208772 -0.014205
vn 0.996339 -0.084213 0.014748
vn 0.99395 0.10589 -0.029157
vn 0.99395 0.10589 -0.029157
vn 0.974422 0.20154 -0.099414
vn 0.977861 0.208772 -0.014205
vn 0.977861 0.208772 -0.014205
vn 0.898077 0.437676 -0.043565
vn 0.874617 0.471543 0.112658
vn 0.874617 0.471543 0.112658
vn 0.974474 0.176827 0.13832
vn 0.977861 0.208772 -0.014205
vn -0.977861 0.208772 -0.014205
vn -0.898077 0.437676 -0.043565
vn -0.974422 0.20154 -0.099414
vn -0.974422 0.20154 -0.099414
vn -0.99395 0.10589 -0.029157
vn -0.977861 0.208772 -0.014205
vn -0.977861 0.208772 -0.014205
vn -0.996339 -0.084213 0.014748
vn -0.974474 0.176827 0.13832
vn -0.974474 0.176827 0.13832
vn -0.874617 0.471543 0.112658
vn -0.977861 0.208772 -0.014205
vn 0.602657 0.659581 -0.449174
vn 0.870642 0.180961 -0.457423
vn 0.959239 0.18649 -0.212323
vn 0.959239 0.18649 -0.212323
vn 0.873307 0.297247 -0.385979
vn 0.905445 0.369015 -0.209755
vn 0.905445 0.369015 -0.209755
vn 0.974422 0.20154 -0.099414
vn 0.959239 0.18649 -0.212323
vn 0.959239 0.18649 -0.212323
vn 0.831832 0.534267 0.15038
vn 0.602657 0.659581 -0.449174
vn -0.974422 0.20154 -0.099414
vn -0.905445 0.369015 -0.209755
vn -0.959239 0.18649 -0.212323
vn -0.959239 0.18649 -0.212323
vn -0.873307 0.297247 -0.385979
vn -0.870642 0.180961 -0.457423
vn -0.870642 0.180961 -0.457423
vn -0.602657 0.659581 -0.449174
vn -0.959239 0.18649 -0.212323
vn -0.959239 0.18649 -0.212323
vn -0.831832 0.534267 0.15038
vn -0.974422 0.20154 -0.099414
vn 0.674751 -0.731915 0.094929
vn 0.514671 -0.853411 -0.082483
vn 0.617366 -0.786653 -0.006013
vn 0.617366 -0.786653 -0.006013
vn 0.476506 -0.853868 -0.209406
vn 0.60423 -0.781723 -0.154322
vn 0.60423 -0.781723 -0.154322
vn 0.553055 -0.832861 0.021759
vn 0.617366 -0.786653 -0.006013
vn 0.553055 -0.832861 0.021759
vn 0.674751 -0.731915 0.094929
vn 0.617366 -0.786653 -0.006013
vn -0.553055 -0.832861 0.021759
vn -0.60423 -0.781723 -0.154322
vn -0.617366 -0.786653 -0.006013
vn -0.617366 -0.786653 -0.006013
vn -0.476506 -0.853868 -0.209406
vn -0.514671 -0.853411 -0.082483
vn -0.514671 -0.853411 -0.082483
vn -0.674751 -0.731915 0.094929
vn -0.617366 -0.786653 -0.006013
vn -0.674751 -0.731915 0.094929
vn -0.553055 -0.832861 0.021759
vn -0.617366 -0.786653 -0.006013
vn 0.533769 -0.839247 0.103709
vn 0.484281 -0.859522 0.163383
vn 0.425894 -0.903421 0.049454
vn 0.484281 -0.859522 0.163383
vn 0.553055 -0.832861 0.021759
vn 0.425894 -0.903421 0.049454
vn 0.553055 -0.832861 0.021759
vn 0.365593 -0.91549 -0.167987
vn 0.425894 -0.903421 0.049454
vn 0.425894 -0.903421 0.049454
vn 0.227521 -0.973771 -0.002089
vn 0.533769 -0.839247 0.103709
vn -0.365593 -0.91549 -0.167987
vn -0.553055 -0.832861 0.021759
vn -0.425894 -0.903421 0.049454
vn -0.553055 -0.832861 0.021759
vn -0.484281 -0.859522 0.163383
vn -0.425894 -0.903421 0.049454
vn -0.484281 -0.859522 0.163383
vn -0.533769 -0.839247 0.103709
vn -0.425894 -0.903421 0.049454
vn -0.425894 -0.903421 0.049454
vn -0.227521 -0.973771 -0.002089
vn -0.365593 -0.91549 -0.167987
vn 0.518177 -0.834644 0.186712
vn 0.613572 -0.787595 0.056774
vn 0.496859 -0.866427 0.049348
vn 0.496859 -0.866427 0.049348
vn 0.522528 -0.831177 0.190025
vn 0.518177 -0.834644 0.186712
vn 0.518177 -0.834644 0.186712
vn 0.580195 -0.800005 0.152857
vn 0.484281 -0.859522 0.163383
vn 0.484281 -0.859522 0.163383
vn 0.646944 -0.731198 0.216362
vn 0.518177 -0.834644 0.186712
vn -0.518177 -0.834645 0.186712
vn -0.580195 -0.800005 0.152857
vn -0.522528 -0.831177 0.190025
vn -0.522528 -0.831177 0.190025
vn -0.496859 -0.866427 0.049348
vn -0.518177 -0.834645 0.186712
vn -0.518177 -0.834645 0.186712
vn -0.613572 -0.787595 0.056774
vn -0.646944 -0.731198 0.216362
vn -0.646944 -0.731198 0.216362
vn -0.484281 -0.859522 0.163383
vn -0.518177 -0.834645 0.186712
vn 0.632643 -0.726891 0.267192
vn 0.425591 -0.902583 0.064939
vn 0.520597 -0.737138 0.43082
vn 0.520597 -0.737138 0.43082
vn 0.883136 -0.351417 0.310767
vn 0.632643 -0.726891 0.267192
vn 0.632643 -0.726891 0.267192
vn 0.927605 -0.365344 0.07793
vn 0.69396 -0.686692 0.216504
vn 0.69396 -0.686692 0.216504
vn 0.522528 -0.831177 0.190025
vn 0.632643 -0.726891 0.267192
vn -0.632643 -0.726891 0.267192
vn -0.927605 -0.365344 0.07793
vn -0.883136 -0.351417 0.310767
vn -0.883136 -0.351417 0.310767
vn -0.520597 -0.737138 0.43082
vn -0.632643 -0.726891 0.267192
vn -0.632643 -0.726891 0.267192
vn -0.425591 -0.902583 0.064939
vn -0.522528 -0.831177 0.190025
vn -0.522528 -0.831177 0.190025
vn -0.69396 -0.686692 0.216504
vn -0.632643 -0.726891 0.267192
vn 0.69396 -0.686692 0.216504
vn 0.798978 -0.592745 0.101428
vn 0.723102 -0.667456 0.177835
vn 0.723102 -0.667456 0.177835
vn 0.609947 -0.79243 0.004524
vn 0.674751 -0.731915 0.094929
vn 0.723102 -0.667456 0.177835
vn 0.580195 -0.800005 0.152857
vn 0.69396 -0.686692 0.216504
vn -0.723102 -0.667456 0.177835
vn -0.580195 -0.800005 0.152857
vn -0.674751 -0.731915 0.094929
vn -0.723102 -0.667456 0.177835
vn -0.609947 -0.79243 0.004524
vn -0.798978 -0.592745 0.101428
vn -0.798978 -0.592745 0.101428
vn -0.69396 -0.686692 0.216504
vn -0.723102 -0.667456 0.177835
vn 0.520597 -0.737138 0.43082
vn 0.373019 -0.923988 0.084283
vn 0.473598 -0.7216 0.504974
vn 0.473598 -0.7216 0.504974
vn 0.45972 -0.869973 0.178338
vn 0.757191 -0.431968 0.489964
vn 0.473598 -0.7216 0.504974
vn 0.776861 -0.264351 0.571495
vn 0.520597 -0.737138 0.43082
vn -0.473598 -0.7216 0.504974
vn -0.776861 -0.264351 0.571495
vn -0.757191 -0.431968 0.489964
vn -0.473598 -0.7216 0.504974
vn -0.45972 -0.869973 0.178338
vn -0.373019 -0.923988 0.084283
vn -0.373019 -0.923988 0.084283
vn -0.520597 -0.737138 0.43082
vn -0.473598 -0.7216 0.504974
vn 0.641812 -0.05611 -0.764807
vn 0.548233 -0.307863 -0.7776
vn 0.537605 -0.336042 -0.773342
vn 0.548233 -0.307863 -0.7776
vn 0.437292 -0.603995 -0.666308
vn 0.537605 -0.336042 -0.773342
vn 0.437292 -0.603995 -0.666308
vn 0.554554 -0.286354 -0.781326
vn 0.537605 -0.336042 -0.773342
vn 0.554554 -0.286354 -0.781326
vn 0.641812 -0.05611 -0.764807
vn 0.537605 -0.336042 -0.773342
vn -0.554554 -0.286354 -0.781326
vn -0.437292 -0.603995 -0.666308
vn -0.537605 -0.336042 -0.773342
vn -0.437292 -0.603995 -0.666308
vn -0.548233 -0.307863 -0.7776
vn -0.537605 -0.336042 -0.773342
vn -0.548233 -0.307863 -0.7776
vn -0.641812 -0.05611 -0.764807
vn -0.537605 -0.336042 -0.773342
vn -0.641812 -0.05611 -0.764807
vn -0.554554 -0.286354 -0.781326
vn -0.537605 -0.336042 -0.773342
vn 0.426317 -0.118707 -0.896751
vn 0.523763 0.106459 -0.845186
vn 0.497363 -0.192687 -0.845873
vn 0.497363 -0.192687 -0.845873
vn 0.590932 7.2E-05 -0.806722
vn 0.554554 -0.286354 -0.781326
vn 0.554554 -0.286354 -0.781326
vn 0.517771 -0.35061 -0.780375
vn 0.497363 -0.192687 -0.845873
vn 0.517771 -0.35061 -0.780375
vn 0.426317 -0.118707 -0.896751
vn 0.497363 -0.192687 -0.845873
vn -0.517771 -0.35061 -0.780375
vn -0.554554 -0.286354 -0.781326
vn -0.497363 -0.192687 -0.845874
vn -0.497363 -0.192687 -0.845874
vn -0.590932 7.2E-05 -0.806722
vn -0.523762 0.106459 -0.845186
vn -0.523762 0.106459 -0.845186
vn -0.426317 -0.118707 -0.896751
vn -0.497363 -0.192687 -0.845874
vn -0.426317 -0.118707 -0.896751
vn -0.517771 -0.35061 -0.780375
vn -0.497363 -0.192687 -0.845874
vn 0.114727 -0.886198 -0.448878
vn 0.365593 -0.91549 -0.167987
vn 0.343136 -0.830274 -0.439208
vn 0.343136 -0.830274 -0.439208
vn 0.550393 -0.818799 -0.163205
vn 0.554119 -0.744688 -0.372011
vn 0.554119 -0.744688 -0.372011
vn 0.437292 -0.603995 -0.666308
vn 0.343136 -0.830274 -0.439208
vn 0.343136 -0.830274 -0.439208
vn 0.320662 -0.603125 -0.730353
vn 0.114727 -0.886198 -0.448878
vn -0.437292 -0.603995 -0.666308
vn -0.554119 -0.744688 -0.372011
vn -0.343136 -0.830274 -0.439208
vn -0.343136 -0.830274 -0.439208
vn -0.550393 -0.818799 -0.163205
vn -0.365593 -0.91549 -0.167987
vn -0.365593 -0.91549 -0.167987
vn -0.114727 -0.886198 -0.448877
vn -0.343136 -0.830274 -0.439208
vn -0.343136 -0.830274 -0.439208
vn -0.320662 -0.603125 -0.730353
vn -0.437292 -0.603995 -0.666308
vn 0.60423 -0.781723 -0.154322
vn 0.482378 -0.786258 -0.386148
vn 0.60684 -0.723565 -0.328936
vn 0.60684 -0.723565 -0.328936
vn 0.454292 -0.689072 -0.564622
vn 0.598009 -0.641997 -0.479817
vn 0.598009 -0.641997 -0.479817
vn 0.554119 -0.744688 -0.372011
vn 0.60684 -0.723565 -0.328936
vn 0.60684 -0.723565 -0.328936
vn 0.550393 -0.818799 -0.163205
vn 0.60423 -0.781723 -0.154322
vn -0.554119 -0.744688 -0.372011
vn -0.598009 -0.641997 -0.479817
vn -0.60684 -0.723565 -0.328936
vn -0.60684 -0.723565 -0.328936
vn -0.454292 -0.689072 -0.564622
vn -0.482378 -0.786258 -0.386148
vn -0.482378 -0.786258 -0.386148
vn -0.60423 -0.781723 -0.154322
vn -0.60684 -0.723565 -0.328936
vn -0.60684 -0.723565 -0.328936
vn -0.550393 -0.818799 -0.163205
vn -0.554119 -0.744688 -0.372011
vn 0.521356 -0.49051 -0.698275
vn 0.42455 -0.306024 -0.852119
vn 0.517771 -0.35061 -0.780375
vn 0.521356 -0.49051 -0.698275
vn 0.583093 -0.533618 -0.612579
vn 0.598009 -0.641997 -0.479817
vn 0.521356 -0.49051 -0.698275
vn 0.454292 -0.689072 -0.564622
vn 0.407566 -0.49622 -0.766587
vn -0.521355 -0.49051 -0.698275
vn -0.454292 -0.689072 -0.564622
vn -0.598009 -0.641997 -0.479817
vn -0.521355 -0.49051 -0.698275
vn -0.583093 -0.533618 -0.612579
vn -0.517771 -0.35061 -0.780375
vn -0.521355 -0.49051 -0.698275
vn -0.42455 -0.306024 -0.852119
vn -0.407567 -0.49622 -0.766587
vn 0.310428 0.499137 0.80901
vn -0.278854 0.919221 0.27798
vn 0.209824 0.538499 0.816084
vn 0.209824 0.538499 0.816084
vn -0.447179 0.82737 0.339837
vn 0.050988 0.49481 0.867504
vn 0.050988 0.49481 0.867504
vn 0.587116 -0.135774 0.798036
vn 0.209824 0.538499 0.816084
vn 0.209824 0.538499 0.816084
vn 0.566881 -0.21626 0.794907
vn 0.310428 0.499137 0.80901
vn -0.587116 -0.135774 0.798036
vn -0.050988 0.49481 0.867504
vn -0.209824 0.538499 0.816084
vn -0.209824 0.538499 0.816084
vn 0.447179 0.82737 0.339837
vn 0.278854 0.919221 0.27798
vn 0.278854 0.919221 0.27798
vn -0.310428 0.499137 0.80901
vn -0.209824 0.538499 0.816084
vn -0.209824 0.538499 0.816084
vn -0.566881 -0.21626 0.794907
vn -0.587116 -0.135774 0.798036
vn 0.373603 0.424507 0.824751
vn -0.129807 0.960758 0.245142
vn 0.310428 0.499137 0.80901
vn 0.310428 0.499137 0.80901
vn 0.47733 -0.253468 0.841374
vn 0.373603 0.424507 0.824751
vn 0.373603 0.424507 0.824751
vn 0.285278 -0.225041 0.931651
vn 0.425964 0.311001 0.849608
vn 0.425964 0.311001 0.849608
vn 0.092616 0.957335 0.273737
vn 0.373603 0.424507 0.824751
vn -0.373603 0.424507 0.824751
vn -0.285278 -0.225041 0.931651
vn -0.47733 -0.253468 0.841374
vn -0.47733 -0.253468 0.841374
vn -0.310428 0.499137 0.80901
vn -0.373603 0.424507 0.824751
vn -0.373603 0.424507 0.824751
vn 0.129807 0.960758 0.245142
vn -0.092616 0.957335 0.273737
vn -0.092616 0.957335 0.273737
vn -0.425964 0.311001 0.849608
vn -0.373603 0.424507 0.824751
vn 0.382846 0.14208 0.912821
vn 0.444487 0.829371 0.33849
vn 0.425964 0.311001 0.849608
vn 0.382846 0.14208 0.912821
vn 0.285278 -0.225041 0.931651
vn 0.015182 -0.168376 0.985606
vn 0.015182 -0.168376 0.985606
vn 0.314393 -0.004294 0.949283
vn 0.382846 0.14208 0.912821
vn 0.382846 0.14208 0.912821
vn 0.755063 0.101654 0.647724
vn 0.71874 0.474639 0.508066
vn -0.314393 -0.004294 0.949283
vn -0.015182 -0.168376 0.985606
vn -0.382846 0.14208 0.912821
vn -0.382846 0.14208 0.912821
vn -0.285278 -0.225041 0.931651
vn -0.425964 0.311001 0.849608
vn -0.382846 0.14208 0.912821
vn -0.444487 0.829371 0.33849
vn -0.71874 0.474639 0.508066
vn -0.382846 0.14208 0.912821
vn -0.755063 0.101654 0.647724
vn -0.314393 -0.004294 0.949283
vn 0.722325 -0.191054 0.664639
vn 0.314393 -0.004294 0.949283
vn 0.320354 -0.070496 0.944671
vn 0.320354 -0.070496 0.944671
vn -0.166111 -0.068193 0.983746
vn -0.21903 0.096271 0.970957
vn -0.21903 0.096271 0.970957
vn 0.404034 -0.094522 0.909847
vn 0.320354 -0.070496 0.944671
vn 0.320354 -0.070496 0.944671
vn 0.696375 -0.440654 0.566468
vn 0.722325 -0.191054 0.664639
vn -0.404034 -0.094522 0.909847
vn 0.21903 0.096271 0.970957
vn -0.320354 -0.070496 0.944671
vn -0.320354 -0.070496 0.944671
vn 0.166111 -0.068193 0.983746
vn -0.314393 -0.004294 0.949283
vn -0.314393 -0.004294 0.949283
vn -0.722325 -0.191054 0.664639
vn -0.320354 -0.070496 0.944671
vn -0.320354 -0.070496 0.944671
vn -0.696375 -0.440654 0.566468
vn -0.404034 -0.094522 0.909847
vn 0.614828 -0.674117 0.409332
vn 0.404034 -0.094522 0.909847
vn 0.531323 -0.181981 0.827393
vn 0.531323 -0.181981 0.827393
vn -0.086653 0.341487 0.935883
vn 0.189655 0.458328 0.868312
vn 0.531323 -0.181981 0.827393
vn 0.455589 0.34769 0.819482
vn 0.600864 -0.344489 0.721311
vn 0.531323 -0.181981 0.827393
vn 0.476736 -0.827923 0.29541
vn 0.614828 -0.674117 0.409332
vn -0.531323 -0.181981 0.827393
vn -0.455589 0.34769 0.819482
vn -0.189655 0.458328 0.868312
vn -0.531323 -0.181981 0.827393
vn 0.086653 0.341487 0.935883
vn -0.404034 -0.094522 0.909847
vn -0.404034 -0.094522 0.909847
vn -0.614828 -0.674117 0.409332
vn -0.531323 -0.181981 0.827393
vn -0.531323 -0.181981 0.827393
vn -0.476736 -0.827923 0.29541
vn -0.600864 -0.344489 0.721311
vn 0.319545 -0.905309 0.279834
vn 0.600864 -0.344489 0.721311
vn 0.54759 -0.447172 0.707236
vn 0.600864 -0.344489 0.721311
vn 0.553615 0.194521 0.809736
vn 0.54759 -0.447172 0.707236
vn 0.54759 -0.447172 0.707236
vn 0.353415 0.311637 0.882032
vn 0.26133 -0.360815 0.895276
vn 0.26133 -0.360815 0.895276
vn 0.319545 -0.905309 0.279834
vn 0.54759 -0.447172 0.707236
vn -0.54759 -0.447172 0.707235
vn -0.353415 0.311637 0.882032
vn -0.553615 0.194521 0.809736
vn -0.553615 0.194521 0.809736
vn -0.600864 -0.344489 0.721311
vn -0.54759 -0.447172 0.707235
vn -0.600864 -0.344489 0.721311
vn -0.319545 -0.905309 0.279834
vn -0.54759 -0.447172 0.707235
vn -0.319545 -0.905309 0.279834
vn -0.26133 -0.360815 0.895276
vn -0.54759 -0.447172 0.707235
vn 0.371683 0.669946 0.642669
vn 0.455589 0.34769 0.819482
vn 0.124404 0.800433 0.58637
vn 0.124404 0.800433 0.58637
vn 0.130542 0.918085 0.374271
vn 0.371683 0.669946 0.642669
vn 0.371683 0.669946 0.642669
vn 0.135796 0.91082 0.389829
vn 0.281174 0.713398 0.641876
vn 0.281174 0.713398 0.641876
vn 0.553615 0.194521 0.809736
vn 0.371683 0.669946 0.642669
vn -0.371683 0.669946 0.642669
vn -0.135796 0.91082 0.389829
vn -0.130542 0.918085 0.374271
vn -0.130542 0.918085 0.374271
vn -0.124404 0.800433 0.58637
vn -0.371683 0.669946 0.642669
vn -0.371683 0.669946 0.642669
vn -0.455589 0.34769 0.819482
vn -0.553615 0.194521 0.809736
vn -0.553615 0.194521 0.809736
vn -0.281174 0.713398 0.641876
vn -0.371683 0.669946 0.642669
vn -0.233893 0.799116 0.553811
vn -0.086653 0.341487 0.935883
vn -0.569821 0.616276 0.543607
vn -0.569821 0.616276 0.543607
vn -0.489425 0.859022 0.150147
vn -0.233893 0.799116 0.553811
vn -0.233893 0.799116 0.553811
vn -0.155473 0.950568 0.268791
vn 0.124404 0.800433 0.58637
vn 0.124404 0.800433 0.58637
vn 0.189655 0.458328 0.868312
vn -0.233893 0.799116 0.553811
vn 0.233893 0.799116 0.553811
vn 0.155473 0.950568 0.268791
vn 0.489425 0.859022 0.150147
vn 0.489425 0.859022 0.150147
vn 0.569821 0.616276 0.543607
vn 0.233893 0.799116 0.553811
vn 0.233893 0.799116 0.553811
vn 0.086653 0.341487 0.935883
vn -0.189655 0.458328 0.868312
vn -0.189655 0.458328 0.868312
vn -0.124404 0.800433 0.58637
vn 0.233893 0.799116 0.553811
vn -0.21903 0.096271 0.970957
vn -0.709577 -0.089971 0.698861
vn -0.775442 0.263832 0.573657
vn -0.775442 0.263832 0.573657
vn -0.991198 -0.076895 0.107768
vn -0.95286 0.302187 -0.027229
vn -0.95286 0.302187 -0.027229
vn -0.569821 0.616276 0.543607
vn -0.775442 0.263832 0.573657
vn -0.775442 0.263832 0.573657
vn -0.086653 0.341487 0.935883
vn -0.21903 0.096271 0.970957
vn 0.569821 0.616276 0.543607
vn 0.95286 0.302187 -0.027229
vn 0.775442 0.263832 0.573657
vn 0.775442 0.263832 0.573657
vn 0.991198 -0.076895 0.107768
vn 0.709577 -0.089971 0.698861
vn 0.709577 -0.089971 0.698861
vn 0.21903 0.096271 0.970957
vn 0.775442 0.263832 0.573657
vn 0.775442 0.263832 0.573657
vn 0.086653 0.341487 0.935883
vn 0.569821 0.616276 0.543607
vn 0.015182 -0.168376 0.985606
vn 0.100259 -0.523894 0.845863
vn -0.388152 -0.379269 0.839936
vn -0.388152 -0.379269 0.839936
vn -0.095043 -0.749893 0.654696
vn -0.738897 -0.526792 0.420144
vn -0.738897 -0.526792 0.420144
vn -0.709577 -0.089971 0.698861
vn -0.388152 -0.379269 0.839936
vn -0.388152 -0.379269 0.839936
vn -0.166111 -0.068193 0.983746
vn 0.015182 -0.168376 0.985606
vn 0.709577 -0.089971 0.698861
vn 0.738897 -0.526792 0.420144
vn 0.388152 -0.379269 0.839936
vn 0.388152 -0.379269 0.839936
vn 0.095043 -0.749893 0.654696
vn -0.100259 -0.523894 0.845863
vn -0.100259 -0.523894 0.845863
vn -0.015182 -0.168376 0.985606
vn 0.388152 -0.379269 0.839936
vn 0.388152 -0.379269 0.839936
vn 0.166111 -0.068193 0.983746
vn 0.709577 -0.089971 0.698861
vn 0.47733 -0.253468 0.841374
vn 0.57181 -0.507681 0.644433
vn 0.421842 -0.542079 0.726774
vn 0.421842 -0.542079 0.726774
vn 0.529252 -0.655091 0.53921
vn 0.344937 -0.716068 0.606848
vn 0.344937 -0.716068 0.606848
vn 0.100259 -0.523894 0.845863
vn 0.421842 -0.542079 0.726774
vn 0.421842 -0.542079 0.726774
vn 0.285278 -0.225041 0.931651
vn 0.47733 -0.253468 0.841374
vn -0.100259 -0.523894 0.845863
vn -0.344937 -0.716068 0.606848
vn -0.421842 -0.542079 0.726774
vn -0.421842 -0.542079 0.726774
vn -0.529252 -0.655091 0.539211
vn -0.57181 -0.507681 0.644433
vn -0.57181 -0.507681 0.644433
vn -0.47733 -0.253468 0.841374
vn -0.421842 -0.542079 0.726774
vn -0.421842 -0.542079 0.726774
vn -0.285278 -0.225041 0.931651
vn -0.100259 -0.523894 0.845863
vn 0.658362 -0.440902 0.610053
vn 0.566881 -0.21626 0.794907
vn 0.587116 -0.135774 0.798036
vn 0.587116 -0.135774 0.798036
vn 0.656669 -0.404369 0.636609
vn 0.658362 -0.440902 0.610053
vn 0.658362 -0.440902 0.610053
vn 0.700983 -0.531977 0.474998
vn 0.649134 -0.579819 0.492377
vn 0.649134 -0.579819 0.492377
vn 0.57181 -0.507681 0.644433
vn 0.658362 -0.440902 0.610053
vn -0.658362 -0.440902 0.610053
vn -0.700983 -0.531977 0.474998
vn -0.656669 -0.404369 0.636609
vn -0.656669 -0.404369 0.636609
vn -0.587116 -0.135774 0.798036
vn -0.658362 -0.440902 0.610053
vn -0.658362 -0.440902 0.610053
vn -0.566881 -0.21626 0.794907
vn -0.57181 -0.507681 0.644433
vn -0.57181 -0.507681 0.644433
vn -0.649134 -0.579819 0.492377
vn -0.658362 -0.440902 0.610053
vn 0.841575 -0.539427 -0.027769
vn 0.533769 -0.839247 0.103709
vn 0.75858 -0.641604 0.11358
vn 0.533769 -0.839247 0.103709
vn 0.477127 -0.659909 0.580406
vn 0.75858 -0.641604 0.11358
vn 0.477127 -0.659909 0.580406
vn 0.897269 -0.429202 0.103411
vn 0.75858 -0.641604 0.11358
vn 0.75858 -0.641604 0.11358
vn 0.90555 -0.404805 -0.126933
vn 0.841575 -0.539427 -0.027769
vn -0.897269 -0.429202 0.103411
vn -0.477127 -0.659909 0.580406
vn -0.75858 -0.641604 0.11358
vn -0.477127 -0.659909 0.580406
vn -0.533769 -0.839247 0.103709
vn -0.75858 -0.641604 0.11358
vn -0.533769 -0.839247 0.103709
vn -0.841575 -0.539427 -0.027769
vn -0.75858 -0.641604 0.11358
vn -0.75858 -0.641604 0.11358
vn -0.90555 -0.404805 -0.126933
vn -0.897269 -0.429202 0.103411
vn 0.477127 -0.659909 0.580406
vn -0.06406 -0.939784 0.335712
vn 0.048835 -0.289295 0.955993
vn 0.048835 -0.289295 0.955993
vn 0.062838 -0.93665 0.344583
vn 0.26133 -0.360815 0.895276
vn 0.26133 -0.360815 0.895276
vn 0.171777 0.507656 0.844262
vn 0.048835 -0.289295 0.955993
vn 0.048835 -0.289295 0.955993
vn 0.709416 0.148573 0.688952
vn 0.477127 -0.659909 0.580406
vn -0.171777 0.507656 0.844262
vn -0.26133 -0.360815 0.895276
vn -0.048835 -0.289295 0.955993
vn -0.048835 -0.289295 0.955993
vn -0.062838 -0.93665 0.344583
vn 0.06406 -0.939784 0.335712
vn 0.06406 -0.939784 0.335712
vn -0.477127 -0.659909 0.580406
vn -0.048835 -0.289295 0.955993
vn -0.048835 -0.289295 0.955993
vn -0.709416 0.148573 0.688952
vn -0.171777 0.507656 0.844262
vn 0.944333 -0.3232 -0.06146
vn 0.981427 -0.134858 0.136432
vn 0.905189 -0.409171 0.114944
vn 0.905189 -0.409171 0.114944
vn 0.841575 -0.539427 -0.027769
vn 0.944333 -0.3232 -0.06146
vn 0.944333 -0.3232 -0.06146
vn 0.90555 -0.404805 -0.126933
vn 0.936177 -0.328745 -0.124497
vn 0.936177 -0.328745 -0.124497
vn 0.991099 -0.113073 0.070269
vn 0.944333 -0.3232 -0.06146
vn -0.944333 -0.3232 -0.06146
vn -0.90555 -0.404805 -0.126933
vn -0.841575 -0.539427 -0.027769
vn -0.841575 -0.539427 -0.027769
vn -0.905189 -0.409171 0.114944
vn -0.944333 -0.3232 -0.06146
vn -0.944333 -0.3232 -0.06146
vn -0.981427 -0.134858 0.136432
vn -0.991099 -0.113073 0.070269
vn -0.991099 -0.113073 0.070269
vn -0.936177 -0.328745 -0.124497
vn -0.944333 -0.3232 -0.06146
vn 0.180375 0.465381 0.866536
vn 0.831832 0.534267 0.15038
vn 0.829114 0.077177 0.553726
vn 0.829114 0.077177 0.553726
vn 0.491811 -0.19646 0.848249
vn 0.180375 0.465381 0.866536
vn 0.180375 0.465381 0.866536
vn 0.515763 -0.129164 0.846939
vn 0.050988 0.49481 0.867504
vn 0.050988 0.49481 0.867504
vn -0.339203 0.912268 0.229583
vn 0.180375 0.465381 0.866536
vn -0.180375 0.465381 0.866536
vn -0.515763 -0.129164 0.846939
vn -0.491811 -0.19646 0.848249
vn -0.491811 -0.19646 0.848249
vn -0.829114 0.077177 0.553726
vn -0.180375 0.465381 0.866536
vn -0.180375 0.465381 0.866536
vn -0.831832 0.534267 0.15038
vn 0.339203 0.912268 0.229583
vn 0.339203 0.912268 0.229583
vn -0.050988 0.49481 0.867504
vn -0.180375 0.465381 0.866536
vn 0.13938 0.83808 0.527443
vn 0.353415 0.311637 0.882032
vn 0.281174 0.713398 0.641876
vn 0.281174 0.713398 0.641876
vn 0.107723 0.955613 0.274226
vn 0.13938 0.83808 0.527443
vn 0.107723 0.955613 0.274226
vn 0.465068 0.673761 0.574246
vn 0.13938 0.83808 0.527443
vn 0.465068 0.673761 0.574246
vn 0.171777 0.507656 0.844262
vn 0.13938 0.83808 0.527443
vn -0.465068 0.673761 0.574246
vn -0.107723 0.955613 0.274226
vn -0.13938 0.83808 0.527443
vn -0.107723 0.955613 0.274226
vn -0.281174 0.713398 0.641876
vn -0.13938 0.83808 0.527443
vn -0.13938 0.83808 0.527443
vn -0.353415 0.311637 0.882032
vn -0.171777 0.507656 0.844262
vn -0.171777 0.507656 0.844262
vn -0.465068 0.673761 0.574246
vn -0.13938 0.83808 0.527443
vn 0.808398 -0.008196 0.588579
vn 0.696726 0.1583 0.699653
vn 0.71207 0.236624 0.661034
vn 0.71207 0.236624 0.661034
vn 0.941413 -0.107428 0.319688
vn 0.875772 0.017107 0.482421
vn 0.875772 0.017107 0.482421
vn 0.465068 0.673761 0.574246
vn 0.71207 0.236624 0.661034
vn 0.71207 0.236624 0.661034
vn 0.515469 0.747324 0.419284
vn 0.808398 -0.008196 0.588579
vn -0.465068 0.673761 0.574246
vn -0.875772 0.017107 0.482421
vn -0.71207 0.236624 0.661034
vn -0.71207 0.236624 0.661034
vn -0.941413 -0.107428 0.319688
vn -0.696726 0.1583 0.699653
vn -0.696726 0.1583 0.699653
vn -0.808398 -0.008196 0.588579
vn -0.71207 0.236624 0.661034
vn -0.71207 0.236624 0.661034
vn -0.515469 0.747324 0.419284
vn -0.465068 0.673761 0.574246
vn 0.616394 0.38843 0.684968
vn 0.926188 0.038834 0.375058
vn 0.904778 0.013866 0.425658
vn 0.904778 0.013866 0.425658
vn 0.696726 0.1583 0.699653
vn 0.616394 0.38843 0.684968
vn 0.616394 0.38843 0.684968
vn 0.754079 -0.044872 0.655249
vn 0.687884 0.3359 0.643418
vn 0.616394 0.38843 0.684968
vn 0.543788 0.653948 0.525972
vn 0.581367 0.638325 0.504533
vn -0.616394 0.38843 0.684968
vn -0.754079 -0.044872 0.655249
vn -0.696726 0.1583 0.699653
vn -0.696726 0.1583 0.699653
vn -0.904778 0.013866 0.425658
vn -0.616394 0.38843 0.684968
vn -0.616394 0.38843 0.684968
vn -0.926188 0.038834 0.375058
vn -0.581367 0.638325 0.504533
vn -0.616394 0.38843 0.684968
vn -0.543788 0.653948 0.525973
vn -0.687884 0.3359 0.643418
vn 0.794172 -0.546608 0.265538
vn 0.75734 -0.492843 0.428418
vn 0.861739 -0.448227 0.237692
vn 0.75734 -0.492843 0.428418
vn 0.908026 -0.406095 0.102843
vn 0.861739 -0.448227 0.237692
vn 0.908026 -0.406095 0.102843
vn 0.904778 0.013866 0.425658
vn 0.861739 -0.448227 0.237692
vn 0.861739 -0.448227 0.237692
vn 0.926188 0.038834 0.375058
vn 0.794172 -0.546608 0.265538
vn -0.904778 0.013866 0.425658
vn -0.908026 -0.406095 0.102843
vn -0.861739 -0.448227 0.237692
vn -0.908026 -0.406095 0.102843
vn -0.75734 -0.492843 0.428418
vn -0.861739 -0.448227 0.237692
vn -0.75734 -0.492843 0.428418
vn -0.794172 -0.546608 0.265538
vn -0.861739 -0.448227 0.237692
vn -0.861739 -0.448227 0.237692
vn -0.926188 0.038834 0.375058
vn -0.904778 0.013866 0.425658
vn 0.618647 -0.403652 0.674048
vn 0.834805 -0.368395 0.409127
vn 0.686874 -0.432847 0.583822
vn 0.686874 -0.432847 0.583822
vn 0.87951 -0.414014 0.234638
vn 0.75734 -0.492843 0.428418
vn 0.75734 -0.492843 0.428418
vn 0.697965 -0.536683 0.474148
vn 0.686874 -0.432847 0.583822
vn 0.686874 -0.432847 0.583822
vn 0.693172 -0.511782 0.507535
vn 0.618647 -0.403652 0.674048
vn -0.697965 -0.536683 0.474148
vn -0.75734 -0.492843 0.428418
vn -0.686874 -0.432847 0.583822
vn -0.686874 -0.432847 0.583822
vn -0.87951 -0.414014 0.234638
vn -0.834805 -0.368395 0.409127
vn -0.834805 -0.368395 0.409127
vn -0.618647 -0.403652 0.674048
vn -0.686874 -0.432847 0.583822
vn -0.686874 -0.432847 0.583822
vn -0.693172 -0.511782 0.507535
vn -0.697965 -0.536683 0.474148
vn 0.599174 -0.410069 0.687629
vn 0.515763 -0.129164 0.846939
vn 0.491811 -0.19646 0.848249
vn 0.599174 -0.410069 0.687629
vn 0.697688 -0.282529 0.658338
vn 0.618647 -0.403652 0.674048
vn 0.618647 -0.403652 0.674048
vn 0.69441 -0.520938 0.496405
vn 0.599174 -0.410069 0.687629
vn 0.69441 -0.520938 0.496405
vn 0.656669 -0.404369 0.636609
vn 0.599174 -0.410069 0.687629
vn -0.69441 -0.520938 0.496405
vn -0.618647 -0.403652 0.674048
vn -0.599174 -0.410069 0.687629
vn -0.599174 -0.410069 0.687629
vn -0.697688 -0.282529 0.658338
vn -0.491811 -0.19646 0.848249
vn -0.599174 -0.410069 0.687629
vn -0.515763 -0.129164 0.846939
vn -0.656669 -0.404369 0.636609
vn -0.656669 -0.404369 0.636609
vn -0.69441 -0.520938 0.496405
vn -0.599174 -0.410069 0.687629
vn 0.968334 -0.195183 0.15567
vn 0.996339 -0.084213 0.014748
vn 0.944407 -0.328374 0.016287
vn 0.944407 -0.328374 0.016287
vn 0.834805 -0.368395 0.409127
vn 0.968334 -0.195183 0.15567
vn 0.968334 -0.195183 0.15567
vn 0.697688 -0.282529 0.658338
vn 0.829114 0.077177 0.553726
vn 0.829114 0.077177 0.553726
vn 0.99395 0.10589 -0.029157
vn 0.968334 -0.195183 0.15567
vn -0.968334 -0.195183 0.15567
vn -0.697688 -0.282529 0.658338
vn -0.834805 -0.368395 0.409127
vn -0.834805 -0.368395 0.409127
vn -0.944407 -0.328374 0.016287
vn -0.968334 -0.195183 0.15567
vn -0.968334 -0.195183 0.15567
vn -0.996339 -0.084213 0.014748
vn -0.99395 0.10589 -0.029157
vn -0.99395 0.10589 -0.029157
vn -0.829114 0.077177 0.553726
vn -0.968334 -0.195183 0.15567
vn 0.944407 -0.328374 0.016287
vn 0.936177 -0.328745 -0.124497
vn 0.915501 -0.393689 -0.082869
vn 0.915501 -0.393689 -0.082869
vn 0.90555 -0.404805 -0.126933
vn 0.944423 -0.325366 -0.046925
vn 0.944423 -0.325366 -0.046925
vn 0.908026 -0.406095 0.102843
vn 0.915501 -0.393689 -0.082869
vn 0.915501 -0.393689 -0.082869
vn 0.87951 -0.414014 0.234638
vn 0.944407 -0.328374 0.016287
vn -0.908026 -0.406095 0.102843
vn -0.944423 -0.325366 -0.046925
vn -0.915501 -0.393689 -0.082869
vn -0.915501 -0.393689 -0.082869
vn -0.90555 -0.404805 -0.126933
vn -0.936177 -0.328745 -0.124497
vn -0.936177 -0.328745 -0.124497
vn -0.944407 -0.328374 0.016287
vn -0.915501 -0.393689 -0.082869
vn -0.915501 -0.393689 -0.082869
vn -0.87951 -0.414014 0.234638
vn -0.908026 -0.406095 0.102843
vn 0.964029 -0.226871 0.138483
vn 0.90555 -0.404805 -0.126933
vn 0.897269 -0.429202 0.103411
vn 0.964029 -0.226871 0.138483
vn 0.709416 0.148573 0.688952
vn 0.875772 0.017107 0.482421
vn 0.875772 0.017107 0.482421
vn 0.944423 -0.325366 -0.046925
vn 0.964029 -0.226871 0.138483
vn -0.944423 -0.325366 -0.046925
vn -0.875772 0.017107 0.482421
vn -0.964029 -0.226871 0.138483
vn -0.964029 -0.226871 0.138483
vn -0.709416 0.148573 0.688952
vn -0.897269 -0.429202 0.103411
vn -0.964029 -0.226871 0.138483
vn -0.90555 -0.404805 -0.126933
vn -0.944423 -0.325366 -0.046925
vn 0.708557 -0.55049 0.441483
vn 0.700983 -0.531977 0.474998
vn 0.69441 -0.520938 0.496405
vn 0.69441 -0.520938 0.496405
vn 0.717023 -0.555324 0.4213
vn 0.708557 -0.55049 0.441483
vn 0.708557 -0.55049 0.441483
vn 0.582856 -0.376573 0.72005
vn 0.612439 -0.347556 0.710016
vn 0.612439 -0.347556 0.710016
vn 0.690454 -0.546899 0.473471
vn 0.708557 -0.55049 0.441483
vn -0.708557 -0.55049 0.441483
vn -0.582856 -0.376573 0.72005
vn -0.717023 -0.555324 0.4213
vn -0.717023 -0.555324 0.4213
vn -0.69441 -0.520938 0.496405
vn -0.708557 -0.55049 0.441483
vn -0.708557 -0.55049 0.441483
vn -0.700983 -0.531977 0.474998
vn -0.690454 -0.546899 0.473471
vn -0.690454 -0.546899 0.473471
vn -0.612439 -0.347556 0.710016
vn -0.708557 -0.55049 0.441483
vn 0.717023 -0.555324 0.4213
vn 0.697965 -0.536683 0.474148
vn 0.705592 -0.573292 0.416505
vn 0.705592 -0.573292 0.416505
vn 0.699176 -0.597486 0.392636
vn 0.677779 -0.613005 0.406006
vn 0.677779 -0.613005 0.406006
vn 0.526207 -0.402196 0.749229
vn 0.705592 -0.573292 0.416505
vn 0.705592 -0.573292 0.416505
vn 0.582856 -0.376573 0.72005
vn 0.717023 -0.555324 0.4213
vn -0.526207 -0.402196 0.749229
vn -0.677779 -0.613005 0.406006
vn -0.705592 -0.573292 0.416505
vn -0.705592 -0.573292 0.416505
vn -0.699176 -0.597486 0.392636
vn -0.697965 -0.536683 0.474148
vn -0.697965 -0.536683 0.474148
vn -0.717023 -0.555324 0.4213
vn -0.705592 -0.573292 0.416505
vn -0.705592 -0.573292 0.416505
vn -0.582856 -0.376573 0.72005
vn -0.526207 -0.402196 0.749229
vn 0.731283 -0.572053 0.371457
vn 0.699176 -0.597486 0.392636
vn 0.794172 -0.546608 0.265538
vn 0.794172 -0.546608 0.265538
vn 0.866452 0.050616 0.496689
vn 0.731283 -0.572053 0.371457
vn 0.731283 -0.572053 0.371457
vn 0.630954 -0.061491 0.77338
vn 0.506352 -0.346496 0.789651
vn 0.506352 -0.346496 0.789651
vn 0.677779 -0.613005 0.406006
vn 0.731283 -0.572053 0.371457
vn -0.731283 -0.572053 0.371457
vn -0.630954 -0.061491 0.77338
vn -0.866452 0.050616 0.496689
vn -0.866452 0.050616 0.496689
vn -0.794172 -0.546608 0.265538
vn -0.731283 -0.572053 0.371457
vn -0.731283 -0.572053 0.371457
vn -0.699176 -0.597486 0.392636
vn -0.677779 -0.613005 0.406006
vn -0.677779 -0.613005 0.406006
vn -0.506352 -0.346496 0.789651
vn -0.731283 -0.572053 0.371457
vn 0.866452 0.050616 0.496689
vn 0.581367 0.638325 0.504533
vn 0.561644 0.681489 0.469178
vn 0.561644 0.681489 0.469178
vn 0.543788 0.653948 0.525972
vn 0.584029 0.667309 0.462179
vn 0.584029 0.667309 0.462179
vn 0.450838 0.388168 0.803785
vn 0.561644 0.681489 0.469178
vn 0.561644 0.681489 0.469178
vn 0.630954 -0.061491 0.77338
vn 0.866452 0.050616 0.496689
vn -0.450838 0.388168 0.803785
vn -0.584029 0.667309 0.462179
vn -0.561644 0.681489 0.469178
vn -0.561644 0.681489 0.469178
vn -0.543788 0.653948 0.525973
vn -0.581367 0.638325 0.504533
vn -0.581367 0.638325 0.504533
vn -0.866452 0.050616 0.496689
vn -0.561644 0.681489 0.469178
vn -0.561644 0.681489 0.469178
vn -0.630954 -0.061491 0.77338
vn -0.450838 0.388168 0.803785
vn 0.584029 0.667309 0.462179
vn 0.687884 0.3359 0.643418
vn 0.799635 0.296946 0.521925
vn 0.799635 0.296946 0.521925
vn 0.754079 -0.044872 0.655249
vn 0.829576 -0.157303 0.53578
vn 0.799635 0.296946 0.521925
vn 0.415083 0.121261 0.901666
vn 0.51116 0.221969 0.830329
vn 0.799635 0.296946 0.521925
vn 0.429326 0.392187 0.813553
vn 0.584029 0.667309 0.462179
vn -0.799635 0.296946 0.521925
vn -0.415083 0.121261 0.901666
vn -0.829576 -0.157303 0.53578
vn -0.799635 0.296946 0.521925
vn -0.754079 -0.044872 0.655249
vn -0.687884 0.3359 0.643418
vn -0.687884 0.3359 0.643418
vn -0.584029 0.667309 0.462179
vn -0.799635 0.296946 0.521925
vn -0.799635 0.296946 0.521925
vn -0.429326 0.392187 0.813553
vn -0.51116 0.221969 0.830329
vn 0.796216 -0.056373 0.60238
vn 0.754079 -0.044872 0.655249
vn 0.808398 -0.008196 0.588579
vn 0.808398 -0.008196 0.588579
vn 0.567895 0.651725 0.502742
vn 0.796216 -0.056373 0.60238
vn 0.796216 -0.056373 0.60238
vn 0.208428 0.747987 0.630138
vn 0.395947 0.29437 0.869812
vn 0.395947 0.29437 0.869812
vn 0.829576 -0.157303 0.53578
vn 0.796216 -0.056373 0.60238
vn -0.796216 -0.056373 0.60238
vn -0.208428 0.747987 0.630138
vn -0.567895 0.651725 0.502742
vn -0.567895 0.651725 0.502742
vn -0.808398 -0.008196 0.588579
vn -0.796216 -0.056373 0.60238
vn -0.796216 -0.056373 0.60238
vn -0.754079 -0.044872 0.655249
vn -0.829576 -0.157303 0.53578
vn -0.829576 -0.157303 0.53578
vn -0.395947 0.29437 0.869812
vn -0.796216 -0.056373 0.60238
vn 0.028852 0.972868 0.229553
vn 0.515469 0.747324 0.419284
vn 0.107723 0.955613 0.274226
vn 0.028852 0.972868 0.229553
vn 0.135796 0.91082 0.389829
vn 0.037302 0.950287 0.309132
vn 0.037302 0.950287 0.309132
vn -0.118247 0.875372 0.468766
vn 0.028852 0.972868 0.229553
vn -0.118247 0.875372 0.468766
vn 0.567895 0.651725 0.502742
vn 0.028852 0.972868 0.229553
vn 0.118247 0.875372 0.468766
vn -0.037302 0.950287 0.309132
vn -0.028852 0.972868 0.229553
vn -0.028852 0.972868 0.229553
vn -0.135796 0.91082 0.389829
vn -0.107723 0.955613 0.274226
vn -0.028852 0.972868 0.229553
vn -0.515469 0.747324 0.419284
vn -0.567895 0.651725 0.502742
vn -0.567895 0.651725 0.502742
vn 0.118247 0.875372 0.468766
vn -0.028852 0.972868 0.229553
vn 0.6363 -0.563613 0.526747
vn 0.529252 -0.655091 0.53921
vn 0.649134 -0.579819 0.492377
vn 0.649134 -0.579819 0.492377
vn 0.690454 -0.546899 0.473471
vn 0.6363 -0.563613 0.526747
vn 0.6363 -0.563613 0.526747
vn 0.627282 -0.287179 0.72391
vn 0.59203 -0.20487 0.779441
vn 0.59203 -0.20487 0.779441
vn 0.521621 -0.629898 0.575448
vn 0.6363 -0.563613 0.526747
vn -0.6363 -0.563613 0.526747
vn -0.627282 -0.287179 0.72391
vn -0.690454 -0.546899 0.473471
vn -0.690454 -0.546899 0.473471
vn -0.649134 -0.579819 0.492377
vn -0.6363 -0.563613 0.526747
vn -0.6363 -0.563613 0.526747
vn -0.529252 -0.655091 0.539211
vn -0.521621 -0.629898 0.575448
vn -0.521621 -0.629898 0.575448
vn -0.59203 -0.20487 0.779441
vn -0.6363 -0.563613 0.526747
vn 0.308156 -0.754839 0.579015
vn -0.095043 -0.749893 0.654696
vn 0.344937 -0.716068 0.606848
vn 0.344937 -0.716068 0.606848
vn 0.521621 -0.629898 0.575448
vn 0.308156 -0.754839 0.579015
vn 0.308156 -0.754839 0.579015
vn 0.515345 -0.16686 0.840582
vn 0.397559 -0.26875 0.877337
vn 0.397559 -0.26875 0.877337
vn -0.183738 -0.740157 0.646844
vn 0.308156 -0.754839 0.579015
vn -0.308156 -0.754839 0.579015
vn -0.515345 -0.16686 0.840582
vn -0.521621 -0.629898 0.575448
vn -0.521621 -0.629898 0.575448
vn -0.344937 -0.716068 0.606848
vn -0.308156 -0.754839 0.579015
vn -0.308156 -0.754839 0.579015
vn 0.095043 -0.749893 0.654696
vn 0.183738 -0.740157 0.646844
vn 0.183738 -0.740157 0.646844
vn -0.397559 -0.26875 0.877337
vn -0.308156 -0.754839 0.579015
vn -0.681662 -0.463545 0.566094
vn -0.991198 -0.076895 0.107768
vn -0.738897 -0.526792 0.420144
vn -0.738897 -0.526792 0.420144
vn -0.183738 -0.740157 0.646844
vn -0.681662 -0.463545 0.566094
vn -0.681662 -0.463545 0.566094
vn 0.218181 -0.18833 0.957564
vn 0.057565 -0.065642 0.996181
vn 0.057565 -0.065642 0.996181
vn -0.899846 -0.071092 0.430375
vn -0.681662 -0.463545 0.566094
vn 0.681662 -0.463545 0.566094
vn -0.218181 -0.18833 0.957564
vn 0.183738 -0.740157 0.646844
vn 0.183738 -0.740157 0.646844
vn 0.738897 -0.526792 0.420144
vn 0.681662 -0.463545 0.566094
vn 0.681662 -0.463545 0.566094
vn 0.991198 -0.076895 0.107768
vn 0.899846 -0.071092 0.430375
vn 0.899846 -0.071092 0.430375
vn -0.057566 -0.065642 0.996181
vn 0.681662 -0.463545 0.566094
vn -0.625829 0.616105 0.478281
vn -0.95286 0.302187 -0.027229
vn -0.844788 0.305628 0.439233
vn -0.95286 0.302187 -0.027229
vn -0.899846 -0.071092 0.430375
vn -0.844788 0.305628 0.439233
vn -0.844788 0.305628 0.439233
vn -0.013244 0.012653 0.999832
vn 0.076518 0.058781 0.995334
vn 0.076518 0.058781 0.995334
vn -0.625829 0.616105 0.478281
vn -0.844788 0.305628 0.439233
vn 0.844788 0.305628 0.439233
vn 0.013244 0.012653 0.999832
vn 0.899846 -0.071092 0.430375
vn 0.899846 -0.071092 0.430375
vn 0.95286 0.302187 -0.027229
vn 0.844788 0.305628 0.439233
vn 0.95286 0.302187 -0.027229
vn 0.625829 0.616105 0.478281
vn 0.844788 0.305628 0.439233
vn 0.625829 0.616105 0.478281
vn -0.076518 0.058781 0.995334
vn 0.844788 0.305628 0.439233
vn -0.036283 0.903638 0.426757
vn -0.489425 0.859022 0.150147
vn -0.328968 0.821008 0.466612
vn -0.328968 0.821008 0.466612
vn -0.778425 0.627596 0.013307
vn -0.625829 0.616105 0.478281
vn -0.625829 0.616105 0.478281
vn 0.254584 0.249924 0.934198
vn -0.328968 0.821008 0.466612
vn -0.328968 0.821008 0.466612
vn 0.37576 0.393397 0.839073
vn -0.036283 0.903638 0.426757
vn -0.254584 0.249924 0.934198
vn 0.625829 0.616105 0.478281
vn 0.328968 0.821008 0.466612
vn 0.328968 0.821008 0.466612
vn 0.778425 0.627596 0.013307
vn 0.489425 0.859022 0.150147
vn 0.489425 0.859022 0.150147
vn 0.036283 0.903638 0.426756
vn 0.328968 0.821008 0.466612
vn 0.328968 0.821008 0.466612
vn -0.37576 0.393397 0.839073
vn -0.254584 0.249924 0.934198
vn 0.037302 0.950287 0.309132
vn 0.130542 0.918085 0.374271
vn 0.121139 0.915526 0.383584
vn 0.121139 0.915526 0.383584
vn -0.155473 0.950568 0.268791
vn -0.036283 0.903638 0.426757
vn -0.036283 0.903638 0.426757
vn 0.426359 0.539301 0.726204
vn 0.121139 0.915526 0.383584
vn 0.121139 0.915526 0.383584
vn 0.105406 0.792654 0.600491
vn 0.037302 0.950287 0.309132
vn -0.426359 0.539301 0.726204
vn 0.036283 0.903638 0.426756
vn -0.121139 0.915526 0.383584
vn -0.121139 0.915526 0.383584
vn 0.155473 0.950568 0.268791
vn -0.130542 0.918085 0.374271
vn -0.130542 0.918085 0.374271
vn -0.037302 0.950287 0.309132
vn -0.121139 0.915526 0.383584
vn -0.121139 0.915526 0.383584
vn -0.105406 0.792654 0.600491
vn -0.426359 0.539301 0.726204
vn 0.185398 0.081885 0.979246
vn 0.51116 0.221969 0.830329
vn 0.195258 0.116942 0.973755
vn 0.51116 0.221969 0.830329
vn 0.079982 0.286664 0.954687
vn 0.195258 0.116942 0.973755
vn 0.195258 0.116942 0.973755
vn 0.259195 0.218243 0.940844
vn 0.227542 0.090344 0.969568
vn 0.195258 0.116942 0.973755
vn 0.200184 0.009952 0.979708
vn 0.185398 0.081885 0.979246
vn -0.195258 0.116942 0.973755
vn -0.259195 0.218243 0.940844
vn -0.079982 0.286664 0.954687
vn -0.079982 0.286664 0.954687
vn -0.51116 0.221969 0.830329
vn -0.195258 0.116942 0.973755
vn -0.51116 0.221969 0.830329
vn -0.185398 0.081885 0.979246
vn -0.195258 0.116942 0.973755
vn -0.195258 0.116942 0.973755
vn -0.200184 0.009952 0.979708
vn -0.227542 0.090344 0.969568
vn 0.293007 -0.000223 0.95611
vn 0.227542 0.090344 0.969568
vn 0.337742 0.033661 0.940637
vn 0.227542 0.090344 0.969568
vn 0.421493 0.067396 0.904324
vn 0.337742 0.033661 0.940637
vn 0.337742 0.033661 0.940637
vn 0.449026 -0.056123 0.891754
vn 0.380478 -0.019809 0.924578
vn 0.337742 0.033661 0.940637
vn 0.351957 -0.01031 0.93596
vn 0.293007 -0.000223 0.95611
vn -0.337742 0.033661 0.940637
vn -0.449026 -0.056123 0.891754
vn -0.421493 0.067396 0.904324
vn -0.421493 0.067396 0.904324
vn -0.227542 0.090344 0.969568
vn -0.337742 0.033661 0.940637
vn -0.227542 0.090344 0.969568
vn -0.293007 -0.000223 0.95611
vn -0.337742 0.033661 0.940637
vn -0.337742 0.033661 0.940637
vn -0.351957 -0.01031 0.93596
vn -0.380478 -0.019809 0.924578
vn 0.361391 -0.03302 0.93183
vn 0.351957 -0.01031 0.93596
vn 0.380478 -0.019809 0.924578
vn 0.380478 -0.019809 0.924578
vn 0.418775 -0.110911 0.901291
vn 0.361391 -0.03302 0.93183
vn 0.418775 -0.110911 0.901291
vn 0.301182 -0.039669 0.952741
vn 0.361391 -0.03302 0.93183
vn 0.361391 -0.03302 0.93183
vn 0.324108 0.041604 0.945105
vn 0.363964 -0.00246 0.93141
vn -0.301182 -0.039669 0.952741
vn -0.418775 -0.110911 0.901291
vn -0.361391 -0.03302 0.93183
vn -0.418775 -0.110911 0.901291
vn -0.380478 -0.019809 0.924578
vn -0.361391 -0.03302 0.93183
vn -0.361391 -0.03302 0.93183
vn -0.351957 -0.01031 0.93596
vn -0.363964 -0.00246 0.93141
vn -0.361391 -0.03302 0.93183
vn -0.324108 0.041604 0.945105
vn -0.301182 -0.039669 0.952741
vn 0.290712 0.167819 0.941978
vn 0.301182 -0.039669 0.952741
vn 0.304021 0.014407 0.952556
vn 0.304021 0.014407 0.952556
vn 0.373844 -0.166566 0.912412
vn 0.410691 -0.140877 0.900826
vn 0.410691 -0.140877 0.900826
vn 0.433504 0.129943 0.891734
vn 0.304021 0.014407 0.952556
vn 0.304021 0.014407 0.952556
vn 0.35762 0.310007 0.88091
vn 0.290712 0.167819 0.941978
vn -0.433504 0.129943 0.891734
vn -0.410691 -0.140877 0.900826
vn -0.304021 0.014407 0.952556
vn -0.304021 0.014407 0.952556
vn -0.373844 -0.166566 0.912412
vn -0.301182 -0.039669 0.952741
vn -0.301182 -0.039669 0.952741
vn -0.290712 0.167819 0.941978
vn -0.304021 0.014407 0.952556
vn -0.304021 0.014407 0.952556
vn -0.35762 0.310007 0.88091
vn -0.433504 0.129943 0.891734
vn 0.403584 0.17137 0.89875
vn 0.515345 -0.16686 0.840582
vn 0.59203 -0.20487 0.779441
vn 0.59203 -0.20487 0.779441
vn 0.451899 0.007459 0.892038
vn 0.403584 0.17137 0.89875
vn 0.403584 0.17137 0.89875
vn 0.324108 0.041604 0.945105
vn 0.290712 0.167819 0.941978
vn 0.290712 0.167819 0.941978
vn 0.36527 0.331084 0.870035
vn 0.403584 0.17137 0.89875
vn -0.403584 0.17137 0.898751
vn -0.324108 0.041604 0.945105
vn -0.451899 0.007459 0.892038
vn -0.451899 0.007459 0.892038
vn -0.59203 -0.20487 0.779441
vn -0.403584 0.17137 0.898751
vn -0.403584 0.17137 0.898751
vn -0.515345 -0.16686 0.840582
vn -0.36527 0.331084 0.870035
vn -0.36527 0.331084 0.870035
vn -0.290712 0.167819 0.941978
vn -0.403584 0.17137 0.898751
vn 0.612439 -0.347556 0.710016
vn 0.391764 -0.107671 0.913744
vn 0.44127 -0.077951 0.893982
vn 0.44127 -0.077951 0.893982
vn 0.351957 -0.01031 0.93596
vn 0.363964 -0.00246 0.93141
vn 0.363964 -0.00246 0.93141
vn 0.451899 0.007459 0.892038
vn 0.44127 -0.077951 0.893982
vn 0.44127 -0.077951 0.893982
vn 0.627282 -0.287179 0.72391
vn 0.612439 -0.347556 0.710016
vn -0.451899 0.007459 0.892038
vn -0.363964 -0.00246 0.93141
vn -0.44127 -0.077951 0.893982
vn -0.44127 -0.077951 0.893982
vn -0.351957 -0.01031 0.93596
vn -0.391764 -0.107671 0.913744
vn -0.391764 -0.107671 0.913744
vn -0.612439 -0.347556 0.710016
vn -0.44127 -0.077951 0.893982
vn -0.44127 -0.077951 0.893982
vn -0.627282 -0.287179 0.72391
vn -0.451899 0.007459 0.892038
vn 0.300406 -0.112841 0.947113
vn 0.582856 -0.376573 0.72005
vn 0.526207 -0.402196 0.749229
vn 0.300406 -0.112841 0.947113
vn 0.474239 -0.403522 0.782475
vn 0.211283 -0.088269 0.973431
vn 0.300406 -0.112841 0.947113
vn 0.200184 0.009952 0.979708
vn 0.293007 -0.000223 0.95611
vn 0.293007 -0.000223 0.95611
vn 0.391764 -0.107671 0.913744
vn 0.300406 -0.112841 0.947113
vn -0.300406 -0.112841 0.947113
vn -0.200184 0.009952 0.979708
vn -0.211283 -0.088269 0.973431
vn -0.300406 -0.112841 0.947113
vn -0.474239 -0.403522 0.782475
vn -0.526207 -0.402196 0.749229
vn -0.300406 -0.112841 0.947113
vn -0.582856 -0.376573 0.72005
vn -0.391764 -0.107671 0.913744
vn -0.391764 -0.107671 0.913744
vn -0.293007 -0.000223 0.95611
vn -0.300406 -0.112841 0.947113
vn 0.192434 -0.012158 0.981234
vn 0.429326 0.392187 0.813553
vn 0.185398 0.081885 0.979246
vn 0.185398 0.081885 0.979246
vn 0.211283 -0.088269 0.973431
vn 0.192434 -0.012158 0.981234
vn 0.192434 -0.012158 0.981234
vn 0.474239 -0.403522 0.782475
vn 0.506352 -0.346496 0.789651
vn 0.506352 -0.346496 0.789651
vn 0.450838 0.388168 0.803785
vn 0.192434 -0.012158 0.981234
vn -0.192434 -0.012158 0.981234
vn -0.474239 -0.403522 0.782475
vn -0.211283 -0.088269 0.973431
vn -0.211283 -0.088269 0.973431
vn -0.185398 0.081885 0.979246
vn -0.192434 -0.012158 0.981234
vn -0.192434 -0.012158 0.981234
vn -0.429326 0.392187 0.813553
vn -0.450838 0.388168 0.803785
vn -0.450838 0.388168 0.803785
vn -0.506352 -0.346496 0.789651
vn -0.192434 -0.012158 0.981234
vn 0.395947 0.29437 0.869812
vn -0.118247 0.875372 0.468766
vn -0.085234 0.553132 0.828722
vn -0.085234 0.553132 0.828722
vn 0.105406 0.792654 0.600491
vn 0.231729 0.41976 0.877556
vn 0.231729 0.41976 0.877556
vn 0.079982 0.286664 0.954687
vn -0.085234 0.553132 0.828722
vn -0.085234 0.553132 0.828722
vn 0.415083 0.121261 0.901666
vn 0.395947 0.29437 0.869812
vn -0.079982 0.286664 0.954687
vn -0.231729 0.41976 0.877556
vn 0.085234 0.553132 0.828722
vn 0.085234 0.553132 0.828722
vn -0.105406 0.792654 0.600491
vn 0.118247 0.875372 0.468766
vn 0.118247 0.875372 0.468766
vn -0.395947 0.29437 0.869812
vn 0.085234 0.553132 0.828722
vn 0.085234 0.553132 0.828722
vn -0.415083 0.121261 0.901666
vn -0.079982 0.286664 0.954687
vn 0.511538 0.13571 0.848476
vn 0.37576 0.393397 0.839073
vn 0.509286 -0.034565 0.859903
vn 0.509286 -0.034565 0.859903
vn 0.421493 0.067396 0.904324
vn 0.511538 0.13571 0.848476
vn 0.511538 0.13571 0.848476
vn 0.259195 0.218243 0.940844
vn 0.231729 0.41976 0.877556
vn 0.231729 0.41976 0.877556
vn 0.426359 0.539301 0.726204
vn 0.511538 0.13571 0.848476
vn -0.511538 0.13571 0.848476
vn -0.259195 0.218243 0.940844
vn -0.421493 0.067396 0.904324
vn -0.421493 0.067396 0.904324
vn -0.509286 -0.034565 0.859903
vn -0.511538 0.13571 0.848476
vn -0.511538 0.13571 0.848476
vn -0.37576 0.393397 0.839073
vn -0.426359 0.539301 0.726204
vn -0.426359 0.539301 0.726204
vn -0.231729 0.41976 0.877556
vn -0.511538 0.13571 0.848476
vn 0.254584 0.249924 0.934198
vn 0.438417 -0.177566 0.881056
vn 0.453847 -0.123227 0.882518
vn 0.453847 -0.123227 0.882518
vn 0.373844 -0.166566 0.912412
vn 0.418775 -0.110911 0.901291
vn 0.418775 -0.110911 0.901291
vn 0.509286 -0.034565 0.859903
vn 0.453847 -0.123227 0.882518
vn 0.453847 -0.123227 0.882518
vn 0.37576 0.393397 0.839073
vn 0.254584 0.249924 0.934198
vn -0.509286 -0.034565 0.859903
vn -0.418775 -0.110911 0.901291
vn -0.453847 -0.123227 0.882518
vn -0.453847 -0.123227 0.882518
vn -0.373844 -0.166566 0.912412
vn -0.438417 -0.177566 0.881057
vn -0.438417 -0.177566 0.881057
vn -0.254584 0.249924 0.934198
vn -0.453847 -0.123227 0.882518
vn -0.453847 -0.123227 0.882518
vn -0.37576 0.393397 0.839073
vn -0.509286 -0.034565 0.859903
vn 0.076518 0.058781 0.995334
vn 0.518288 0.016196 0.855053
vn 0.48504 -0.14255 0.862795
vn 0.48504 -0.14255 0.862795
vn 0.50373 -0.020985 0.863606
vn 0.410691 -0.140877 0.900826
vn 0.410691 -0.140877 0.900826
vn 0.438417 -0.177566 0.881056
vn 0.48504 -0.14255 0.862795
vn 0.48504 -0.14255 0.862795
vn 0.168241 0.122983 0.978044
vn 0.076518 0.058781 0.995334
vn -0.438417 -0.177566 0.881057
vn -0.410691 -0.140877 0.900826
vn -0.48504 -0.14255 0.862795
vn -0.48504 -0.14255 0.862795
vn -0.50373 -0.020985 0.863606
vn -0.518288 0.016196 0.855053
vn -0.518288 0.016196 0.855053
vn -0.076518 0.058781 0.995334
vn -0.48504 -0.14255 0.862795
vn -0.48504 -0.14255 0.862795
vn -0.168241 0.122983 0.978044
vn -0.438417 -0.177566 0.881057
vn 0.493673 0.200925 0.846118
vn 0.218181 -0.18833 0.957564
vn 0.426104 0.324048 0.844647
vn 0.426104 0.324048 0.844647
vn 0.433504 0.129943 0.891734
vn 0.493673 0.200925 0.846118
vn 0.493673 0.200925 0.846118
vn 0.50373 -0.020985 0.863606
vn 0.518288 0.016196 0.855053
vn 0.518288 0.016196 0.855053
vn 0.057565 -0.065642 0.996181
vn 0.493673 0.200925 0.846118
vn -0.493673 0.200925 0.846118
vn -0.50373 -0.020985 0.863606
vn -0.433504 0.129943 0.891734
vn -0.433504 0.129943 0.891734
vn -0.426104 0.324048 0.844647
vn -0.493673 0.200925 0.846118
vn -0.493673 0.200925 0.846118
vn -0.218181 -0.18833 0.957564
vn -0.057566 -0.065642 0.996181
vn -0.057566 -0.065642 0.996181
vn -0.518288 0.016196 0.855053
vn -0.493673 0.200925 0.846118
vn 0.384028 0.347739 0.855337
vn 0.515345 -0.16686 0.840582
vn 0.36527 0.331084 0.870035
vn 0.384028 0.347739 0.855337
vn 0.35762 0.310007 0.88091
vn 0.426104 0.324048 0.844647
vn 0.426104 0.324048 0.844647
vn 0.397559 -0.26875 0.877337
vn 0.384028 0.347739 0.855337
vn -0.397559 -0.26875 0.877337
vn -0.426104 0.324048 0.844647
vn -0.384028 0.347739 0.855337
vn -0.384028 0.347739 0.855337
vn -0.35762 0.310007 0.88091
vn -0.36527 0.331084 0.870035
vn -0.384028 0.347739 0.855337
vn -0.515345 -0.16686 0.840582
vn -0.397559 -0.26875 0.877337
vn -0.027167 -0.9377 -0.346383
vn 0.476736 -0.827923 0.29541
vn 0.319545 -0.905309 0.279834
vn 0.319545 -0.905309 0.279834
vn -0.120947 -0.94618 -0.300191
vn -0.027167 -0.9377 -0.346383
vn -0.027167 -0.9377 -0.346383
vn -0.192549 -0.535355 -0.822387
vn -0.345111 -0.436241 -0.831019
vn -0.345111 -0.436241 -0.831019
vn 0.13778 -0.906218 -0.399733
vn -0.027167 -0.9377 -0.346383
vn 0.027167 -0.9377 -0.346383
vn 0.192549 -0.535355 -0.822387
vn 0.120947 -0.94618 -0.300191
vn 0.120947 -0.94618 -0.300191
vn -0.319545 -0.905309 0.279834
vn 0.027167 -0.9377 -0.346383
vn 0.027167 -0.9377 -0.346383
vn -0.476736 -0.827923 0.29541
vn -0.13778 -0.906218 -0.399733
vn -0.13778 -0.906218 -0.399733
vn 0.345111 -0.436241 -0.831019
vn 0.027167 -0.9377 -0.346383
vn 0.428068 -0.831286 -0.354572
vn 0.696375 -0.440654 0.566468
vn 0.614828 -0.674117 0.409332
vn 0.614828 -0.674117 0.409332
vn 0.13778 -0.906218 -0.399733
vn 0.428068 -0.831286 -0.354572
vn 0.428068 -0.831286 -0.354572
vn -0.223752 -0.411411 -0.883559
vn 0.03479 -0.402883 -0.91459
vn 0.03479 -0.402883 -0.91459
vn 0.736456 -0.652699 -0.177811
vn 0.428068 -0.831286 -0.354572
vn -0.428068 -0.831286 -0.354572
vn 0.223752 -0.411411 -0.883559
vn -0.13778 -0.906218 -0.399733
vn -0.13778 -0.906218 -0.399733
vn -0.614828 -0.674117 0.409332
vn -0.428068 -0.831286 -0.354572
vn -0.428068 -0.831286 -0.354572
vn -0.696375 -0.440654 0.566468
vn -0.736456 -0.652699 -0.177811
vn -0.736456 -0.652699 -0.177811
vn -0.03479 -0.402883 -0.91459
vn -0.428068 -0.831286 -0.354572
vn 0.98961 0.119982 0.079225
vn 0.722325 -0.191054 0.664639
vn 0.944773 -0.301562 0.128317
vn 0.722325 -0.191054 0.664639
vn 0.736456 -0.652699 -0.177811
vn 0.944773 -0.301562 0.128317
vn 0.944773 -0.301562 0.128317
vn 0.424179 -0.373058 -0.825167
vn 0.801741 -0.179441 -0.570098
vn 0.944773 -0.301562 0.128317
vn 0.91318 0.079298 -0.399767
vn 0.98961 0.119982 0.079225
vn -0.944773 -0.301561 0.128317
vn -0.424179 -0.373058 -0.825167
vn -0.736456 -0.652699 -0.177811
vn -0.736456 -0.652699 -0.177811
vn -0.722325 -0.191054 0.664639
vn -0.944773 -0.301561 0.128317
vn -0.722325 -0.191054 0.664639
vn -0.98961 0.119982 0.079225
vn -0.944773 -0.301561 0.128317
vn -0.944773 -0.301561 0.128317
vn -0.91318 0.079298 -0.399767
vn -0.801741 -0.179441 -0.570098
vn 0.300494 0.845373 -0.441642
vn 0.71874 0.474639 0.508066
vn 0.794625 0.586129 -0.158192
vn 0.794625 0.586129 -0.158192
vn 0.755063 0.101654 0.647724
vn 0.98961 0.119982 0.079225
vn 0.98961 0.119982 0.079225
vn 0.625571 0.343825 -0.700318
vn 0.794625 0.586129 -0.158192
vn 0.794625 0.586129 -0.158192
vn 0.104027 0.407784 -0.907133
vn 0.300494 0.845373 -0.441642
vn -0.625571 0.343824 -0.700318
vn -0.98961 0.119982 0.079225
vn -0.794625 0.586129 -0.158192
vn -0.794625 0.586129 -0.158192
vn -0.755063 0.101654 0.647724
vn -0.71874 0.474639 0.508066
vn -0.71874 0.474639 0.508066
vn -0.300494 0.845373 -0.441642
vn -0.794625 0.586129 -0.158192
vn -0.794625 0.586129 -0.158192
vn -0.104027 0.407784 -0.907133
vn -0.625571 0.343824 -0.700318
vn -0.407334 0.807788 -0.426096
vn 0.092616 0.957335 0.273737
vn -0.186647 0.858424 -0.477777
vn -0.186647 0.858424 -0.477777
vn 0.444487 0.829371 0.33849
vn 0.300494 0.845373 -0.441642
vn 0.300494 0.845373 -0.441642
vn -0.278371 0.3333 -0.900789
vn -0.186647 0.858424 -0.477777
vn -0.186647 0.858424 -0.477777
vn -0.438169 0.317087 -0.841108
vn -0.407334 0.807788 -0.426096
vn 0.278371 0.3333 -0.900789
vn -0.300494 0.845373 -0.441642
vn 0.186647 0.858424 -0.477777
vn 0.186647 0.858424 -0.477777
vn -0.444487 0.829371 0.33849
vn -0.092616 0.957335 0.273737
vn -0.092616 0.957335 0.273737
vn 0.407334 0.807788 -0.426096
vn 0.186647 0.858424 -0.477777
vn 0.186647 0.858424 -0.477777
vn 0.438169 0.317087 -0.841108
vn 0.278371 0.3333 -0.900789
vn -0.612835 0.749267 -0.25106
vn -0.278854 0.919221 0.27798
vn -0.516542 0.783508 -0.345398
vn -0.516542 0.783508 -0.345398
vn -0.129807 0.960758 0.245142
vn -0.407334 0.807788 -0.426096
vn -0.407334 0.807788 -0.426096
vn -0.517403 0.3403 -0.785169
vn -0.516542 0.783508 -0.345398
vn -0.517403 0.3403 -0.785169
vn -0.612835 0.749267 -0.25106
vn -0.516542 0.783508 -0.345398
vn 0.517403 0.3403 -0.785169
vn 0.407334 0.807788 -0.426096
vn 0.516542 0.783508 -0.345398
vn 0.516542 0.783508 -0.345398
vn 0.129807 0.960758 0.245142
vn 0.278854 0.919221 0.27798
vn 0.278854 0.919221 0.27798
vn 0.612835 0.749268 -0.25106
vn 0.516542 0.783508 -0.345398
vn 0.612835 0.749268 -0.25106
vn 0.517403 0.3403 -0.785169
vn 0.516542 0.783508 -0.345398
vn -0.517403 0.3403 -0.785169
vn -0.366184 -0.016358 -0.930398
vn -0.429064 -0.019173 -0.90307
vn -0.429064 -0.019173 -0.90307
vn -0.223752 -0.411411 -0.883559
vn -0.345111 -0.436241 -0.831019
vn -0.345111 -0.436241 -0.831019
vn -0.117129 -0.071326 -0.990552
vn -0.429064 -0.019173 -0.90307
vn -0.429064 -0.019173 -0.90307
vn -0.446603 0.429744 -0.784771
vn -0.517403 0.3403 -0.785169
vn 0.117129 -0.071326 -0.990552
vn 0.345111 -0.436241 -0.831019
vn 0.429064 -0.019173 -0.90307
vn 0.429064 -0.019173 -0.90307
vn 0.223752 -0.411411 -0.883559
vn 0.366184 -0.016358 -0.930398
vn 0.366184 -0.016358 -0.930398
vn 0.517403 0.3403 -0.785169
vn 0.429064 -0.019173 -0.90307
vn 0.429064 -0.019173 -0.90307
vn 0.446603 0.429744 -0.784771
vn 0.117129 -0.071326 -0.990552
vn -0.209629 -0.024031 -0.977486
vn -0.438169 0.317087 -0.841108
vn -0.278371 0.3333 -0.900789
vn -0.278371 0.3333 -0.900789
vn -0.01041 -0.028163 -0.999549
vn -0.209629 -0.024031 -0.977486
vn -0.209629 -0.024031 -0.977486
vn 0.424179 -0.373058 -0.825167
vn 0.03479 -0.402883 -0.91459
vn 0.03479 -0.402883 -0.91459
vn -0.366184 -0.016358 -0.930398
vn -0.209629 -0.024031 -0.977486
vn 0.209629 -0.024031 -0.977486
vn -0.424179 -0.373058 -0.825167
vn 0.01041 -0.028163 -0.999549
vn 0.01041 -0.028163 -0.999549
vn 0.278371 0.3333 -0.900789
vn 0.209629 -0.024031 -0.977486
vn 0.209629 -0.024031 -0.977486
vn 0.438169 0.317087 -0.841108
vn 0.366184 -0.016358 -0.930398
vn 0.366184 -0.016358 -0.930398
vn -0.03479 -0.402883 -0.91459
vn 0.209629 -0.024031 -0.977486
vn -0.01041 -0.028163 -0.999549
vn 0.625571 0.343825 -0.700318
vn 0.447559 0.046569 -0.893041
vn 0.447559 0.046569 -0.893041
vn 0.91318 0.079298 -0.399767
vn 0.801741 -0.179441 -0.570098
vn 0.801741 -0.179441 -0.570098
vn -0.01041 -0.028163 -0.999549
vn 0.447559 0.046569 -0.893041
vn 0.01041 -0.028163 -0.999549
vn -0.801741 -0.179441 -0.570098
vn -0.447559 0.046569 -0.893041
vn -0.447559 0.046569 -0.893041
vn -0.91318 0.079298 -0.399767
vn -0.625571 0.343824 -0.700318
vn -0.625571 0.343824 -0.700318
vn 0.01041 -0.028163 -0.999549
vn -0.447559 0.046569 -0.893041
vn 0.27493 0.3555 -0.893327
vn 0.602657 0.659581 -0.449174
vn -0.416143 0.834679 -0.360744
vn 0.602657 0.659581 -0.449174
vn -0.339203 0.912268 0.229583
vn -0.416143 0.834679 -0.360744
vn -0.339203 0.912268 0.229583
vn -0.612835 0.749267 -0.25106
vn -0.416143 0.834679 -0.360744
vn -0.416143 0.834679 -0.360744
vn -0.446603 0.429744 -0.784771
vn 0.27493 0.3555 -0.893327
vn 0.612835 0.749268 -0.25106
vn 0.339203 0.912268 0.229583
vn 0.416143 0.834679 -0.360744
vn 0.339203 0.912268 0.229583
vn -0.602657 0.659581 -0.449174
vn 0.416143 0.834679 -0.360744
vn -0.602657 0.659581 -0.449174
vn -0.27493 0.3555 -0.893327
vn 0.416143 0.834679 -0.360744
vn 0.416143 0.834679 -0.360744
vn 0.446603 0.429744 -0.784771
vn 0.612835 0.749268 -0.25106
vn 0.36828 -0.204326 -0.906984
vn 0.706176 0.038569 -0.706985
vn 0.27493 0.3555 -0.893327
vn 0.27493 0.3555 -0.893327
vn -0.117129 -0.071326 -0.990552
vn 0.36828 -0.204326 -0.906984
vn 0.36828 -0.204326 -0.906984
vn -0.192549 -0.535355 -0.822387
vn 0.099456 -0.591858 -0.799883
vn 0.36828 -0.204326 -0.906984
vn 0.320662 -0.603125 -0.730353
vn 0.548233 -0.307863 -0.7776
vn -0.36828 -0.204326 -0.906984
vn 0.192549 -0.535355 -0.822387
vn 0.117129 -0.071326 -0.990552
vn 0.117129 -0.071326 -0.990552
vn -0.27493 0.3555 -0.893327
vn -0.36828 -0.204326 -0.906984
vn -0.36828 -0.204326 -0.906984
vn -0.706176 0.038569 -0.706985
vn -0.548233 -0.307863 -0.7776
vn -0.36828 -0.204326 -0.906984
vn -0.320662 -0.603125 -0.730353
vn -0.099456 -0.591858 -0.799883
vn -0.093749 -0.91701 -0.38769
vn 0.227521 -0.973771 -0.002089
vn 0.114727 -0.886198 -0.448878
vn 0.114727 -0.886198 -0.448878
vn 0.099456 -0.591858 -0.799883
vn -0.093749 -0.91701 -0.38769
vn -0.093749 -0.91701 -0.38769
vn -0.192549 -0.535355 -0.822387
vn -0.120947 -0.94618 -0.300191
vn -0.093749 -0.91701 -0.38769
vn 0.062838 -0.93665 0.344583
vn -0.06406 -0.939784 0.335712
vn 0.093749 -0.91701 -0.38769
vn 0.192549 -0.535355 -0.822387
vn -0.099456 -0.591858 -0.799883
vn -0.099456 -0.591858 -0.799883
vn -0.114727 -0.886198 -0.448877
vn 0.093749 -0.91701 -0.38769
vn 0.093749 -0.91701 -0.38769
vn -0.227521 -0.973771 -0.002089
vn 0.06406 -0.939784 0.335712
vn 0.093749 -0.91701 -0.38769
vn -0.062838 -0.93665 0.344583
vn 0.120947 -0.94618 -0.300191
vn 0.703351 -0.228379 0.673156
vn 0.743518 -0.000776 0.668715
vn 0.818977 -0.001884 0.573824
vn 0.776439 -0.262265 0.573027
vn 0.628139 -0.514856 0.583407
vn 0.57427 -0.435545 0.693191
vn 0.703351 -0.228379 0.673156
vn 0.57427 -0.435545 0.693191
vn 0.619565 -0.502486 0.603032
vn 0.759822 -0.264162 0.594044
vn 0.805495 -0.000951 0.592602
vn 0.743518 -0.000776 0.668715
vn -0.703351 -0.228379 0.673156
vn -0.759822 -0.264162 0.594044
vn -0.619565 -0.502486 0.603032
vn -0.57427 -0.435545 0.693191
vn -0.628139 -0.514856 0.583407
vn -0.776439 -0.262265 0.573027
vn -0.703351 -0.228379 0.673156
vn -0.776439 -0.262265 0.573027
vn -0.818977 -0.001884 0.573824
vn -0.743518 -0.000776 0.668715
vn -0.805495 -0.000951 0.592602
vn -0.759822 -0.264162 0.594044
vn 0.813457 -0.298946 0.498917
vn 0.865075 -0.001487 0.50164
vn 0.805495 -0.000951 0.592602
vn 0.759822 -0.264162 0.594044
vn 0.619565 -0.502486 0.603032
vn 0.656743 -0.569384 0.494459
vn 0.813457 -0.298946 0.498917
vn 0.656743 -0.569384 0.494459
vn 0.677476 -0.572732 0.461524
vn 0.830791 -0.299546 0.469105
vn 0.881483 -0.000752 0.472216
vn 0.865075 -0.001487 0.50164
vn -0.813457 -0.298946 0.498917
vn -0.830791 -0.299546 0.469105
vn -0.677476 -0.572732 0.461524
vn -0.656743 -0.569384 0.494459
vn -0.619565 -0.502486 0.603032
vn -0.759822 -0.264162 0.594044
vn -0.813457 -0.298946 0.498917
vn -0.759822 -0.264162 0.594044
vn -0.805495 -0.000951 0.592602
vn -0.865075 -0.001487 0.50164
vn -0.881483 -0.000752 0.472216
vn -0.830791 -0.299546 0.469105
vn 0.407257 -0.771038 0.489533
vn 0.656743 -0.569384 0.494459
vn 0.619565 -0.502486 0.603032
vn 0.39609 -0.676556 0.620793
vn 0.112269 -0.754951 0.646099
vn 0.087617 -0.862697 0.498073
vn 0.407257 -0.771038 0.489533
vn 0.087617 -0.862697 0.498073
vn 0.09867 -0.889341 0.446471
vn 0.425991 -0.786358 0.447407
vn 0.677476 -0.572732 0.461524
vn 0.656743 -0.569384 0.494459
vn -0.407257 -0.771038 0.489533
vn -0.425991 -0.786358 0.447407
vn -0.09867 -0.889341 0.446471
vn -0.087617 -0.862697 0.498073
vn -0.112269 -0.754951 0.646099
vn -0.39609 -0.676556 0.620793
vn -0.407257 -0.771038 0.489533
vn -0.39609 -0.676556 0.620793
vn -0.619565 -0.502486 0.603032
vn -0.656743 -0.569384 0.494459
vn -0.677476 -0.572732 0.461524
vn -0.425991 -0.786358 0.447407
vn 0.374328 -0.5786 0.724638
vn 0.57427 -0.435545 0.693191
vn 0.628139 -0.514856 0.583407
vn 0.396663 -0.699677 0.59423
vn 0.117239 -0.785344 0.607857
vn 0.135161 -0.639526 0.756795
vn 0.374328 -0.5786 0.724638
vn 0.135161 -0.639526 0.756795
vn 0.112269 -0.754951 0.646099
vn 0.39609 -0.676556 0.620793
vn 0.619565 -0.502486 0.603032
vn 0.57427 -0.435545 0.693191
vn -0.374328 -0.5786 0.724638
vn -0.39609 -0.676556 0.620793
vn -0.112269 -0.754951 0.646099
vn -0.135161 -0.639526 0.756795
vn -0.117239 -0.785344 0.607857
vn -0.396663 -0.699677 0.59423
vn -0.374328 -0.5786 0.724638
vn -0.396663 -0.699677 0.59423
vn -0.628139 -0.514856 0.583407
vn -0.57427 -0.435545 0.693191
vn -0.619565 -0.502486 0.603032
vn -0.39609 -0.676556 0.620793
vn -0.125937 -0.613838 0.779322
vn 0.135161 -0.639526 0.756795
vn 0.117239 -0.785344 0.607857
vn -0.198338 -0.75345 0.626877
vn -0.492591 -0.578193 0.65042
vn -0.373333 -0.471776 0.79878
vn -0.125937 -0.613838 0.779322
vn -0.373333 -0.471776 0.79878
vn -0.461096 -0.547986 0.697926
vn -0.190914 -0.71624 0.671232
vn 0.112269 -0.754951 0.646099
vn 0.135161 -0.639526 0.756795
vn 0.125937 -0.613838 0.779322
vn 0.190914 -0.71624 0.671232
vn 0.461096 -0.547986 0.697926
vn 0.373333 -0.471776 0.79878
vn 0.492591 -0.578193 0.65042
vn 0.198338 -0.75345 0.626877
vn 0.125937 -0.613838 0.779322
vn 0.198338 -0.75345 0.626877
vn -0.117239 -0.785344 0.607857
vn -0.135161 -0.639526 0.756795
vn -0.112269 -0.754951 0.646099
vn 0.190914 -0.71624 0.671232
vn -0.250542 -0.815784 0.521273
vn 0.087617 -0.862697 0.498073
vn 0.112269 -0.754951 0.646099
vn -0.190914 -0.71624 0.671232
vn -0.461096 -0.547986 0.697926
vn -0.545194 -0.625733 0.557872
vn -0.250542 -0.815784 0.521273
vn -0.545194 -0.625733 0.557872
vn -0.563518 -0.652683 0.506411
vn -0.255801 -0.846709 0.466529
vn 0.09867 -0.889341 0.446471
vn 0.087617 -0.862697 0.498073
vn 0.250542 -0.815784 0.521273
vn 0.255801 -0.846709 0.466529
vn 0.563518 -0.652683 0.506411
vn 0.545194 -0.625733 0.557872
vn 0.461096 -0.547986 0.697926
vn 0.190914 -0.71624 0.671232
vn 0.250542 -0.815784 0.521273
vn 0.190914 -0.71624 0.671232
vn -0.112269 -0.754951 0.646099
vn -0.087617 -0.862697 0.498073
vn -0.09867 -0.889341 0.446471
vn 0.255801 -0.846709 0.466529
vn -0.740133 -0.329863 0.585997
vn -0.545194 -0.625733 0.557872
vn -0.461096 -0.547986 0.697926
vn -0.740133 -0.329863 0.585997
vn -0.638225 -0.284449 0.715372
vn -0.692104 -0.001858 0.721796
vn -0.802002 -0.002519 0.597316
vn -0.832342 -0.001237 0.554262
vn -0.767458 -0.34562 0.539958
vn -0.767458 -0.34562 0.539958
vn -0.563518 -0.652683 0.506411
vn -0.545194 -0.625733 0.557872
vn 0.767458 -0.34562 0.539958
vn 0.832342 -0.001237 0.554262
vn 0.802002 -0.002519 0.597316
vn 0.740133 -0.329863 0.585997
vn 0.802002 -0.002519 0.597316
vn 0.692104 -0.001858 0.721796
vn 0.740133 -0.329863 0.585997
vn 0.638225 -0.284449 0.715372
vn 0.461096 -0.547986 0.697926
vn 0.545194 -0.625733 0.557872
vn 0.563518 -0.652683 0.506411
vn 0.767458 -0.34562 0.539958
vn -0.538569 -0.241618 0.807195
vn -0.373333 -0.471776 0.79878
vn -0.492591 -0.578193 0.65042
vn -0.695485 -0.305097 0.650551
vn -0.763406 -0.003046 0.645911
vn -0.587365 -0.000587 0.809322
vn -0.587365 -0.000587 0.809322
vn -0.692104 -0.001858 0.721796
vn -0.638225 -0.284449 0.715372
vn -0.638225 -0.284449 0.715372
vn -0.461096 -0.547986 0.697926
vn -0.373333 -0.471776 0.79878
vn 0.638225 -0.284449 0.715372
vn 0.692104 -0.001858 0.721796
vn 0.587365 -0.000587 0.809322
vn 0.587365 -0.000587 0.809322
vn 0.763406 -0.003046 0.645911
vn 0.695485 -0.305097 0.650551
vn 0.538569 -0.241618 0.807195
vn 0.695485 -0.305097 0.650551
vn 0.492591 -0.578193 0.65042
vn 0.373333 -0.471776 0.79878
vn 0.461096 -0.547986 0.697926
vn 0.638225 -0.284449 0.715372
vn -0.546624 0.23689 0.803172
vn -0.587365 -0.000587 0.809322
vn -0.763406 -0.003046 0.645911
vn -0.546624 0.23689 0.803172
vn -0.709125 0.293577 0.641057
vn -0.52025 0.578654 0.628091
vn -0.391615 0.478563 0.785885
vn -0.46483 0.542748 0.699541
vn -0.639051 0.280339 0.716256
vn -0.639051 0.280339 0.716256
vn -0.692104 -0.001858 0.721796
vn -0.587365 -0.000587 0.809322
vn 0.639051 0.280339 0.716256
vn 0.46483 0.542748 0.699541
vn 0.391615 0.478563 0.785885
vn 0.546624 0.23689 0.803172
vn 0.391615 0.478563 0.785885
vn 0.52025 0.578654 0.628091
vn 0.546624 0.23689 0.803172
vn 0.709125 0.293577 0.641058
vn 0.763406 -0.003046 0.645911
vn 0.587365 -0.000587 0.809322
vn 0.692104 -0.001858 0.721796
vn 0.639051 0.280339 0.716256
vn -0.802002 -0.002519 0.597316
vn -0.692104 -0.001858 0.721796
vn -0.639051 0.280339 0.716256
vn -0.736903 0.323432 0.593603
vn -0.639051 0.280339 0.716256
vn -0.46483 0.542748 0.699541
vn -0.538578 0.609475 0.581786
vn -0.54948 0.636551 0.541179
vn -0.761535 0.340925 0.551212
vn -0.736903 0.323432 0.593603
vn -0.761535 0.340925 0.551212
vn -0.832342 -0.001237 0.554262
vn 0.761535 0.340925 0.551212
vn 0.54948 0.636551 0.541179
vn 0.538578 0.609474 0.581786
vn 0.736903 0.323432 0.593603
vn 0.538578 0.609474 0.581786
vn 0.46483 0.542748 0.699541
vn 0.639051 0.280339 0.716256
vn 0.692104 -0.001858 0.721796
vn 0.802002 -0.002519 0.597316
vn 0.736903 0.323432 0.593603
vn 0.802002 -0.002519 0.597316
vn 0.832342 -0.001237 0.554262
vn -0.538578 0.609475 0.581786
vn -0.46483 0.542748 0.699541
vn -0.191961 0.713381 0.673972
vn -0.240215 0.794964 0.557072
vn -0.191961 0.713381 0.673972
vn 0.113392 0.751956 0.649388
vn 0.094621 0.838953 0.535914
vn 0.106811 0.860425 0.498256
vn -0.239245 0.822158 0.516544
vn -0.240215 0.794964 0.557072
vn -0.239245 0.822158 0.516544
vn -0.54948 0.636551 0.541179
vn 0.239245 0.822158 0.516544
vn -0.106811 0.860425 0.498256
vn -0.094621 0.838953 0.535914
vn 0.240215 0.794964 0.557072
vn -0.094621 0.838953 0.535914
vn -0.113392 0.751956 0.649388
vn 0.191961 0.713381 0.673972
vn 0.46483 0.542748 0.699541
vn 0.538578 0.609474 0.581786
vn 0.240215 0.794964 0.557072
vn 0.538578 0.609474 0.581786
vn 0.54948 0.636551 0.541179
vn -0.391615 0.478563 0.785885
vn -0.52025 0.578654 0.628091
vn -0.219878 0.776062 0.591085
vn -0.140383 0.635488 0.759241
vn -0.219878 0.776062 0.591085
vn 0.109382 0.815363 0.568523
vn 0.131183 0.664889 0.735332
vn 0.113392 0.751956 0.649388
vn -0.191961 0.713381 0.673972
vn -0.140383 0.635488 0.759241
vn -0.191961 0.713381 0.673972
vn -0.46483 0.542748 0.699541
vn 0.191961 0.713381 0.673972
vn -0.113392 0.751956 0.649388
vn -0.131183 0.664889 0.735332
vn 0.140383 0.635488 0.759241
vn -0.131183 0.664889 0.735332
vn -0.109382 0.815363 0.568523
vn 0.219878 0.776062 0.591085
vn 0.52025 0.578654 0.628091
vn 0.391615 0.478563 0.785885
vn 0.140383 0.635488 0.759241
vn 0.391615 0.478563 0.785885
vn 0.46483 0.542748 0.699541
vn 0.131183 0.664889 0.735332
vn 0.109382 0.815363 0.568523
vn 0.405764 0.722697 0.559522
vn 0.381449 0.598091 0.704829
vn 0.405764 0.722697 0.559522
vn 0.647578 0.516164 0.560551
vn 0.586306 0.440302 0.679985
vn 0.622269 0.496224 0.605428
vn 0.398191 0.672579 0.623763
vn 0.381449 0.598091 0.704829
vn 0.398191 0.672579 0.623763
vn 0.113392 0.751956 0.649388
vn -0.398191 0.672579 0.623763
vn -0.622269 0.496224 0.605428
vn -0.586306 0.440302 0.679985
vn -0.381449 0.598091 0.704829
vn -0.586306 0.440302 0.679985
vn -0.647578 0.516164 0.560551
vn -0.405764 0.722697 0.559522
vn -0.109382 0.815363 0.568523
vn -0.131183 0.664889 0.735332
vn -0.381449 0.598091 0.704829
vn -0.131183 0.664889 0.735332
vn -0.113392 0.751956 0.649388
vn 0.094621 0.838953 0.535914
vn 0.113392 0.751956 0.649388
vn 0.398191 0.672579 0.623763
vn 0.407788 0.748834 0.522452
vn 0.398191 0.672579 0.623763
vn 0.622269 0.496224 0.605428
vn 0.655138 0.552395 0.515416
vn 0.672235 0.557239 0.487426
vn 0.423492 0.761258 0.491061
vn 0.407788 0.748834 0.522452
vn 0.423492 0.761258 0.491061
vn 0.106811 0.860425 0.498256
vn -0.423492 0.761258 0.491061
vn -0.672235 0.557239 0.487426
vn -0.655138 0.552395 0.515416
vn -0.407788 0.748834 0.522452
vn -0.655138 0.552395 0.515416
vn -0.622269 0.496224 0.605428
vn -0.398191 0.672579 0.623763
vn -0.113392 0.751956 0.649388
vn -0.094621 0.838953 0.535914
vn -0.407788 0.748834 0.522452
vn -0.094621 0.838953 0.535914
vn -0.106811 0.860425 0.498256
vn 0.655138 0.552395 0.515416
vn 0.622269 0.496224 0.605428
vn 0.760562 0.259613 0.595101
vn 0.812241 0.290455 0.505866
vn 0.760562 0.259613 0.595101
vn 0.805495 -0.000951 0.592602
vn 0.865075 -0.001487 0.50164
vn 0.881483 -0.000752 0.472216
vn 0.82859 0.293266 0.476901
vn 0.812241 0.290455 0.505866
vn 0.82859 0.293266 0.476901
vn 0.672235 0.557239 0.487426
vn -0.82859 0.293266 0.476901
vn -0.881483 -0.000752 0.472216
vn -0.865075 -0.001487 0.50164
vn -0.812241 0.290455 0.505866
vn -0.865075 -0.001487 0.50164
vn -0.805495 -0.000951 0.592602
vn -0.760562 0.259613 0.595101
vn -0.622269 0.496224 0.605428
vn -0.655138 0.552395 0.515416
vn -0.812241 0.290455 0.505866
vn -0.655138 0.552395 0.515416
vn -0.672235 0.557239 0.487426
vn 0.586306 0.440302 0.679985
vn 0.647578 0.516164 0.560551
vn 0.785164 0.254614 0.564526
vn 0.708388 0.225894 0.668699
vn 0.785164 0.254614 0.564526
vn 0.818977 -0.001884 0.573824
vn 0.743518 -0.000776 0.668715
vn 0.805495 -0.000951 0.592602
vn 0.760562 0.259613 0.595101
vn 0.708388 0.225894 0.668699
vn 0.760562 0.259613 0.595101
vn 0.622269 0.496224 0.605428
vn -0.760562 0.259613 0.595101
vn -0.805495 -0.000951 0.592602
vn -0.743518 -0.000776 0.668715
vn -0.708388 0.225894 0.668699
vn -0.743518 -0.000776 0.668715
vn -0.818977 -0.001884 0.573824
vn -0.785164 0.254614 0.564526
vn -0.647578 0.516164 0.560551
vn -0.586306 0.440302 0.679985
vn -0.708388 0.225894 0.668699
vn -0.586306 0.440302 0.679985
vn -0.622269 0.496224 0.605428
vn 0.849471 -0.002161 0.527631
vn 0.818977 -0.001884 0.573824
vn 0.785164 0.254614 0.564526
vn 0.835236 0.269741 0.479187
vn 0.785164 0.254614 0.564526
vn 0.647578 0.516164 0.560551
vn 0.666779 0.556199 0.496033
vn 0.529887 0.349977 0.772487
vn 0.670355 0.176489 0.720746
vn 0.835236 0.269741 0.479187
vn 0.670355 0.176489 0.720746
vn 0.647437 -0.001842 0.762117
vn -0.670355 0.176489 0.720746
vn -0.529887 0.349977 0.772487
vn -0.666779 0.556199 0.496033
vn -0.835236 0.269741 0.479187
vn -0.666779 0.556199 0.496033
vn -0.647578 0.516164 0.560551
vn -0.785164 0.254614 0.564526
vn -0.818977 -0.001884 0.573824
vn -0.849471 -0.002161 0.527631
vn -0.835236 0.269741 0.479187
vn -0.849471 -0.002161 0.527631
vn -0.647436 -0.001842 0.762117
vn 0.666779 0.556199 0.496033
vn 0.647578 0.516164 0.560551
vn 0.405764 0.722697 0.559522
vn 0.424851 0.803661 0.416691
vn 0.405764 0.722697 0.559522
vn 0.109382 0.815363 0.568523
vn 0.07796 0.890623 0.44801
vn 0.147524 0.593694 0.791053
vn 0.400503 0.570375 0.717126
vn 0.424851 0.803661 0.416691
vn 0.400503 0.570375 0.717126
vn 0.529887 0.349977 0.772487
vn -0.400503 0.570375 0.717126
vn -0.147524 0.593694 0.791053
vn -0.07796 0.890623 0.44801
vn -0.424851 0.803661 0.416691
vn -0.07796 0.890623 0.44801
vn -0.109382 0.815363 0.568523
vn -0.405764 0.722697 0.559522
vn -0.647578 0.516164 0.560551
vn -0.666779 0.556199 0.496033
vn -0.424851 0.803661 0.416691
vn -0.666779 0.556199 0.496033
vn -0.529887 0.349977 0.772487
vn 0.07796 0.890623 0.44801
vn 0.109382 0.815363 0.568523
vn -0.219878 0.776062 0.591085
vn -0.282342 0.862425 0.420127
vn -0.219878 0.776062 0.591085
vn -0.52025 0.578654 0.628091
vn -0.595472 0.615191 0.516676
vn -0.338165 0.39562 0.853891
vn -0.133073 0.630365 0.764808
vn -0.282342 0.862425 0.420127
vn -0.133073 0.630365 0.764808
vn 0.147524 0.593694 0.791053
vn 0.133073 0.630365 0.764808
vn 0.338165 0.39562 0.853891
vn 0.595472 0.615191 0.516676
vn 0.282342 0.862425 0.420127
vn 0.595472 0.615191 0.516676
vn 0.52025 0.578654 0.628091
vn 0.219878 0.776062 0.591085
vn -0.109382 0.815363 0.568523
vn -0.07796 0.890623 0.44801
vn 0.282342 0.862425 0.420127
vn -0.07796 0.890623 0.44801
vn -0.147524 0.593694 0.791053
vn -0.595472 0.615191 0.516676
vn -0.52025 0.578654 0.628091
vn -0.709125 0.293577 0.641057
vn -0.709125 0.293577 0.641057
vn -0.763406 -0.003046 0.645911
vn -0.878248 -0.004081 0.478187
vn -0.878248 -0.004081 0.478187
vn -0.547619 -0.002161 0.836725
vn -0.56733 0.254552 0.78316
vn -0.825777 0.350872 0.441566
vn -0.56733 0.254552 0.78316
vn -0.338165 0.39562 0.853891
vn 0.56733 0.254552 0.78316
vn 0.547619 -0.002161 0.836725
vn 0.878248 -0.004081 0.478187
vn 0.878248 -0.004081 0.478187
vn 0.763406 -0.003046 0.645911
vn 0.709125 0.293577 0.641058
vn 0.709125 0.293577 0.641058
vn 0.52025 0.578654 0.628091
vn 0.595472 0.615191 0.516676
vn 0.825777 0.350872 0.441566
vn 0.595472 0.615191 0.516676
vn 0.338165 0.39562 0.853891
vn -0.819831 -0.365922 0.44043
vn -0.878248 -0.004081 0.478187
vn -0.763406 -0.003046 0.645911
vn -0.695485 -0.305097 0.650551
vn -0.492591 -0.578193 0.65042
vn -0.581435 -0.628389 0.516779
vn -0.819831 -0.365922 0.44043
vn -0.581435 -0.628389 0.516779
vn -0.337141 -0.419842 0.842656
vn -0.567108 -0.272723 0.777181
vn -0.547619 -0.002161 0.836725
vn -0.878248 -0.004081 0.478187
vn 0.819831 -0.365922 0.440431
vn 0.567108 -0.272723 0.777181
vn 0.337141 -0.419842 0.842656
vn 0.581435 -0.628389 0.516779
vn 0.492591 -0.578193 0.65042
vn 0.695485 -0.305097 0.650551
vn 0.819831 -0.365922 0.440431
vn 0.695485 -0.305097 0.650551
vn 0.763406 -0.003046 0.645911
vn 0.878248 -0.004081 0.478187
vn 0.547619 -0.002161 0.836725
vn 0.567108 -0.272723 0.777181
vn -0.276577 -0.864067 0.420588
vn -0.581435 -0.628389 0.516779
vn -0.492591 -0.578193 0.65042
vn -0.198338 -0.75345 0.626877
vn 0.117239 -0.785344 0.607857
vn 0.079482 -0.888858 0.451236
vn -0.276577 -0.864067 0.420588
vn 0.079482 -0.888858 0.451236
vn 0.142554 -0.621712 0.770164
vn -0.13875 -0.653678 0.743944
vn -0.337141 -0.419842 0.842656
vn -0.581435 -0.628389 0.516779
vn 0.276577 -0.864067 0.420588
vn 0.13875 -0.653678 0.743944
vn -0.142554 -0.621712 0.770164
vn -0.079482 -0.888858 0.451236
vn -0.117239 -0.785344 0.607857
vn 0.198338 -0.75345 0.626877
vn 0.276577 -0.864067 0.420588
vn 0.198338 -0.75345 0.626877
vn 0.492591 -0.578193 0.65042
vn 0.581435 -0.628389 0.516779
vn 0.337141 -0.419842 0.842656
vn 0.13875 -0.653678 0.743944
vn 0.42096 -0.803361 0.421192
vn 0.079482 -0.888858 0.451236
vn 0.117239 -0.785344 0.607857
vn 0.396663 -0.699677 0.59423
vn 0.628139 -0.514856 0.583407
vn 0.654429 -0.565688 0.501717
vn 0.42096 -0.803361 0.421192
vn 0.654429 -0.565688 0.501717
vn 0.527938 -0.373153 0.762914
vn 0.398869 -0.59525 0.697554
vn 0.142554 -0.621712 0.770164
vn 0.079482 -0.888858 0.451236
vn -0.42096 -0.803361 0.421192
vn -0.398869 -0.59525 0.697554
vn -0.527938 -0.373154 0.762914
vn -0.654429 -0.565688 0.501717
vn -0.628139 -0.514856 0.583407
vn -0.396663 -0.699677 0.59423
vn -0.42096 -0.803361 0.421192
vn -0.396663 -0.699677 0.59423
vn -0.117239 -0.785344 0.607857
vn -0.079482 -0.888858 0.451236
vn -0.142554 -0.621712 0.770164
vn -0.398869 -0.59525 0.697554
vn 0.829936 -0.281682 0.48152
vn 0.654429 -0.565688 0.501717
vn 0.628139 -0.514856 0.583407
vn 0.776439 -0.262265 0.573027
vn 0.818977 -0.001884 0.573824
vn 0.849471 -0.002161 0.527631
vn 0.829936 -0.281682 0.48152
vn 0.849471 -0.002161 0.527631
vn 0.647437 -0.001842 0.762117
vn 0.670839 -0.19129 0.716508
vn 0.527938 -0.373153 0.762914
vn 0.654429 -0.565688 0.501717
vn -0.829936 -0.281683 0.48152
vn -0.670839 -0.19129 0.716508
vn -0.647436 -0.001842 0.762117
vn -0.849471 -0.002161 0.527631
vn -0.818977 -0.001884 0.573824
vn -0.776439 -0.262265 0.573027
vn -0.829936 -0.281683 0.48152
vn -0.776439 -0.262265 0.573027
vn -0.628139 -0.514856 0.583407
vn -0.654429 -0.565688 0.501717
vn -0.527938 -0.373154 0.762914
vn -0.670839 -0.19129 0.716508
vn 0.395356 -0.000834 0.918527
vn 0.190873 -0.002692 0.981611
vn 0.350756 -0.120336 0.928703
vn 0.413976 -0.074943 0.907198
vn 0.350756 -0.120336 0.928703
vn 0.527938 -0.373153 0.762914
vn 0.413976 -0.074943 0.907198
vn 0.670839 -0.19129 0.716508
vn 0.647437 -0.001842 0.762117
vn -0.413976 -0.074943 0.907198
vn -0.395356 -0.000834 0.918527
vn -0.647436 -0.001842 0.762117
vn -0.413976 -0.074943 0.907198
vn -0.670839 -0.19129 0.716508
vn -0.527938 -0.373154 0.762914
vn -0.350756 -0.120336 0.928703
vn -0.190873 -0.002692 0.981611
vn -0.395356 -0.000834 0.918527
vn 0.300837 -0.202572 0.931913
vn 0.203909 -0.189632 0.960448
vn 0.142554 -0.621712 0.770164
vn 0.300837 -0.202572 0.931913
vn 0.398869 -0.59525 0.697554
vn 0.527938 -0.373153 0.762914
vn 0.350756 -0.120336 0.928703
vn 0.190873 -0.002692 0.981611
vn 0.203909 -0.189632 0.960448
vn -0.203909 -0.189632 0.960448
vn -0.190873 -0.002692 0.981611
vn -0.350756 -0.120336 0.928703
vn -0.300837 -0.202572 0.931913
vn -0.350756 -0.120336 0.928703
vn -0.527938 -0.373154 0.762914
vn -0.300837 -0.202572 0.931913
vn -0.398869 -0.59525 0.697554
vn -0.142554 -0.621712 0.770164
vn 0.203909 -0.189632 0.960448
vn 0.190873 -0.002692 0.981611
vn 0.01424 -0.117984 0.992913
vn 0.085388 -0.205163 0.974996
vn 0.01424 -0.117984 0.992913
vn -0.337141 -0.419842 0.842656
vn 0.085388 -0.205163 0.974996
vn -0.13875 -0.653678 0.743944
vn 0.142554 -0.621712 0.770164
vn -0.085388 -0.205163 0.974996
vn -0.203909 -0.189632 0.960448
vn -0.142554 -0.621712 0.770164
vn -0.085388 -0.205163 0.974996
vn 0.13875 -0.653678 0.743944
vn 0.337141 -0.419842 0.842656
vn -0.01424 -0.117984 0.992913
vn -0.190873 -0.002692 0.981611
vn -0.203909 -0.189632 0.960448
vn 0.01424 -0.117984 0.992913
vn 0.190873 -0.002692 0.981611
vn -0.061946 -0.000336 0.998079
vn -0.089712 -0.065006 0.993844
vn -0.061946 -0.000336 0.998079
vn -0.547619 -0.002161 0.836725
vn -0.089712 -0.065006 0.993844
vn -0.567108 -0.272723 0.777181
vn -0.337141 -0.419842 0.842656
vn 0.089712 -0.065006 0.993844
vn -0.01424 -0.117984 0.992913
vn 0.337141 -0.419842 0.842656
vn 0.089712 -0.065006 0.993844
vn 0.567108 -0.272723 0.777181
vn 0.547619 -0.002161 0.836725
vn 0.061946 -0.000336 0.998079
vn -0.190873 -0.002692 0.981611
vn -0.01424 -0.117984 0.992913
vn -0.061946 -0.000336 0.998079
vn 0.190873 -0.002692 0.981611
vn 0.015717 0.11102 0.993694
vn -0.089198 0.059391 0.994242
vn 0.015717 0.11102 0.993694
vn -0.338165 0.39562 0.853891
vn -0.089198 0.059391 0.994242
vn -0.56733 0.254552 0.78316
vn -0.547619 -0.002161 0.836725
vn 0.089198 0.059391 0.994242
vn 0.061946 -0.000336 0.998079
vn 0.547619 -0.002161 0.836725
vn 0.089198 0.059391 0.994242
vn 0.56733 0.254552 0.78316
vn 0.338165 0.39562 0.853891
vn -0.015717 0.11102 0.993694
vn -0.190873 -0.002692 0.981611
vn 0.061946 -0.000336 0.998079
vn 0.015717 0.11102 0.993694
vn 0.190873 -0.002692 0.981611
vn 0.204507 0.177473 0.962642
vn 0.087738 0.193113 0.977246
vn 0.204507 0.177473 0.962642
vn 0.147524 0.593694 0.791053
vn 0.087738 0.193113 0.977246
vn -0.133073 0.630365 0.764808
vn -0.338165 0.39562 0.853891
vn -0.087738 0.193113 0.977246
vn -0.015717 0.11102 0.993694
vn 0.338165 0.39562 0.853891
vn -0.087738 0.193113 0.977246
vn 0.133073 0.630365 0.764808
vn -0.147524 0.593694 0.791053
vn -0.204507 0.177473 0.962642
vn -0.190873 -0.002692 0.981611
vn -0.015717 0.11102 0.993694
vn 0.204507 0.177473 0.962642
vn 0.190873 -0.002692 0.981611
vn 0.349901 0.113324 0.929907
vn 0.299714 0.190669 0.934782
vn 0.349901 0.113324 0.929907
vn 0.529887 0.349977 0.772487
vn 0.299714 0.190669 0.934782
vn 0.400503 0.570375 0.717126
vn 0.147524 0.593694 0.791053
vn -0.299714 0.190669 0.934782
vn -0.204507 0.177473 0.962642
vn -0.147524 0.593694 0.791053
vn -0.299714 0.190669 0.934782
vn -0.400503 0.570375 0.717126
vn -0.529887 0.349977 0.772487
vn -0.349901 0.113324 0.929907
vn -0.190873 -0.002692 0.981611
vn -0.204507 0.177473 0.962642
vn 0.349901 0.113324 0.929907
vn 0.190873 -0.002692 0.981611
vn 0.395356 -0.000834 0.918527
vn 0.413734 0.069121 0.90777
vn 0.395356 -0.000834 0.918527
vn 0.647437 -0.001842 0.762117
vn 0.413734 0.069121 0.90777
vn 0.670355 0.176489 0.720746
vn 0.529887 0.349977 0.772487
vn -0.413734 0.069121 0.90777
vn -0.349901 0.113324 0.929907
vn -0.529887 0.349977 0.772487
vn -0.413734 0.069121 0.90777
vn -0.670355 0.176489 0.720746
vn -0.647436 -0.001842 0.762117
vn -0.395356 -0.000834 0.918527
vn -0.190873 -0.002692 0.981611
vn -0.349901 0.113324 0.929907
vn 0.09527 -0.985059 0.143463
vn 0.149131 -0.98316 0.105621
vn 0.164375 -0.896559 0.411295
vn 0.099563 -0.897814 0.428972
vn 0.164375 -0.896559 0.411295
vn 0.154973 -0.769642 0.619383
vn 0.09033 -0.788003 0.609009
vn 0 -0.789348 0.613945
vn 0 -0.896762 0.442513
vn 0.099563 -0.897814 0.428972
vn 0 -0.896762 0.442513
vn 0 -0.98594 0.167097
vn 0 -0.896762 0.442513
vn 0 -0.789348 0.613945
vn -0.09033 -0.788003 0.609009
vn -0.099563 -0.897814 0.428972
vn -0.09033 -0.788003 0.609009
vn -0.154973 -0.769642 0.619383
vn -0.164375 -0.896559 0.411295
vn -0.149131 -0.98316 0.105621
vn -0.09527 -0.985059 0.143463
vn -0.099563 -0.897814 0.428972
vn -0.09527 -0.985059 0.143463
vn 0 -0.98594 0.167097
vn 0.253802 -0.961538 0.105023
vn 0.563848 -0.815894 0.128035
vn 0.456621 -0.730011 0.508509
vn 0.268217 -0.856857 0.440289
vn 0.456621 -0.730011 0.508509
vn 0.375262 -0.560224 0.738463
vn 0.250153 -0.701603 0.667216
vn 0.154973 -0.769642 0.619383
vn 0.164375 -0.896559 0.411295
vn 0.268217 -0.856857 0.440289
vn 0.164375 -0.896559 0.411295
vn 0.149131 -0.98316 0.105621
vn -0.164375 -0.896559 0.411295
vn -0.154973 -0.769642 0.619383
vn -0.250153 -0.701603 0.667216
vn -0.268217 -0.856857 0.440289
vn -0.250153 -0.701603 0.667216
vn -0.375262 -0.560224 0.738463
vn -0.456621 -0.730011 0.508509
vn -0.563848 -0.815894 0.128035
vn -0.253802 -0.961538 0.105023
vn -0.268217 -0.856857 0.440289
vn -0.253802 -0.961538 0.105023
vn -0.149131 -0.98316 0.105621
vn 0.684343 -0.449074 0.574462
vn 0.898209 -0.414529 0.14624
vn 0.98664 -0.080561 0.141604
vn 0.790481 -0.209385 0.575585
vn 0.53286 -0.225632 0.815568
vn 0.473415 -0.368613 0.800001
vn 0.684343 -0.449074 0.574462
vn 0.473415 -0.368613 0.800001
vn 0.375262 -0.560224 0.738463
vn 0.684343 -0.449074 0.574462
vn 0.456621 -0.730011 0.508509
vn 0.563848 -0.815894 0.128035
vn -0.684343 -0.449074 0.574462
vn -0.456621 -0.730011 0.508509
vn -0.375262 -0.560224 0.738463
vn -0.473415 -0.368613 0.800001
vn -0.53286 -0.225632 0.815568
vn -0.790481 -0.209385 0.575585
vn -0.684343 -0.449074 0.574462
vn -0.790481 -0.209385 0.575585
vn -0.98664 -0.080561 0.141604
vn -0.684343 -0.449074 0.574462
vn -0.898209 -0.414529 0.14624
vn -0.563848 -0.815894 0.128035
vn 0.991085 0.057859 0.120014
vn 0.985734 0.115268 0.122645
vn 0.821085 0.043335 0.569159
vn 0.821085 0.043335 0.569159
vn 0.582483 -0.012359 0.812749
vn 0.570611 -0.102723 0.81477
vn 0.822736 -0.049696 0.566247
vn 0.570611 -0.102723 0.81477
vn 0.53286 -0.225632 0.815568
vn 0.790481 -0.209385 0.575585
vn 0.98664 -0.080561 0.141604
vn 0.991085 0.057859 0.120014
vn -0.822736 -0.049696 0.566247
vn -0.790481 -0.209385 0.575585
vn -0.53286 -0.225632 0.815568
vn -0.570611 -0.102723 0.81477
vn -0.582483 -0.012359 0.812749
vn -0.821085 0.043335 0.569159
vn -0.821085 0.043335 0.569159
vn -0.985734 0.115268 0.122645
vn -0.991085 0.057859 0.120014
vn -0.991085 0.057859 0.120014
vn -0.98664 -0.080561 0.141604
vn -0.790481 -0.209385 0.575585
vn 0.981016 0.148911 0.124229
vn 0.966112 0.218488 0.137444
vn 0.823266 0.169961 0.541614
vn 0.823266 0.169961 0.541614
vn 0.613236 0.086257 0.785176
vn 0.589328 0.035501 0.807114
vn 0.819839 0.098787 0.564008
vn 0.589328 0.035501 0.807114
vn 0.582483 -0.012359 0.812749
vn 0.819839 0.098787 0.564008
vn 0.821085 0.043335 0.569159
vn 0.985734 0.115268 0.122645
vn -0.819839 0.098787 0.564008
vn -0.821085 0.043335 0.569159
vn -0.582483 -0.012359 0.812749
vn -0.589328 0.035501 0.807113
vn -0.613236 0.086257 0.785176
vn -0.823266 0.169961 0.541614
vn -0.823266 0.169961 0.541614
vn -0.966112 0.218488 0.137444
vn -0.981016 0.148911 0.124229
vn -0.819839 0.098787 0.564008
vn -0.981016 0.148911 0.124229
vn -0.985734 0.115268 0.122645
vn 0.377938 -0.778016 0.50185
vn 0.641026 -0.58967 0.491299
vn 0.633583 -0.724536 0.271331
vn 0.329425 -0.91449 0.234921
vn 0.357169 -0.910683 0.207572
vn 0.369419 -0.754319 0.542708
vn 0.377938 -0.778016 0.50185
vn 0.369419 -0.754319 0.542708
vn 0.390112 -0.565859 0.726372
vn 0.392288 -0.487095 0.780288
vn 0.2121 -0.17029 0.962297
vn 0.641026 -0.58967 0.491299
vn -0.377937 -0.778016 0.50185
vn -0.392288 -0.487095 0.780288
vn -0.390112 -0.565859 0.726372
vn -0.369419 -0.754319 0.542708
vn -0.357169 -0.910683 0.207572
vn -0.329425 -0.91449 0.234921
vn -0.377937 -0.778016 0.50185
vn -0.329425 -0.91449 0.234921
vn -0.633583 -0.724536 0.271331
vn -0.641026 -0.58967 0.491299
vn -0.2121 -0.17029 0.962297
vn -0.392288 -0.487095 0.780288
vn 0.438887 -0.686071 0.580246
vn 0.369419 -0.754319 0.542708
vn 0.357169 -0.910683 0.207572
vn 0.438887 -0.686071 0.580246
vn 0.472963 -0.857344 0.203143
vn 0.610261 -0.770589 0.183779
vn 0.438887 -0.686071 0.580246
vn 0.568737 -0.589191 0.573926
vn 0.486423 -0.429635 0.760793
vn 0.4176 -0.526413 0.740608
vn 0.390112 -0.565859 0.726372
vn 0.369419 -0.754319 0.542708
vn -0.438887 -0.686071 0.580246
vn -0.4176 -0.526413 0.740608
vn -0.486423 -0.429635 0.760793
vn -0.438887 -0.686071 0.580246
vn -0.568737 -0.589191 0.573926
vn -0.610261 -0.770589 0.183779
vn -0.438887 -0.686071 0.580246
vn -0.472963 -0.857344 0.203143
vn -0.357169 -0.910683 0.207572
vn -0.369419 -0.754319 0.542708
vn -0.390112 -0.565859 0.726372
vn -0.4176 -0.526413 0.740608
vn 0.68902 -0.479374 0.543554
vn 0.568737 -0.589191 0.573926
vn 0.610261 -0.770589 0.183779
vn 0.748592 -0.646495 0.147154
vn 0.894787 -0.428836 0.124319
vn 0.734714 -0.396977 0.550095
vn 0.68902 -0.479374 0.543554
vn 0.734714 -0.396977 0.550095
vn 0.590273 -0.319547 0.741261
vn 0.571921 -0.35517 0.739433
vn 0.486423 -0.429635 0.760793
vn 0.568737 -0.589191 0.573926
vn -0.68902 -0.479374 0.543554
vn -0.571921 -0.35517 0.739433
vn -0.590273 -0.319547 0.741261
vn -0.734714 -0.396977 0.550095
vn -0.894787 -0.428836 0.124319
vn -0.748592 -0.646495 0.147154
vn -0.68902 -0.479374 0.543554
vn -0.748592 -0.646495 0.147154
vn -0.610261 -0.770589 0.183779
vn -0.568737 -0.589191 0.573926
vn -0.486423 -0.429635 0.760793
vn -0.571921 -0.35517 0.739433
vn 0.734714 -0.396977 0.550095
vn 0.894787 -0.428836 0.124319
vn 0.975007 -0.150514 0.163425
vn 0.736725 -0.302542 0.604735
vn 0.975007 -0.150514 0.163425
vn 0.931062 0.285506 0.227177
vn 0.734351 -0.052405 0.676744
vn 0.472215 -0.301442 0.828339
vn 0.523095 -0.305853 0.795504
vn 0.736725 -0.302542 0.604735
vn 0.523095 -0.305853 0.795504
vn 0.590273 -0.319547 0.741261
vn -0.523095 -0.305853 0.795504
vn -0.472215 -0.301442 0.828339
vn -0.734351 -0.052405 0.676744
vn -0.736725 -0.302542 0.604735
vn -0.734351 -0.052405 0.676744
vn -0.931062 0.285506 0.227177
vn -0.975007 -0.150514 0.163425
vn -0.894787 -0.428836 0.124319
vn -0.734714 -0.396977 0.550095
vn -0.736725 -0.302542 0.604735
vn -0.734714 -0.396977 0.550095
vn -0.590273 -0.319547 0.741261
vn 0.734351 -0.052405 0.676744
vn 0.931062 0.285506 0.227177
vn 0.6574 0.715217 0.237257
vn 0.639038 0.319866 0.699512
vn 0.6574 0.715217 0.237257
vn 0.473414 0.864887 0.166879
vn 0.538482 0.55086 0.637644
vn 0.363705 -0.043714 0.930488
vn 0.45544 -0.177679 0.872356
vn 0.639038 0.319866 0.699512
vn 0.45544 -0.177679 0.872356
vn 0.472215 -0.301442 0.828339
vn -0.45544 -0.177679 0.872356
vn -0.363705 -0.043714 0.930488
vn -0.538482 0.55086 0.637644
vn -0.639038 0.319866 0.699512
vn -0.538482 0.55086 0.637644
vn -0.473414 0.864887 0.166879
vn -0.6574 0.715217 0.237257
vn -0.931062 0.285506 0.227177
vn -0.734351 -0.052405 0.676744
vn -0.639038 0.319866 0.699512
vn -0.734351 -0.052405 0.676744
vn -0.472215 -0.301442 0.828339
vn 0.538482 0.55086 0.637644
vn 0.473414 0.864887 0.166879
vn 0.514555 0.846669 0.13559
vn 0.524672 0.607247 0.596632
vn 0.514555 0.846669 0.13559
vn 0.590342 0.793136 0.14977
vn 0.549832 0.56466 0.615503
vn 0.303114 0.036285 0.952263
vn 0.315594 0.016983 0.948742
vn 0.524672 0.607247 0.596632
vn 0.315594 0.016983 0.948742
vn 0.363705 -0.043714 0.930488
vn -0.315594 0.016983 0.948742
vn -0.303114 0.036285 0.952263
vn -0.549832 0.56466 0.615503
vn -0.524672 0.607247 0.596632
vn -0.549832 0.56466 0.615503
vn -0.590342 0.793136 0.14977
vn -0.514555 0.846669 0.13559
vn -0.473414 0.864887 0.166879
vn -0.538482 0.55086 0.637644
vn -0.524672 0.607247 0.596632
vn -0.538482 0.55086 0.637644
vn -0.363705 -0.043714 0.930488
vn 0.549832 0.56466 0.615503
vn 0.590342 0.793136 0.14977
vn 0.588911 0.790329 0.169006
vn 0.533345 0.55096 0.641862
vn 0.588911 0.790329 0.169006
vn 0.314459 0.932198 0.17923
vn 0.533345 0.55096 0.641862
vn 0.330339 0.640111 0.693639
vn 0.258352 0.102773 0.960569
vn 0.307239 0.054785 0.950054
vn 0.303114 0.036285 0.952263
vn 0.549832 0.56466 0.615503
vn -0.533345 0.55096 0.641862
vn -0.307239 0.054785 0.950054
vn -0.258352 0.102773 0.960569
vn -0.533345 0.55096 0.641862
vn -0.330339 0.640111 0.693639
vn -0.314459 0.932198 0.17923
vn -0.588911 0.790329 0.169006
vn -0.590342 0.793136 0.14977
vn -0.549832 0.56466 0.615503
vn -0.549832 0.56466 0.615503
vn -0.303114 0.036285 0.952263
vn -0.307239 0.054785 0.950054
vn 0.330339 0.640111 0.693639
vn 0.314459 0.932198 0.17923
vn -0.204963 0.960946 0.185937
vn -0.073746 0.669183 0.73943
vn -0.204963 0.960946 0.185937
vn -0.670451 0.724 0.162235
vn -0.466988 0.516006 0.718094
vn -0.047093 0.074229 0.996129
vn 0.106435 0.122761 0.986712
vn 0.106435 0.122761 0.986712
vn 0.258352 0.102773 0.960569
vn 0.330339 0.640111 0.693639
vn -0.106435 0.122761 0.986712
vn 0.047093 0.074229 0.996129
vn 0.466988 0.516006 0.718094
vn 0.073746 0.669183 0.73943
vn 0.466988 0.516006 0.718094
vn 0.670451 0.724 0.162235
vn 0.204963 0.960946 0.185937
vn -0.314459 0.932198 0.17923
vn -0.330339 0.640111 0.693639
vn -0.330339 0.640111 0.693639
vn -0.258352 0.102773 0.960569
vn -0.106435 0.122761 0.986712
vn -0.466988 0.516006 0.718094
vn -0.670451 0.724 0.162235
vn -0.864735 0.490271 0.108941
vn -0.660773 0.377781 0.648583
vn -0.864735 0.490271 0.108941
vn -0.847628 0.52261 0.091679
vn -0.679223 0.411178 0.607939
vn -0.12745 0.009126 0.991803
vn -0.102489 0.022754 0.994474
vn -0.660773 0.377781 0.648583
vn -0.102489 0.022754 0.994474
vn -0.047093 0.074229 0.996129
vn 0.102489 0.022754 0.994474
vn 0.12745 0.009126 0.991803
vn 0.679223 0.411178 0.607939
vn 0.660773 0.377781 0.648583
vn 0.679223 0.411178 0.607939
vn 0.847628 0.52261 0.091679
vn 0.864735 0.490271 0.108941
vn 0.670451 0.724 0.162235
vn 0.466988 0.516006 0.718094
vn 0.660773 0.377781 0.648583
vn 0.466988 0.516006 0.718094
vn 0.047093 0.074229 0.996129
vn -0.679223 0.411178 0.607939
vn -0.847628 0.52261 0.091679
vn -0.615002 0.773479 0.153307
vn -0.499146 0.573299 0.649755
vn -0.615002 0.773479 0.153307
vn -0 0.976524 0.215407
vn 0 0.666953 0.7451
vn 0 -0.081189 0.996699
vn -0.118032 0.03255 0.992476
vn -0.499146 0.573299 0.649755
vn -0.118032 0.03255 0.992476
vn -0.12745 0.009126 0.991803
vn 0.118032 0.03255 0.992476
vn 0 -0.081189 0.996699
vn 0 0.666953 0.7451
vn 0.499146 0.573299 0.649755
vn 0 0.666953 0.7451
vn -0 0.976524 0.215407
vn 0.615002 0.773479 0.153307
vn 0.847628 0.52261 0.091679
vn 0.679223 0.411178 0.607939
vn 0.499146 0.573299 0.649755
vn 0.679223 0.411178 0.607939
vn 0.12745 0.009126 0.991803
vn 0.355238 -0.305913 0.883303
vn 0.323027 -0.225623 0.919101
vn 0.319004 -0.241723 0.916409
vn 0.360873 -0.298689 0.883491
vn 0.319004 -0.241723 0.916409
vn 0.282574 -0.249536 0.92622
vn 0.306043 -0.298081 0.904149
vn -0.047093 0.074229 0.996129
vn -0.102489 0.022754 0.994474
vn 0.360873 -0.298689 0.883491
vn -0.102489 0.022754 0.994474
vn -0.12745 0.009126 0.991803
vn 0.102489 0.022754 0.994474
vn 0.047093 0.074229 0.996129
vn -0.306043 -0.298081 0.904149
vn -0.360873 -0.298689 0.883491
vn -0.306043 -0.298081 0.904149
vn -0.282574 -0.249536 0.92622
vn -0.319004 -0.241723 0.916409
vn -0.323027 -0.225623 0.919101
vn -0.355238 -0.305913 0.883303
vn -0.360873 -0.298689 0.883491
vn -0.355238 -0.305913 0.883303
vn 0.12745 0.009126 0.991803
vn 0.306043 -0.298081 0.904149
vn 0.282574 -0.249536 0.92622
vn 0.211766 -0.274684 0.937925
vn 0.211766 -0.274684 0.937925
vn 0.127393 -0.279755 0.951582
vn 0.125863 -0.35085 0.927935
vn 0.215225 -0.324758 0.920984
vn 0.125863 -0.35085 0.927935
vn 0.258352 0.102773 0.960569
vn 0.215225 -0.324758 0.920984
vn 0.106435 0.122761 0.986712
vn -0.047093 0.074229 0.996129
vn -0.215225 -0.324758 0.920984
vn -0.106435 0.122761 0.986712
vn -0.258352 0.102773 0.960569
vn -0.125863 -0.35085 0.927935
vn -0.127393 -0.279755 0.951582
vn -0.211766 -0.274684 0.937925
vn -0.211766 -0.274684 0.937925
vn -0.282574 -0.249536 0.92622
vn -0.306043 -0.298081 0.904149
vn -0.215225 -0.324758 0.920984
vn -0.306043 -0.298081 0.904149
vn 0.047093 0.074229 0.996129
vn 0.106249 -0.218579 0.970018
vn 0.184534 -0.165058 0.968867
vn 0.057221 -0.399373 0.915001
vn 0.064934 -0.370939 0.926384
vn 0.057221 -0.399373 0.915001
vn 0.303114 0.036285 0.952263
vn 0.307239 0.054785 0.950054
vn 0.258352 0.102773 0.960569
vn 0.125863 -0.35085 0.927935
vn 0.064934 -0.370939 0.926384
vn 0.125863 -0.35085 0.927935
vn 0.127393 -0.279755 0.951582
vn -0.125863 -0.35085 0.927935
vn -0.258352 0.102773 0.960569
vn -0.307239 0.054785 0.950054
vn -0.064934 -0.370939 0.926384
vn -0.307239 0.054785 0.950054
vn -0.303114 0.036285 0.952263
vn -0.057221 -0.399373 0.915001
vn -0.184534 -0.165058 0.968867
vn -0.106249 -0.218579 0.970018
vn -0.064934 -0.370939 0.926384
vn -0.106249 -0.218579 0.970018
vn -0.127393 -0.279755 0.951582
vn 0.055999 -0.474123 0.878676
vn 0.202888 -0.282111 0.937683
vn 0.111562 -0.346676 0.931327
vn 0.048194 -0.477204 0.87747
vn 0.363705 -0.043714 0.930488
vn 0.315594 0.016983 0.948742
vn 0.315594 0.016983 0.948742
vn 0.303114 0.036285 0.952263
vn 0.057221 -0.399373 0.915001
vn 0.055999 -0.474123 0.878676
vn 0.057221 -0.399373 0.915001
vn 0.184534 -0.165058 0.968867
vn -0.057221 -0.399373 0.915001
vn -0.303114 0.036285 0.952263
vn -0.315594 0.016983 0.948742
vn -0.315594 0.016983 0.948742
vn -0.363705 -0.043714 0.930488
vn -0.048194 -0.477204 0.87747
vn -0.055999 -0.474123 0.878676
vn -0.048194 -0.477204 0.87747
vn -0.111562 -0.346676 0.931327
vn -0.055999 -0.474123 0.878676
vn -0.202888 -0.282111 0.937683
vn -0.184534 -0.165058 0.968867
vn 0.174249 -0.27145 0.946548
vn 0.27914 -0.134941 0.950722
vn 0.253165 -0.300481 0.919575
vn 0.172849 -0.43457 0.883896
vn 0.253165 -0.300481 0.919575
vn 0.472215 -0.301442 0.828339
vn 0.172849 -0.43457 0.883896
vn 0.45544 -0.177679 0.872356
vn 0.363705 -0.043714 0.930488
vn 0.048194 -0.477204 0.87747
vn 0.111562 -0.346676 0.931327
vn 0.174249 -0.27145 0.946548
vn -0.172849 -0.43457 0.883896
vn -0.048194 -0.477204 0.87747
vn -0.363705 -0.043714 0.930488
vn -0.172849 -0.43457 0.883896
vn -0.45544 -0.177679 0.872356
vn -0.472215 -0.301442 0.828339
vn -0.253165 -0.300481 0.919575
vn -0.27914 -0.134941 0.950722
vn -0.174249 -0.27145 0.946548
vn -0.174249 -0.27145 0.946548
vn -0.111562 -0.346676 0.931327
vn -0.048194 -0.477204 0.87747
vn 0.382496 -0.133926 0.914199
vn 0.44885 -0.194104 0.872271
vn 0.461335 -0.226284 0.857884
vn 0.375156 -0.223833 0.899532
vn 0.461335 -0.226284 0.857884
vn 0.590273 -0.319547 0.741261
vn 0.523095 -0.305853 0.795504
vn 0.472215 -0.301442 0.828339
vn 0.253165 -0.300481 0.919575
vn 0.375156 -0.223833 0.899532
vn 0.253165 -0.300481 0.919575
vn 0.27914 -0.134941 0.950722
vn -0.253165 -0.300481 0.919575
vn -0.472215 -0.301442 0.828339
vn -0.523095 -0.305853 0.795504
vn -0.375156 -0.223833 0.899532
vn -0.523095 -0.305853 0.795504
vn -0.590273 -0.319547 0.741261
vn -0.461335 -0.226284 0.857884
vn -0.44885 -0.194104 0.872271
vn -0.382496 -0.133926 0.914199
vn -0.375156 -0.223833 0.899532
vn -0.382496 -0.133926 0.914199
vn -0.27914 -0.134941 0.950722
vn 0.462579 -0.281674 0.840643
vn 0.439057 -0.368131 0.819578
vn 0.411858 -0.326667 0.850683
vn 0.453635 -0.265177 0.850821
vn 0.411858 -0.326667 0.850683
vn 0.486423 -0.429635 0.760793
vn 0.571921 -0.35517 0.739433
vn 0.590273 -0.319547 0.741261
vn 0.461335 -0.226284 0.857884
vn 0.453635 -0.265177 0.850821
vn 0.461335 -0.226284 0.857884
vn 0.44885 -0.194104 0.872271
vn -0.461335 -0.226284 0.857884
vn -0.590273 -0.319547 0.741261
vn -0.571921 -0.35517 0.739433
vn -0.453635 -0.265177 0.850821
vn -0.571921 -0.35517 0.739433
vn -0.486423 -0.429635 0.760793
vn -0.411858 -0.326667 0.850683
vn -0.439057 -0.368131 0.819578
vn -0.462579 -0.281674 0.840643
vn -0.453635 -0.265177 0.850821
vn -0.462579 -0.281674 0.840643
vn -0.44885 -0.194104 0.872271
vn 0.375083 -0.434354 0.818932
vn 0.273557 -0.386032 0.880991
vn 0.354182 -0.346151 0.868755
vn 0.385093 -0.392413 0.835294
vn 0.354182 -0.346151 0.868755
vn 0.390112 -0.565859 0.726372
vn 0.4176 -0.526413 0.740608
vn 0.486423 -0.429635 0.760793
vn 0.411858 -0.326667 0.850683
vn 0.385093 -0.392413 0.835294
vn 0.411858 -0.326667 0.850683
vn 0.439057 -0.368131 0.819578
vn -0.411858 -0.326667 0.850683
vn -0.486423 -0.429635 0.760793
vn -0.4176 -0.526413 0.740608
vn -0.385093 -0.392413 0.835294
vn -0.4176 -0.526413 0.740608
vn -0.390112 -0.565859 0.726372
vn -0.354182 -0.346151 0.868755
vn -0.273557 -0.386032 0.880991
vn -0.375083 -0.434354 0.818932
vn -0.385093 -0.392413 0.835294
vn -0.375083 -0.434354 0.818932
vn -0.439057 -0.368131 0.819578
vn 0.284808 -0.16104 0.944961
vn 0.182604 -0.218976 0.958491
vn 0.098453 -0.113604 0.988636
vn 0.179912 0.053864 0.982207
vn 0.2121 -0.17029 0.962297
vn 0.392288 -0.487095 0.780288
vn 0.392288 -0.487095 0.780288
vn 0.390112 -0.565859 0.726372
vn 0.354182 -0.346151 0.868755
vn 0.284808 -0.16104 0.944961
vn 0.354182 -0.346151 0.868755
vn 0.273557 -0.386032 0.880991
vn -0.354182 -0.346151 0.868755
vn -0.390112 -0.565859 0.726372
vn -0.392288 -0.487095 0.780288
vn -0.392288 -0.487095 0.780288
vn -0.2121 -0.17029 0.962297
vn -0.179912 0.053864 0.982207
vn -0.284808 -0.16104 0.944961
vn -0.179912 0.053864 0.982207
vn -0.098453 -0.113604 0.988636
vn -0.284808 -0.16104 0.944961
vn -0.182604 -0.218976 0.958491
vn -0.273557 -0.386032 0.880991
vn -0.052794 0.125865 0.990642
vn 0.179912 0.053864 0.982207
vn 0.098453 -0.113604 0.988636
vn -0.069086 -0.073645 0.994889
vn -0.145707 -0.119385 0.982098
vn -0.078212 0.015699 0.996813
vn -0.052794 0.125865 0.990642
vn -0.078212 0.015699 0.996813
vn -0 0.049069 0.998795
vn -0.157349 0.077589 0.98449
vn 0.2121 -0.17029 0.962297
vn 0.179912 0.053864 0.982207
vn 0.052794 0.125865 0.990642
vn 0.157349 0.077589 0.98449
vn -0 0.049069 0.998795
vn 0.078212 0.015699 0.996813
vn 0.145707 -0.119385 0.982098
vn 0.069086 -0.073645 0.994889
vn 0.052794 0.125865 0.990642
vn 0.069086 -0.073645 0.994889
vn -0.098453 -0.113604 0.988636
vn -0.179912 0.053864 0.982207
vn -0.2121 -0.17029 0.962297
vn 0.157349 0.077589 0.98449
vn 0.248904 -0.200593 0.947528
vn 0.323027 -0.225623 0.919101
vn 0.355238 -0.305913 0.883303
vn 0.248743 -0.291357 0.923709
vn 0.355238 -0.305913 0.883303
vn -0.12745 0.009126 0.991803
vn -0.118032 0.03255 0.992476
vn 0 -0.081189 0.996699
vn 0.176038 -0.279108 0.943986
vn 0.248743 -0.291357 0.923709
vn 0.176038 -0.279108 0.943986
vn 0.136145 -0.167373 0.976448
vn -0.176038 -0.279108 0.943986
vn 0 -0.081189 0.996699
vn 0.118032 0.03255 0.992476
vn -0.248743 -0.291357 0.923709
vn 0.118032 0.03255 0.992476
vn 0.12745 0.009126 0.991803
vn -0.355238 -0.305913 0.883303
vn -0.323027 -0.225623 0.919101
vn -0.248904 -0.200593 0.947528
vn -0.248743 -0.291357 0.923709
vn -0.248904 -0.200593 0.947528
vn -0.136145 -0.167373 0.976448
vn 0.11958 -0.237656 0.963961
vn 0.015889 -0.134035 0.990849
vn 0.136145 -0.167373 0.976448
vn 0.176038 -0.279108 0.943986
vn 0 -0.081189 0.996699
vn 0 -0.285324 0.958431
vn 0.11958 -0.237656 0.963961
vn 0 -0.285324 0.958431
vn -0 -0.246475 0.969149
vn 0.038298 -0.204337 0.978151
vn -0.082899 -0.133992 0.987509
vn 0.015889 -0.134035 0.990849
vn -0.11958 -0.237656 0.963961
vn -0.038298 -0.204337 0.978151
vn -0 -0.246475 0.969149
vn 0 -0.285324 0.958431
vn 0 -0.081189 0.996699
vn -0.176038 -0.279108 0.943986
vn -0.11958 -0.237656 0.963961
vn -0.176038 -0.279108 0.943986
vn -0.136145 -0.167373 0.976448
vn -0.015889 -0.134035 0.990849
vn 0.082899 -0.133992 0.987509
vn -0.038298 -0.204337 0.978151
vn 0 -0.156078 0.987745
vn -0 0.049069 0.998795
vn -0.078212 0.015699 0.996813
vn -0.016827 -0.149314 0.988647
vn -0.078212 0.015699 0.996813
vn -0.145707 -0.119385 0.982098
vn -0.131057 -0.170415 0.976618
vn -0.082899 -0.133992 0.987509
vn 0.038298 -0.204337 0.978151
vn -0.016827 -0.149314 0.988647
vn 0.038298 -0.204337 0.978151
vn -0 -0.246475 0.969149
vn -0.038298 -0.204337 0.978151
vn 0.082899 -0.133992 0.987509
vn 0.131057 -0.170415 0.976618
vn 0.016827 -0.149314 0.988647
vn 0.131057 -0.170415 0.976618
vn 0.145707 -0.119385 0.982098
vn 0.078212 0.015699 0.996813
vn -0 0.049069 0.998795
vn 0 -0.156078 0.987745
vn 0.016827 -0.149314 0.988647
vn 0 -0.156078 0.987745
vn -0 -0.246475 0.969149
vn 0.070576 -0.703012 0.707667
vn 0.136875 -0.664273 0.734851
vn 0.07269 -0.528048 0.846098
vn 0.025161 -0.546616 0.837006
vn 0 -0.543005 0.83973
vn 0 -0.704507 0.709697
vn 0.070576 -0.703012 0.707667
vn 0 -0.704507 0.709697
vn 0 -0.789348 0.613945
vn 0.09033 -0.788003 0.609009
vn 0.154973 -0.769642 0.619383
vn 0.136875 -0.664273 0.734851
vn -0.070576 -0.703012 0.707667
vn -0.09033 -0.788003 0.609009
vn 0 -0.789348 0.613945
vn 0 -0.704507 0.709697
vn 0 -0.543005 0.83973
vn -0.025161 -0.546616 0.837006
vn -0.070576 -0.703012 0.707667
vn -0.025161 -0.546616 0.837006
vn -0.07269 -0.528048 0.846098
vn -0.136875 -0.664273 0.734851
vn -0.154973 -0.769642 0.619383
vn -0.09033 -0.788003 0.609009
vn 0.223694 -0.569509 0.790962
vn 0.312022 -0.419791 0.852302
vn 0.231591 -0.332235 0.914322
vn 0.153025 -0.452135 0.878725
vn 0.07269 -0.528048 0.846098
vn 0.136875 -0.664273 0.734851
vn 0.223694 -0.569509 0.790962
vn 0.136875 -0.664273 0.734851
vn 0.154973 -0.769642 0.619383
vn 0.250153 -0.701603 0.667216
vn 0.375262 -0.560224 0.738463
vn 0.312022 -0.419791 0.852302
vn -0.223694 -0.569509 0.790962
vn -0.250153 -0.701603 0.667216
vn -0.154973 -0.769642 0.619383
vn -0.136875 -0.664273 0.734851
vn -0.07269 -0.528048 0.846098
vn -0.153025 -0.452135 0.878725
vn -0.223694 -0.569509 0.790962
vn -0.153025 -0.452135 0.878725
vn -0.231591 -0.332235 0.914322
vn -0.312022 -0.419791 0.852302
vn -0.375262 -0.560224 0.738463
vn -0.250153 -0.701603 0.667216
vn 0.363145 -0.199703 0.91008
vn 0.199277 -0.114842 0.973191
vn 0.267283 -0.213584 0.93965
vn 0.35541 -0.282116 0.89112
vn 0.267283 -0.213584 0.93965
vn 0.231591 -0.332235 0.914322
vn 0.312022 -0.419791 0.852302
vn 0.375262 -0.560224 0.738463
vn 0.473415 -0.368613 0.800001
vn 0.35541 -0.282116 0.89112
vn 0.473415 -0.368613 0.800001
vn 0.53286 -0.225632 0.815568
vn -0.473415 -0.368613 0.800001
vn -0.375262 -0.560224 0.738463
vn -0.312022 -0.419791 0.852302
vn -0.35541 -0.282116 0.89112
vn -0.312022 -0.419791 0.852302
vn -0.231591 -0.332235 0.914322
vn -0.267283 -0.213584 0.93965
vn -0.199277 -0.114842 0.973191
vn -0.363145 -0.199703 0.91008
vn -0.35541 -0.282116 0.89112
vn -0.363145 -0.199703 0.91008
vn -0.53286 -0.225632 0.815568
vn 0.358855 -0.012637 0.933308
vn 0.589328 0.035501 0.807114
vn 0.613236 0.086257 0.785176
vn 0.362835 0.018092 0.931678
vn 0.170572 -0.00778 0.985315
vn 0.173825 -0.037029 0.98408
vn 0.358855 -0.012637 0.933308
vn 0.173825 -0.037029 0.98408
vn 0.186808 -0.047078 0.981268
vn 0.369875 -0.043168 0.928078
vn 0.582483 -0.012359 0.812749
vn 0.589328 0.035501 0.807114
vn -0.358855 -0.012637 0.933308
vn -0.369875 -0.043168 0.928078
vn -0.186808 -0.047078 0.981268
vn -0.173825 -0.037029 0.98408
vn -0.170572 -0.00778 0.985315
vn -0.362835 0.018092 0.931678
vn -0.358855 -0.012637 0.933308
vn -0.362835 0.018092 0.931678
vn -0.613236 0.086257 0.785176
vn -0.589328 0.035501 0.807113
vn -0.582483 -0.012359 0.812749
vn -0.369875 -0.043168 0.928078
vn 0.373113 -0.115192 0.920607
vn 0.206023 -0.062525 0.976548
vn 0.199277 -0.114842 0.973191
vn 0.363145 -0.199703 0.91008
vn 0.53286 -0.225632 0.815568
vn 0.570611 -0.102723 0.81477
vn 0.373113 -0.115192 0.920607
vn 0.570611 -0.102723 0.81477
vn 0.582483 -0.012359 0.812749
vn 0.369875 -0.043168 0.928078
vn 0.186808 -0.047078 0.981268
vn 0.206023 -0.062525 0.976548
vn -0.373113 -0.115192 0.920607
vn -0.369875 -0.043168 0.928078
vn -0.582483 -0.012359 0.812749
vn -0.570611 -0.102723 0.81477
vn -0.53286 -0.225632 0.815568
vn -0.363145 -0.199703 0.91008
vn -0.373113 -0.115192 0.920607
vn -0.363145 -0.199703 0.91008
vn -0.199277 -0.114842 0.973191
vn -0.206023 -0.062525 0.976548
vn -0.186808 -0.047078 0.981268
vn -0.369875 -0.043168 0.928078
vn 0.179426 -0.00609 0.983753
vn 0.343776 -0.296934 0.890869
vn 0.139094 -0.283237 0.94891
vn 0.050697 -0.014067 0.998615
vn 0.139094 -0.283237 0.94891
vn 0 -0.285643 0.958336
vn 0 -0.011912 0.999929
vn 0 -0.017457 0.999848
vn 0.050399 -0.014962 0.998617
vn 0.050697 -0.014067 0.998615
vn 0.050399 -0.014962 0.998617
vn 0.170572 -0.00778 0.985315
vn -0.050399 -0.014962 0.998617
vn 0 -0.017457 0.999848
vn 0 -0.011912 0.999929
vn -0.050697 -0.014067 0.998615
vn 0 -0.011912 0.999929
vn 0 -0.285643 0.958336
vn -0.139094 -0.283237 0.94891
vn -0.343776 -0.296934 0.890869
vn -0.179426 -0.00609 0.983752
vn -0.050697 -0.014067 0.998615
vn -0.179426 -0.00609 0.983752
vn -0.170572 -0.00778 0.985315
vn 0.05116 -0.047162 0.997576
vn 0.186808 -0.047078 0.981268
vn 0.173825 -0.037029 0.98408
vn 0.048947 -0.049242 0.997587
vn 0.173825 -0.037029 0.98408
vn 0.170572 -0.00778 0.985315
vn 0.050399 -0.014962 0.998617
vn 0 -0.017457 0.999848
vn -0 -0.052895 0.9986
vn 0.048947 -0.049242 0.997587
vn -0 -0.052895 0.9986
vn 0 -0.048158 0.99884
vn -0 -0.052895 0.9986
vn 0 -0.017457 0.999848
vn -0.050399 -0.014962 0.998617
vn -0.048947 -0.049242 0.997587
vn -0.050399 -0.014962 0.998617
vn -0.170572 -0.00778 0.985315
vn -0.173825 -0.037029 0.98408
vn -0.186808 -0.047078 0.981268
vn -0.05116 -0.047162 0.997576
vn -0.048947 -0.049242 0.997587
vn -0.05116 -0.047162 0.997576
vn 0 -0.048158 0.99884
vn 0 -0.048047 0.998845
vn 0 -0.224319 0.974516
vn 0.053687 -0.181237 0.981973
vn 0.059298 -0.052178 0.996876
vn 0.053687 -0.181237 0.981973
vn 0.199277 -0.114842 0.973191
vn 0.059298 -0.052178 0.996876
vn 0.206023 -0.062525 0.976548
vn 0.186808 -0.047078 0.981268
vn 0.059298 -0.052178 0.996876
vn 0.05116 -0.047162 0.997576
vn 0 -0.048158 0.99884
vn -0.059298 -0.052178 0.996876
vn -0.05116 -0.047162 0.997576
vn -0.186808 -0.047078 0.981268
vn -0.059298 -0.052178 0.996876
vn -0.206023 -0.062525 0.976548
vn -0.199277 -0.114842 0.973191
vn -0.053687 -0.181237 0.981973
vn 0 -0.224319 0.974516
vn 0 -0.048047 0.998845
vn -0.059298 -0.052178 0.996876
vn 0 -0.048047 0.998845
vn 0 -0.048158 0.99884
vn 0.804509 -0.548742 0.227262
vn 0.665359 -0.330063 0.669594
vn 0.83757 -0.16838 0.519735
vn 0.989191 -0.130313 0.067225
vn 0.965803 -0.151456 0.21044
vn 0.75812 -0.582083 0.293996
vn 0.804509 -0.548742 0.227262
vn 0.75812 -0.582083 0.293996
vn 0.507256 -0.743258 0.436186
vn 0.542479 -0.676963 0.497431
vn 0.343776 -0.296934 0.890869
vn 0.665359 -0.330063 0.669594
vn -0.804509 -0.548742 0.227262
vn -0.542479 -0.676963 0.497431
vn -0.507256 -0.743258 0.436186
vn -0.75812 -0.582083 0.293996
vn -0.965803 -0.151456 0.21044
vn -0.989191 -0.130313 0.067225
vn -0.804509 -0.548742 0.227262
vn -0.989191 -0.130313 0.067225
vn -0.83757 -0.16838 0.519735
vn -0.665359 -0.330063 0.669594
vn -0.343776 -0.296934 0.890869
vn -0.542479 -0.676963 0.497431
vn 0.606674 0.158144 0.779061
vn 0.176574 0.273879 0.945416
vn 0.676235 0.731527 -0.087032
vn 0.954184 0.299025 -0.010843
vn 0.676235 0.731527 -0.087032
vn 0.681084 0.726575 0.090629
vn 0.939631 0.29598 0.171727
vn 0.965803 -0.151456 0.21044
vn 0.989191 -0.130313 0.067225
vn 0.989191 -0.130313 0.067225
vn 0.83757 -0.16838 0.519735
vn 0.606674 0.158144 0.779061
vn -0.989191 -0.130313 0.067225
vn -0.965803 -0.151456 0.21044
vn -0.939631 0.29598 0.171727
vn -0.954184 0.299025 -0.010843
vn -0.939631 0.29598 0.171727
vn -0.681084 0.726575 0.090629
vn -0.676235 0.731527 -0.087032
vn -0.176574 0.273879 0.945416
vn -0.606674 0.158144 0.779061
vn -0.606674 0.158144 0.779061
vn -0.83757 -0.16838 0.519735
vn -0.989191 -0.130313 0.067225
vn -0.102334 0.299613 0.948557
vn 0 0.310651 0.950524
vn -0.34543 0.809072 0.47548
vn 0.155087 0.970491 0.18465
vn -0.34543 0.809072 0.47548
vn -0.351244 0.904143 0.243213
vn 0.158717 0.984713 0.071752
vn 0.681084 0.726575 0.090629
vn 0.676235 0.731527 -0.087032
vn 0.155087 0.970491 0.18465
vn 0.676235 0.731527 -0.087032
vn 0.176574 0.273879 0.945416
vn -0.676235 0.731527 -0.087032
vn -0.681084 0.726575 0.090629
vn -0.158717 0.984713 0.071752
vn -0.155087 0.970491 0.18465
vn -0.158717 0.984713 0.071752
vn 0.351244 0.904143 0.243213
vn 0.34543 0.809072 0.47548
vn 0 0.310651 0.950524
vn 0.102334 0.299613 0.948557
vn -0.155087 0.970491 0.18465
vn 0.102334 0.299613 0.948557
vn -0.176574 0.273879 0.945416
vn -0.598291 0.654584 0.462135
vn 0 0.755017 0.655705
vn 0 0.767528 0.641015
vn -0.598291 0.654584 0.462135
vn -0 0.891831 0.452369
vn 0 0.963766 0.266749
vn -0.612062 0.729207 0.306004
vn -0.351244 0.904143 0.243213
vn -0.34543 0.809072 0.47548
vn -0.598291 0.654584 0.462135
vn -0.34543 0.809072 0.47548
vn 0 0.310651 0.950524
vn 0.34543 0.809072 0.47548
vn 0.351244 0.904143 0.243213
vn 0.612062 0.729207 0.306004
vn 0.598291 0.654584 0.462135
vn 0.612062 0.729207 0.306004
vn 0 0.963766 0.266749
vn 0.598291 0.654584 0.462135
vn -0 0.891831 0.452369
vn 0 0.767528 0.641015
vn 0.598291 0.654584 0.462135
vn 0 0.755017 0.655705
vn 0 0.310651 0.950524
vn 0 -0.757759 0.652535
vn 0 -0.285643 0.958336
vn 0.139094 -0.283237 0.94891
vn 0.304942 -0.723015 0.619887
vn 0.139094 -0.283237 0.94891
vn 0.343776 -0.296934 0.890869
vn 0.542479 -0.676963 0.497431
vn 0.507256 -0.743258 0.436186
vn 0.320825 -0.798536 0.509324
vn 0.304942 -0.723015 0.619887
vn 0.320825 -0.798536 0.509324
vn 0 -0.85206 0.523444
vn -0.320826 -0.798536 0.509324
vn -0.507256 -0.743258 0.436186
vn -0.542479 -0.676963 0.497431
vn -0.304942 -0.723015 0.619887
vn -0.542479 -0.676963 0.497431
vn -0.343776 -0.296934 0.890869
vn -0.139094 -0.283237 0.94891
vn 0 -0.285643 0.958336
vn 0 -0.757759 0.652535
vn -0.304942 -0.723015 0.619887
vn 0 -0.757759 0.652535
vn 0 -0.85206 0.523444
vn 0 -0.648627 0.761106
vn 0 -0.85206 0.523444
vn 0.320825 -0.798536 0.509324
vn 0.225373 -0.642325 0.732548
vn 0.320825 -0.798536 0.509324
vn 0.507256 -0.743258 0.436186
vn 0.225373 -0.642325 0.732548
vn 0.354847 -0.672103 0.649893
vn 0.212825 -0.577283 0.788321
vn 0.225373 -0.642325 0.732548
vn 0.120894 -0.496142 0.859783
vn 0 -0.454094 0.890954
vn -0.225373 -0.642325 0.732548
vn -0.120894 -0.496142 0.859783
vn -0.212825 -0.577283 0.788321
vn -0.225373 -0.642325 0.732548
vn -0.354847 -0.672103 0.649893
vn -0.507256 -0.743258 0.436186
vn -0.320826 -0.798536 0.509324
vn 0 -0.85206 0.523444
vn 0 -0.648627 0.761106
vn -0.225373 -0.642325 0.732548
vn 0 -0.648627 0.761106
vn 0 -0.454094 0.890954
vn -0.430606 0.692935 0.578291
vn -0.612062 0.729207 0.306004
vn 0 0.963766 0.266749
vn 0 0.744838 0.667246
vn 0 0.140466 0.990085
vn -0.144984 0.417852 0.896872
vn -0.430606 0.692935 0.578291
vn -0.144984 0.417852 0.896872
vn -0.147417 0.519293 0.841785
vn -0.276458 0.75395 0.595928
vn -0.351244 0.904143 0.243213
vn -0.612062 0.729207 0.306004
vn 0.430606 0.692935 0.578291
vn 0.276458 0.75395 0.595928
vn 0.147417 0.519293 0.841785
vn 0.144984 0.417852 0.896872
vn 0 0.140466 0.990085
vn 0 0.744838 0.667246
vn 0.430606 0.692935 0.578291
vn 0 0.744838 0.667246
vn 0 0.963766 0.266749
vn 0.612062 0.729207 0.306004
vn 0.351244 0.904143 0.243213
vn 0.276458 0.75395 0.595928
vn 0.158717 0.984713 0.071752
vn -0.351244 0.904143 0.243213
vn -0.276458 0.75395 0.595928
vn -0.276458 0.75395 0.595928
vn -0.147417 0.519293 0.841785
vn 0.086821 0.486864 0.869152
vn 0.086821 0.486864 0.869152
vn 0.319301 0.402438 0.857957
vn 0.549621 0.594833 0.586592
vn 0.1451 0.81246 0.564673
vn 0.549621 0.594833 0.586592
vn 0.681084 0.726575 0.090629
vn -0.549621 0.594833 0.586592
vn -0.319301 0.402438 0.857957
vn -0.086821 0.486864 0.869152
vn -0.086821 0.486864 0.869152
vn 0.147417 0.519293 0.841785
vn 0.276458 0.75395 0.595928
vn 0.276458 0.75395 0.595928
vn 0.351244 0.904143 0.243213
vn -0.158717 0.984713 0.071752
vn -0.1451 0.81246 0.564673
vn -0.158717 0.984713 0.071752
vn -0.681084 0.726575 0.090629
vn 0.939631 0.29598 0.171727
vn 0.681084 0.726575 0.090629
vn 0.549621 0.594833 0.586592
vn 0.741152 0.269209 0.614996
vn 0.549621 0.594833 0.586592
vn 0.319301 0.402438 0.857957
vn 0.346632 0.225547 0.91048
vn 0.295261 -0.14333 0.944604
vn 0.741243 -0.166796 0.650183
vn 0.741152 0.269209 0.614996
vn 0.741243 -0.166796 0.650183
vn 0.965803 -0.151456 0.21044
vn -0.741243 -0.166796 0.650183
vn -0.295261 -0.14333 0.944604
vn -0.346632 0.225547 0.91048
vn -0.741152 0.269209 0.614996
vn -0.346632 0.225547 0.91048
vn -0.319301 0.402438 0.857957
vn -0.549621 0.594833 0.586592
vn -0.681084 0.726575 0.090629
vn -0.939631 0.29598 0.171727
vn -0.741152 0.269209 0.614996
vn -0.939631 0.29598 0.171727
vn -0.965803 -0.151456 0.21044
vn 0.542958 -0.560703 0.625148
vn 0.75812 -0.582083 0.293996
vn 0.965803 -0.151456 0.21044
vn 0.542958 -0.560703 0.625148
vn 0.741243 -0.166796 0.650183
vn 0.295261 -0.14333 0.944604
vn 0.21172 -0.467902 0.858046
vn 0.212825 -0.577283 0.788321
vn 0.354847 -0.672103 0.649893
vn 0.354847 -0.672103 0.649893
vn 0.507256 -0.743258 0.436186
vn 0.75812 -0.582083 0.293996
vn -0.354847 -0.672103 0.649893
vn -0.212825 -0.577283 0.788321
vn -0.21172 -0.467902 0.858046
vn -0.542958 -0.560703 0.625148
vn -0.21172 -0.467902 0.858046
vn -0.295261 -0.14333 0.944604
vn -0.542958 -0.560703 0.625148
vn -0.741243 -0.166796 0.650183
vn -0.965803 -0.151456 0.21044
vn -0.75812 -0.582083 0.293996
vn -0.507256 -0.743258 0.436186
vn -0.354847 -0.672103 0.649893
vn -0.144984 0.417852 0.896872
vn 0 0.140466 0.990085
vn 0.029798 -0.071787 0.996975
vn 0.038861 0.221713 0.974337
vn 0.029798 -0.071787 0.996975
vn 0.295261 -0.14333 0.944604
vn 0.038861 0.221713 0.974337
vn 0.346632 0.225547 0.91048
vn 0.319301 0.402438 0.857957
vn 0.038861 0.221713 0.974337
vn 0.086821 0.486864 0.869152
vn -0.147417 0.519293 0.841785
vn -0.038861 0.221713 0.974337
vn -0.086821 0.486864 0.869152
vn -0.319301 0.402438 0.857957
vn -0.038861 0.221713 0.974337
vn -0.346632 0.225547 0.91048
vn -0.295261 -0.14333 0.944604
vn -0.029798 -0.071787 0.996975
vn 0 0.140466 0.990085
vn 0.144984 0.417852 0.896872
vn -0.038861 0.221713 0.974337
vn 0.144984 0.417852 0.896872
vn 0.147417 0.519293 0.841785
vn 0.056348 -0.349447 0.93526
vn 0.029798 -0.071787 0.996975
vn 0 0.140466 0.990085
vn 0 -0.282889 0.959153
vn 0 -0.454094 0.890954
vn 0.120894 -0.496142 0.859783
vn 0.056348 -0.349447 0.93526
vn 0.120894 -0.496142 0.859783
vn 0.212825 -0.577283 0.788321
vn 0.21172 -0.467902 0.858046
vn 0.295261 -0.14333 0.944604
vn 0.029798 -0.071787 0.996975
vn -0.056348 -0.349447 0.93526
vn -0.21172 -0.467902 0.858046
vn -0.212825 -0.577283 0.788321
vn -0.120894 -0.496142 0.859783
vn 0 -0.454094 0.890954
vn 0 -0.282889 0.959153
vn -0.056348 -0.349447 0.93526
vn 0 -0.282889 0.959153
vn 0 0.140466 0.990085
vn -0.029798 -0.071787 0.996975
vn -0.295261 -0.14333 0.944604
vn -0.21172 -0.467902 0.858046
vn -0.205223 -0.050695 0.977401
vn 0 0.019341 0.999813
vn 0 0.310651 0.950524
vn -0.102334 0.299613 0.948557
vn 0.176574 0.273879 0.945416
vn -0.222275 -0.23013 0.947436
vn -0.205223 -0.050695 0.977401
vn -0.222275 -0.23013 0.947436
vn 0.2121 -0.17029 0.962297
vn -0.157349 0.077589 0.98449
vn -0 0.049069 0.998795
vn 0 0.019341 0.999813
vn 0.205223 -0.050695 0.977401
vn 0.157349 0.077589 0.98449
vn -0.2121 -0.17029 0.962297
vn 0.222275 -0.23013 0.947436
vn -0.176574 0.273879 0.945416
vn 0.102334 0.299613 0.948557
vn 0.205223 -0.050695 0.977401
vn 0.102334 0.299613 0.948557
vn 0 0.310651 0.950524
vn 0 0.019341 0.999813
vn -0 0.049069 0.998795
vn 0.157349 0.077589 0.98449
vn 0.32578 -0.18905 0.926352
vn -0.222275 -0.23013 0.947436
vn 0.176574 0.273879 0.945416
vn 0.32578 -0.18905 0.926352
vn 0.606674 0.158144 0.779061
vn 0.83757 -0.16838 0.519735
vn 0.687809 -0.15696 0.708719
vn 0.836852 -0.00845 0.547365
vn 0.773477 -0.188237 0.605227
vn 0.32578 -0.18905 0.926352
vn 0.773477 -0.188237 0.605227
vn 0.2121 -0.17029 0.962297
vn -0.773477 -0.188237 0.605227
vn -0.836852 -0.00845 0.547365
vn -0.687809 -0.15696 0.708719
vn -0.32578 -0.18905 0.926352
vn -0.687809 -0.15696 0.708719
vn -0.83757 -0.16838 0.519735
vn -0.32578 -0.18905 0.926352
vn -0.606674 0.158144 0.779061
vn -0.176574 0.273879 0.945416
vn -0.32578 -0.18905 0.926352
vn 0.222275 -0.23013 0.947436
vn -0.2121 -0.17029 0.962297
vn 0.687809 -0.15696 0.708719
vn 0.83757 -0.16838 0.519735
vn 0.665359 -0.330063 0.669594
vn 0.665359 -0.330063 0.669594
vn 0.343776 -0.296934 0.890869
vn 0.483551 -0.032743 0.874704
vn 0.483551 -0.032743 0.874704
vn 0.715185 0.138644 0.685046
vn 0.786623 0.069926 0.613461
vn 0.649648 -0.08757 0.755175
vn 0.786623 0.069926 0.613461
vn 0.836852 -0.00845 0.547365
vn -0.786623 0.069926 0.613461
vn -0.715185 0.138644 0.685046
vn -0.483551 -0.032743 0.874704
vn -0.483551 -0.032743 0.874704
vn -0.343776 -0.296934 0.890869
vn -0.665359 -0.330063 0.669594
vn -0.665359 -0.330063 0.669594
vn -0.83757 -0.16838 0.519735
vn -0.687809 -0.15696 0.708719
vn -0.649648 -0.08757 0.755175
vn -0.687809 -0.15696 0.708719
vn -0.836852 -0.00845 0.547365
vn 0.483551 -0.032743 0.874704
vn 0.343776 -0.296934 0.890869
vn 0.179426 -0.00609 0.983753
vn 0.388869 0.043084 0.920285
vn 0.179426 -0.00609 0.983753
vn 0.170572 -0.00778 0.985315
vn 0.362835 0.018092 0.931678
vn 0.613236 0.086257 0.785176
vn 0.65652 0.136605 0.741836
vn 0.388869 0.043084 0.920285
vn 0.65652 0.136605 0.741836
vn 0.715185 0.138644 0.685046
vn -0.65652 0.136605 0.741836
vn -0.613236 0.086257 0.785176
vn -0.362835 0.018092 0.931678
vn -0.388869 0.043084 0.920285
vn -0.362835 0.018092 0.931678
vn -0.170572 -0.00778 0.985315
vn -0.179426 -0.00609 0.983752
vn -0.343776 -0.296934 0.890869
vn -0.483551 -0.032743 0.874704
vn -0.388869 0.043084 0.920285
vn -0.483551 -0.032743 0.874704
vn -0.715185 0.138644 0.685046
vn 0.8295 0.252683 0.498077
vn 0.823266 0.169961 0.541614
vn 0.966112 0.218488 0.137444
vn 0.938653 0.311376 0.148238
vn 0.927691 0.341862 0.150068
vn 0.85047 0.281716 0.444225
vn 0.85047 0.281716 0.444225
vn 0.715185 0.138644 0.685046
vn 0.65652 0.136605 0.741836
vn 0.8295 0.252683 0.498077
vn 0.65652 0.136605 0.741836
vn 0.613236 0.086257 0.785176
vn -0.65652 0.136605 0.741836
vn -0.715185 0.138644 0.685046
vn -0.85047 0.281716 0.444225
vn -0.85047 0.281716 0.444225
vn -0.927691 0.341862 0.150068
vn -0.938653 0.311376 0.148238
vn -0.8295 0.252683 0.498077
vn -0.938653 0.311376 0.148238
vn -0.966112 0.218488 0.137444
vn -0.8295 0.252683 0.498077
vn -0.823266 0.169961 0.541614
vn -0.613236 0.086257 0.785176
vn 0.85047 0.281716 0.444225
vn 0.927691 0.341862 0.150068
vn 0.938473 0.305697 0.160677
vn 0.884951 0.239125 0.399601
vn 0.938473 0.305697 0.160677
vn 0.936673 0.300732 0.179456
vn 0.913829 0.186427 0.360779
vn 0.836852 -0.00845 0.547365
vn 0.786623 0.069926 0.613461
vn 0.884951 0.239125 0.399601
vn 0.786623 0.069926 0.613461
vn 0.715185 0.138644 0.685046
vn -0.786623 0.069926 0.613461
vn -0.836852 -0.00845 0.547365
vn -0.913829 0.186427 0.360779
vn -0.884951 0.239125 0.399601
vn -0.913829 0.186427 0.360779
vn -0.936673 0.300732 0.179456
vn -0.938473 0.305697 0.160677
vn -0.927691 0.341862 0.150068
vn -0.85047 0.281716 0.444225
vn -0.884951 0.239125 0.399601
vn -0.85047 0.281716 0.444225
vn -0.715185 0.138644 0.685046
vn 0.904532 -0.162524 0.394218
vn 0.966738 -0.100272 0.235293
vn 0.633583 -0.724536 0.271331
vn 0.641026 -0.58967 0.491299
vn 0.2121 -0.17029 0.962297
vn 0.773477 -0.188237 0.605227
vn 0.904532 -0.162524 0.394218
vn 0.773477 -0.188237 0.605227
vn 0.836852 -0.00845 0.547365
vn 0.913829 0.186427 0.360779
vn 0.936673 0.300732 0.179456
vn 0.966738 -0.100272 0.235293
vn -0.904532 -0.162524 0.394218
vn -0.913829 0.186427 0.360779
vn -0.836852 -0.00845 0.547365
vn -0.773477 -0.188237 0.605227
vn -0.2121 -0.17029 0.962297
vn -0.641026 -0.58967 0.491299
vn -0.904532 -0.162524 0.394218
vn -0.641026 -0.58967 0.491299
vn -0.633583 -0.724536 0.271331
vn -0.966738 -0.100272 0.235293
vn -0.936673 0.300732 0.179456
vn -0.913829 0.186427 0.360779
vn -0.033544 -0.363496 0.930992
vn 0.199277 -0.114842 0.973191
vn 0.053687 -0.181237 0.981973
vn 0.078439 -0.635249 0.768314
vn 0.053687 -0.181237 0.981973
vn 0 -0.224319 0.974516
vn 0 -0.717346 0.696718
vn 0 -0.961092 0.27623
vn 0.115646 -0.938371 0.325709
vn 0.078439 -0.635249 0.768314
vn 0.115646 -0.938371 0.325709
vn -0.386694 -0.798975 0.460551
vn -0.115646 -0.938371 0.325709
vn 0 -0.961092 0.27623
vn 0 -0.717346 0.696718
vn -0.078439 -0.635249 0.768314
vn 0 -0.717346 0.696718
vn 0 -0.224319 0.974516
vn -0.053687 -0.181237 0.981973
vn -0.199277 -0.114842 0.973191
vn 0.033544 -0.363496 0.930992
vn -0.078439 -0.635249 0.768314
vn 0.033544 -0.363496 0.930992
vn 0.386694 -0.798975 0.460551
vn -0.262263 -0.158206 0.95194
vn 0.231591 -0.332235 0.914322
vn 0.267283 -0.213584 0.93965
vn -0.23371 -0.268463 0.934509
vn 0.267283 -0.213584 0.93965
vn 0.199277 -0.114842 0.973191
vn -0.23371 -0.268463 0.934509
vn -0.033544 -0.363496 0.930992
vn -0.386694 -0.798975 0.460551
vn -0.887334 -0.233791 0.397467
vn -0.870844 0.193265 0.451973
vn -0.262263 -0.158206 0.95194
vn 0.233709 -0.268463 0.934509
vn 0.887334 -0.233791 0.397467
vn 0.386694 -0.798975 0.460551
vn 0.233709 -0.268463 0.934509
vn 0.033544 -0.363496 0.930992
vn -0.199277 -0.114842 0.973191
vn -0.267283 -0.213584 0.93965
vn -0.231591 -0.332235 0.914322
vn 0.262263 -0.158206 0.95194
vn 0.262263 -0.158206 0.95194
vn 0.870844 0.193265 0.451973
vn 0.887334 -0.233791 0.397467
vn -0.273144 -0.088949 0.957852
vn -0.24326 0.028404 0.969545
vn 0.07269 -0.528048 0.846098
vn -0.273144 -0.088949 0.957852
vn 0.153025 -0.452135 0.878725
vn 0.231591 -0.332235 0.914322
vn -0.273144 -0.088949 0.957852
vn -0.262263 -0.158206 0.95194
vn -0.870844 0.193265 0.451973
vn -0.71146 0.48421 0.509279
vn -0.476282 0.703068 0.528063
vn -0.24326 0.028404 0.969545
vn 0.273144 -0.088949 0.957852
vn 0.71146 0.48421 0.509279
vn 0.870844 0.193265 0.451973
vn 0.273144 -0.088949 0.957852
vn 0.262263 -0.158206 0.95194
vn -0.231591 -0.332235 0.914322
vn 0.273144 -0.088949 0.957852
vn -0.153025 -0.452135 0.878725
vn -0.07269 -0.528048 0.846098
vn 0.24326 0.028404 0.969545
vn 0.476282 0.703068 0.528063
vn 0.71146 0.48421 0.509279
vn -0.120671 0.122129 0.985151
vn 0 0.152606 0.988287
vn 0 -0.543005 0.83973
vn 0.025161 -0.546616 0.837006
vn 0.07269 -0.528048 0.846098
vn -0.24326 0.028404 0.969545
vn -0.120671 0.122129 0.985151
vn -0.24326 0.028404 0.969545
vn -0.476282 0.703068 0.528063
vn -0.203983 0.813885 0.544042
vn 0 0.833341 0.55276
vn 0 0.152606 0.988287
vn 0.120671 0.122129 0.985151
vn 0.203983 0.813885 0.544042
vn 0.476282 0.703068 0.528063
vn 0.24326 0.028404 0.969545
vn -0.07269 -0.528048 0.846098
vn -0.025161 -0.546616 0.837006
vn 0.120671 0.122129 0.985151
vn -0.025161 -0.546616 0.837006
vn 0 -0.543005 0.83973
vn 0 0.152606 0.988287
vn 0 0.833341 0.55276
vn 0.203983 0.813885 0.544042
vn 0 0.851115 0.524979
vn 0 0.833341 0.55276
vn -0.203983 0.813885 0.544042
vn -0.203983 0.813885 0.544042
vn -0.476282 0.703068 0.528063
vn -0.447862 0.770983 0.452775
vn -0.447862 0.770983 0.452775
vn -0.28931 0.404312 0.867658
vn -0.120685 0.374799 0.919217
vn -0.193384 0.831873 0.520183
vn -0.120685 0.374799 0.919217
vn 0 0.377235 0.926117
vn 0.120685 0.374799 0.919217
vn 0.28931 0.404312 0.867658
vn 0.447862 0.770983 0.452775
vn 0.447862 0.770983 0.452775
vn 0.476282 0.703068 0.528063
vn 0.203983 0.813885 0.544042
vn 0.203983 0.813885 0.544042
vn 0 0.833341 0.55276
vn 0 0.851115 0.524979
vn 0.193384 0.831873 0.520183
vn 0 0.851115 0.524979
vn 0 0.377235 0.926117
vn -0.713189 0.636064 0.294592
vn -0.447862 0.770983 0.452775
vn -0.476282 0.703068 0.528063
vn -0.71146 0.48421 0.509279
vn -0.870844 0.193265 0.451973
vn -0.919944 0.34044 0.194431
vn -0.713189 0.636064 0.294592
vn -0.919944 0.34044 0.194431
vn -0.884207 0.317278 0.342801
vn -0.713189 0.636064 0.294592
vn -0.556119 0.398232 0.729481
vn -0.28931 0.404312 0.867658
vn 0.713189 0.636064 0.294592
vn 0.556119 0.398232 0.729481
vn 0.884207 0.317278 0.342801
vn 0.919944 0.340441 0.194431
vn 0.870844 0.193265 0.451973
vn 0.71146 0.48421 0.509279
vn 0.713189 0.636064 0.294592
vn 0.71146 0.48421 0.509279
vn 0.476282 0.703068 0.528063
vn 0.713189 0.636064 0.294592
vn 0.447862 0.770983 0.452775
vn 0.28931 0.404312 0.867658
vn -0.95461 -0.23278 0.185834
vn -0.919944 0.34044 0.194431
vn -0.870844 0.193265 0.451973
vn -0.887334 -0.233791 0.397467
vn -0.386694 -0.798975 0.460551
vn -0.449076 -0.844755 0.291067
vn -0.95461 -0.23278 0.185834
vn -0.449076 -0.844755 0.291067
vn -0.275319 -0.730149 0.625366
vn -0.751592 -0.289351 0.592778
vn -0.884207 0.317278 0.342801
vn -0.919944 0.34044 0.194431
vn 0.95461 -0.23278 0.185834
vn 0.751592 -0.289351 0.592778
vn 0.275319 -0.730149 0.625366
vn 0.449076 -0.844755 0.291067
vn 0.386694 -0.798975 0.460551
vn 0.887334 -0.233791 0.397467
vn 0.95461 -0.23278 0.185834
vn 0.887334 -0.233791 0.397467
vn 0.870844 0.193265 0.451973
vn 0.919944 0.340441 0.194431
vn 0.884207 0.317278 0.342801
vn 0.751592 -0.289351 0.592778
vn -0.449076 -0.844755 0.291067
vn -0.386694 -0.798975 0.460551
vn 0.115646 -0.938371 0.325709
vn 0.115708 -0.942051 0.314883
vn 0.115646 -0.938371 0.325709
vn 0 -0.961092 0.27623
vn -0 -0.946075 0.323948
vn 0 -0.695688 0.718344
vn 0.092032 -0.716403 0.69159
vn 0.115708 -0.942051 0.314883
vn 0.092032 -0.716403 0.69159
vn -0.275319 -0.730149 0.625366
vn -0.092032 -0.716403 0.69159
vn 0 -0.695688 0.718344
vn -0 -0.946075 0.323948
vn -0.115708 -0.942051 0.314883
vn -0 -0.946075 0.323948
vn 0 -0.961092 0.27623
vn -0.115646 -0.938371 0.325709
vn 0.386694 -0.798975 0.460551
vn 0.449076 -0.844755 0.291067
vn -0.115708 -0.942051 0.314883
vn 0.449076 -0.844755 0.291067
vn 0.275319 -0.730149 0.625366
vn 0.020723 -0.281929 0.959211
vn 0.092032 -0.716403 0.69159
vn 0 -0.695688 0.718344
vn 0 -0.267496 0.963559
vn 0 0.377235 0.926117
vn -0.120685 0.374799 0.919217
vn 0.020723 -0.281929 0.959211
vn -0.120685 0.374799 0.919217
vn -0.28931 0.404312 0.867658
vn 0.028103 -0.302006 0.952892
vn -0.275319 -0.730149 0.625366
vn 0.092032 -0.716403 0.69159
vn -0.020723 -0.281929 0.959211
vn -0.028103 -0.302006 0.952892
vn 0.28931 0.404312 0.867658
vn 0.120685 0.374799 0.919217
vn 0 0.377235 0.926117
vn 0 -0.267496 0.963559
vn -0.020723 -0.281929 0.959211
vn 0 -0.267496 0.963559
vn 0 -0.695688 0.718344
vn -0.092032 -0.716403 0.69159
vn 0.275319 -0.730149 0.625366
vn -0.028103 -0.302006 0.952892
vn -0.751592 -0.289351 0.592778
vn -0.275319 -0.730149 0.625366
vn 0.028103 -0.302006 0.952892
vn 0.028103 -0.302006 0.952892
vn -0.28931 0.404312 0.867658
vn -0.556119 0.398232 0.729481
vn -0.409491 -0.141753 0.901234
vn -0.556119 0.398232 0.729481
vn -0.884207 0.317278 0.342801
vn 0.409491 -0.141753 0.901234
vn 0.751592 -0.289351 0.592778
vn 0.884207 0.317278 0.342801
vn 0.556119 0.398232 0.729481
vn 0.28931 0.404312 0.867658
vn -0.028103 -0.302006 0.952892
vn -0.028103 -0.302006 0.952892
vn 0.275319 -0.730149 0.625366
vn 0.751592 -0.289351 0.592778
vn -0.264708 -0.180824 0.947223
vn -0.229995 -0.10786 0.967196
vn -0.082899 -0.133992 0.987509
vn -0.131057 -0.170415 0.976618
vn -0.145707 -0.119385 0.982098
vn -0.303172 -0.217487 0.927786
vn -0.264708 -0.180824 0.947223
vn -0.303172 -0.217487 0.927786
vn -0.007933 -0.013521 0.999877
vn 0.09985 -0.047401 0.993873
vn 0.143367 -0.055721 0.9881
vn -0.229995 -0.10786 0.967196
vn 0.264708 -0.180824 0.947223
vn -0.09985 -0.047401 0.993873
vn 0.007933 -0.013521 0.999877
vn 0.303172 -0.217487 0.927786
vn 0.145707 -0.119385 0.982098
vn 0.131057 -0.170415 0.976618
vn 0.264708 -0.180824 0.947223
vn 0.131057 -0.170415 0.976618
vn 0.082899 -0.133992 0.987509
vn 0.229995 -0.10786 0.967196
vn -0.143368 -0.055721 0.9881
vn -0.09985 -0.047401 0.993873
vn -0.07785 -0.037776 0.996249
vn 0.136145 -0.167373 0.976448
vn 0.015889 -0.134035 0.990849
vn -0.162348 -0.059112 0.984961
vn 0.015889 -0.134035 0.990849
vn -0.082899 -0.133992 0.987509
vn -0.162348 -0.059112 0.984961
vn -0.229995 -0.10786 0.967196
vn 0.143367 -0.055721 0.9881
vn 0.162718 -0.050983 0.985354
vn 0.169338 -0.067842 0.98322
vn -0.07785 -0.037776 0.996249
vn 0.162348 -0.059112 0.984961
vn -0.162718 -0.050983 0.985354
vn -0.143368 -0.055721 0.9881
vn 0.162348 -0.059112 0.984961
vn 0.229995 -0.10786 0.967196
vn 0.082899 -0.133992 0.987509
vn -0.015889 -0.134035 0.990849
vn -0.136145 -0.167373 0.976448
vn 0.07785 -0.037776 0.996249
vn 0.07785 -0.037776 0.996249
vn -0.169338 -0.067842 0.98322
vn -0.162718 -0.050983 0.985354
vn 0.007349 -0.037578 0.999267
vn 0.085617 -0.014511 0.996222
vn 0.323027 -0.225623 0.919101
vn 0.007349 -0.037578 0.999267
vn 0.248904 -0.200593 0.947528
vn 0.136145 -0.167373 0.976448
vn 0.007349 -0.037578 0.999267
vn -0.07785 -0.037776 0.996249
vn 0.169338 -0.067842 0.98322
vn 0.007349 -0.037578 0.999267
vn 0.165668 -0.078564 0.983047
vn 0.143502 -0.065721 0.987465
vn -0.007349 -0.037578 0.999267
vn -0.165668 -0.078564 0.983047
vn -0.169338 -0.067842 0.98322
vn -0.007349 -0.037578 0.999267
vn 0.07785 -0.037776 0.996249
vn -0.136145 -0.167373 0.976448
vn -0.007349 -0.037578 0.999267
vn -0.248904 -0.200593 0.947528
vn -0.323027 -0.225623 0.919101
vn -0.007349 -0.037578 0.999267
vn -0.085617 -0.014511 0.996222
vn -0.143502 -0.065721 0.987465
vn -0.253753 -0.313775 0.914962
vn -0.303172 -0.217487 0.927786
vn -0.145707 -0.119385 0.982098
vn -0.253753 -0.313775 0.914962
vn -0.069086 -0.073645 0.994889
vn 0.098453 -0.113604 0.988636
vn -0.108256 -0.457501 0.882594
vn -0.004688 -0.274032 0.961709
vn -0.07653 -0.132479 0.988227
vn -0.07653 -0.132479 0.988227
vn -0.007933 -0.013521 0.999877
vn -0.303172 -0.217487 0.927786
vn 0.07653 -0.132479 0.988227
vn 0.004688 -0.274032 0.961709
vn 0.108256 -0.457501 0.882594
vn 0.253753 -0.313775 0.914962
vn 0.108256 -0.457501 0.882594
vn -0.098453 -0.113604 0.988636
vn 0.253753 -0.313775 0.914962
vn 0.069086 -0.073645 0.994889
vn 0.145707 -0.119385 0.982098
vn 0.303172 -0.217487 0.927786
vn 0.007933 -0.013521 0.999877
vn 0.07653 -0.132479 0.988227
vn 0.037345 -0.524562 0.850553
vn -0.108256 -0.457501 0.882594
vn 0.098453 -0.113604 0.988636
vn 0.182604 -0.218976 0.958491
vn 0.273557 -0.386032 0.880991
vn 0.183887 -0.552024 0.813299
vn 0.037345 -0.524562 0.850553
vn 0.183887 -0.552024 0.813299
vn 0.208677 -0.294049 0.932732
vn 0.116007 -0.316683 0.941411
vn -0.004688 -0.274032 0.961709
vn -0.108256 -0.457501 0.882594
vn -0.037345 -0.524562 0.850553
vn -0.116007 -0.316683 0.941411
vn -0.208677 -0.294049 0.932732
vn -0.183887 -0.552024 0.813299
vn -0.273557 -0.386032 0.880991
vn -0.182604 -0.218976 0.958491
vn -0.037345 -0.524562 0.850553
vn -0.182604 -0.218976 0.958491
vn -0.098453 -0.113604 0.988636
vn 0.108256 -0.457501 0.882594
vn 0.004688 -0.274032 0.961709
vn -0.116007 -0.316683 0.941411
vn 0.363189 -0.530408 0.766003
vn 0.183887 -0.552024 0.813299
vn 0.273557 -0.386032 0.880991
vn 0.375083 -0.434354 0.818932
vn 0.439057 -0.368131 0.819578
vn 0.486569 -0.441881 0.753652
vn 0.363189 -0.530408 0.766003
vn 0.486569 -0.441881 0.753652
vn 0.378457 -0.16801 0.910244
vn 0.313491 -0.250424 0.915976
vn 0.208677 -0.294049 0.932732
vn 0.183887 -0.552024 0.813299
vn -0.363189 -0.530408 0.766003
vn -0.313491 -0.250424 0.915976
vn -0.378457 -0.16801 0.910244
vn -0.486569 -0.441881 0.753652
vn -0.439057 -0.368131 0.819578
vn -0.375083 -0.434354 0.818932
vn -0.363189 -0.530408 0.766003
vn -0.375083 -0.434354 0.818932
vn -0.273557 -0.386032 0.880991
vn -0.183887 -0.552024 0.813299
vn -0.208677 -0.294049 0.932732
vn -0.313491 -0.250424 0.915976
vn 0.511927 -0.317977 0.798011
vn 0.486569 -0.441881 0.753652
vn 0.439057 -0.368131 0.819578
vn 0.462579 -0.281674 0.840643
vn 0.44885 -0.194104 0.872271
vn 0.484509 -0.196454 0.852442
vn 0.511927 -0.317977 0.798011
vn 0.484509 -0.196454 0.852442
vn 0.302274 -0.049832 0.951918
vn 0.362692 -0.083476 0.928163
vn 0.378457 -0.16801 0.910244
vn 0.486569 -0.441881 0.753652
vn -0.511927 -0.317977 0.798011
vn -0.362692 -0.083476 0.928163
vn -0.302274 -0.049832 0.951918
vn -0.484509 -0.196454 0.852442
vn -0.44885 -0.194104 0.872271
vn -0.462579 -0.281674 0.840643
vn -0.511927 -0.317977 0.798011
vn -0.462579 -0.281674 0.840643
vn -0.439057 -0.368131 0.819578
vn -0.486569 -0.441881 0.753652
vn -0.378457 -0.16801 0.910244
vn -0.362692 -0.083476 0.928163
vn 0.460127 -0.106667 0.881422
vn 0.484509 -0.196454 0.852442
vn 0.44885 -0.194104 0.872271
vn 0.382496 -0.133926 0.914199
vn 0.27914 -0.134941 0.950722
vn 0.431249 -0.041377 0.901284
vn 0.460127 -0.106667 0.881422
vn 0.431249 -0.041377 0.901284
vn 0.240452 -0.061309 0.968723
vn 0.256617 -0.062193 0.96451
vn 0.302274 -0.049832 0.951918
vn 0.484509 -0.196454 0.852442
vn -0.460127 -0.106667 0.881422
vn -0.256617 -0.062193 0.96451
vn -0.240452 -0.061309 0.968723
vn -0.431249 -0.041377 0.901283
vn -0.27914 -0.134941 0.950722
vn -0.382496 -0.133926 0.914199
vn -0.460127 -0.106667 0.881422
vn -0.382496 -0.133926 0.914199
vn -0.44885 -0.194104 0.872271
vn -0.484509 -0.196454 0.852442
vn -0.302274 -0.049832 0.951918
vn -0.256617 -0.062193 0.96451
vn 0.383298 -0.028445 0.923187
vn 0.431249 -0.041377 0.901284
vn 0.27914 -0.134941 0.950722
vn 0.383298 -0.028445 0.923187
vn 0.174249 -0.27145 0.946548
vn 0.111562 -0.346676 0.931327
vn 0.382347 0.010797 0.923956
vn 0.333347 -0.101583 0.937316
vn 0.27665 -0.070454 0.958385
vn 0.383298 -0.028445 0.923187
vn 0.27665 -0.070454 0.958385
vn 0.240452 -0.061309 0.968723
vn -0.27665 -0.070454 0.958385
vn -0.333347 -0.101583 0.937316
vn -0.382347 0.010797 0.923956
vn -0.383298 -0.028445 0.923187
vn -0.382347 0.010797 0.923956
vn -0.111562 -0.346676 0.931327
vn -0.383298 -0.028445 0.923187
vn -0.174249 -0.27145 0.946548
vn -0.27914 -0.134941 0.950722
vn -0.383298 -0.028445 0.923187
vn -0.431249 -0.041377 0.901283
vn -0.240452 -0.061309 0.968723
vn 0.382347 0.010797 0.923956
vn 0.111562 -0.346676 0.931327
vn 0.202888 -0.282111 0.937683
vn 0.440624 0.217579 0.870925
vn 0.202888 -0.282111 0.937683
vn 0.184534 -0.165058 0.968867
vn 0.369363 0.384847 0.845851
vn 0.312663 0.149065 0.938095
vn 0.397557 -0.024308 0.917256
vn 0.440624 0.217579 0.870925
vn 0.397557 -0.024308 0.917256
vn 0.333347 -0.101583 0.937316
vn -0.397557 -0.024308 0.917256
vn -0.312663 0.149065 0.938095
vn -0.369363 0.384847 0.845851
vn -0.440624 0.217579 0.870925
vn -0.369363 0.384847 0.845851
vn -0.184534 -0.165058 0.968867
vn -0.202888 -0.282111 0.937683
vn -0.111562 -0.346676 0.931327
vn -0.382347 0.010797 0.923956
vn -0.440624 0.217579 0.870925
vn -0.382347 0.010797 0.923956
vn -0.333347 -0.101583 0.937316
vn 0.210391 0.293539 0.932508
vn 0.369363 0.384847 0.845851
vn 0.184534 -0.165058 0.968867
vn 0.106249 -0.218579 0.970018
vn 0.127393 -0.279755 0.951582
vn 0.155169 0.123199 0.980176
vn 0.210391 0.293539 0.932508
vn 0.155169 0.123199 0.980176
vn 0.108053 0.163787 0.98056
vn 0.124871 0.217859 0.967959
vn 0.312663 0.149065 0.938095
vn 0.369363 0.384847 0.845851
vn -0.210391 0.293539 0.932508
vn -0.124871 0.217859 0.967959
vn -0.108053 0.163787 0.98056
vn -0.155169 0.123199 0.980176
vn -0.127393 -0.279755 0.951582
vn -0.106249 -0.218579 0.970018
vn -0.210391 0.293539 0.932508
vn -0.106249 -0.218579 0.970018
vn -0.184534 -0.165058 0.968867
vn -0.369363 0.384847 0.845851
vn -0.312663 0.149065 0.938095
vn -0.124871 0.217859 0.967959
vn 0.176875 0.07378 0.981464
vn 0.155169 0.123199 0.980176
vn 0.127393 -0.279755 0.951582
vn 0.211766 -0.274684 0.937925
vn 0.282574 -0.249536 0.92622
vn 0.151983 0.065581 0.986205
vn 0.176875 0.07378 0.981464
vn 0.151983 0.065581 0.986205
vn 0.123921 0.102093 0.987026
vn 0.159962 0.142656 0.976761
vn 0.108053 0.163787 0.98056
vn 0.155169 0.123199 0.980176
vn -0.176875 0.07378 0.981464
vn -0.159962 0.142656 0.976761
vn -0.123921 0.102093 0.987026
vn -0.151983 0.065581 0.986205
vn -0.282574 -0.249536 0.92622
vn -0.211766 -0.274684 0.937925
vn -0.176875 0.07378 0.981464
vn -0.211766 -0.274684 0.937925
vn -0.127393 -0.279755 0.951582
vn -0.155169 0.123199 0.980176
vn -0.108053 0.163787 0.98056
vn -0.159962 0.142656 0.976761
vn 0.120986 0.027085 0.992285
vn 0.151983 0.065581 0.986205
vn 0.282574 -0.249536 0.92622
vn 0.319004 -0.241723 0.916409
vn 0.323027 -0.225623 0.919101
vn 0.085617 -0.014511 0.996222
vn 0.120986 0.027085 0.992285
vn 0.085617 -0.014511 0.996222
vn 0.143502 -0.065721 0.987465
vn 0.112957 0.002179 0.993597
vn 0.123921 0.102093 0.987026
vn 0.151983 0.065581 0.986205
vn -0.120986 0.027085 0.992285
vn -0.112957 0.002179 0.993597
vn -0.143502 -0.065721 0.987465
vn -0.085617 -0.014511 0.996222
vn -0.323027 -0.225623 0.919101
vn -0.319004 -0.241723 0.916409
vn -0.120986 0.027085 0.992285
vn -0.319004 -0.241723 0.916409
vn -0.282574 -0.249536 0.92622
vn -0.151983 0.065581 0.986205
vn -0.123921 0.102093 0.987026
vn -0.112957 0.002179 0.993597
vn 0.2539 -0.272845 0.927949
vn 0.21021 -0.164528 0.963713
vn 0.123921 0.102093 0.987026
vn 0.112957 0.002179 0.993597
vn 0.143502 -0.065721 0.987465
vn 0.389477 -0.322075 0.862888
vn 0.389477 -0.322075 0.862888
vn 0.465564 -0.458477 0.757
vn 0.328241 -0.440457 0.835617
vn 0.2539 -0.272845 0.927949
vn 0.328241 -0.440457 0.835617
vn 0.260363 -0.316514 0.912157
vn -0.328241 -0.440457 0.835617
vn -0.465564 -0.458477 0.757
vn -0.389477 -0.322075 0.862888
vn -0.389477 -0.322075 0.862888
vn -0.143502 -0.065721 0.987465
vn -0.112957 0.002179 0.993597
vn -0.2539 -0.272845 0.927949
vn -0.112957 0.002179 0.993597
vn -0.123921 0.102093 0.987026
vn -0.2539 -0.272845 0.927949
vn -0.21021 -0.164528 0.963713
vn -0.260363 -0.316514 0.912157
vn 0.186661 -0.14759 0.971275
vn 0.041992 -0.234648 0.971173
vn 0.108053 0.163787 0.98056
vn 0.159962 0.142656 0.976761
vn 0.123921 0.102093 0.987026
vn 0.21021 -0.164528 0.963713
vn 0.186661 -0.14759 0.971275
vn 0.21021 -0.164528 0.963713
vn 0.260363 -0.316514 0.912157
vn 0.200602 -0.293447 0.934691
vn 0.034955 -0.441884 0.896391
vn 0.041992 -0.234648 0.971173
vn -0.186661 -0.14759 0.971275
vn -0.200602 -0.293447 0.934691
vn -0.260363 -0.316514 0.912157
vn -0.21021 -0.164528 0.963713
vn -0.123921 0.102093 0.987026
vn -0.159962 0.142656 0.976761
vn -0.186661 -0.14759 0.971275
vn -0.159962 0.142656 0.976761
vn -0.108053 0.163787 0.98056
vn -0.041992 -0.234648 0.971173
vn -0.034955 -0.441884 0.896391
vn -0.200602 -0.293447 0.934691
vn -0.039789 -0.407362 0.9124
vn 0.030238 -0.591027 0.806085
vn 0.312663 0.149065 0.938095
vn 0.124871 0.217859 0.967959
vn 0.108053 0.163787 0.98056
vn 0.041992 -0.234648 0.971173
vn -0.039789 -0.407362 0.9124
vn 0.041992 -0.234648 0.971173
vn 0.034955 -0.441884 0.896391
vn -0.093083 -0.706622 0.701442
vn -0.126904 -0.85255 0.507004
vn 0.030238 -0.591027 0.806085
vn 0.039789 -0.407362 0.912399
vn 0.093083 -0.706622 0.701442
vn -0.034955 -0.441884 0.896391
vn -0.041992 -0.234648 0.971173
vn -0.108053 0.163787 0.98056
vn -0.124871 0.217859 0.967959
vn 0.039789 -0.407362 0.912399
vn -0.124871 0.217859 0.967959
vn -0.312663 0.149065 0.938095
vn -0.030238 -0.591027 0.806085
vn 0.126904 -0.85255 0.507004
vn 0.093083 -0.706622 0.701442
vn 0.014291 -0.548423 0.836079
vn 0.333347 -0.101583 0.937316
vn 0.397557 -0.024308 0.917256
vn 0.076188 -0.651792 0.754562
vn 0.397557 -0.024308 0.917256
vn 0.312663 0.149065 0.938095
vn 0.030238 -0.591027 0.806085
vn -0.126904 -0.85255 0.507004
vn -0.088671 -0.816018 0.571185
vn 0.076188 -0.651792 0.754562
vn -0.088671 -0.816018 0.571185
vn -0.118965 -0.668597 0.734047
vn 0.088671 -0.816018 0.571185
vn 0.126904 -0.85255 0.507004
vn -0.030238 -0.591027 0.806085
vn -0.076188 -0.651792 0.754562
vn -0.030238 -0.591027 0.806085
vn -0.312663 0.149065 0.938095
vn -0.397557 -0.024308 0.917256
vn -0.333347 -0.101583 0.937316
vn -0.014291 -0.548423 0.836079
vn -0.076188 -0.651792 0.754562
vn -0.014291 -0.548423 0.836079
vn 0.118965 -0.668597 0.734047
vn -0.127197 -0.301549 0.944928
vn -0.204061 -0.111617 0.972574
vn 0.240452 -0.061309 0.968723
vn -0.127197 -0.301549 0.944928
vn 0.27665 -0.070454 0.958385
vn 0.333347 -0.101583 0.937316
vn 0.014291 -0.548423 0.836079
vn -0.118965 -0.668597 0.734047
vn -0.302155 -0.372134 0.877621
vn -0.302155 -0.372134 0.877621
vn -0.394322 -0.118883 0.91125
vn -0.204061 -0.111617 0.972574
vn 0.302155 -0.372134 0.877621
vn 0.118965 -0.668597 0.734047
vn -0.014291 -0.548423 0.836079
vn 0.127197 -0.301549 0.944928
vn -0.014291 -0.548423 0.836079
vn -0.333347 -0.101583 0.937316
vn 0.127197 -0.301549 0.944928
vn -0.27665 -0.070454 0.958385
vn -0.240452 -0.061309 0.968723
vn 0.204061 -0.111617 0.972574
vn 0.394322 -0.118883 0.91125
vn 0.302155 -0.372134 0.877621
vn -0.159242 0.028105 0.986839
vn -0.047682 0.191567 0.980321
vn 0.302274 -0.049832 0.951918
vn 0.256617 -0.062193 0.96451
vn 0.240452 -0.061309 0.968723
vn -0.204061 -0.111617 0.972574
vn -0.159242 0.028105 0.986839
vn -0.204061 -0.111617 0.972574
vn -0.394322 -0.118883 0.91125
vn -0.332151 0.077716 0.940019
vn -0.195458 0.28223 0.939224
vn -0.047682 0.191567 0.980321
vn 0.159242 0.028105 0.986839
vn 0.332151 0.077716 0.940019
vn 0.394322 -0.118883 0.91125
vn 0.204061 -0.111617 0.972574
vn -0.240452 -0.061309 0.968723
vn -0.256617 -0.062193 0.96451
vn 0.159242 0.028105 0.986839
vn -0.256617 -0.062193 0.96451
vn -0.302274 -0.049832 0.951918
vn 0.047682 0.191567 0.980321
vn 0.195458 0.28223 0.939224
vn 0.332151 0.077716 0.940019
vn 0.013438 0.300282 0.953756
vn 0.040327 0.359259 0.932366
vn 0.378457 -0.16801 0.910244
vn 0.362692 -0.083476 0.928163
vn 0.302274 -0.049832 0.951918
vn -0.047682 0.191567 0.980321
vn 0.013438 0.300282 0.953756
vn -0.047682 0.191567 0.980321
vn -0.195458 0.28223 0.939224
vn -0.157259 0.44132 0.883463
vn -0.151683 0.569852 0.807627
vn 0.040327 0.359259 0.932366
vn -0.013438 0.300282 0.953756
vn 0.157259 0.44132 0.883463
vn 0.195458 0.28223 0.939224
vn 0.047682 0.191567 0.980321
vn -0.302274 -0.049832 0.951918
vn -0.362692 -0.083476 0.928163
vn -0.013438 0.300282 0.953756
vn -0.362692 -0.083476 0.928163
vn -0.378457 -0.16801 0.910244
vn -0.040327 0.359259 0.932366
vn 0.151683 0.569852 0.807627
vn 0.157259 0.44132 0.883463
vn 0.234239 0.333291 0.913263
vn 0.208677 -0.294049 0.932732
vn 0.313491 -0.250424 0.915976
vn 0.129754 0.356159 0.925373
vn 0.313491 -0.250424 0.915976
vn 0.378457 -0.16801 0.910244
vn 0.040327 0.359259 0.932366
vn -0.151683 0.569852 0.807627
vn -0.000477 0.625156 0.7805
vn 0.129754 0.356159 0.925373
vn -0.000477 0.625156 0.7805
vn 0.190559 0.603146 0.774533
vn 0.000477 0.625156 0.7805
vn 0.151683 0.569852 0.807627
vn -0.040327 0.359259 0.932366
vn -0.129754 0.356159 0.925373
vn -0.040327 0.359259 0.932366
vn -0.378457 -0.16801 0.910244
vn -0.313491 -0.250424 0.915976
vn -0.208677 -0.294049 0.932732
vn -0.234239 0.333291 0.913263
vn -0.129754 0.356159 0.925373
vn -0.234239 0.333291 0.913263
vn -0.190559 0.603146 0.774533
vn 0.333487 0.386989 0.859666
vn -0.004688 -0.274032 0.961709
vn 0.116007 -0.316683 0.941411
vn 0.3047 0.353486 0.884424
vn 0.116007 -0.316683 0.941411
vn 0.208677 -0.294049 0.932732
vn 0.234239 0.333291 0.913263
vn 0.190559 0.603146 0.774533
vn 0.323358 0.599297 0.732313
vn 0.3047 0.353486 0.884424
vn 0.323358 0.599297 0.732313
vn 0.404042 0.597282 0.692824
vn -0.323358 0.599297 0.732313
vn -0.190559 0.603146 0.774533
vn -0.234239 0.333291 0.913263
vn -0.3047 0.353486 0.884424
vn -0.234239 0.333291 0.913263
vn -0.208677 -0.294049 0.932732
vn -0.116007 -0.316683 0.941411
vn 0.004688 -0.274032 0.961709
vn -0.333487 0.386989 0.859666
vn -0.3047 0.353486 0.884424
vn -0.333487 0.386989 0.859666
vn -0.404042 0.597282 0.692824
vn 0.392067 0.382834 0.836494
vn 0.53679 0.284306 0.794372
vn -0.007933 -0.013521 0.999877
vn 0.392067 0.382834 0.836494
vn -0.07653 -0.132479 0.988227
vn -0.004688 -0.274032 0.961709
vn 0.333487 0.386989 0.859666
vn 0.404042 0.597282 0.692824
vn 0.516577 0.513633 0.685076
vn 0.516577 0.513633 0.685076
vn 0.677176 0.332091 0.656619
vn 0.53679 0.284306 0.794372
vn -0.516577 0.513633 0.685076
vn -0.404042 0.597282 0.692824
vn -0.333487 0.386989 0.859666
vn -0.392067 0.382834 0.836494
vn -0.333487 0.386989 0.859666
vn 0.004688 -0.274032 0.961709
vn -0.392067 0.382834 0.836494
vn 0.07653 -0.132479 0.988227
vn 0.007933 -0.013521 0.999877
vn -0.536789 0.284306 0.794372
vn -0.677176 0.332091 0.656619
vn -0.516577 0.513633 0.685076
vn 0.532953 -0.275512 0.800034
vn 0.389477 -0.322075 0.862888
vn 0.143502 -0.065721 0.987465
vn 0.165668 -0.078564 0.983047
vn 0.169338 -0.067842 0.98322
vn 0.631417 -0.18605 0.752793
vn 0.532953 -0.275512 0.800034
vn 0.631417 -0.18605 0.752793
vn 0.772696 -0.240406 0.587492
vn 0.636764 -0.364887 0.679256
vn 0.465564 -0.458477 0.757
vn 0.389477 -0.322075 0.862888
vn -0.532953 -0.275512 0.800034
vn -0.636764 -0.364887 0.679256
vn -0.772696 -0.240406 0.587492
vn -0.631417 -0.18605 0.752793
vn -0.169338 -0.067842 0.98322
vn -0.165668 -0.078564 0.983047
vn -0.532953 -0.275512 0.800034
vn -0.165668 -0.078564 0.983047
vn -0.143502 -0.065721 0.987465
vn -0.389477 -0.322075 0.862888
vn -0.465564 -0.458477 0.757
vn -0.636764 -0.364887 0.679256
vn 0.671111 -0.082361 0.736767
vn 0.631417 -0.18605 0.752793
vn 0.169338 -0.067842 0.98322
vn 0.162718 -0.050983 0.985354
vn 0.143367 -0.055721 0.9881
vn 0.676474 0.001774 0.736465
vn 0.671111 -0.082361 0.736767
vn 0.676474 0.001774 0.736465
vn 0.805868 0.01077 0.591998
vn 0.814403 -0.094454 0.572561
vn 0.772696 -0.240406 0.587492
vn 0.631417 -0.18605 0.752793
vn -0.671111 -0.082361 0.736767
vn -0.814403 -0.094454 0.572561
vn -0.805868 0.01077 0.591998
vn -0.676474 0.001774 0.736465
vn -0.143368 -0.055721 0.9881
vn -0.162718 -0.050983 0.985354
vn -0.671111 -0.082361 0.736767
vn -0.162718 -0.050983 0.985354
vn -0.169338 -0.067842 0.98322
vn -0.631417 -0.18605 0.752793
vn -0.772696 -0.240406 0.587492
vn -0.814403 -0.094454 0.572561
vn 0.647145 0.118264 0.753138
vn 0.676474 0.001774 0.736465
vn 0.143367 -0.055721 0.9881
vn 0.09985 -0.047401 0.993873
vn -0.007933 -0.013521 0.999877
vn 0.53679 0.284306 0.794372
vn 0.647145 0.118264 0.753138
vn 0.53679 0.284306 0.794372
vn 0.677176 0.332091 0.656619
vn 0.775816 0.140067 0.615216
vn 0.805868 0.01077 0.591998
vn 0.676474 0.001774 0.736465
vn -0.647145 0.118264 0.753138
vn -0.775816 0.140067 0.615216
vn -0.677176 0.332091 0.656619
vn -0.536789 0.284306 0.794372
vn 0.007933 -0.013521 0.999877
vn -0.09985 -0.047401 0.993873
vn -0.647145 0.118264 0.753138
vn -0.09985 -0.047401 0.993873
vn -0.143368 -0.055721 0.9881
vn -0.676474 0.001774 0.736465
vn -0.805868 0.01077 0.591998
vn -0.775816 0.140067 0.615216
vn -0.544251 0.838581 -0.023921
vn 0 0.998433 0.055959
vn -0 0.976524 0.215407
vn -0.615002 0.773479 0.153307
vn -0.847628 0.52261 0.091679
vn -0.759861 0.595887 -0.259865
vn -0.759861 0.595887 -0.259865
vn -0.452783 0.889566 -0.060503
vn -0.366052 0.861783 0.351192
vn -0.544251 0.838581 -0.023921
vn -0.366052 0.861783 0.351192
vn -0 0.881179 0.472783
vn 0.366052 0.861783 0.351192
vn 0.452783 0.889566 -0.060503
vn 0.759862 0.595887 -0.259865
vn 0.759862 0.595887 -0.259865
vn 0.847628 0.52261 0.091679
vn 0.615002 0.773479 0.153307
vn 0.544251 0.838581 -0.023921
vn 0.615002 0.773479 0.153307
vn -0 0.976524 0.215407
vn 0.544251 0.838581 -0.023921
vn 0 0.998433 0.055959
vn -0 0.881179 0.472783
vn -0.788825 0.473845 -0.39144
vn -0.759861 0.595887 -0.259865
vn -0.847628 0.52261 0.091679
vn -0.864735 0.490271 0.108941
vn -0.670451 0.724 0.162235
vn -0.640433 0.647787 -0.412574
vn -0.788825 0.473845 -0.39144
vn -0.640433 0.647787 -0.412574
vn -0.4984 0.453285 -0.739006
vn -0.788825 0.473845 -0.39144
vn -0.486623 0.396356 -0.778524
vn -0.452783 0.889566 -0.060503
vn 0.788825 0.473845 -0.39144
vn 0.486623 0.396356 -0.778524
vn 0.4984 0.453285 -0.739006
vn 0.640433 0.647787 -0.412574
vn 0.670451 0.724 0.162235
vn 0.864735 0.490271 0.108941
vn 0.788825 0.473845 -0.39144
vn 0.864735 0.490271 0.108941
vn 0.847628 0.52261 0.091679
vn 0.788825 0.473845 -0.39144
vn 0.759862 0.595887 -0.259865
vn 0.452783 0.889566 -0.060503
vn -0.640433 0.647787 -0.412574
vn -0.670451 0.724 0.162235
vn -0.204963 0.960946 0.185937
vn -0.24604 0.880718 -0.404722
vn -0.204963 0.960946 0.185937
vn 0.314459 0.932198 0.17923
vn 0.235026 0.888774 -0.393502
vn 0.089345 0.621933 -0.777957
vn -0.226699 0.534953 -0.8139
vn -0.24604 0.880718 -0.404722
vn -0.226699 0.534953 -0.8139
vn -0.4984 0.453285 -0.739006
vn 0.226699 0.534953 -0.8139
vn -0.089345 0.621933 -0.777957
vn -0.235026 0.888774 -0.393502
vn 0.24604 0.880718 -0.404722
vn -0.235026 0.888774 -0.393502
vn -0.314459 0.932198 0.17923
vn 0.204963 0.960946 0.185937
vn 0.670451 0.724 0.162235
vn 0.640433 0.647787 -0.412574
vn 0.24604 0.880718 -0.404722
vn 0.640433 0.647787 -0.412574
vn 0.4984 0.453285 -0.739006
vn 0.235026 0.888774 -0.393502
vn 0.314459 0.932198 0.17923
vn 0.588911 0.790329 0.169006
vn 0.468922 0.793708 -0.387479
vn 0.588911 0.790329 0.169006
vn 0.590342 0.793136 0.14977
vn 0.446856 0.821756 -0.353605
vn 0.148844 0.830164 -0.537283
vn 0.109736 0.56523 -0.817602
vn 0.468922 0.793708 -0.387479
vn 0.109736 0.56523 -0.817602
vn 0.089345 0.621933 -0.777957
vn -0.109736 0.56523 -0.817602
vn -0.148844 0.830164 -0.537283
vn -0.446856 0.821756 -0.353605
vn -0.468922 0.793708 -0.387479
vn -0.446856 0.821756 -0.353605
vn -0.590342 0.793136 0.14977
vn -0.588911 0.790329 0.169006
vn -0.314459 0.932198 0.17923
vn -0.235026 0.888774 -0.393502
vn -0.468922 0.793708 -0.387479
vn -0.235026 0.888774 -0.393502
vn -0.089345 0.621933 -0.777957
vn 0.446856 0.821756 -0.353605
vn 0.590342 0.793136 0.14977
vn 0.514555 0.846669 0.13559
vn 0.389684 0.894782 -0.217973
vn 0.514555 0.846669 0.13559
vn 0.473414 0.864887 0.166879
vn 0.374273 0.910814 -0.174178
vn 0.3603 0.910472 -0.20304
vn 0.298128 0.923112 -0.242867
vn 0.389684 0.894782 -0.217973
vn 0.298128 0.923112 -0.242867
vn 0.148844 0.830164 -0.537283
vn -0.298128 0.923112 -0.242867
vn -0.3603 0.910472 -0.20304
vn -0.374273 0.910814 -0.174178
vn -0.389684 0.894782 -0.217973
vn -0.374273 0.910814 -0.174178
vn -0.473414 0.864887 0.166879
vn -0.514555 0.846669 0.13559
vn -0.590342 0.793136 0.14977
vn -0.446856 0.821756 -0.353605
vn -0.389684 0.894782 -0.217973
vn -0.446856 0.821756 -0.353605
vn -0.148844 0.830164 -0.537283
vn 0.374273 0.910814 -0.174178
vn 0.473414 0.864887 0.166879
vn 0.6574 0.715217 0.237257
vn 0.528612 0.825952 -0.195889
vn 0.6574 0.715217 0.237257
vn 0.931062 0.285506 0.227177
vn 0.851541 0.458673 -0.253963
vn 0.801704 0.504913 -0.319896
vn 0.502497 0.825626 -0.256589
vn 0.528612 0.825952 -0.195889
vn 0.502497 0.825626 -0.256589
vn 0.3603 0.910472 -0.20304
vn -0.502497 0.825626 -0.256589
vn -0.801704 0.504913 -0.319896
vn -0.851541 0.458673 -0.253963
vn -0.528612 0.825952 -0.195889
vn -0.851541 0.458673 -0.253963
vn -0.931062 0.285506 0.227177
vn -0.6574 0.715217 0.237257
vn -0.473414 0.864887 0.166879
vn -0.374273 0.910814 -0.174178
vn -0.528612 0.825952 -0.195889
vn -0.374273 0.910814 -0.174178
vn -0.3603 0.910472 -0.20304
vn 0.851541 0.458673 -0.253963
vn 0.931062 0.285506 0.227177
vn 0.975007 -0.150514 0.163425
vn 0.969522 0.001214 -0.245
vn 0.975007 -0.150514 0.163425
vn 0.894787 -0.428836 0.124319
vn 0.901153 -0.394004 -0.180788
vn 0.941678 -0.333422 -0.045523
vn 0.977728 0.066901 -0.198926
vn 0.969522 0.001214 -0.245
vn 0.977728 0.066901 -0.198926
vn 0.801704 0.504913 -0.319896
vn -0.977728 0.066901 -0.198926
vn -0.941678 -0.333422 -0.045523
vn -0.901153 -0.394004 -0.180788
vn -0.969522 0.001214 -0.245
vn -0.901153 -0.394004 -0.180788
vn -0.894787 -0.428836 0.124319
vn -0.975007 -0.150514 0.163425
vn -0.931062 0.285506 0.227177
vn -0.851541 0.458673 -0.253963
vn -0.969522 0.001214 -0.245
vn -0.851541 0.458673 -0.253963
vn -0.801704 0.504913 -0.319896
vn 0.901153 -0.394004 -0.180788
vn 0.894787 -0.428836 0.124319
vn 0.748592 -0.646495 0.147154
vn 0.748592 -0.646495 0.147154
vn 0.610261 -0.770589 0.183779
vn 0.576617 -0.810597 -0.102201
vn 0.715454 -0.687401 -0.124919
vn 0.576617 -0.810597 -0.102201
vn 0.613572 -0.787595 0.056774
vn 0.767456 -0.640439 0.029132
vn 0.941678 -0.333422 -0.045523
vn 0.901153 -0.394004 -0.180788
vn -0.715454 -0.687401 -0.124919
vn -0.767456 -0.640439 0.029132
vn -0.613572 -0.787595 0.056774
vn -0.576617 -0.810597 -0.102201
vn -0.610261 -0.770589 0.183779
vn -0.748592 -0.646495 0.147154
vn -0.748592 -0.646495 0.147154
vn -0.894787 -0.428836 0.124319
vn -0.901153 -0.394004 -0.180788
vn -0.901153 -0.394004 -0.180788
vn -0.941678 -0.333422 -0.045523
vn -0.767456 -0.640439 0.029132
vn 0.460827 -0.881614 -0.101955
vn 0.576617 -0.810597 -0.102201
vn 0.610261 -0.770589 0.183779
vn 0.472963 -0.857344 0.203143
vn 0.357169 -0.910683 0.207572
vn 0.351734 -0.931001 -0.097574
vn 0.460827 -0.881614 -0.101955
vn 0.351734 -0.931001 -0.097574
vn 0.425591 -0.902583 0.064939
vn 0.496859 -0.866427 0.049348
vn 0.613572 -0.787595 0.056774
vn 0.576617 -0.810597 -0.102201
vn -0.460827 -0.881614 -0.101955
vn -0.496859 -0.866427 0.049348
vn -0.425591 -0.902583 0.064939
vn -0.351734 -0.931001 -0.097574
vn -0.357169 -0.910683 0.207572
vn -0.472963 -0.857344 0.203143
vn -0.460827 -0.881614 -0.101955
vn -0.472963 -0.857344 0.203143
vn -0.610261 -0.770589 0.183779
vn -0.576617 -0.810597 -0.102201
vn -0.613572 -0.787595 0.056774
vn -0.496859 -0.866427 0.049348
vn 0.210427 -0.258207 -0.942894
vn 0 -0.234646 -0.972081
vn 0 -0.497657 -0.867374
vn 0.229802 -0.545248 -0.806161
vn 0 -0.497657 -0.867374
vn 0 -0.780192 -0.62554
vn 0.277152 -0.794114 -0.540897
vn 0.645956 -0.6407 -0.415023
vn 0.480722 -0.50964 -0.713563
vn 0.229802 -0.545248 -0.806161
vn 0.480722 -0.50964 -0.713563
vn 0.326299 -0.251406 -0.911221
vn -0.480722 -0.50964 -0.713563
vn -0.645956 -0.6407 -0.415023
vn -0.277152 -0.794114 -0.540897
vn -0.229802 -0.545248 -0.806161
vn -0.277152 -0.794114 -0.540897
vn 0 -0.780192 -0.62554
vn 0 -0.497657 -0.867374
vn 0 -0.234646 -0.972081
vn -0.210427 -0.258207 -0.942894
vn -0.229802 -0.545248 -0.806161
vn -0.210427 -0.258207 -0.942894
vn -0.326299 -0.251406 -0.911221
vn 0.13277 -0.246139 -0.960098
vn 0 -0.289792 -0.95709
vn 0 -0.155655 -0.987811
vn 0.181315 -0.13721 -0.973806
vn 0 -0.155655 -0.987811
vn 0 -0.234646 -0.972081
vn 0.210427 -0.258207 -0.942894
vn 0.326299 -0.251406 -0.911221
vn 0.220162 -0.099005 -0.970426
vn 0.181315 -0.13721 -0.973806
vn 0.220162 -0.099005 -0.970426
vn 0.144253 -0.165516 -0.9756
vn -0.220162 -0.099005 -0.970426
vn -0.326299 -0.251406 -0.911221
vn -0.210427 -0.258207 -0.942894
vn -0.181315 -0.13721 -0.973806
vn -0.210427 -0.258207 -0.942894
vn 0 -0.234646 -0.972081
vn 0 -0.155655 -0.987811
vn 0 -0.289792 -0.95709
vn -0.13277 -0.246139 -0.960098
vn -0.181315 -0.13721 -0.973806
vn -0.13277 -0.246139 -0.960098
vn -0.144253 -0.165516 -0.9756
vn 0.049111 -0.761173 -0.646687
vn 0 -0.791704 -0.610906
vn 0 -0.514217 -0.85766
vn 0.070335 -0.468131 -0.880855
vn 0 -0.514217 -0.85766
vn 0 -0.289792 -0.95709
vn 0.13277 -0.246139 -0.960098
vn 0.144253 -0.165516 -0.9756
vn 0.058246 -0.373511 -0.925795
vn 0.070335 -0.468131 -0.880855
vn 0.058246 -0.373511 -0.925795
vn 0.039155 -0.700465 -0.712612
vn -0.058246 -0.373511 -0.925795
vn -0.144253 -0.165516 -0.9756
vn -0.13277 -0.246139 -0.960098
vn -0.070335 -0.468131 -0.880855
vn -0.13277 -0.246139 -0.960098
vn 0 -0.289792 -0.95709
vn 0 -0.514217 -0.85766
vn 0 -0.791704 -0.610906
vn -0.049111 -0.761173 -0.646687
vn -0.070335 -0.468131 -0.880855
vn -0.049111 -0.761173 -0.646687
vn -0.039155 -0.700465 -0.712612
vn 0.075823 -0.968183 -0.23848
vn 0.100899 -0.949996 -0.295511
vn 0.149131 -0.98316 0.105621
vn 0.09527 -0.985059 0.143463
vn 0 -0.98594 0.167097
vn 0 -0.978912 -0.204283
vn 0.075823 -0.968183 -0.23848
vn 0 -0.978912 -0.204283
vn 0 -0.791704 -0.610906
vn 0.049111 -0.761173 -0.646687
vn 0.039155 -0.700465 -0.712612
vn 0.100899 -0.949996 -0.295511
vn -0.075823 -0.968183 -0.23848
vn -0.049111 -0.761173 -0.646687
vn 0 -0.791704 -0.610906
vn 0 -0.978912 -0.204283
vn 0 -0.98594 0.167097
vn -0.09527 -0.985059 0.143463
vn -0.075823 -0.968183 -0.23848
vn -0.09527 -0.985059 0.143463
vn -0.149131 -0.98316 0.105621
vn -0.100899 -0.949996 -0.295511
vn -0.039155 -0.700465 -0.712612
vn -0.049111 -0.761173 -0.646687
vn 0.201 -0.919335 -0.338263
vn 0.616192 -0.65624 -0.435495
vn 0.563848 -0.815894 0.128035
vn 0.253802 -0.961538 0.105023
vn 0.149131 -0.98316 0.105621
vn 0.100899 -0.949996 -0.295511
vn 0.201 -0.919335 -0.338263
vn 0.100899 -0.949996 -0.295511
vn 0.039155 -0.700465 -0.712612
vn 0.143148 -0.603316 -0.78455
vn 0.424442 -0.422754 -0.800705
vn 0.616192 -0.65624 -0.435495
vn -0.201 -0.919335 -0.338263
vn -0.143148 -0.603316 -0.784549
vn -0.039155 -0.700465 -0.712612
vn -0.100899 -0.949996 -0.295511
vn -0.149131 -0.98316 0.105621
vn -0.253802 -0.961538 0.105023
vn -0.201 -0.919335 -0.338263
vn -0.253802 -0.961538 0.105023
vn -0.563848 -0.815894 0.128035
vn -0.616192 -0.65624 -0.435495
vn -0.424442 -0.422754 -0.800705
vn -0.143148 -0.603316 -0.784549
vn 0.888468 -0.1786 -0.422761
vn 0.928579 0.089544 -0.360172
vn 0.98664 -0.080561 0.141604
vn 0.898209 -0.414529 0.14624
vn 0.563848 -0.815894 0.128035
vn 0.616192 -0.65624 -0.435495
vn 0.888468 -0.1786 -0.422761
vn 0.616192 -0.65624 -0.435495
vn 0.424442 -0.422754 -0.800705
vn 0.53979 -0.134099 -0.83105
vn 0.604914 0.057605 -0.794204
vn 0.928579 0.089544 -0.360172
vn -0.888468 -0.1786 -0.422761
vn -0.53979 -0.134099 -0.83105
vn -0.424442 -0.422754 -0.800705
vn -0.616192 -0.65624 -0.435495
vn -0.563848 -0.815894 0.128035
vn -0.898209 -0.414529 0.14624
vn -0.888468 -0.1786 -0.422761
vn -0.898209 -0.414529 0.14624
vn -0.98664 -0.080561 0.141604
vn -0.928579 0.089544 -0.360171
vn -0.604914 0.057605 -0.794204
vn -0.53979 -0.134099 -0.83105
vn 0.927906 0.142842 -0.344364
vn 0.931316 0.148282 -0.332659
vn 0.985734 0.115268 0.122645
vn 0.991085 0.057859 0.120014
vn 0.98664 -0.080561 0.141604
vn 0.928579 0.089544 -0.360172
vn 0.927906 0.142842 -0.344364
vn 0.928579 0.089544 -0.360172
vn 0.604914 0.057605 -0.794204
vn 0.659 0.105856 -0.744657
vn 0.722369 0.085262 -0.686231
vn 0.931316 0.148282 -0.332659
vn -0.927906 0.142842 -0.344363
vn -0.659 0.105856 -0.744657
vn -0.604914 0.057605 -0.794204
vn -0.928579 0.089544 -0.360171
vn -0.98664 -0.080561 0.141604
vn -0.991085 0.057859 0.120014
vn -0.927906 0.142842 -0.344363
vn -0.991085 0.057859 0.120014
vn -0.985734 0.115268 0.122645
vn -0.931317 0.148282 -0.332659
vn -0.722369 0.085262 -0.686231
vn -0.659 0.105856 -0.744657
vn 0.659 0.105856 -0.744657
vn 0.604914 0.057605 -0.794204
vn 0.24495 -0.060898 -0.967621
vn 0.24495 -0.060898 -0.967621
vn 0.144253 -0.165516 -0.9756
vn 0.220162 -0.099005 -0.970426
vn 0.344276 -0.011826 -0.938794
vn 0.220162 -0.099005 -0.970426
vn 0.326299 -0.251406 -0.911221
vn 0.344276 -0.011826 -0.938794
vn 0.528644 -0.11212 -0.841407
vn 0.722369 0.085262 -0.686231
vn -0.344276 -0.011826 -0.938794
vn -0.528644 -0.11212 -0.841407
vn -0.326299 -0.251406 -0.911221
vn -0.220162 -0.099005 -0.970426
vn -0.144253 -0.165516 -0.9756
vn -0.24495 -0.060898 -0.967621
vn -0.24495 -0.060898 -0.967621
vn -0.604914 0.057605 -0.794204
vn -0.659 0.105856 -0.744657
vn -0.344276 -0.011826 -0.938794
vn -0.659 0.105856 -0.744657
vn -0.722369 0.085262 -0.686231
vn 0.140458 -0.242192 -0.960007
vn 0.24495 -0.060898 -0.967621
vn 0.604914 0.057605 -0.794204
vn 0.140458 -0.242192 -0.960007
vn 0.53979 -0.134099 -0.83105
vn 0.424442 -0.422754 -0.800705
vn 0.143148 -0.603316 -0.78455
vn 0.039155 -0.700465 -0.712612
vn 0.058246 -0.373511 -0.925795
vn 0.140458 -0.242192 -0.960007
vn 0.058246 -0.373511 -0.925795
vn 0.144253 -0.165516 -0.9756
vn -0.058246 -0.373511 -0.925795
vn -0.039155 -0.700465 -0.712612
vn -0.143148 -0.603316 -0.784549
vn -0.140458 -0.242192 -0.960007
vn -0.143148 -0.603316 -0.784549
vn -0.424442 -0.422754 -0.800705
vn -0.140458 -0.242192 -0.960007
vn -0.53979 -0.134099 -0.83105
vn -0.604914 0.057605 -0.794204
vn -0.140458 -0.242192 -0.960007
vn -0.24495 -0.060898 -0.967621
vn -0.144253 -0.165516 -0.9756
vn 0.771423 -0.244166 -0.587614
vn 0.895121 -0.25877 -0.363037
vn 0.913707 0.091653 -0.395904
vn 0.825436 0.051819 -0.562113
vn 0.722369 0.085262 -0.686231
vn 0.528644 -0.11212 -0.841407
vn 0.528644 -0.11212 -0.841407
vn 0.326299 -0.251406 -0.911221
vn 0.480722 -0.50964 -0.713563
vn 0.771423 -0.244166 -0.587614
vn 0.480722 -0.50964 -0.713563
vn 0.645956 -0.6407 -0.415023
vn -0.480722 -0.50964 -0.713563
vn -0.326299 -0.251406 -0.911221
vn -0.528644 -0.11212 -0.841407
vn -0.528644 -0.11212 -0.841407
vn -0.722369 0.085262 -0.686231
vn -0.825436 0.051819 -0.562113
vn -0.771423 -0.244166 -0.587614
vn -0.825436 0.051819 -0.562113
vn -0.913707 0.091653 -0.395904
vn -0.771423 -0.244166 -0.587614
vn -0.895121 -0.25877 -0.363037
vn -0.645956 -0.6407 -0.415023
vn 0.940273 0.150296 -0.305446
vn 0.949187 0.20787 -0.236294
vn 0.966112 0.218488 0.137444
vn 0.981016 0.148911 0.124229
vn 0.985734 0.115268 0.122645
vn 0.931316 0.148282 -0.332659
vn 0.940273 0.150296 -0.305446
vn 0.931316 0.148282 -0.332659
vn 0.722369 0.085262 -0.686231
vn 0.825436 0.051819 -0.562113
vn 0.913707 0.091653 -0.395904
vn 0.949187 0.20787 -0.236294
vn -0.940273 0.150296 -0.305446
vn -0.825436 0.051819 -0.562113
vn -0.722369 0.085262 -0.686231
vn -0.931317 0.148282 -0.332659
vn -0.985734 0.115268 0.122645
vn -0.981016 0.148911 0.124229
vn -0.940273 0.150296 -0.305446
vn -0.981016 0.148911 0.124229
vn -0.966112 0.218488 0.137444
vn -0.949187 0.20787 -0.236294
vn -0.913707 0.091653 -0.395904
vn -0.825436 0.051819 -0.562113
vn 0.938473 0.305697 0.160677
vn 0.927691 0.341862 0.150068
vn 0.975011 0.221574 -0.016065
vn 0.975011 0.221574 -0.016065
vn 0.927605 -0.365344 0.07793
vn 0.883136 -0.351417 0.310767
vn 0.962017 0.20367 0.181773
vn 0.883136 -0.351417 0.310767
vn 0.776861 -0.264351 0.571495
vn 0.945697 0.1984 0.257476
vn 0.936673 0.300732 0.179456
vn 0.938473 0.305697 0.160677
vn -0.962017 0.20367 0.181773
vn -0.945697 0.1984 0.257476
vn -0.776861 -0.264351 0.571495
vn -0.883136 -0.351417 0.310767
vn -0.927605 -0.365344 0.07793
vn -0.975011 0.221574 -0.016065
vn -0.975011 0.221574 -0.016065
vn -0.927691 0.341862 0.150068
vn -0.938473 0.305697 0.160677
vn -0.938473 0.305697 0.160677
vn -0.936673 0.300732 0.179456
vn -0.945697 0.1984 0.257476
vn 0.938653 0.311376 0.148238
vn 0.966112 0.218488 0.137444
vn 0.949187 0.20787 -0.236294
vn 0.942258 0.292406 -0.163246
vn 0.949187 0.20787 -0.236294
vn 0.913707 0.091653 -0.395904
vn 0.976053 0.006611 -0.217431
vn 0.927605 -0.365344 0.07793
vn 0.975011 0.221574 -0.016065
vn 0.942258 0.292406 -0.163246
vn 0.975011 0.221574 -0.016065
vn 0.927691 0.341862 0.150068
vn -0.975011 0.221574 -0.016065
vn -0.927605 -0.365344 0.07793
vn -0.976053 0.006611 -0.217431
vn -0.942257 0.292406 -0.163246
vn -0.976053 0.006611 -0.217431
vn -0.913707 0.091653 -0.395904
vn -0.949187 0.20787 -0.236294
vn -0.966112 0.218488 0.137444
vn -0.938653 0.311376 0.148238
vn -0.942257 0.292406 -0.163246
vn -0.938653 0.311376 0.148238
vn -0.927691 0.341862 0.150068
vn 0.601935 -0.793467 0.089916
vn 0.633583 -0.724536 0.271331
vn 0.966738 -0.100272 0.235293
vn 0.968558 -0.145878 0.20153
vn 0.966738 -0.100272 0.235293
vn 0.936673 0.300732 0.179456
vn 0.945697 0.1984 0.257476
vn 0.776861 -0.264351 0.571495
vn 0.757191 -0.431968 0.489964
vn 0.757191 -0.431968 0.489964
vn 0.45972 -0.869973 0.178338
vn 0.601935 -0.793467 0.089916
vn -0.757191 -0.431968 0.489964
vn -0.776861 -0.264351 0.571495
vn -0.945697 0.1984 0.257476
vn -0.968558 -0.145878 0.20153
vn -0.945697 0.1984 0.257476
vn -0.936673 0.300732 0.179456
vn -0.966738 -0.100272 0.235293
vn -0.633583 -0.724536 0.271331
vn -0.601935 -0.793467 0.089916
vn -0.601935 -0.793467 0.089916
vn -0.45972 -0.869973 0.178338
vn -0.757191 -0.431968 0.489964
vn 0.329425 -0.91449 0.234921
vn 0.633583 -0.724536 0.271331
vn 0.601935 -0.793467 0.089916
vn 0.300681 -0.949111 -0.093693
vn 0.601935 -0.793467 0.089916
vn 0.45972 -0.869973 0.178338
vn 0.300681 -0.949111 -0.093693
vn 0.373019 -0.923988 0.084283
vn 0.425591 -0.902583 0.064939
vn 0.300681 -0.949111 -0.093693
vn 0.351734 -0.931001 -0.097574
vn 0.357169 -0.910683 0.207572
vn -0.300681 -0.949111 -0.093693
vn -0.351734 -0.931001 -0.097574
vn -0.425591 -0.902583 0.064939
vn -0.300681 -0.949111 -0.093693
vn -0.373019 -0.923988 0.084283
vn -0.45972 -0.869973 0.178338
vn -0.601935 -0.793467 0.089916
vn -0.633583 -0.724536 0.271331
vn -0.329425 -0.91449 0.234921
vn -0.300681 -0.949111 -0.093693
vn -0.329425 -0.91449 0.234921
vn -0.357169 -0.910683 0.207572
vn 0 -0.497702 -0.867348
vn 0 -0.255386 -0.966839
vn 0.292386 -0.27512 -0.915871
vn 0.285548 -0.492304 -0.822252
vn 0.292386 -0.27512 -0.915871
vn 0.42455 -0.306024 -0.852119
vn 0.407566 -0.49622 -0.766587
vn 0.454292 -0.689072 -0.564622
vn 0.274463 -0.704191 -0.654817
vn 0.285548 -0.492304 -0.822252
vn 0.274463 -0.704191 -0.654817
vn 0 -0.718135 -0.695904
vn -0.274463 -0.704191 -0.654817
vn -0.454292 -0.689072 -0.564622
vn -0.407567 -0.49622 -0.766587
vn -0.285548 -0.492304 -0.822252
vn -0.407567 -0.49622 -0.766587
vn -0.42455 -0.306024 -0.852119
vn -0.292386 -0.27512 -0.915871
vn 0 -0.255386 -0.966839
vn 0 -0.497702 -0.867348
vn -0.285548 -0.492304 -0.822252
vn 0 -0.497702 -0.867348
vn 0 -0.718135 -0.695904
vn -0 -0.863961 -0.503558
vn 0 -0.718135 -0.695904
vn 0.274463 -0.704191 -0.654817
vn 0.267811 -0.842862 -0.466756
vn 0.274463 -0.704191 -0.654817
vn 0.454292 -0.689072 -0.564622
vn 0.482378 -0.786258 -0.386148
vn 0.476506 -0.853868 -0.209406
vn 0.260347 -0.923166 -0.282815
vn 0.267811 -0.842862 -0.466756
vn 0.260347 -0.923166 -0.282815
vn 0 -0.949555 -0.3136
vn -0.260347 -0.923166 -0.282815
vn -0.476506 -0.853868 -0.209406
vn -0.482378 -0.786258 -0.386148
vn -0.267811 -0.842862 -0.466756
vn -0.482378 -0.786258 -0.386148
vn -0.454292 -0.689072 -0.564622
vn -0.274463 -0.704191 -0.654817
vn 0 -0.718135 -0.695904
vn -0 -0.863961 -0.503558
vn -0.267811 -0.842862 -0.466756
vn -0 -0.863961 -0.503558
vn 0 -0.949555 -0.3136
vn 0 -0.982561 -0.185943
vn 0 -0.949555 -0.3136
vn 0.260347 -0.923166 -0.282815
vn 0.260347 -0.923166 -0.282815
vn 0.476506 -0.853868 -0.209406
vn 0.514671 -0.853411 -0.082483
vn 0.514671 -0.853411 -0.082483
vn 0.609947 -0.79243 0.004524
vn 0.300639 -0.944606 -0.131665
vn 0.300639 -0.944606 -0.131665
vn 0 -0.985831 -0.167743
vn 0 -0.982561 -0.185943
vn -0.300639 -0.944606 -0.131665
vn -0.609947 -0.79243 0.004524
vn -0.514671 -0.853411 -0.082483
vn -0.514671 -0.853411 -0.082483
vn -0.476506 -0.853868 -0.209406
vn -0.260347 -0.923166 -0.282815
vn -0.260347 -0.923166 -0.282815
vn 0 -0.949555 -0.3136
vn 0 -0.982561 -0.185943
vn 0 -0.982561 -0.185943
vn 0 -0.985831 -0.167743
vn -0.300639 -0.944606 -0.131665
vn 0.311441 -0.913539 -0.26163
vn 0 -0.946559 -0.322532
vn 0 -0.985831 -0.167743
vn 0.300639 -0.944606 -0.131665
vn 0.609947 -0.79243 0.004524
vn 0.652661 -0.748915 -0.114719
vn 0.311441 -0.913539 -0.26163
vn 0.652661 -0.748915 -0.114719
vn 0.645956 -0.6407 -0.415023
vn 0.277152 -0.794114 -0.540897
vn 0 -0.780192 -0.62554
vn 0 -0.946559 -0.322532
vn -0.311441 -0.913539 -0.26163
vn -0.277152 -0.794114 -0.540897
vn -0.645956 -0.6407 -0.415023
vn -0.652661 -0.748915 -0.114719
vn -0.609947 -0.79243 0.004524
vn -0.300639 -0.944606 -0.131665
vn -0.311441 -0.913539 -0.26163
vn -0.300639 -0.944606 -0.131665
vn 0 -0.985831 -0.167743
vn 0 -0.946559 -0.322532
vn 0 -0.780192 -0.62554
vn -0.277152 -0.794114 -0.540897
vn 0.976053 0.006611 -0.217431
vn 0.913707 0.091653 -0.395904
vn 0.895121 -0.25877 -0.363037
vn 0.903409 -0.413355 -0.113976
vn 0.895121 -0.25877 -0.363037
vn 0.645956 -0.6407 -0.415023
vn 0.652661 -0.748915 -0.114719
vn 0.609947 -0.79243 0.004524
vn 0.798978 -0.592745 0.101428
vn 0.903409 -0.413355 -0.113976
vn 0.798978 -0.592745 0.101428
vn 0.927605 -0.365344 0.07793
vn -0.798978 -0.592745 0.101428
vn -0.609947 -0.79243 0.004524
vn -0.652661 -0.748915 -0.114719
vn -0.903409 -0.413355 -0.113976
vn -0.652661 -0.748915 -0.114719
vn -0.645956 -0.6407 -0.415023
vn -0.895121 -0.25877 -0.363037
vn -0.913707 0.091653 -0.395904
vn -0.976053 0.006611 -0.217431
vn -0.903409 -0.413355 -0.113976
vn -0.976053 0.006611 -0.217431
vn -0.927605 -0.365344 0.07793
vn 0.832616 -0.521567 0.186331
vn 0.967747 -0.211819 0.136378
vn 0.941678 -0.333422 -0.045523
vn 0.767456 -0.640439 0.029132
vn 0.613572 -0.787595 0.056774
vn 0.646944 -0.731198 0.216362
vn 0.832616 -0.521567 0.186331
vn 0.646944 -0.731198 0.216362
vn 0.691001 -0.706956 0.150767
vn 0.905189 -0.409171 0.114944
vn 0.981427 -0.134858 0.136432
vn 0.967747 -0.211819 0.136378
vn -0.832616 -0.521567 0.186331
vn -0.905189 -0.409171 0.114944
vn -0.691001 -0.706956 0.150767
vn -0.646944 -0.731198 0.216362
vn -0.613572 -0.787595 0.056774
vn -0.767456 -0.640439 0.029132
vn -0.832616 -0.521567 0.186331
vn -0.767456 -0.640439 0.029132
vn -0.941678 -0.333422 -0.045523
vn -0.967747 -0.211819 0.136378
vn -0.981427 -0.134858 0.136432
vn -0.905189 -0.409171 0.114944
vn -0 -0.003607 -0.999994
vn 0 0.327777 -0.944755
vn 0.291606 0.28922 -0.911766
vn 0.286231 -0.040165 -0.957319
vn 0.291606 0.28922 -0.911766
vn 0.435328 0.212247 -0.874894
vn 0.426317 -0.118707 -0.896751
vn 0.42455 -0.306024 -0.852119
vn 0.292386 -0.27512 -0.915871
vn 0.286231 -0.040165 -0.957319
vn 0.292386 -0.27512 -0.915871
vn 0 -0.255386 -0.966839
vn -0.292386 -0.27512 -0.915871
vn -0.42455 -0.306024 -0.852119
vn -0.426317 -0.118707 -0.896751
vn -0.286231 -0.040165 -0.957319
vn -0.426317 -0.118707 -0.896751
vn -0.435328 0.212247 -0.874894
vn -0.291606 0.28922 -0.911766
vn 0 0.327777 -0.944755
vn -0 -0.003607 -0.999994
vn -0.286231 -0.040165 -0.957319
vn -0 -0.003607 -0.999994
vn 0 -0.255386 -0.966839
vn 0 0.963466 0.267831
vn 0 0.827331 0.561715
vn 0.175595 0.80337 0.569001
vn 0.146979 0.950108 0.27512
vn 0.175595 0.80337 0.569001
vn 0.417734 0.73173 0.538582
vn 0.385076 0.884131 0.264632
vn 0.354433 0.934886 0.019131
vn 0.133706 0.990893 0.015914
vn 0.133706 0.990893 0.015914
vn -0 0.999958 0.009131
vn 0 0.963466 0.267831
vn -0.133706 0.990893 0.015914
vn -0.354433 0.934886 0.019131
vn -0.385076 0.884131 0.264632
vn -0.146979 0.950108 0.27512
vn -0.385076 0.884131 0.264632
vn -0.417733 0.73173 0.538582
vn -0.175595 0.80337 0.569001
vn 0 0.827331 0.561715
vn 0 0.963466 0.267831
vn 0 0.963466 0.267831
vn -0 0.999958 0.009131
vn -0.133706 0.990893 0.015914
vn 0.149059 0.959234 -0.240108
vn 0 0.971236 -0.238117
vn -0 0.999958 0.009131
vn 0.133706 0.990893 0.015914
vn 0.354433 0.934886 0.019131
vn 0.334213 0.91158 -0.239425
vn 0.149059 0.959234 -0.240108
vn 0.334213 0.91158 -0.239425
vn 0.341818 0.770501 -0.538041
vn 0.212395 0.823447 -0.52614
vn 0 0.850442 -0.526069
vn 0 0.971236 -0.238117
vn -0.149059 0.959234 -0.240108
vn -0.212395 0.823447 -0.52614
vn -0.341818 0.770501 -0.538041
vn -0.334213 0.91158 -0.239425
vn -0.354433 0.934886 0.019131
vn -0.133706 0.990893 0.015914
vn -0.149059 0.959234 -0.240108
vn -0.133706 0.990893 0.015914
vn -0 0.999958 0.009131
vn 0 0.971236 -0.238117
vn 0 0.850442 -0.526069
vn -0.212395 0.823447 -0.52614
vn 0.275207 0.601912 -0.749642
vn 0 0.634738 -0.772727
vn 0 0.850442 -0.526069
vn 0.212395 0.823447 -0.52614
vn 0.341818 0.770501 -0.538041
vn 0.397182 0.533276 -0.746903
vn 0.397182 0.533276 -0.746903
vn 0.435328 0.212247 -0.874894
vn 0.291606 0.28922 -0.911766
vn 0.291606 0.28922 -0.911766
vn 0 0.327777 -0.944755
vn 0 0.634738 -0.772727
vn -0.291606 0.28922 -0.911766
vn -0.435328 0.212247 -0.874894
vn -0.397182 0.533276 -0.746903
vn -0.397182 0.533276 -0.746903
vn -0.341818 0.770501 -0.538041
vn -0.212395 0.823447 -0.52614
vn -0.275207 0.601912 -0.749642
vn -0.212395 0.823447 -0.52614
vn 0 0.850442 -0.526069
vn 0 0.634738 -0.772727
vn 0 0.327777 -0.944755
vn -0.291606 0.28922 -0.911766
vn 0.548813 0.834862 -0.04253
vn 0.434331 0.900207 0.031376
vn 0.3603 0.910472 -0.20304
vn 0.548813 0.834862 -0.04253
vn 0.502497 0.825626 -0.256589
vn 0.801704 0.504913 -0.319896
vn 0.548813 0.834862 -0.04253
vn 0.832598 0.546524 -0.089956
vn 0.828967 0.514191 0.22005
vn 0.560238 0.759059 0.331607
vn 0.518954 0.753257 0.404093
vn 0.434331 0.900207 0.031376
vn -0.548813 0.834862 -0.04253
vn -0.560238 0.759059 0.331607
vn -0.828967 0.514191 0.22005
vn -0.548813 0.834862 -0.04253
vn -0.832598 0.546524 -0.089956
vn -0.801704 0.504913 -0.319896
vn -0.548813 0.834862 -0.04253
vn -0.502497 0.825626 -0.256589
vn -0.3603 0.910472 -0.20304
vn -0.434331 0.900207 0.031376
vn -0.518953 0.753257 0.404093
vn -0.560238 0.759059 0.331607
vn 0.55079 0.640216 0.535495
vn 0.574089 0.617293 0.537933
vn 0.518954 0.753257 0.404093
vn 0.560238 0.759059 0.331607
vn 0.828967 0.514191 0.22005
vn 0.803552 0.429869 0.411723
vn 0.55079 0.640216 0.535495
vn 0.803552 0.429869 0.411723
vn 0.831044 0.451294 0.325114
vn 0.630993 0.657193 0.412244
vn 0.644535 0.649318 0.403684
vn 0.574089 0.617293 0.537933
vn -0.55079 0.640216 0.535495
vn -0.630993 0.657193 0.412244
vn -0.831044 0.451294 0.325114
vn -0.803552 0.429869 0.411723
vn -0.828967 0.514191 0.22005
vn -0.560238 0.759059 0.331607
vn -0.55079 0.640216 0.535495
vn -0.560238 0.759059 0.331607
vn -0.518953 0.753257 0.404093
vn -0.574089 0.617293 0.537933
vn -0.644535 0.649318 0.403684
vn -0.630993 0.657193 0.412244
vn 0.708964 0.685497 0.16572
vn 0.672814 0.721677 0.162798
vn 0.644535 0.649318 0.403684
vn 0.630993 0.657193 0.412244
vn 0.831044 0.451294 0.325114
vn 0.874617 0.471543 0.112658
vn 0.708964 0.685497 0.16572
vn 0.874617 0.471543 0.112658
vn 0.898077 0.437676 -0.043565
vn 0.742923 0.668552 -0.033226
vn 0.672761 0.738982 -0.03604
vn 0.672814 0.721677 0.162798
vn -0.708964 0.685497 0.16572
vn -0.742923 0.668552 -0.033226
vn -0.898077 0.437676 -0.043565
vn -0.874617 0.471543 0.112658
vn -0.831044 0.451294 0.325114
vn -0.630993 0.657193 0.412244
vn -0.708964 0.685497 0.16572
vn -0.630993 0.657193 0.412244
vn -0.644535 0.649318 0.403684
vn -0.672814 0.721677 0.162798
vn -0.672761 0.738982 -0.03604
vn -0.742923 0.668552 -0.033226
vn 0.758355 0.604431 -0.244051
vn 0.651186 0.705858 -0.278786
vn 0.672761 0.738982 -0.03604
vn 0.742923 0.668552 -0.033226
vn 0.898077 0.437676 -0.043565
vn 0.905445 0.369015 -0.209755
vn 0.758355 0.604431 -0.244051
vn 0.905445 0.369015 -0.209755
vn 0.873307 0.297247 -0.385979
vn 0.758355 0.604431 -0.244051
vn 0.747963 0.431754 -0.504122
vn 0.591166 0.561865 -0.578646
vn -0.758355 0.604431 -0.244051
vn -0.747963 0.431754 -0.504122
vn -0.873307 0.297247 -0.385979
vn -0.905445 0.369015 -0.209755
vn -0.898077 0.437676 -0.043565
vn -0.742923 0.668552 -0.033226
vn -0.758355 0.604431 -0.244051
vn -0.742923 0.668552 -0.033226
vn -0.672761 0.738982 -0.03604
vn -0.758355 0.604431 -0.244051
vn -0.651186 0.705858 -0.278786
vn -0.591165 0.561865 -0.578646
vn 0.704458 0.206443 -0.679058
vn 0.870642 0.180961 -0.457423
vn 0.706176 0.038569 -0.706985
vn 0.704458 0.206443 -0.679058
vn 0.641812 -0.05611 -0.764807
vn 0.590932 7.2E-05 -0.806722
vn 0.577593 0.306184 -0.756728
vn 0.591166 0.561865 -0.578646
vn 0.747963 0.431754 -0.504122
vn 0.704458 0.206443 -0.679058
vn 0.747963 0.431754 -0.504122
vn 0.873307 0.297247 -0.385979
vn -0.747963 0.431754 -0.504122
vn -0.591165 0.561865 -0.578646
vn -0.577593 0.306184 -0.756728
vn -0.704458 0.206443 -0.679058
vn -0.577593 0.306184 -0.756728
vn -0.590932 7.2E-05 -0.806722
vn -0.704458 0.206443 -0.679058
vn -0.641812 -0.05611 -0.764807
vn -0.706176 0.038569 -0.706985
vn -0.704458 0.206443 -0.679058
vn -0.870642 0.180961 -0.457423
vn -0.873307 0.297247 -0.385979
vn 0.486397 0.426543 -0.762548
vn 0.523763 0.106459 -0.845186
vn 0.435328 0.212247 -0.874894
vn 0.397182 0.533276 -0.746903
vn 0.341818 0.770501 -0.538041
vn 0.486636 0.67229 -0.557863
vn 0.486397 0.426543 -0.762548
vn 0.486636 0.67229 -0.557863
vn 0.591166 0.561865 -0.578646
vn 0.577593 0.306184 -0.756728
vn 0.590932 7.2E-05 -0.806722
vn 0.523763 0.106459 -0.845186
vn -0.486397 0.426543 -0.762548
vn -0.577593 0.306184 -0.756728
vn -0.591165 0.561865 -0.578646
vn -0.486636 0.67229 -0.557863
vn -0.341818 0.770501 -0.538041
vn -0.397182 0.533276 -0.746903
vn -0.486397 0.426543 -0.762548
vn -0.397182 0.533276 -0.746903
vn -0.435328 0.212247 -0.874894
vn -0.523762 0.106459 -0.845186
vn -0.590932 7.2E-05 -0.806722
vn -0.577593 0.306184 -0.756728
vn 0.544499 0.798962 -0.255306
vn 0.486636 0.67229 -0.557863
vn 0.341818 0.770501 -0.538041
vn 0.334213 0.91158 -0.239425
vn 0.354433 0.934886 0.019131
vn 0.586593 0.809849 -0.007279
vn 0.544499 0.798962 -0.255306
vn 0.586593 0.809849 -0.007279
vn 0.672761 0.738982 -0.03604
vn 0.651186 0.705858 -0.278786
vn 0.591166 0.561865 -0.578646
vn 0.486636 0.67229 -0.557863
vn -0.544499 0.798962 -0.255306
vn -0.651186 0.705858 -0.278786
vn -0.672761 0.738982 -0.03604
vn -0.586593 0.809849 -0.007279
vn -0.354433 0.934886 0.019131
vn -0.334213 0.91158 -0.239425
vn -0.544499 0.798962 -0.255306
vn -0.334213 0.91158 -0.239425
vn -0.341818 0.770501 -0.538041
vn -0.486636 0.67229 -0.557863
vn -0.591165 0.561865 -0.578646
vn -0.651186 0.705858 -0.278786
vn 0.617348 0.760172 0.202533
vn 0.586593 0.809849 -0.007279
vn 0.354433 0.934886 0.019131
vn 0.385076 0.884131 0.264632
vn 0.417734 0.73173 0.538582
vn 0.640767 0.630977 0.437362
vn 0.617348 0.760172 0.202533
vn 0.640767 0.630977 0.437362
vn 0.644535 0.649318 0.403684
vn 0.672814 0.721677 0.162798
vn 0.672761 0.738982 -0.03604
vn 0.586593 0.809849 -0.007279
vn -0.617348 0.760172 0.202533
vn -0.672814 0.721677 0.162798
vn -0.644535 0.649318 0.403684
vn -0.640767 0.630977 0.437362
vn -0.417733 0.73173 0.538582
vn -0.385076 0.884131 0.264632
vn -0.617348 0.760172 0.202533
vn -0.385076 0.884131 0.264632
vn -0.354433 0.934886 0.019131
vn -0.586593 0.809849 -0.007279
vn -0.672761 0.738982 -0.03604
vn -0.672814 0.721677 0.162798
vn 0.620492 0.556728 0.552308
vn 0.640767 0.630977 0.437362
vn 0.417734 0.73173 0.538582
vn 0.430993 0.603095 0.671209
vn 0.355225 0.750849 0.556813
vn 0.534124 0.732491 0.4221
vn 0.620492 0.556728 0.552308
vn 0.534124 0.732491 0.4221
vn 0.518954 0.753257 0.404093
vn 0.620492 0.556728 0.552308
vn 0.574089 0.617293 0.537933
vn 0.644535 0.649318 0.403684
vn -0.620492 0.556728 0.552308
vn -0.574089 0.617293 0.537933
vn -0.518953 0.753257 0.404093
vn -0.534124 0.732491 0.4221
vn -0.355225 0.750849 0.556813
vn -0.430993 0.603095 0.671209
vn -0.620492 0.556728 0.552308
vn -0.430993 0.603095 0.671209
vn -0.417733 0.73173 0.538582
vn -0.620492 0.556728 0.552308
vn -0.640767 0.630977 0.437362
vn -0.644535 0.649318 0.403684
vn 0.152598 0.988179 0.014726
vn 0.148844 0.830164 -0.537283
vn 0.298128 0.923112 -0.242867
vn 0.368456 0.928714 0.0416
vn 0.298128 0.923112 -0.242867
vn 0.3603 0.910472 -0.20304
vn 0.434331 0.900207 0.031376
vn 0.518954 0.753257 0.404093
vn 0.534124 0.732491 0.4221
vn 0.368456 0.928714 0.0416
vn 0.534124 0.732491 0.4221
vn 0.355225 0.750849 0.556813
vn -0.534124 0.732491 0.4221
vn -0.518953 0.753257 0.404093
vn -0.434331 0.900207 0.031376
vn -0.368456 0.928714 0.0416
vn -0.434331 0.900207 0.031376
vn -0.3603 0.910472 -0.20304
vn -0.298128 0.923112 -0.242867
vn -0.148844 0.830164 -0.537283
vn -0.152598 0.988179 0.014726
vn -0.368456 0.928714 0.0416
vn -0.152598 0.988179 0.014726
vn -0.355225 0.750849 0.556813
vn -0 0.689844 0.723958
vn 0 0.612838 0.790209
vn 0.201007 0.686029 0.699257
vn 0.205911 0.653524 0.728359
vn 0.201007 0.686029 0.699257
vn 0.355225 0.750849 0.556813
vn 0.430993 0.603095 0.671209
vn 0.417734 0.73173 0.538582
vn 0.175595 0.80337 0.569001
vn 0.205911 0.653524 0.728359
vn 0.175595 0.80337 0.569001
vn 0 0.827331 0.561715
vn -0.175595 0.80337 0.569001
vn -0.417733 0.73173 0.538582
vn -0.430993 0.603095 0.671209
vn -0.205911 0.653524 0.728359
vn -0.430993 0.603095 0.671209
vn -0.355225 0.750849 0.556813
vn -0.201007 0.686029 0.699257
vn 0 0.612838 0.790209
vn -0 0.689844 0.723958
vn -0.205911 0.653524 0.728359
vn -0 0.689844 0.723958
vn 0 0.827331 0.561715
vn -0.206971 0.758684 -0.617707
vn -0.452783 0.889566 -0.060503
vn -0.486623 0.396356 -0.778524
vn -0.199026 0.318179 -0.926904
vn -0.486623 0.396356 -0.778524
vn -0.4984 0.453285 -0.739006
vn -0.199026 0.318179 -0.926904
vn -0.226699 0.534953 -0.8139
vn 0.089345 0.621933 -0.777957
vn 0.109736 0.56523 -0.817602
vn 0.148844 0.830164 -0.537283
vn -0.206971 0.758684 -0.617707
vn 0.199026 0.318179 -0.926904
vn -0.109736 0.56523 -0.817602
vn -0.089345 0.621933 -0.777957
vn 0.199026 0.318179 -0.926904
vn 0.226699 0.534953 -0.8139
vn 0.4984 0.453285 -0.739006
vn 0.486623 0.396356 -0.778524
vn 0.452783 0.889566 -0.060503
vn 0.206971 0.758684 -0.617707
vn 0.206971 0.758684 -0.617707
vn -0.148844 0.830164 -0.537283
vn -0.109736 0.56523 -0.817602
vn 0.002801 0.950981 0.309237
vn -0.004682 0.730518 0.682878
vn -0.452783 0.889566 -0.060503
vn -0.206971 0.758684 -0.617707
vn 0.148844 0.830164 -0.537283
vn 0.152598 0.988179 0.014726
vn 0.002801 0.950981 0.309237
vn 0.152598 0.988179 0.014726
vn 0.355225 0.750849 0.556813
vn 0.201007 0.686029 0.699257
vn 0 0.612838 0.790209
vn -0.004682 0.730518 0.682878
vn -0.002801 0.950981 0.309237
vn -0.201007 0.686029 0.699257
vn -0.355225 0.750849 0.556813
vn -0.152598 0.988179 0.014726
vn -0.148844 0.830164 -0.537283
vn 0.206971 0.758684 -0.617707
vn -0.002801 0.950981 0.309237
vn 0.206971 0.758684 -0.617707
vn 0.452783 0.889566 -0.060503
vn 0.004682 0.730518 0.682878
vn 0 0.612838 0.790209
vn -0.201007 0.686029 0.699257
vn -0.103221 0.552938 0.826804
vn 0 0.491525 0.870864
vn -0 0.881179 0.472783
vn -0.103221 0.552938 0.826804
vn -0.366052 0.861783 0.351192
vn -0.452783 0.889566 -0.060503
vn -0.103221 0.552938 0.826804
vn -0.004682 0.730518 0.682878
vn 0 0.612838 0.790209
vn 0.103221 0.552938 0.826804
vn 0 0.491525 0.870864
vn 0 0.612838 0.790209
vn 0.103221 0.552938 0.826804
vn 0.004682 0.730518 0.682878
vn 0.452783 0.889566 -0.060503
vn 0.103221 0.552938 0.826804
vn 0.366052 0.861783 0.351192
vn -0 0.881179 0.472783
vn 0.832598 0.546524 -0.089956
vn 0.801704 0.504913 -0.319896
vn 0.977728 0.066901 -0.198926
vn 0.988554 0.143294 0.047198
vn 0.977728 0.066901 -0.198926
vn 0.941678 -0.333422 -0.045523
vn 0.967747 -0.211819 0.136378
vn 0.981427 -0.134858 0.136432
vn 0.96694 0.150857 0.205594
vn 0.988554 0.143294 0.047198
vn 0.96694 0.150857 0.205594
vn 0.828967 0.514191 0.22005
vn -0.96694 0.150857 0.205594
vn -0.981427 -0.134858 0.136432
vn -0.967747 -0.211819 0.136378
vn -0.988554 0.143294 0.047198
vn -0.967747 -0.211819 0.136378
vn -0.941678 -0.333422 -0.045523
vn -0.977728 0.066901 -0.198926
vn -0.801704 0.504913 -0.319896
vn -0.832598 0.546524 -0.089956
vn -0.988554 0.143294 0.047198
vn -0.832598 0.546524 -0.089956
vn -0.828967 0.514191 0.22005
vn 0.959829 0.141665 0.242195
vn 0.96694 0.150857 0.205594
vn 0.981427 -0.134858 0.136432
vn 0.991099 -0.113073 0.070269
vn 0.996339 -0.084213 0.014748
vn 0.974474 0.176827 0.13832
vn 0.959829 0.141665 0.242195
vn 0.974474 0.176827 0.13832
vn 0.831044 0.451294 0.325114
vn 0.803552 0.429869 0.411723
vn 0.828967 0.514191 0.22005
vn 0.96694 0.150857 0.205594
vn -0.959829 0.141665 0.242195
vn -0.803552 0.429869 0.411723
vn -0.831044 0.451294 0.325114
vn -0.974474 0.176827 0.13832
vn -0.996339 -0.084213 0.014748
vn -0.991099 -0.113073 0.070269
vn -0.959829 0.141665 0.242195
vn -0.991099 -0.113073 0.070269
vn -0.981427 -0.134858 0.136432
vn -0.96694 0.150857 0.205594
vn -0.828967 0.514191 0.22005
vn -0.803552 0.429869 0.411723
vn 0.977861 0.208772 -0.014205
vn 0.974474 0.176827 0.13832
vn 0.996339 -0.084213 0.014748
vn 0.99395 0.10589 -0.029157
vn 0.831832 0.534267 0.15038
vn 0.974422 0.20154 -0.099414
vn 0.977861 0.208772 -0.014205
vn 0.974422 0.20154 -0.099414
vn 0.898077 0.437676 -0.043565
vn 0.874617 0.471543 0.112658
vn 0.831044 0.451294 0.325114
vn 0.974474 0.176827 0.13832
vn -0.977861 0.208772 -0.014205
vn -0.874617 0.471543 0.112658
vn -0.898077 0.437676 -0.043565
vn -0.974422 0.20154 -0.099414
vn -0.831832 0.534267 0.15038
vn -0.99395 0.10589 -0.029157
vn -0.977861 0.208772 -0.014205
vn -0.99395 0.10589 -0.029157
vn -0.996339 -0.084213 0.014748
vn -0.974474 0.176827 0.13832
vn -0.831044 0.451294 0.325114
vn -0.874617 0.471543 0.112658
vn 0.602657 0.659581 -0.449174
vn 0.706176 0.038569 -0.706985
vn 0.870642 0.180961 -0.457423
vn 0.959239 0.18649 -0.212323
vn 0.870642 0.180961 -0.457423
vn 0.873307 0.297247 -0.385979
vn 0.905445 0.369015 -0.209755
vn 0.898077 0.437676 -0.043565
vn 0.974422 0.20154 -0.099414
vn 0.959239 0.18649 -0.212323
vn 0.974422 0.20154 -0.099414
vn 0.831832 0.534267 0.15038
vn -0.974422 0.20154 -0.099414
vn -0.898077 0.437676 -0.043565
vn -0.905445 0.369015 -0.209755
vn -0.959239 0.18649 -0.212323
vn -0.905445 0.369015 -0.209755
vn -0.873307 0.297247 -0.385979
vn -0.870642 0.180961 -0.457423
vn -0.706176 0.038569 -0.706985
vn -0.602657 0.659581 -0.449174
vn -0.959239 0.18649 -0.212323
vn -0.602657 0.659581 -0.449174
vn -0.831832 0.534267 0.15038
vn 0.674751 -0.731915 0.094929
vn 0.609947 -0.79243 0.004524
vn 0.514671 -0.853411 -0.082483
vn 0.617366 -0.786653 -0.006013
vn 0.514671 -0.853411 -0.082483
vn 0.476506 -0.853868 -0.209406
vn 0.60423 -0.781723 -0.154322
vn 0.550393 -0.818799 -0.163205
vn 0.553055 -0.832861 0.021759
vn 0.553055 -0.832861 0.021759
vn 0.580195 -0.800005 0.152857
vn 0.674751 -0.731915 0.094929
vn -0.553055 -0.832861 0.021759
vn -0.550393 -0.818799 -0.163205
vn -0.60423 -0.781723 -0.154322
vn -0.617366 -0.786653 -0.006013
vn -0.60423 -0.781723 -0.154322
vn -0.476506 -0.853868 -0.209406
vn -0.514671 -0.853411 -0.082483
vn -0.609947 -0.79243 0.004524
vn -0.674751 -0.731915 0.094929
vn -0.674751 -0.731915 0.094929
vn -0.580195 -0.800005 0.152857
vn -0.553055 -0.832861 0.021759
vn 0.533769 -0.839247 0.103709
vn 0.691001 -0.706956 0.150767
vn 0.484281 -0.859522 0.163383
vn 0.484281 -0.859522 0.163383
vn 0.580195 -0.800005 0.152857
vn 0.553055 -0.832861 0.021759
vn 0.553055 -0.832861 0.021759
vn 0.550393 -0.818799 -0.163205
vn 0.365593 -0.91549 -0.167987
vn 0.425894 -0.903421 0.049454
vn 0.365593 -0.91549 -0.167987
vn 0.227521 -0.973771 -0.002089
vn -0.365593 -0.91549 -0.167987
vn -0.550393 -0.818799 -0.163205
vn -0.553055 -0.832861 0.021759
vn -0.553055 -0.832861 0.021759
vn -0.580195 -0.800005 0.152857
vn -0.484281 -0.859522 0.163383
vn -0.484281 -0.859522 0.163383
vn -0.691001 -0.706956 0.150767
vn -0.533769 -0.839247 0.103709
vn -0.425894 -0.903421 0.049454
vn -0.533769 -0.839247 0.103709
vn -0.227521 -0.973771 -0.002089
vn 0.518177 -0.834644 0.186712
vn 0.646944 -0.731198 0.216362
vn 0.613572 -0.787595 0.056774
vn 0.496859 -0.866427 0.049348
vn 0.425591 -0.902583 0.064939
vn 0.522528 -0.831177 0.190025
vn 0.518177 -0.834644 0.186712
vn 0.522528 -0.831177 0.190025
vn 0.580195 -0.800005 0.152857
vn 0.484281 -0.859522 0.163383
vn 0.691001 -0.706956 0.150767
vn 0.646944 -0.731198 0.216362
vn -0.518177 -0.834645 0.186712
vn -0.484281 -0.859522 0.163383
vn -0.580195 -0.800005 0.152857
vn -0.522528 -0.831177 0.190025
vn -0.425591 -0.902583 0.064939
vn -0.496859 -0.866427 0.049348
vn -0.518177 -0.834645 0.186712
vn -0.496859 -0.866427 0.049348
vn -0.613572 -0.787595 0.056774
vn -0.646944 -0.731198 0.216362
vn -0.691001 -0.706956 0.150767
vn -0.484281 -0.859522 0.163383
vn 0.632643 -0.726891 0.267192
vn 0.522528 -0.831177 0.190025
vn 0.425591 -0.902583 0.064939
vn 0.520597 -0.737138 0.43082
vn 0.776861 -0.264351 0.571495
vn 0.883136 -0.351417 0.310767
vn 0.632643 -0.726891 0.267192
vn 0.883136 -0.351417 0.310767
vn 0.927605 -0.365344 0.07793
vn 0.69396 -0.686692 0.216504
vn 0.580195 -0.800005 0.152857
vn 0.522528 -0.831177 0.190025
vn -0.632643 -0.726891 0.267192
vn -0.69396 -0.686692 0.216504
vn -0.927605 -0.365344 0.07793
vn -0.883136 -0.351417 0.310767
vn -0.776861 -0.264351 0.571495
vn -0.520597 -0.737138 0.43082
vn -0.632643 -0.726891 0.267192
vn -0.520597 -0.737138 0.43082
vn -0.425591 -0.902583 0.064939
vn -0.522528 -0.831177 0.190025
vn -0.580195 -0.800005 0.152857
vn -0.69396 -0.686692 0.216504
vn 0.69396 -0.686692 0.216504
vn 0.927605 -0.365344 0.07793
vn 0.798978 -0.592745 0.101428
vn 0.723102 -0.667456 0.177835
vn 0.798978 -0.592745 0.101428
vn 0.609947 -0.79243 0.004524
vn 0.723102 -0.667456 0.177835
vn 0.674751 -0.731915 0.094929
vn 0.580195 -0.800005 0.152857
vn -0.723102 -0.667456 0.177835
vn -0.69396 -0.686692 0.216504
vn -0.580195 -0.800005 0.152857
vn -0.723102 -0.667456 0.177835
vn -0.674751 -0.731915 0.094929
vn -0.609947 -0.79243 0.004524
vn -0.798978 -0.592745 0.101428
vn -0.927605 -0.365344 0.07793
vn -0.69396 -0.686692 0.216504
vn 0.520597 -0.737138 0.43082
vn 0.425591 -0.902583 0.064939
vn 0.373019 -0.923988 0.084283
vn 0.473598 -0.7216 0.504974
vn 0.373019 -0.923988 0.084283
vn 0.45972 -0.869973 0.178338
vn 0.473598 -0.7216 0.504974
vn 0.757191 -0.431968 0.489964
vn 0.776861 -0.264351 0.571495
vn -0.473598 -0.7216 0.504974
vn -0.520597 -0.737138 0.43082
vn -0.776861 -0.264351 0.571495
vn -0.473598 -0.7216 0.504974
vn -0.757191 -0.431968 0.489964
vn -0.45972 -0.869973 0.178338
vn -0.373019 -0.923988 0.084283
vn -0.425591 -0.902583 0.064939
vn -0.520597 -0.737138 0.43082
vn 0.641812 -0.05611 -0.764807
vn 0.706176 0.038569 -0.706985
vn 0.548233 -0.307863 -0.7776
vn 0.548233 -0.307863 -0.7776
vn 0.320662 -0.603125 -0.730353
vn 0.437292 -0.603995 -0.666308
vn 0.437292 -0.603995 -0.666308
vn 0.583093 -0.533618 -0.612579
vn 0.554554 -0.286354 -0.781326
vn 0.554554 -0.286354 -0.781326
vn 0.590932 7.2E-05 -0.806722
vn 0.641812 -0.05611 -0.764807
vn -0.554554 -0.286354 -0.781326
vn -0.583093 -0.533618 -0.612579
vn -0.437292 -0.603995 -0.666308
vn -0.437292 -0.603995 -0.666308
vn -0.320662 -0.603125 -0.730353
vn -0.548233 -0.307863 -0.7776
vn -0.548233 -0.307863 -0.7776
vn -0.706176 0.038569 -0.706985
vn -0.641812 -0.05611 -0.764807
vn -0.641812 -0.05611 -0.764807
vn -0.590932 7.2E-05 -0.806722
vn -0.554554 -0.286354 -0.781326
vn 0.426317 -0.118707 -0.896751
vn 0.435328 0.212247 -0.874894
vn 0.523763 0.106459 -0.845186
vn 0.497363 -0.192687 -0.845873
vn 0.523763 0.106459 -0.845186
vn 0.590932 7.2E-05 -0.806722
vn 0.554554 -0.286354 -0.781326
vn 0.583093 -0.533618 -0.612579
vn 0.517771 -0.35061 -0.780375
vn 0.517771 -0.35061 -0.780375
vn 0.42455 -0.306024 -0.852119
vn 0.426317 -0.118707 -0.896751
vn -0.517771 -0.35061 -0.780375
vn -0.583093 -0.533618 -0.612579
vn -0.554554 -0.286354 -0.781326
vn -0.497363 -0.192687 -0.845874
vn -0.554554 -0.286354 -0.781326
vn -0.590932 7.2E-05 -0.806722
vn -0.523762 0.106459 -0.845186
vn -0.435328 0.212247 -0.874894
vn -0.426317 -0.118707 -0.896751
vn -0.426317 -0.118707 -0.896751
vn -0.42455 -0.306024 -0.852119
vn -0.517771 -0.35061 -0.780375
vn 0.114727 -0.886198 -0.448878
vn 0.227521 -0.973771 -0.002089
vn 0.365593 -0.91549 -0.167987
vn 0.343136 -0.830274 -0.439208
vn 0.365593 -0.91549 -0.167987
vn 0.550393 -0.818799 -0.163205
vn 0.554119 -0.744688 -0.372011
vn 0.583093 -0.533618 -0.612579
vn 0.437292 -0.603995 -0.666308
vn 0.343136 -0.830274 -0.439208
vn 0.437292 -0.603995 -0.666308
vn 0.320662 -0.603125 -0.730353
vn -0.437292 -0.603995 -0.666308
vn -0.583093 -0.533618 -0.612579
vn -0.554119 -0.744688 -0.372011
vn -0.343136 -0.830274 -0.439208
vn -0.554119 -0.744688 -0.372011
vn -0.550393 -0.818799 -0.163205
vn -0.365593 -0.91549 -0.167987
vn -0.227521 -0.973771 -0.002089
vn -0.114727 -0.886198 -0.448877
vn -0.343136 -0.830274 -0.439208
vn -0.114727 -0.886198 -0.448877
vn -0.320662 -0.603125 -0.730353
vn 0.60423 -0.781723 -0.154322
vn 0.476506 -0.853868 -0.209406
vn 0.482378 -0.786258 -0.386148
vn 0.60684 -0.723565 -0.328936
vn 0.482378 -0.786258 -0.386148
vn 0.454292 -0.689072 -0.564622
vn 0.598009 -0.641997 -0.479817
vn 0.583093 -0.533618 -0.612579
vn 0.554119 -0.744688 -0.372011
vn 0.60684 -0.723565 -0.328936
vn 0.554119 -0.744688 -0.372011
vn 0.550393 -0.818799 -0.163205
vn -0.554119 -0.744688 -0.372011
vn -0.583093 -0.533618 -0.612579
vn -0.598009 -0.641997 -0.479817
vn -0.60684 -0.723565 -0.328936
vn -0.598009 -0.641997 -0.479817
vn -0.454292 -0.689072 -0.564622
vn -0.482378 -0.786258 -0.386148
vn -0.476506 -0.853868 -0.209406
vn -0.60423 -0.781723 -0.154322
vn -0.60684 -0.723565 -0.328936
vn -0.60423 -0.781723 -0.154322
vn -0.550393 -0.818799 -0.163205
vn 0.521356 -0.49051 -0.698275
vn 0.407566 -0.49622 -0.766587
vn 0.42455 -0.306024 -0.852119
vn 0.521356 -0.49051 -0.698275
vn 0.517771 -0.35061 -0.780375
vn 0.583093 -0.533618 -0.612579
vn 0.521356 -0.49051 -0.698275
vn 0.598009 -0.641997 -0.479817
vn 0.454292 -0.689072 -0.564622
vn -0.521355 -0.49051 -0.698275
vn -0.407567 -0.49622 -0.766587
vn -0.454292 -0.689072 -0.564622
vn -0.521355 -0.49051 -0.698275
vn -0.598009 -0.641997 -0.479817
vn -0.583093 -0.533618 -0.612579
vn -0.521355 -0.49051 -0.698275
vn -0.517771 -0.35061 -0.780375
vn -0.42455 -0.306024 -0.852119
vn 0.310428 0.499137 0.80901
vn -0.129807 0.960758 0.245142
vn -0.278854 0.919221 0.27798
vn 0.209824 0.538499 0.816084
vn -0.278854 0.919221 0.27798
vn -0.447179 0.82737 0.339837
vn 0.050988 0.49481 0.867504
vn 0.515763 -0.129164 0.846939
vn 0.587116 -0.135774 0.798036
vn 0.209824 0.538499 0.816084
vn 0.587116 -0.135774 0.798036
vn 0.566881 -0.21626 0.794907
vn -0.587116 -0.135774 0.798036
vn -0.515763 -0.129164 0.846939
vn -0.050988 0.49481 0.867504
vn -0.209824 0.538499 0.816084
vn -0.050988 0.49481 0.867504
vn 0.447179 0.82737 0.339837
vn 0.278854 0.919221 0.27798
vn 0.129807 0.960758 0.245142
vn -0.310428 0.499137 0.80901
vn -0.209824 0.538499 0.816084
vn -0.310428 0.499137 0.80901
vn -0.566881 -0.21626 0.794907
vn 0.373603 0.424507 0.824751
vn 0.092616 0.957335 0.273737
vn -0.129807 0.960758 0.245142
vn 0.310428 0.499137 0.80901
vn 0.566881 -0.21626 0.794907
vn 0.47733 -0.253468 0.841374
vn 0.373603 0.424507 0.824751
vn 0.47733 -0.253468 0.841374
vn 0.285278 -0.225041 0.931651
vn 0.425964 0.311001 0.849608
vn 0.444487 0.829371 0.33849
vn 0.092616 0.957335 0.273737
vn -0.373603 0.424507 0.824751
vn -0.425964 0.311001 0.849608
vn -0.285278 -0.225041 0.931651
vn -0.47733 -0.253468 0.841374
vn -0.566881 -0.21626 0.794907
vn -0.310428 0.499137 0.80901
vn -0.373603 0.424507 0.824751
vn -0.310428 0.499137 0.80901
vn 0.129807 0.960758 0.245142
vn -0.092616 0.957335 0.273737
vn -0.444487 0.829371 0.33849
vn -0.425964 0.311001 0.849608
vn 0.382846 0.14208 0.912821
vn 0.71874 0.474639 0.508066
vn 0.444487 0.829371 0.33849
vn 0.382846 0.14208 0.912821
vn 0.425964 0.311001 0.849608
vn 0.285278 -0.225041 0.931651
vn 0.015182 -0.168376 0.985606
vn -0.166111 -0.068193 0.983746
vn 0.314393 -0.004294 0.949283
vn 0.382846 0.14208 0.912821
vn 0.314393 -0.004294 0.949283
vn 0.755063 0.101654 0.647724
vn -0.314393 -0.004294 0.949283
vn 0.166111 -0.068193 0.983746
vn -0.015182 -0.168376 0.985606
vn -0.382846 0.14208 0.912821
vn -0.015182 -0.168376 0.985606
vn -0.285278 -0.225041 0.931651
vn -0.382846 0.14208 0.912821
vn -0.425964 0.311001 0.849608
vn -0.444487 0.829371 0.33849
vn -0.382846 0.14208 0.912821
vn -0.71874 0.474639 0.508066
vn -0.755063 0.101654 0.647724
vn 0.722325 -0.191054 0.664639
vn 0.755063 0.101654 0.647724
vn 0.314393 -0.004294 0.949283
vn 0.320354 -0.070496 0.944671
vn 0.314393 -0.004294 0.949283
vn -0.166111 -0.068193 0.983746
vn -0.21903 0.096271 0.970957
vn -0.086653 0.341487 0.935883
vn 0.404034 -0.094522 0.909847
vn 0.320354 -0.070496 0.944671
vn 0.404034 -0.094522 0.909847
vn 0.696375 -0.440654 0.566468
vn -0.404034 -0.094522 0.909847
vn 0.086653 0.341487 0.935883
vn 0.21903 0.096271 0.970957
vn -0.320354 -0.070496 0.944671
vn 0.21903 0.096271 0.970957
vn 0.166111 -0.068193 0.983746
vn -0.314393 -0.004294 0.949283
vn -0.755063 0.101654 0.647724
vn -0.722325 -0.191054 0.664639
vn -0.320354 -0.070496 0.944671
vn -0.722325 -0.191054 0.664639
vn -0.696375 -0.440654 0.566468
vn 0.614828 -0.674117 0.409332
vn 0.696375 -0.440654 0.566468
vn 0.404034 -0.094522 0.909847
vn 0.531323 -0.181981 0.827393
vn 0.404034 -0.094522 0.909847
vn -0.086653 0.341487 0.935883
vn 0.531323 -0.181981 0.827393
vn 0.189655 0.458328 0.868312
vn 0.455589 0.34769 0.819482
vn 0.531323 -0.181981 0.827393
vn 0.600864 -0.344489 0.721311
vn 0.476736 -0.827923 0.29541
vn -0.531323 -0.181981 0.827393
vn -0.600864 -0.344489 0.721311
vn -0.455589 0.34769 0.819482
vn -0.531323 -0.181981 0.827393
vn -0.189655 0.458328 0.868312
vn 0.086653 0.341487 0.935883
vn -0.404034 -0.094522 0.909847
vn -0.696375 -0.440654 0.566468
vn -0.614828 -0.674117 0.409332
vn -0.531323 -0.181981 0.827393
vn -0.614828 -0.674117 0.409332
vn -0.476736 -0.827923 0.29541
vn 0.319545 -0.905309 0.279834
vn 0.476736 -0.827923 0.29541
vn 0.600864 -0.344489 0.721311
vn 0.600864 -0.344489 0.721311
vn 0.455589 0.34769 0.819482
vn 0.553615 0.194521 0.809736
vn 0.54759 -0.447172 0.707236
vn 0.553615 0.194521 0.809736
vn 0.353415 0.311637 0.882032
vn 0.26133 -0.360815 0.895276
vn 0.062838 -0.93665 0.344583
vn 0.319545 -0.905309 0.279834
vn -0.54759 -0.447172 0.707235
vn -0.26133 -0.360815 0.895276
vn -0.353415 0.311637 0.882032
vn -0.553615 0.194521 0.809736
vn -0.455589 0.34769 0.819482
vn -0.600864 -0.344489 0.721311
vn -0.600864 -0.344489 0.721311
vn -0.476736 -0.827923 0.29541
vn -0.319545 -0.905309 0.279834
vn -0.319545 -0.905309 0.279834
vn -0.062838 -0.93665 0.344583
vn -0.26133 -0.360815 0.895276
vn 0.371683 0.669946 0.642669
vn 0.553615 0.194521 0.809736
vn 0.455589 0.34769 0.819482
vn 0.124404 0.800433 0.58637
vn -0.155473 0.950568 0.268791
vn 0.130542 0.918085 0.374271
vn 0.371683 0.669946 0.642669
vn 0.130542 0.918085 0.374271
vn 0.135796 0.91082 0.389829
vn 0.281174 0.713398 0.641876
vn 0.353415 0.311637 0.882032
vn 0.553615 0.194521 0.809736
vn -0.371683 0.669946 0.642669
vn -0.281174 0.713398 0.641876
vn -0.135796 0.91082 0.389829
vn -0.130542 0.918085 0.374271
vn 0.155473 0.950568 0.268791
vn -0.124404 0.800433 0.58637
vn -0.371683 0.669946 0.642669
vn -0.124404 0.800433 0.58637
vn -0.455589 0.34769 0.819482
vn -0.553615 0.194521 0.809736
vn -0.353415 0.311637 0.882032
vn -0.281174 0.713398 0.641876
vn -0.233893 0.799116 0.553811
vn 0.189655 0.458328 0.868312
vn -0.086653 0.341487 0.935883
vn -0.569821 0.616276 0.543607
vn -0.778425 0.627596 0.013307
vn -0.489425 0.859022 0.150147
vn -0.233893 0.799116 0.553811
vn -0.489425 0.859022 0.150147
vn -0.155473 0.950568 0.268791
vn 0.124404 0.800433 0.58637
vn 0.455589 0.34769 0.819482
vn 0.189655 0.458328 0.868312
vn 0.233893 0.799116 0.553811
vn -0.124404 0.800433 0.58637
vn 0.155473 0.950568 0.268791
vn 0.489425 0.859022 0.150147
vn 0.778425 0.627596 0.013307
vn 0.569821 0.616276 0.543607
vn 0.233893 0.799116 0.553811
vn 0.569821 0.616276 0.543607
vn 0.086653 0.341487 0.935883
vn -0.189655 0.458328 0.868312
vn -0.455589 0.34769 0.819482
vn -0.124404 0.800433 0.58637
vn -0.21903 0.096271 0.970957
vn -0.166111 -0.068193 0.983746
vn -0.709577 -0.089971 0.698861
vn -0.775442 0.263832 0.573657
vn -0.709577 -0.089971 0.698861
vn -0.991198 -0.076895 0.107768
vn -0.95286 0.302187 -0.027229
vn -0.778425 0.627596 0.013307
vn -0.569821 0.616276 0.543607
vn -0.775442 0.263832 0.573657
vn -0.569821 0.616276 0.543607
vn -0.086653 0.341487 0.935883
vn 0.569821 0.616276 0.543607
vn 0.778425 0.627596 0.013307
vn 0.95286 0.302187 -0.027229
vn 0.775442 0.263832 0.573657
vn 0.95286 0.302187 -0.027229
vn 0.991198 -0.076895 0.107768
vn 0.709577 -0.089971 0.698861
vn 0.166111 -0.068193 0.983746
vn 0.21903 0.096271 0.970957
vn 0.775442 0.263832 0.573657
vn 0.21903 0.096271 0.970957
vn 0.086653 0.341487 0.935883
vn 0.015182 -0.168376 0.985606
vn 0.285278 -0.225041 0.931651
vn 0.100259 -0.523894 0.845863
vn -0.388152 -0.379269 0.839936
vn 0.100259 -0.523894 0.845863
vn -0.095043 -0.749893 0.654696
vn -0.738897 -0.526792 0.420144
vn -0.991198 -0.076895 0.107768
vn -0.709577 -0.089971 0.698861
vn -0.388152 -0.379269 0.839936
vn -0.709577 -0.089971 0.698861
vn -0.166111 -0.068193 0.983746
vn 0.709577 -0.089971 0.698861
vn 0.991198 -0.076895 0.107768
vn 0.738897 -0.526792 0.420144
vn 0.388152 -0.379269 0.839936
vn 0.738897 -0.526792 0.420144
vn 0.095043 -0.749893 0.654696
vn -0.100259 -0.523894 0.845863
vn -0.285278 -0.225041 0.931651
vn -0.015182 -0.168376 0.985606
vn 0.388152 -0.379269 0.839936
vn -0.015182 -0.168376 0.985606
vn 0.166111 -0.068193 0.983746
vn 0.47733 -0.253468 0.841374
vn 0.566881 -0.21626 0.794907
vn 0.57181 -0.507681 0.644433
vn 0.421842 -0.542079 0.726774
vn 0.57181 -0.507681 0.644433
vn 0.529252 -0.655091 0.53921
vn 0.344937 -0.716068 0.606848
vn -0.095043 -0.749893 0.654696
vn 0.100259 -0.523894 0.845863
vn 0.421842 -0.542079 0.726774
vn 0.100259 -0.523894 0.845863
vn 0.285278 -0.225041 0.931651
vn -0.100259 -0.523894 0.845863
vn 0.095043 -0.749893 0.654696
vn -0.344937 -0.716068 0.606848
vn -0.421842 -0.542079 0.726774
vn -0.344937 -0.716068 0.606848
vn -0.529252 -0.655091 0.539211
vn -0.57181 -0.507681 0.644433
vn -0.566881 -0.21626 0.794907
vn -0.47733 -0.253468 0.841374
vn -0.421842 -0.542079 0.726774
vn -0.47733 -0.253468 0.841374
vn -0.285278 -0.225041 0.931651
vn 0.658362 -0.440902 0.610053
vn 0.57181 -0.507681 0.644433
vn 0.566881 -0.21626 0.794907
vn 0.587116 -0.135774 0.798036
vn 0.515763 -0.129164 0.846939
vn 0.656669 -0.404369 0.636609
vn 0.658362 -0.440902 0.610053
vn 0.656669 -0.404369 0.636609
vn 0.700983 -0.531977 0.474998
vn 0.649134 -0.579819 0.492377
vn 0.529252 -0.655091 0.53921
vn 0.57181 -0.507681 0.644433
vn -0.658362 -0.440902 0.610053
vn -0.649134 -0.579819 0.492377
vn -0.700983 -0.531977 0.474998
vn -0.656669 -0.404369 0.636609
vn -0.515763 -0.129164 0.846939
vn -0.587116 -0.135774 0.798036
vn -0.658362 -0.440902 0.610053
vn -0.587116 -0.135774 0.798036
vn -0.566881 -0.21626 0.794907
vn -0.57181 -0.507681 0.644433
vn -0.529252 -0.655091 0.539211
vn -0.649134 -0.579819 0.492377
vn 0.841575 -0.539427 -0.027769
vn 0.691001 -0.706956 0.150767
vn 0.533769 -0.839247 0.103709
vn 0.533769 -0.839247 0.103709
vn 0.227521 -0.973771 -0.002089
vn 0.477127 -0.659909 0.580406
vn 0.477127 -0.659909 0.580406
vn 0.709416 0.148573 0.688952
vn 0.897269 -0.429202 0.103411
vn 0.75858 -0.641604 0.11358
vn 0.897269 -0.429202 0.103411
vn 0.90555 -0.404805 -0.126933
vn -0.897269 -0.429202 0.103411
vn -0.709416 0.148573 0.688952
vn -0.477127 -0.659909 0.580406
vn -0.477127 -0.659909 0.580406
vn -0.227521 -0.973771 -0.002089
vn -0.533769 -0.839247 0.103709
vn -0.533769 -0.839247 0.103709
vn -0.691001 -0.706956 0.150767
vn -0.841575 -0.539427 -0.027769
vn -0.75858 -0.641604 0.11358
vn -0.841575 -0.539427 -0.027769
vn -0.90555 -0.404805 -0.126933
vn 0.477127 -0.659909 0.580406
vn 0.227521 -0.973771 -0.002089
vn -0.06406 -0.939784 0.335712
vn 0.048835 -0.289295 0.955993
vn -0.06406 -0.939784 0.335712
vn 0.062838 -0.93665 0.344583
vn 0.26133 -0.360815 0.895276
vn 0.353415 0.311637 0.882032
vn 0.171777 0.507656 0.844262
vn 0.048835 -0.289295 0.955993
vn 0.171777 0.507656 0.844262
vn 0.709416 0.148573 0.688952
vn -0.171777 0.507656 0.844262
vn -0.353415 0.311637 0.882032
vn -0.26133 -0.360815 0.895276
vn -0.048835 -0.289295 0.955993
vn -0.26133 -0.360815 0.895276
vn -0.062838 -0.93665 0.344583
vn 0.06406 -0.939784 0.335712
vn -0.227521 -0.973771 -0.002089
vn -0.477127 -0.659909 0.580406
vn -0.048835 -0.289295 0.955993
vn -0.477127 -0.659909 0.580406
vn -0.709416 0.148573 0.688952
vn 0.944333 -0.3232 -0.06146
vn 0.991099 -0.113073 0.070269
vn 0.981427 -0.134858 0.136432
vn 0.905189 -0.409171 0.114944
vn 0.691001 -0.706956 0.150767
vn 0.841575 -0.539427 -0.027769
vn 0.944333 -0.3232 -0.06146
vn 0.841575 -0.539427 -0.027769
vn 0.90555 -0.404805 -0.126933
vn 0.936177 -0.328745 -0.124497
vn 0.996339 -0.084213 0.014748
vn 0.991099 -0.113073 0.070269
vn -0.944333 -0.3232 -0.06146
vn -0.936177 -0.328745 -0.124497
vn -0.90555 -0.404805 -0.126933
vn -0.841575 -0.539427 -0.027769
vn -0.691001 -0.706956 0.150767
vn -0.905189 -0.409171 0.114944
vn -0.944333 -0.3232 -0.06146
vn -0.905189 -0.409171 0.114944
vn -0.981427 -0.134858 0.136432
vn -0.991099 -0.113073 0.070269
vn -0.996339 -0.084213 0.014748
vn -0.936177 -0.328745 -0.124497
vn 0.180375 0.465381 0.866536
vn -0.339203 0.912268 0.229583
vn 0.831832 0.534267 0.15038
vn 0.829114 0.077177 0.553726
vn 0.697688 -0.282529 0.658338
vn 0.491811 -0.19646 0.848249
vn 0.180375 0.465381 0.866536
vn 0.491811 -0.19646 0.848249
vn 0.515763 -0.129164 0.846939
vn 0.050988 0.49481 0.867504
vn -0.447179 0.82737 0.339837
vn -0.339203 0.912268 0.229583
vn -0.180375 0.465381 0.866536
vn -0.050988 0.49481 0.867504
vn -0.515763 -0.129164 0.846939
vn -0.491811 -0.19646 0.848249
vn -0.697688 -0.282529 0.658338
vn -0.829114 0.077177 0.553726
vn -0.180375 0.465381 0.866536
vn -0.829114 0.077177 0.553726
vn -0.831832 0.534267 0.15038
vn 0.339203 0.912268 0.229583
vn 0.447179 0.82737 0.339837
vn -0.050988 0.49481 0.867504
vn 0.13938 0.83808 0.527443
vn 0.171777 0.507656 0.844262
vn 0.353415 0.311637 0.882032
vn 0.281174 0.713398 0.641876
vn 0.135796 0.91082 0.389829
vn 0.107723 0.955613 0.274226
vn 0.107723 0.955613 0.274226
vn 0.515469 0.747324 0.419284
vn 0.465068 0.673761 0.574246
vn 0.465068 0.673761 0.574246
vn 0.709416 0.148573 0.688952
vn 0.171777 0.507656 0.844262
vn -0.465068 0.673761 0.574246
vn -0.515469 0.747324 0.419284
vn -0.107723 0.955613 0.274226
vn -0.107723 0.955613 0.274226
vn -0.135796 0.91082 0.389829
vn -0.281174 0.713398 0.641876
vn -0.13938 0.83808 0.527443
vn -0.281174 0.713398 0.641876
vn -0.353415 0.311637 0.882032
vn -0.171777 0.507656 0.844262
vn -0.709416 0.148573 0.688952
vn -0.465068 0.673761 0.574246
vn 0.808398 -0.008196 0.588579
vn 0.754079 -0.044872 0.655249
vn 0.696726 0.1583 0.699653
vn 0.71207 0.236624 0.661034
vn 0.696726 0.1583 0.699653
vn 0.941413 -0.107428 0.319688
vn 0.875772 0.017107 0.482421
vn 0.709416 0.148573 0.688952
vn 0.465068 0.673761 0.574246
vn 0.71207 0.236624 0.661034
vn 0.465068 0.673761 0.574246
vn 0.515469 0.747324 0.419284
vn -0.465068 0.673761 0.574246
vn -0.709416 0.148573 0.688952
vn -0.875772 0.017107 0.482421
vn -0.71207 0.236624 0.661034
vn -0.875772 0.017107 0.482421
vn -0.941413 -0.107428 0.319688
vn -0.696726 0.1583 0.699653
vn -0.754079 -0.044872 0.655249
vn -0.808398 -0.008196 0.588579
vn -0.71207 0.236624 0.661034
vn -0.808398 -0.008196 0.588579
vn -0.515469 0.747324 0.419284
vn 0.616394 0.38843 0.684968
vn 0.581367 0.638325 0.504533
vn 0.926188 0.038834 0.375058
vn 0.904778 0.013866 0.425658
vn 0.941413 -0.107428 0.319688
vn 0.696726 0.1583 0.699653
vn 0.616394 0.38843 0.684968
vn 0.696726 0.1583 0.699653
vn 0.754079 -0.044872 0.655249
vn 0.616394 0.38843 0.684968
vn 0.687884 0.3359 0.643418
vn 0.543788 0.653948 0.525972
vn -0.616394 0.38843 0.684968
vn -0.687884 0.3359 0.643418
vn -0.754079 -0.044872 0.655249
vn -0.696726 0.1583 0.699653
vn -0.941413 -0.107428 0.319688
vn -0.904778 0.013866 0.425658
vn -0.616394 0.38843 0.684968
vn -0.904778 0.013866 0.425658
vn -0.926188 0.038834 0.375058
vn -0.616394 0.38843 0.684968
vn -0.581367 0.638325 0.504533
vn -0.543788 0.653948 0.525973
vn 0.794172 -0.546608 0.265538
vn 0.699176 -0.597486 0.392636
vn 0.75734 -0.492843 0.428418
vn 0.75734 -0.492843 0.428418
vn 0.87951 -0.414014 0.234638
vn 0.908026 -0.406095 0.102843
vn 0.908026 -0.406095 0.102843
vn 0.941413 -0.107428 0.319688
vn 0.904778 0.013866 0.425658
vn 0.861739 -0.448227 0.237692
vn 0.904778 0.013866 0.425658
vn 0.926188 0.038834 0.375058
vn -0.904778 0.013866 0.425658
vn -0.941413 -0.107428 0.319688
vn -0.908026 -0.406095 0.102843
vn -0.908026 -0.406095 0.102843
vn -0.87951 -0.414014 0.234638
vn -0.75734 -0.492843 0.428418
vn -0.75734 -0.492843 0.428418
vn -0.699176 -0.597486 0.392636
vn -0.794172 -0.546608 0.265538
vn -0.861739 -0.448227 0.237692
vn -0.794172 -0.546608 0.265538
vn -0.926188 0.038834 0.375058
vn 0.618647 -0.403652 0.674048
vn 0.697688 -0.282529 0.658338
vn 0.834805 -0.368395 0.409127
vn 0.686874 -0.432847 0.583822
vn 0.834805 -0.368395 0.409127
vn 0.87951 -0.414014 0.234638
vn 0.75734 -0.492843 0.428418
vn 0.699176 -0.597486 0.392636
vn 0.697965 -0.536683 0.474148
vn 0.686874 -0.432847 0.583822
vn 0.697965 -0.536683 0.474148
vn 0.693172 -0.511782 0.507535
vn -0.697965 -0.536683 0.474148
vn -0.699176 -0.597486 0.392636
vn -0.75734 -0.492843 0.428418
vn -0.686874 -0.432847 0.583822
vn -0.75734 -0.492843 0.428418
vn -0.87951 -0.414014 0.234638
vn -0.834805 -0.368395 0.409127
vn -0.697688 -0.282529 0.658338
vn -0.618647 -0.403652 0.674048
vn -0.686874 -0.432847 0.583822
vn -0.618647 -0.403652 0.674048
vn -0.693172 -0.511782 0.507535
vn 0.599174 -0.410069 0.687629
vn 0.656669 -0.404369 0.636609
vn 0.515763 -0.129164 0.846939
vn 0.599174 -0.410069 0.687629
vn 0.491811 -0.19646 0.848249
vn 0.697688 -0.282529 0.658338
vn 0.618647 -0.403652 0.674048
vn 0.693172 -0.511782 0.507535
vn 0.69441 -0.520938 0.496405
vn 0.69441 -0.520938 0.496405
vn 0.700983 -0.531977 0.474998
vn 0.656669 -0.404369 0.636609
vn -0.69441 -0.520938 0.496405
vn -0.693172 -0.511782 0.507535
vn -0.618647 -0.403652 0.674048
vn -0.599174 -0.410069 0.687629
vn -0.618647 -0.403652 0.674048
vn -0.697688 -0.282529 0.658338
vn -0.599174 -0.410069 0.687629
vn -0.491811 -0.19646 0.848249
vn -0.515763 -0.129164 0.846939
vn -0.656669 -0.404369 0.636609
vn -0.700983 -0.531977 0.474998
vn -0.69441 -0.520938 0.496405
vn 0.968334 -0.195183 0.15567
vn 0.99395 0.10589 -0.029157
vn 0.996339 -0.084213 0.014748
vn 0.944407 -0.328374 0.016287
vn 0.87951 -0.414014 0.234638
vn 0.834805 -0.368395 0.409127
vn 0.968334 -0.195183 0.15567
vn 0.834805 -0.368395 0.409127
vn 0.697688 -0.282529 0.658338
vn 0.829114 0.077177 0.553726
vn 0.831832 0.534267 0.15038
vn 0.99395 0.10589 -0.029157
vn -0.968334 -0.195183 0.15567
vn -0.829114 0.077177 0.553726
vn -0.697688 -0.282529 0.658338
vn -0.834805 -0.368395 0.409127
vn -0.87951 -0.414014 0.234638
vn -0.944407 -0.328374 0.016287
vn -0.968334 -0.195183 0.15567
vn -0.944407 -0.328374 0.016287
vn -0.996339 -0.084213 0.014748
vn -0.99395 0.10589 -0.029157
vn -0.831832 0.534267 0.15038
vn -0.829114 0.077177 0.553726
vn 0.944407 -0.328374 0.016287
vn 0.996339 -0.084213 0.014748
vn 0.936177 -0.328745 -0.124497
vn 0.915501 -0.393689 -0.082869
vn 0.936177 -0.328745 -0.124497
vn 0.90555 -0.404805 -0.126933
vn 0.944423 -0.325366 -0.046925
vn 0.941413 -0.107428 0.319688
vn 0.908026 -0.406095 0.102843
vn 0.915501 -0.393689 -0.082869
vn 0.908026 -0.406095 0.102843
vn 0.87951 -0.414014 0.234638
vn -0.908026 -0.406095 0.102843
vn -0.941413 -0.107428 0.319688
vn -0.944423 -0.325366 -0.046925
vn -0.915501 -0.393689 -0.082869
vn -0.944423 -0.325366 -0.046925
vn -0.90555 -0.404805 -0.126933
vn -0.936177 -0.328745 -0.124497
vn -0.996339 -0.084213 0.014748
vn -0.944407 -0.328374 0.016287
vn -0.915501 -0.393689 -0.082869
vn -0.944407 -0.328374 0.016287
vn -0.87951 -0.414014 0.234638
vn 0.964029 -0.226871 0.138483
vn 0.944423 -0.325366 -0.046925
vn 0.90555 -0.404805 -0.126933
vn 0.964029 -0.226871 0.138483
vn 0.897269 -0.429202 0.103411
vn 0.709416 0.148573 0.688952
vn 0.875772 0.017107 0.482421
vn 0.941413 -0.107428 0.319688
vn 0.944423 -0.325366 -0.046925
vn -0.944423 -0.325366 -0.046925
vn -0.941413 -0.107428 0.319688
vn -0.875772 0.017107 0.482421
vn -0.964029 -0.226871 0.138483
vn -0.875772 0.017107 0.482421
vn -0.709416 0.148573 0.688952
vn -0.964029 -0.226871 0.138483
vn -0.897269 -0.429202 0.103411
vn -0.90555 -0.404805 -0.126933
vn 0.708557 -0.55049 0.441483
vn 0.690454 -0.546899 0.473471
vn 0.700983 -0.531977 0.474998
vn 0.69441 -0.520938 0.496405
vn 0.693172 -0.511782 0.507535
vn 0.717023 -0.555324 0.4213
vn 0.708557 -0.55049 0.441483
vn 0.717023 -0.555324 0.4213
vn 0.582856 -0.376573 0.72005
vn 0.612439 -0.347556 0.710016
vn 0.627282 -0.287179 0.72391
vn 0.690454 -0.546899 0.473471
vn -0.708557 -0.55049 0.441483
vn -0.612439 -0.347556 0.710016
vn -0.582856 -0.376573 0.72005
vn -0.717023 -0.555324 0.4213
vn -0.693172 -0.511782 0.507535
vn -0.69441 -0.520938 0.496405
vn -0.708557 -0.55049 0.441483
vn -0.69441 -0.520938 0.496405
vn -0.700983 -0.531977 0.474998
vn -0.690454 -0.546899 0.473471
vn -0.627282 -0.287179 0.72391
vn -0.612439 -0.347556 0.710016
vn 0.717023 -0.555324 0.4213
vn 0.693172 -0.511782 0.507535
vn 0.697965 -0.536683 0.474148
vn 0.705592 -0.573292 0.416505
vn 0.697965 -0.536683 0.474148
vn 0.699176 -0.597486 0.392636
vn 0.677779 -0.613005 0.406006
vn 0.474239 -0.403522 0.782475
vn 0.526207 -0.402196 0.749229
vn 0.705592 -0.573292 0.416505
vn 0.526207 -0.402196 0.749229
vn 0.582856 -0.376573 0.72005
vn -0.526207 -0.402196 0.749229
vn -0.474239 -0.403522 0.782475
vn -0.677779 -0.613005 0.406006
vn -0.705592 -0.573292 0.416505
vn -0.677779 -0.613005 0.406006
vn -0.699176 -0.597486 0.392636
vn -0.697965 -0.536683 0.474148
vn -0.693172 -0.511782 0.507535
vn -0.717023 -0.555324 0.4213
vn -0.705592 -0.573292 0.416505
vn -0.717023 -0.555324 0.4213
vn -0.582856 -0.376573 0.72005
vn 0.731283 -0.572053 0.371457
vn 0.677779 -0.613005 0.406006
vn 0.699176 -0.597486 0.392636
vn 0.794172 -0.546608 0.265538
vn 0.926188 0.038834 0.375058
vn 0.866452 0.050616 0.496689
vn 0.731283 -0.572053 0.371457
vn 0.866452 0.050616 0.496689
vn 0.630954 -0.061491 0.77338
vn 0.506352 -0.346496 0.789651
vn 0.474239 -0.403522 0.782475
vn 0.677779 -0.613005 0.406006
vn -0.731283 -0.572053 0.371457
vn -0.506352 -0.346496 0.789651
vn -0.630954 -0.061491 0.77338
vn -0.866452 0.050616 0.496689
vn -0.926188 0.038834 0.375058
vn -0.794172 -0.546608 0.265538
vn -0.731283 -0.572053 0.371457
vn -0.794172 -0.546608 0.265538
vn -0.699176 -0.597486 0.392636
vn -0.677779 -0.613005 0.406006
vn -0.474239 -0.403522 0.782475
vn -0.506352 -0.346496 0.789651
vn 0.866452 0.050616 0.496689
vn 0.926188 0.038834 0.375058
vn 0.581367 0.638325 0.504533
vn 0.561644 0.681489 0.469178
vn 0.581367 0.638325 0.504533
vn 0.543788 0.653948 0.525972
vn 0.584029 0.667309 0.462179
vn 0.429326 0.392187 0.813553
vn 0.450838 0.388168 0.803785
vn 0.561644 0.681489 0.469178
vn 0.450838 0.388168 0.803785
vn 0.630954 -0.061491 0.77338
vn -0.450838 0.388168 0.803785
vn -0.429326 0.392187 0.813553
vn -0.584029 0.667309 0.462179
vn -0.561644 0.681489 0.469178
vn -0.584029 0.667309 0.462179
vn -0.543788 0.653948 0.525973
vn -0.581367 0.638325 0.504533
vn -0.926188 0.038834 0.375058
vn -0.866452 0.050616 0.496689
vn -0.561644 0.681489 0.469178
vn -0.866452 0.050616 0.496689
vn -0.630954 -0.061491 0.77338
vn 0.584029 0.667309 0.462179
vn 0.543788 0.653948 0.525972
vn 0.687884 0.3359 0.643418
vn 0.799635 0.296946 0.521925
vn 0.687884 0.3359 0.643418
vn 0.754079 -0.044872 0.655249
vn 0.799635 0.296946 0.521925
vn 0.829576 -0.157303 0.53578
vn 0.415083 0.121261 0.901666
vn 0.799635 0.296946 0.521925
vn 0.51116 0.221969 0.830329
vn 0.429326 0.392187 0.813553
vn -0.799635 0.296946 0.521925
vn -0.51116 0.221969 0.830329
vn -0.415083 0.121261 0.901666
vn -0.799635 0.296946 0.521925
vn -0.829576 -0.157303 0.53578
vn -0.754079 -0.044872 0.655249
vn -0.687884 0.3359 0.643418
vn -0.543788 0.653948 0.525973
vn -0.584029 0.667309 0.462179
vn -0.799635 0.296946 0.521925
vn -0.584029 0.667309 0.462179
vn -0.429326 0.392187 0.813553
vn 0.796216 -0.056373 0.60238
vn 0.829576 -0.157303 0.53578
vn 0.754079 -0.044872 0.655249
vn 0.808398 -0.008196 0.588579
vn 0.515469 0.747324 0.419284
vn 0.567895 0.651725 0.502742
vn 0.796216 -0.056373 0.60238
vn 0.567895 0.651725 0.502742
vn 0.208428 0.747987 0.630138
vn 0.395947 0.29437 0.869812
vn 0.415083 0.121261 0.901666
vn 0.829576 -0.157303 0.53578
vn -0.796216 -0.056373 0.60238
vn -0.395947 0.29437 0.869812
vn -0.208428 0.747987 0.630138
vn -0.567895 0.651725 0.502742
vn -0.515469 0.747324 0.419284
vn -0.808398 -0.008196 0.588579
vn -0.796216 -0.056373 0.60238
vn -0.808398 -0.008196 0.588579
vn -0.754079 -0.044872 0.655249
vn -0.829576 -0.157303 0.53578
vn -0.415083 0.121261 0.901666
vn -0.395947 0.29437 0.869812
vn 0.028852 0.972868 0.229553
vn 0.567895 0.651725 0.502742
vn 0.515469 0.747324 0.419284
vn 0.028852 0.972868 0.229553
vn 0.107723 0.955613 0.274226
vn 0.135796 0.91082 0.389829
vn 0.037302 0.950287 0.309132
vn 0.105406 0.792654 0.600491
vn -0.118247 0.875372 0.468766
vn -0.118247 0.875372 0.468766
vn 0.208428 0.747987 0.630138
vn 0.567895 0.651725 0.502742
vn 0.118247 0.875372 0.468766
vn -0.105406 0.792654 0.600491
vn -0.037302 0.950287 0.309132
vn -0.028852 0.972868 0.229553
vn -0.037302 0.950287 0.309132
vn -0.135796 0.91082 0.389829
vn -0.028852 0.972868 0.229553
vn -0.107723 0.955613 0.274226
vn -0.515469 0.747324 0.419284
vn -0.567895 0.651725 0.502742
vn -0.208428 0.747987 0.630138
vn 0.118247 0.875372 0.468766
vn 0.6363 -0.563613 0.526747
vn 0.521621 -0.629898 0.575448
vn 0.529252 -0.655091 0.53921
vn 0.649134 -0.579819 0.492377
vn 0.700983 -0.531977 0.474998
vn 0.690454 -0.546899 0.473471
vn 0.6363 -0.563613 0.526747
vn 0.690454 -0.546899 0.473471
vn 0.627282 -0.287179 0.72391
vn 0.59203 -0.20487 0.779441
vn 0.515345 -0.16686 0.840582
vn 0.521621 -0.629898 0.575448
vn -0.6363 -0.563613 0.526747
vn -0.59203 -0.20487 0.779441
vn -0.627282 -0.287179 0.72391
vn -0.690454 -0.546899 0.473471
vn -0.700983 -0.531977 0.474998
vn -0.649134 -0.579819 0.492377
vn -0.6363 -0.563613 0.526747
vn -0.649134 -0.579819 0.492377
vn -0.529252 -0.655091 0.539211
vn -0.521621 -0.629898 0.575448
vn -0.515345 -0.16686 0.840582
vn -0.59203 -0.20487 0.779441
vn 0.308156 -0.754839 0.579015
vn -0.183738 -0.740157 0.646844
vn -0.095043 -0.749893 0.654696
vn 0.344937 -0.716068 0.606848
vn 0.529252 -0.655091 0.53921
vn 0.521621 -0.629898 0.575448
vn 0.308156 -0.754839 0.579015
vn 0.521621 -0.629898 0.575448
vn 0.515345 -0.16686 0.840582
vn 0.397559 -0.26875 0.877337
vn 0.218181 -0.18833 0.957564
vn -0.183738 -0.740157 0.646844
vn -0.308156 -0.754839 0.579015
vn -0.397559 -0.26875 0.877337
vn -0.515345 -0.16686 0.840582
vn -0.521621 -0.629898 0.575448
vn -0.529252 -0.655091 0.539211
vn -0.344937 -0.716068 0.606848
vn -0.308156 -0.754839 0.579015
vn -0.344937 -0.716068 0.606848
vn 0.095043 -0.749893 0.654696
vn 0.183738 -0.740157 0.646844
vn -0.218181 -0.18833 0.957564
vn -0.397559 -0.26875 0.877337
vn -0.681662 -0.463545 0.566094
vn -0.899846 -0.071092 0.430375
vn -0.991198 -0.076895 0.107768
vn -0.738897 -0.526792 0.420144
vn -0.095043 -0.749893 0.654696
vn -0.183738 -0.740157 0.646844
vn -0.681662 -0.463545 0.566094
vn -0.183738 -0.740157 0.646844
vn 0.218181 -0.18833 0.957564
vn 0.057565 -0.065642 0.996181
vn -0.013244 0.012653 0.999832
vn -0.899846 -0.071092 0.430375
vn 0.681662 -0.463545 0.566094
vn -0.057566 -0.065642 0.996181
vn -0.218181 -0.18833 0.957564
vn 0.183738 -0.740157 0.646844
vn 0.095043 -0.749893 0.654696
vn 0.738897 -0.526792 0.420144
vn 0.681662 -0.463545 0.566094
vn 0.738897 -0.526792 0.420144
vn 0.991198 -0.076895 0.107768
vn 0.899846 -0.071092 0.430375
vn 0.013244 0.012653 0.999832
vn -0.057566 -0.065642 0.996181
vn -0.625829 0.616105 0.478281
vn -0.778425 0.627596 0.013307
vn -0.95286 0.302187 -0.027229
vn -0.95286 0.302187 -0.027229
vn -0.991198 -0.076895 0.107768
vn -0.899846 -0.071092 0.430375
vn -0.844788 0.305628 0.439233
vn -0.899846 -0.071092 0.430375
vn -0.013244 0.012653 0.999832
vn 0.076518 0.058781 0.995334
vn 0.168241 0.122983 0.978044
vn -0.625829 0.616105 0.478281
vn 0.844788 0.305628 0.439233
vn -0.076518 0.058781 0.995334
vn 0.013244 0.012653 0.999832
vn 0.899846 -0.071092 0.430375
vn 0.991198 -0.076895 0.107768
vn 0.95286 0.302187 -0.027229
vn 0.95286 0.302187 -0.027229
vn 0.778425 0.627596 0.013307
vn 0.625829 0.616105 0.478281
vn 0.625829 0.616105 0.478281
vn -0.168241 0.122983 0.978044
vn -0.076518 0.058781 0.995334
vn -0.036283 0.903638 0.426757
vn -0.155473 0.950568 0.268791
vn -0.489425 0.859022 0.150147
vn -0.328968 0.821008 0.466612
vn -0.489425 0.859022 0.150147
vn -0.778425 0.627596 0.013307
vn -0.625829 0.616105 0.478281
vn 0.168241 0.122983 0.978044
vn 0.254584 0.249924 0.934198
vn -0.328968 0.821008 0.466612
vn 0.254584 0.249924 0.934198
vn 0.37576 0.393397 0.839073
vn -0.254584 0.249924 0.934198
vn -0.168241 0.122983 0.978044
vn 0.625829 0.616105 0.478281
vn 0.328968 0.821008 0.466612
vn 0.625829 0.616105 0.478281
vn 0.778425 0.627596 0.013307
vn 0.489425 0.859022 0.150147
vn 0.155473 0.950568 0.268791
vn 0.036283 0.903638 0.426756
vn 0.328968 0.821008 0.466612
vn 0.036283 0.903638 0.426756
vn -0.37576 0.393397 0.839073
vn 0.037302 0.950287 0.309132
vn 0.135796 0.91082 0.389829
vn 0.130542 0.918085 0.374271
vn 0.121139 0.915526 0.383584
vn 0.130542 0.918085 0.374271
vn -0.155473 0.950568 0.268791
vn -0.036283 0.903638 0.426757
vn 0.37576 0.393397 0.839073
vn 0.426359 0.539301 0.726204
vn 0.121139 0.915526 0.383584
vn 0.426359 0.539301 0.726204
vn 0.105406 0.792654 0.600491
vn -0.426359 0.539301 0.726204
vn -0.37576 0.393397 0.839073
vn 0.036283 0.903638 0.426756
vn -0.121139 0.915526 0.383584
vn 0.036283 0.903638 0.426756
vn 0.155473 0.950568 0.268791
vn -0.130542 0.918085 0.374271
vn -0.135796 0.91082 0.389829
vn -0.037302 0.950287 0.309132
vn -0.121139 0.915526 0.383584
vn -0.037302 0.950287 0.309132
vn -0.105406 0.792654 0.600491
vn 0.185398 0.081885 0.979246
vn 0.429326 0.392187 0.813553
vn 0.51116 0.221969 0.830329
vn 0.51116 0.221969 0.830329
vn 0.415083 0.121261 0.901666
vn 0.079982 0.286664 0.954687
vn 0.195258 0.116942 0.973755
vn 0.079982 0.286664 0.954687
vn 0.259195 0.218243 0.940844
vn 0.195258 0.116942 0.973755
vn 0.227542 0.090344 0.969568
vn 0.200184 0.009952 0.979708
vn -0.195258 0.116942 0.973755
vn -0.227542 0.090344 0.969568
vn -0.259195 0.218243 0.940844
vn -0.079982 0.286664 0.954687
vn -0.415083 0.121261 0.901666
vn -0.51116 0.221969 0.830329
vn -0.51116 0.221969 0.830329
vn -0.429326 0.392187 0.813553
vn -0.185398 0.081885 0.979246
vn -0.195258 0.116942 0.973755
vn -0.185398 0.081885 0.979246
vn -0.200184 0.009952 0.979708
vn 0.293007 -0.000223 0.95611
vn 0.200184 0.009952 0.979708
vn 0.227542 0.090344 0.969568
vn 0.227542 0.090344 0.969568
vn 0.259195 0.218243 0.940844
vn 0.421493 0.067396 0.904324
vn 0.337742 0.033661 0.940637
vn 0.421493 0.067396 0.904324
vn 0.449026 -0.056123 0.891754
vn 0.337742 0.033661 0.940637
vn 0.380478 -0.019809 0.924578
vn 0.351957 -0.01031 0.93596
vn -0.337742 0.033661 0.940637
vn -0.380478 -0.019809 0.924578
vn -0.449026 -0.056123 0.891754
vn -0.421493 0.067396 0.904324
vn -0.259195 0.218243 0.940844
vn -0.227542 0.090344 0.969568
vn -0.227542 0.090344 0.969568
vn -0.200184 0.009952 0.979708
vn -0.293007 -0.000223 0.95611
vn -0.337742 0.033661 0.940637
vn -0.293007 -0.000223 0.95611
vn -0.351957 -0.01031 0.93596
vn 0.361391 -0.03302 0.93183
vn 0.363964 -0.00246 0.93141
vn 0.351957 -0.01031 0.93596
vn 0.380478 -0.019809 0.924578
vn 0.449026 -0.056123 0.891754
vn 0.418775 -0.110911 0.901291
vn 0.418775 -0.110911 0.901291
vn 0.373844 -0.166566 0.912412
vn 0.301182 -0.039669 0.952741
vn 0.361391 -0.03302 0.93183
vn 0.301182 -0.039669 0.952741
vn 0.324108 0.041604 0.945105
vn -0.301182 -0.039669 0.952741
vn -0.373844 -0.166566 0.912412
vn -0.418775 -0.110911 0.901291
vn -0.418775 -0.110911 0.901291
vn -0.449026 -0.056123 0.891754
vn -0.380478 -0.019809 0.924578
vn -0.361391 -0.03302 0.93183
vn -0.380478 -0.019809 0.924578
vn -0.351957 -0.01031 0.93596
vn -0.361391 -0.03302 0.93183
vn -0.363964 -0.00246 0.93141
vn -0.324108 0.041604 0.945105
vn 0.290712 0.167819 0.941978
vn 0.324108 0.041604 0.945105
vn 0.301182 -0.039669 0.952741
vn 0.304021 0.014407 0.952556
vn 0.301182 -0.039669 0.952741
vn 0.373844 -0.166566 0.912412
vn 0.410691 -0.140877 0.900826
vn 0.50373 -0.020985 0.863606
vn 0.433504 0.129943 0.891734
vn 0.304021 0.014407 0.952556
vn 0.433504 0.129943 0.891734
vn 0.35762 0.310007 0.88091
vn -0.433504 0.129943 0.891734
vn -0.50373 -0.020985 0.863606
vn -0.410691 -0.140877 0.900826
vn -0.304021 0.014407 0.952556
vn -0.410691 -0.140877 0.900826
vn -0.373844 -0.166566 0.912412
vn -0.301182 -0.039669 0.952741
vn -0.324108 0.041604 0.945105
vn -0.290712 0.167819 0.941978
vn -0.304021 0.014407 0.952556
vn -0.290712 0.167819 0.941978
vn -0.35762 0.310007 0.88091
vn 0.403584 0.17137 0.89875
vn 0.36527 0.331084 0.870035
vn 0.515345 -0.16686 0.840582
vn 0.59203 -0.20487 0.779441
vn 0.627282 -0.287179 0.72391
vn 0.451899 0.007459 0.892038
vn 0.403584 0.17137 0.89875
vn 0.451899 0.007459 0.892038
vn 0.324108 0.041604 0.945105
vn 0.290712 0.167819 0.941978
vn 0.35762 0.310007 0.88091
vn 0.36527 0.331084 0.870035
vn -0.403584 0.17137 0.898751
vn -0.290712 0.167819 0.941978
vn -0.324108 0.041604 0.945105
vn -0.451899 0.007459 0.892038
vn -0.627282 -0.287179 0.72391
vn -0.59203 -0.20487 0.779441
vn -0.403584 0.17137 0.898751
vn -0.59203 -0.20487 0.779441
vn -0.515345 -0.16686 0.840582
vn -0.36527 0.331084 0.870035
vn -0.35762 0.310007 0.88091
vn -0.290712 0.167819 0.941978
vn 0.612439 -0.347556 0.710016
vn 0.582856 -0.376573 0.72005
vn 0.391764 -0.107671 0.913744
vn 0.44127 -0.077951 0.893982
vn 0.391764 -0.107671 0.913744
vn 0.351957 -0.01031 0.93596
vn 0.363964 -0.00246 0.93141
vn 0.324108 0.041604 0.945105
vn 0.451899 0.007459 0.892038
vn 0.44127 -0.077951 0.893982
vn 0.451899 0.007459 0.892038
vn 0.627282 -0.287179 0.72391
vn -0.451899 0.007459 0.892038
vn -0.324108 0.041604 0.945105
vn -0.363964 -0.00246 0.93141
vn -0.44127 -0.077951 0.893982
vn -0.363964 -0.00246 0.93141
vn -0.351957 -0.01031 0.93596
vn -0.391764 -0.107671 0.913744
vn -0.582856 -0.376573 0.72005
vn -0.612439 -0.347556 0.710016
vn -0.44127 -0.077951 0.893982
vn -0.612439 -0.347556 0.710016
vn -0.627282 -0.287179 0.72391
vn 0.300406 -0.112841 0.947113
vn 0.391764 -0.107671 0.913744
vn 0.582856 -0.376573 0.72005
vn 0.300406 -0.112841 0.947113
vn 0.526207 -0.402196 0.749229
vn 0.474239 -0.403522 0.782475
vn 0.300406 -0.112841 0.947113
vn 0.211283 -0.088269 0.973431
vn 0.200184 0.009952 0.979708
vn 0.293007 -0.000223 0.95611
vn 0.351957 -0.01031 0.93596
vn 0.391764 -0.107671 0.913744
vn -0.300406 -0.112841 0.947113
vn -0.293007 -0.000223 0.95611
vn -0.200184 0.009952 0.979708
vn -0.300406 -0.112841 0.947113
vn -0.211283 -0.088269 0.973431
vn -0.474239 -0.403522 0.782475
vn -0.300406 -0.112841 0.947113
vn -0.526207 -0.402196 0.749229
vn -0.582856 -0.376573 0.72005
vn -0.391764 -0.107671 0.913744
vn -0.351957 -0.01031 0.93596
vn -0.293007 -0.000223 0.95611
vn 0.192434 -0.012158 0.981234
vn 0.450838 0.388168 0.803785
vn 0.429326 0.392187 0.813553
vn 0.185398 0.081885 0.979246
vn 0.200184 0.009952 0.979708
vn 0.211283 -0.088269 0.973431
vn 0.192434 -0.012158 0.981234
vn 0.211283 -0.088269 0.973431
vn 0.474239 -0.403522 0.782475
vn 0.506352 -0.346496 0.789651
vn 0.630954 -0.061491 0.77338
vn 0.450838 0.388168 0.803785
vn -0.192434 -0.012158 0.981234
vn -0.506352 -0.346496 0.789651
vn -0.474239 -0.403522 0.782475
vn -0.211283 -0.088269 0.973431
vn -0.200184 0.009952 0.979708
vn -0.185398 0.081885 0.979246
vn -0.192434 -0.012158 0.981234
vn -0.185398 0.081885 0.979246
vn -0.429326 0.392187 0.813553
vn -0.450838 0.388168 0.803785
vn -0.630954 -0.061491 0.77338
vn -0.506352 -0.346496 0.789651
vn 0.395947 0.29437 0.869812
vn 0.208428 0.747987 0.630138
vn -0.118247 0.875372 0.468766
vn -0.085234 0.553132 0.828722
vn -0.118247 0.875372 0.468766
vn 0.105406 0.792654 0.600491
vn 0.231729 0.41976 0.877556
vn 0.259195 0.218243 0.940844
vn 0.079982 0.286664 0.954687
vn -0.085234 0.553132 0.828722
vn 0.079982 0.286664 0.954687
vn 0.415083 0.121261 0.901666
vn -0.079982 0.286664 0.954687
vn -0.259195 0.218243 0.940844
vn -0.231729 0.41976 0.877556
vn 0.085234 0.553132 0.828722
vn -0.231729 0.41976 0.877556
vn -0.105406 0.792654 0.600491
vn 0.118247 0.875372 0.468766
vn -0.208428 0.747987 0.630138
vn -0.395947 0.29437 0.869812
vn 0.085234 0.553132 0.828722
vn -0.395947 0.29437 0.869812
vn -0.415083 0.121261 0.901666
vn 0.511538 0.13571 0.848476
vn 0.426359 0.539301 0.726204
vn 0.37576 0.393397 0.839073
vn 0.509286 -0.034565 0.859903
vn 0.449026 -0.056123 0.891754
vn 0.421493 0.067396 0.904324
vn 0.511538 0.13571 0.848476
vn 0.421493 0.067396 0.904324
vn 0.259195 0.218243 0.940844
vn 0.231729 0.41976 0.877556
vn 0.105406 0.792654 0.600491
vn 0.426359 0.539301 0.726204
vn -0.511538 0.13571 0.848476
vn -0.231729 0.41976 0.877556
vn -0.259195 0.218243 0.940844
vn -0.421493 0.067396 0.904324
vn -0.449026 -0.056123 0.891754
vn -0.509286 -0.034565 0.859903
vn -0.511538 0.13571 0.848476
vn -0.509286 -0.034565 0.859903
vn -0.37576 0.393397 0.839073
vn -0.426359 0.539301 0.726204
vn -0.105406 0.792654 0.600491
vn -0.231729 0.41976 0.877556
vn 0.254584 0.249924 0.934198
vn 0.168241 0.122983 0.978044
vn 0.438417 -0.177566 0.881056
vn 0.453847 -0.123227 0.882518
vn 0.438417 -0.177566 0.881056
vn 0.373844 -0.166566 0.912412
vn 0.418775 -0.110911 0.901291
vn 0.449026 -0.056123 0.891754
vn 0.509286 -0.034565 0.859903
vn 0.453847 -0.123227 0.882518
vn 0.509286 -0.034565 0.859903
vn 0.37576 0.393397 0.839073
vn -0.509286 -0.034565 0.859903
vn -0.449026 -0.056123 0.891754
vn -0.418775 -0.110911 0.901291
vn -0.453847 -0.123227 0.882518
vn -0.418775 -0.110911 0.901291
vn -0.373844 -0.166566 0.912412
vn -0.438417 -0.177566 0.881057
vn -0.168241 0.122983 0.978044
vn -0.254584 0.249924 0.934198
vn -0.453847 -0.123227 0.882518
vn -0.254584 0.249924 0.934198
vn -0.37576 0.393397 0.839073
vn 0.076518 0.058781 0.995334
vn -0.013244 0.012653 0.999832
vn 0.518288 0.016196 0.855053
vn 0.48504 -0.14255 0.862795
vn 0.518288 0.016196 0.855053
vn 0.50373 -0.020985 0.863606
vn 0.410691 -0.140877 0.900826
vn 0.373844 -0.166566 0.912412
vn 0.438417 -0.177566 0.881056
vn 0.48504 -0.14255 0.862795
vn 0.438417 -0.177566 0.881056
vn 0.168241 0.122983 0.978044
vn -0.438417 -0.177566 0.881057
vn -0.373844 -0.166566 0.912412
vn -0.410691 -0.140877 0.900826
vn -0.48504 -0.14255 0.862795
vn -0.410691 -0.140877 0.900826
vn -0.50373 -0.020985 0.863606
vn -0.518288 0.016196 0.855053
vn 0.013244 0.012653 0.999832
vn -0.076518 0.058781 0.995334
vn -0.48504 -0.14255 0.862795
vn -0.076518 0.058781 0.995334
vn -0.168241 0.122983 0.978044
vn 0.493673 0.200925 0.846118
vn 0.057565 -0.065642 0.996181
vn 0.218181 -0.18833 0.957564
vn 0.426104 0.324048 0.844647
vn 0.35762 0.310007 0.88091
vn 0.433504 0.129943 0.891734
vn 0.493673 0.200925 0.846118
vn 0.433504 0.129943 0.891734
vn 0.50373 -0.020985 0.863606
vn 0.518288 0.016196 0.855053
vn -0.013244 0.012653 0.999832
vn 0.057565 -0.065642 0.996181
vn -0.493673 0.200925 0.846118
vn -0.518288 0.016196 0.855053
vn -0.50373 -0.020985 0.863606
vn -0.433504 0.129943 0.891734
vn -0.35762 0.310007 0.88091
vn -0.426104 0.324048 0.844647
vn -0.493673 0.200925 0.846118
vn -0.426104 0.324048 0.844647
vn -0.218181 -0.18833 0.957564
vn -0.057566 -0.065642 0.996181
vn 0.013244 0.012653 0.999832
vn -0.518288 0.016196 0.855053
vn 0.384028 0.347739 0.855337
vn 0.397559 -0.26875 0.877337
vn 0.515345 -0.16686 0.840582
vn 0.384028 0.347739 0.855337
vn 0.36527 0.331084 0.870035
vn 0.35762 0.310007 0.88091
vn 0.426104 0.324048 0.844647
vn 0.218181 -0.18833 0.957564
vn 0.397559 -0.26875 0.877337
vn -0.397559 -0.26875 0.877337
vn -0.218181 -0.18833 0.957564
vn -0.426104 0.324048 0.844647
vn -0.384028 0.347739 0.855337
vn -0.426104 0.324048 0.844647
vn -0.35762 0.310007 0.88091
vn -0.384028 0.347739 0.855337
vn -0.36527 0.331084 0.870035
vn -0.515345 -0.16686 0.840582
vn -0.027167 -0.9377 -0.346383
vn 0.13778 -0.906218 -0.399733
vn 0.476736 -0.827923 0.29541
vn 0.319545 -0.905309 0.279834
vn 0.062838 -0.93665 0.344583
vn -0.120947 -0.94618 -0.300191
vn -0.027167 -0.9377 -0.346383
vn -0.120947 -0.94618 -0.300191
vn -0.192549 -0.535355 -0.822387
vn -0.345111 -0.436241 -0.831019
vn -0.223752 -0.411411 -0.883559
vn 0.13778 -0.906218 -0.399733
vn 0.027167 -0.9377 -0.346383
vn 0.345111 -0.436241 -0.831019
vn 0.192549 -0.535355 -0.822387
vn 0.120947 -0.94618 -0.300191
vn -0.062838 -0.93665 0.344583
vn -0.319545 -0.905309 0.279834
vn 0.027167 -0.9377 -0.346383
vn -0.319545 -0.905309 0.279834
vn -0.476736 -0.827923 0.29541
vn -0.13778 -0.906218 -0.399733
vn 0.223752 -0.411411 -0.883559
vn 0.345111 -0.436241 -0.831019
vn 0.428068 -0.831286 -0.354572
vn 0.736456 -0.652699 -0.177811
vn 0.696375 -0.440654 0.566468
vn 0.614828 -0.674117 0.409332
vn 0.476736 -0.827923 0.29541
vn 0.13778 -0.906218 -0.399733
vn 0.428068 -0.831286 -0.354572
vn 0.13778 -0.906218 -0.399733
vn -0.223752 -0.411411 -0.883559
vn 0.03479 -0.402883 -0.91459
vn 0.424179 -0.373058 -0.825167
vn 0.736456 -0.652699 -0.177811
vn -0.428068 -0.831286 -0.354572
vn -0.03479 -0.402883 -0.91459
vn 0.223752 -0.411411 -0.883559
vn -0.13778 -0.906218 -0.399733
vn -0.476736 -0.827923 0.29541
vn -0.614828 -0.674117 0.409332
vn -0.428068 -0.831286 -0.354572
vn -0.614828 -0.674117 0.409332
vn -0.696375 -0.440654 0.566468
vn -0.736456 -0.652699 -0.177811
vn -0.424179 -0.373058 -0.825167
vn -0.03479 -0.402883 -0.91459
vn 0.98961 0.119982 0.079225
vn 0.755063 0.101654 0.647724
vn 0.722325 -0.191054 0.664639
vn 0.722325 -0.191054 0.664639
vn 0.696375 -0.440654 0.566468
vn 0.736456 -0.652699 -0.177811
vn 0.944773 -0.301562 0.128317
vn 0.736456 -0.652699 -0.177811
vn 0.424179 -0.373058 -0.825167
vn 0.944773 -0.301562 0.128317
vn 0.801741 -0.179441 -0.570098
vn 0.91318 0.079298 -0.399767
vn -0.944773 -0.301561 0.128317
vn -0.801741 -0.179441 -0.570098
vn -0.424179 -0.373058 -0.825167
vn -0.736456 -0.652699 -0.177811
vn -0.696375 -0.440654 0.566468
vn -0.722325 -0.191054 0.664639
vn -0.722325 -0.191054 0.664639
vn -0.755063 0.101654 0.647724
vn -0.98961 0.119982 0.079225
vn -0.944773 -0.301561 0.128317
vn -0.98961 0.119982 0.079225
vn -0.91318 0.079298 -0.399767
vn 0.300494 0.845373 -0.441642
vn 0.444487 0.829371 0.33849
vn 0.71874 0.474639 0.508066
vn 0.794625 0.586129 -0.158192
vn 0.71874 0.474639 0.508066
vn 0.755063 0.101654 0.647724
vn 0.98961 0.119982 0.079225
vn 0.91318 0.079298 -0.399767
vn 0.625571 0.343825 -0.700318
vn 0.794625 0.586129 -0.158192
vn 0.625571 0.343825 -0.700318
vn 0.104027 0.407784 -0.907133
vn -0.625571 0.343824 -0.700318
vn -0.91318 0.079298 -0.399767
vn -0.98961 0.119982 0.079225
vn -0.794625 0.586129 -0.158192
vn -0.98961 0.119982 0.079225
vn -0.755063 0.101654 0.647724
vn -0.71874 0.474639 0.508066
vn -0.444487 0.829371 0.33849
vn -0.300494 0.845373 -0.441642
vn -0.794625 0.586129 -0.158192
vn -0.300494 0.845373 -0.441642
vn -0.104027 0.407784 -0.907133
vn -0.407334 0.807788 -0.426096
vn -0.129807 0.960758 0.245142
vn 0.092616 0.957335 0.273737
vn -0.186647 0.858424 -0.477777
vn 0.092616 0.957335 0.273737
vn 0.444487 0.829371 0.33849
vn 0.300494 0.845373 -0.441642
vn 0.104027 0.407784 -0.907133
vn -0.278371 0.3333 -0.900789
vn -0.186647 0.858424 -0.477777
vn -0.278371 0.3333 -0.900789
vn -0.438169 0.317087 -0.841108
vn 0.278371 0.3333 -0.900789
vn -0.104027 0.407784 -0.907133
vn -0.300494 0.845373 -0.441642
vn 0.186647 0.858424 -0.477777
vn -0.300494 0.845373 -0.441642
vn -0.444487 0.829371 0.33849
vn -0.092616 0.957335 0.273737
vn 0.129807 0.960758 0.245142
vn 0.407334 0.807788 -0.426096
vn 0.186647 0.858424 -0.477777
vn 0.407334 0.807788 -0.426096
vn 0.438169 0.317087 -0.841108
vn -0.612835 0.749267 -0.25106
vn -0.447179 0.82737 0.339837
vn -0.278854 0.919221 0.27798
vn -0.516542 0.783508 -0.345398
vn -0.278854 0.919221 0.27798
vn -0.129807 0.960758 0.245142
vn -0.407334 0.807788 -0.426096
vn -0.438169 0.317087 -0.841108
vn -0.517403 0.3403 -0.785169
vn -0.517403 0.3403 -0.785169
vn -0.446603 0.429744 -0.784771
vn -0.612835 0.749267 -0.25106
vn 0.517403 0.3403 -0.785169
vn 0.438169 0.317087 -0.841108
vn 0.407334 0.807788 -0.426096
vn 0.516542 0.783508 -0.345398
vn 0.407334 0.807788 -0.426096
vn 0.129807 0.960758 0.245142
vn 0.278854 0.919221 0.27798
vn 0.447179 0.82737 0.339837
vn 0.612835 0.749268 -0.25106
vn 0.612835 0.749268 -0.25106
vn 0.446603 0.429744 -0.784771
vn 0.517403 0.3403 -0.785169
vn -0.517403 0.3403 -0.785169
vn -0.438169 0.317087 -0.841108
vn -0.366184 -0.016358 -0.930398
vn -0.429064 -0.019173 -0.90307
vn -0.366184 -0.016358 -0.930398
vn -0.223752 -0.411411 -0.883559
vn -0.345111 -0.436241 -0.831019
vn -0.192549 -0.535355 -0.822387
vn -0.117129 -0.071326 -0.990552
vn -0.429064 -0.019173 -0.90307
vn -0.117129 -0.071326 -0.990552
vn -0.446603 0.429744 -0.784771
vn 0.117129 -0.071326 -0.990552
vn 0.192549 -0.535355 -0.822387
vn 0.345111 -0.436241 -0.831019
vn 0.429064 -0.019173 -0.90307
vn 0.345111 -0.436241 -0.831019
vn 0.223752 -0.411411 -0.883559
vn 0.366184 -0.016358 -0.930398
vn 0.438169 0.317087 -0.841108
vn 0.517403 0.3403 -0.785169
vn 0.429064 -0.019173 -0.90307
vn 0.517403 0.3403 -0.785169
vn 0.446603 0.429744 -0.784771
vn -0.209629 -0.024031 -0.977486
vn -0.366184 -0.016358 -0.930398
vn -0.438169 0.317087 -0.841108
vn -0.278371 0.3333 -0.900789
vn 0.104027 0.407784 -0.907133
vn -0.01041 -0.028163 -0.999549
vn -0.209629 -0.024031 -0.977486
vn -0.01041 -0.028163 -0.999549
vn 0.424179 -0.373058 -0.825167
vn 0.03479 -0.402883 -0.91459
vn -0.223752 -0.411411 -0.883559
vn -0.366184 -0.016358 -0.930398
vn 0.209629 -0.024031 -0.977486
vn -0.03479 -0.402883 -0.91459
vn -0.424179 -0.373058 -0.825167
vn 0.01041 -0.028163 -0.999549
vn -0.104027 0.407784 -0.907133
vn 0.278371 0.3333 -0.900789
vn 0.209629 -0.024031 -0.977486
vn 0.278371 0.3333 -0.900789
vn 0.438169 0.317087 -0.841108
vn 0.366184 -0.016358 -0.930398
vn 0.223752 -0.411411 -0.883559
vn -0.03479 -0.402883 -0.91459
vn -0.01041 -0.028163 -0.999549
vn 0.104027 0.407784 -0.907133
vn 0.625571 0.343825 -0.700318
vn 0.447559 0.046569 -0.893041
vn 0.625571 0.343825 -0.700318
vn 0.91318 0.079298 -0.399767
vn 0.801741 -0.179441 -0.570098
vn 0.424179 -0.373058 -0.825167
vn -0.01041 -0.028163 -0.999549
vn 0.01041 -0.028163 -0.999549
vn -0.424179 -0.373058 -0.825167
vn -0.801741 -0.179441 -0.570098
vn -0.447559 0.046569 -0.893041
vn -0.801741 -0.179441 -0.570098
vn -0.91318 0.079298 -0.399767
vn -0.625571 0.343824 -0.700318
vn -0.104027 0.407784 -0.907133
vn 0.01041 -0.028163 -0.999549
vn 0.27493 0.3555 -0.893327
vn 0.706176 0.038569 -0.706985
vn 0.602657 0.659581 -0.449174
vn 0.602657 0.659581 -0.449174
vn 0.831832 0.534267 0.15038
vn -0.339203 0.912268 0.229583
vn -0.339203 0.912268 0.229583
vn -0.447179 0.82737 0.339837
vn -0.612835 0.749267 -0.25106
vn -0.416143 0.834679 -0.360744
vn -0.612835 0.749267 -0.25106
vn -0.446603 0.429744 -0.784771
vn 0.612835 0.749268 -0.25106
vn 0.447179 0.82737 0.339837
vn 0.339203 0.912268 0.229583
vn 0.339203 0.912268 0.229583
vn -0.831832 0.534267 0.15038
vn -0.602657 0.659581 -0.449174
vn -0.602657 0.659581 -0.449174
vn -0.706176 0.038569 -0.706985
vn -0.27493 0.3555 -0.893327
vn 0.416143 0.834679 -0.360744
vn -0.27493 0.3555 -0.893327
vn 0.446603 0.429744 -0.784771
vn 0.36828 -0.204326 -0.906984
vn 0.548233 -0.307863 -0.7776
vn 0.706176 0.038569 -0.706985
vn 0.27493 0.3555 -0.893327
vn -0.446603 0.429744 -0.784771
vn -0.117129 -0.071326 -0.990552
vn 0.36828 -0.204326 -0.906984
vn -0.117129 -0.071326 -0.990552
vn -0.192549 -0.535355 -0.822387
vn 0.36828 -0.204326 -0.906984
vn 0.099456 -0.591858 -0.799883
vn 0.320662 -0.603125 -0.730353
vn -0.36828 -0.204326 -0.906984
vn -0.099456 -0.591858 -0.799883
vn 0.192549 -0.535355 -0.822387
vn 0.117129 -0.071326 -0.990552
vn 0.446603 0.429744 -0.784771
vn -0.27493 0.3555 -0.893327
vn -0.36828 -0.204326 -0.906984
vn -0.27493 0.3555 -0.893327
vn -0.706176 0.038569 -0.706985
vn -0.36828 -0.204326 -0.906984
vn -0.548233 -0.307863 -0.7776
vn -0.320662 -0.603125 -0.730353
vn -0.093749 -0.91701 -0.38769
vn -0.06406 -0.939784 0.335712
vn 0.227521 -0.973771 -0.002089
vn 0.114727 -0.886198 -0.448878
vn 0.320662 -0.603125 -0.730353
vn 0.099456 -0.591858 -0.799883
vn -0.093749 -0.91701 -0.38769
vn 0.099456 -0.591858 -0.799883
vn -0.192549 -0.535355 -0.822387
vn -0.093749 -0.91701 -0.38769
vn -0.120947 -0.94618 -0.300191
vn 0.062838 -0.93665 0.344583
vn 0.093749 -0.91701 -0.38769
vn 0.120947 -0.94618 -0.300191
vn 0.192549 -0.535355 -0.822387
vn -0.099456 -0.591858 -0.799883
vn -0.320662 -0.603125 -0.730353
vn -0.114727 -0.886198 -0.448877
vn 0.093749 -0.91701 -0.38769
vn -0.114727 -0.886198 -0.448877
vn -0.227521 -0.973771 -0.002089
vn 0.093749 -0.91701 -0.38769
vn 0.06406 -0.939784 0.335712
vn -0.062838 -0.93665 0.344583
f 1//1 2//2 3//3
f 4//4 5//5 6//6
f 7//7 8//8 9//9
f 10//10 11//11 12//12
f 13//13 14//14 15//15
f 16//16 17//17 18//18
f 19//19 20//20 21//21
f 22//22 23//23 24//24
f 25//25 26//26 27//27
f 28//28 29//29 30//30
f 31//31 32//32 33//33
f 34//34 35//35 36//36
f 37//37 38//38 39//39
f 40//40 41//41 42//42
f 43//43 44//44 45//45
f 46//46 47//47 48//48
f 49//49 50//50 51//51
f 52//52 53//53 54//54
f 55//55 56//56 57//57
f 58//58 59//59 60//60
f 61//61 62//62 63//63
f 64//64 65//65 66//66
f 67//67 68//68 69//69
f 70//70 71//71 72//72
f 73//73 74//74 75//75
f 76//76 77//77 78//78
f 79//79 80//80 81//81
f 82//82 83//83 84//84
f 85//85 86//86 87//87
f 88//88 89//89 90//90
f 91//91 92//92 93//93
f 94//94 95//95 96//96
f 97//97 98//98 99//99
f 100//100 101//101 102//102
f 103//103 104//104 105//105
f 106//106 107//107 108//108
f 109//109 110//110 111//111
f 112//112 113//113 114//114
f 115//115 116//116 117//117
f 118//118 119//119 120//120
f 121//121 122//122 123//123
f 124//124 125//125 126//126
f 127//127 128//128 129//129
f 130//130 131//131 132//132
f 133//133 134//134 135//135
f 136//136 137//137 138//138
f 139//139 140//140 141//141
f 142//142 143//143 144//144
f 145//145 146//146 147//147
f 148//148 149//149 150//150
f 151//151 152//152 153//153
f 154//154 155//155 156//156
f 157//157 158//158 159//159
f 160//160 161//161 162//162
f 163//163 164//164 165//165
f 166//166 167//167 168//168
f 169//169 170//170 171//171
f 172//172 173//173 174//174
f 175//175 176//176 177//177
f 178//178 179//179 180//180
f 181//181 182//182 183//183
f 184//184 185//185 186//186
f 187//187 188//188 189//189
f 190//190 191//191 192//192
f 193//193 194//194 195//195
f 196//196 197//197 198//198
f 199//199 200//200 201//201
f 202//202 203//203 204//204
f 205//205 206//206 207//207
f 208//208 209//209 210//210
f 211//211 212//212 213//213
f 214//214 215//215 216//216
f 217//217 218//218 219//219
f 220//220 221//221 222//222
f 223//223 224//224 225//225
f 226//226 227//227 228//228
f 229//229 230//230 231//231
f 232//232 233//233 234//234
f 235//235 236//236 237//237
f 238//238 239//239 240//240
f 241//241 242//242 243//243
f 244//244 245//245 246//246
f 247//247 248//248 249//249
f 250//250 251//251 252//252
f 253//253 254//254 255//255
f 256//256 257//257 258//258
f 259//259 260//260 261//261
f 262//262 263//263 264//264
f 265//265 266//266 267//267
f 268//268 269//269 270//270
f 271//271 272//272 273//273
f 274//274 275//275 276//276
f 277//277 278//278 279//279
f 280//280 281//281 282//282
f 283//283 284//284 285//285
f 286//286 287//287 288//288
f 289//289 290//290 291//291
f 292//292 293//293 294//294
f 295//295 296//296 297//297
f 298//298 299//299 300//300
f 301//301 302//302 303//303
f 304//304 305//305 306//306
f 307//307 308//308 309//309
f 310//310 311//311 312//312
f 313//313 314//314 315//315
f 316//316 317//317 318//318
f 319//319 320//320 321//321
f 322//322 323//323 324//324
f 325//325 326//326 327//327
f 328//328 329//329 330//330
f 331//331 332//332 333//333
f 334//334 335//335 336//336
f 337//337 338//338 339//339
f 340//340 341//341 342//342
f 343//343 344//344 345//345
f 346//346 347//347 348//348
f 349//349 350//350 351//351
f 352//352 353//353 354//354
f 355//355 356//356 357//357
f 358//358 359//359 360//360
f 361//361 362//362 363//363
f 364//364 365//365 366//366
f 367//367 368//368 369//369
f 370//370 371//371 372//372
f 373//373 374//374 375//375
f 376//376 377//377 378//378
f 379//379 380//380 381//381
f 382//382 383//383 384//384
f 385//385 386//386 387//387
f 388//388 389//389 390//390
f 391//391 392//392 393//393
f 394//394 395//395 396//396
f 397//397 398//398 399//399
f 400//400 401//401 402//402
f 403//403 404//404 405//405
f 406//406 407//407 408//408
f 409//409 410//410 411//411
f 412//412 413//413 414//414
f 415//415 416//416 417//417
f 418//418 419//419 420//420
f 421//421 422//422 423//423
f 424//424 425//425 426//426
f 427//427 428//428 429//429
f 430//430 431//431 432//432
f 433//433 434//434 435//435
f 436//436 437//437 438//438
f 439//439 440//440 441//441
f 442//442 443//443 444//444
f 445//445 446//446 447//447
f 448//448 449//449 450//450
f 451//451 452//452 453//453
f 454//454 455//455 456//456
f 457//457 458//458 459//459
f 460//460 461//461 462//462
f 463//463 464//464 465//465
f 466//466 467//467 468//468
f 469//469 470//470 471//471
f 472//472 473//473 474//474
f 475//475 476//476 477//477
f 478//478 479//479 480//480
f 481//481 482//482 483//483
f 484//484 485//485 486//486
f 487//487 488//488 489//489
f 490//490 491//491 492//492
f 493//493 494//494 495//495
f 496//496 497//497 498//498
f 499//499 500//500 501//501
f 502//502 503//503 504//504
f 505//505 506//506 507//507
f 508//508 509//509 510//510
f 511//511 512//512 513//513
f 514//514 515//515 516//516
f 517//517 518//518 519//519
f 520//520 521//521 522//522
f 523//523 524//524 525//525
f 526//526 527//527 528//528
f 529//529 530//530 531//531
f 532//532 533//533 534//534
f 535//535 536//536 537//537
f 538//538 539//539 540//540
f 541//541 542//542 543//543
f 544//544 545//545 546//546
f 547//547 548//548 549//549
f 550//550 551//551 552//552
f 553//553 554//554 555//555
f 556//556 557//557 558//558
f 559//559 560//560 561//561
f 562//562 563//563 564//564
f 565//565 566//566 567//567
f 568//568 569//569 570//570
f 571//571 572//572 573//573
f 574//574 575//575 576//576
f 577//577 578//578 579//579
f 580//580 581//581 582//582
f 583//583 584//584 585//585
f 586//586 587//587 588//588
f 589//589 590//590 591//591
f 592//592 593//593 594//594
f 595//595 596//596 597//597
f 598//598 599//599 600//600
f 601//601 602//602 603//603
f 604//604 605//605 606//606
f 607//607 608//608 609//609
f 610//610 611//611 612//612
f 613//613 614//614 615//615
f 616//616 617//617 618//618
f 619//619 620//620 621//621
f 622//622 623//623 624//624
f 625//625 626//626 627//627
f 628//628 629//629 630//630
f 631//631 632//632 633//633
f 634//634 635//635 636//636
f 637//637 638//638 639//639
f 640//640 641//641 642//642
f 643//643 644//644 645//645
f 646//646 647//647 648//648
f 649//649 650//650 651//651
f 652//652 653//653 654//654
f 655//655 656//656 657//657
f 658//658 659//659 660//660
f 661//661 662//662 663//663
f 664//664 665//665 666//666
f 667//667 668//668 669//669
f 670//670 671//671 672//672
f 673//673 674//674 675//675
f 676//676 677//677 678//678
f 679//679 680//680 681//681
f 682//682 683//683 684//684
f 685//685 686//686 687//687
f 688//688 689//689 690//690
f 691//691 692//692 693//693
f 694//694 695//695 696//696
f 697//697 698//698 699//699
f 700//700 701//701 702//702
f 703//703 704//704 705//705
f 706//706 707//707 708//708
f 709//709 710//710 711//711
f 712//712 713//713 714//714
f 715//715 716//716 717//717
f 718//718 719//719 720//720
f 721//721 722//722 723//723
f 724//724 725//725 726//726
f 727//727 728//728 729//729
f 730//730 731//731 732//732
f 733//733 734//734 735//735
f 736//736 737//737 738//738
f 739//739 740//740 741//741
f 742//742 743//743 744//744
f 745//745 746//746 747//747
f 748//748 749//749 750//750
f 751//751 752//752 753//753
f 754//754 755//755 756//756
f 757//757 758//758 759//759
f 760//760 761//761 762//762
f 763//763 764//764 765//765
f 766//766 767//767 768//768
f 769//769 770//770 771//771
f 772//772 773//773 774//774
f 775//775 776//776 777//777
f 778//778 779//779 780//780
f 781//781 782//782 783//783
f 784//784 785//785 786//786
f 787//787 788//788 789//789
f 790//790 791//791 792//792
f 793//793 794//794 795//795
f 796//796 797//797 798//798
f 799//799 800//800 801//801
f 802//802 803//803 804//804
f 805//805 806//806 807//807
f 808//808 809//809 810//810
f 811//811 812//812 813//813
f 814//814 815//815 816//816
f 817//817 818//818 819//819
f 820//820 821//821 822//822
f 823//823 824//824 825//825
f 826//826 827//827 828//828
f 829//829 830//830 831//831
f 832//832 833//833 834//834
f 835//835 836//836 837//837
f 838//838 839//839 840//840
f 841//841 842//842 843//843
f 844//844 845//845 846//846
f 847//847 848//848 849//849
f 850//850 851//851 852//852
f 853//853 854//854 855//855
f 856//856 857//857 858//858
f 859//859 860//860 861//861
f 862//862 863//863 864//864
f 865//865 866//866 867//867
f 868//868 869//869 870//870
f 871//871 872//872 873//873
f 874//874 875//875 876//876
f 877//877 878//878 879//879
f 880//880 881//881 882//882
f 883//883 884//884 885//885
f 886//886 887//887 888//888
f 889//889 890//890 891//891
f 892//892 893//893 894//894
f 895//895 896//896 897//897
f 898//898 899//899 900//900
f 901//901 902//902 903//903
f 904//904 905//905 906//906
f 907//907 908//908 909//909
f 910//910 911//911 912//912
f 913//913 914//914 915//915
f 916//916 917//917 918//918
f 919//919 920//920 921//921
f 922//922 923//923 924//924
f 925//925 926//926 927//927
f 928//928 929//929 930//930
f 931//931 932//932 933//933
f 934//934 935//935 936//936
f 937//937 938//938 939//939
f 940//940 941//941 942//942
f 943//943 944//944 945//945
f 946//946 947//947 948//948
f 949//949 950//950 951//951
f 952//952 953//953 954//954
f 955//955 956//956 957//957
f 958//958 959//959 960//960
f 961//961 962//962 963//963
f 964//964 965//965 966//966
f 967//967 968//968 969//969
f 970//970 971//971 972//972
f 973//973 974//974 975//975
f 976//976 977//977 978//978
f 979//979 980//980 981//981
f 982//982 983//983 984//984
f 985//985 986//986 987//987
f 988//988 989//989 990//990
f 991//991 992//992 993//993
f 994//994 995//995 996//996
f 997//997 998//998 999//999
f 1000//1000 1001//1001 1002//1002
f 1003//1003 1004//1004 1005//1005
f 1006//1006 1007//1007 1008//1008
f 1009//1009 1010//1010 1011//1011
f 1012//1012 1013//1013 1014//1014
f 1015//1015 1016//1016 1017//1017
f 1018//1018 1019//1019 1020//1020
f 1021//1021 1022//1022 1023//1023
f 1024//1024 1025//1025 1026//1026
f 1027//1027 1028//1028 1029//1029
f 1030//1030 1031//1031 1032//1032
f 1033//1033 1034//1034 1035//1035
f 1036//1036 1037//1037 1038//1038
f 1039//1039 1040//1040 1041//1041
f 1042//1042 1043//1043 1044//1044
f 1045//1045 1046//1046 1047//1047
f 1048//1048 1049//1049 1050//1050
f 1051//1051 1052//1052 1053//1053
f 1054//1054 1055//1055 1056//1056
f 1057//1057 1058//1058 1059//1059
f 1060//1060 1061//1061 1062//1062
f 1063//1063 1064//1064 1065//1065
f 1066//1066 1067//1067 1068//1068
f 1069//1069 1070//1070 1071//1071
f 1072//1072 1073//1073 1074//1074
f 1075//1075 1076//1076 1077//1077
f 1078//1078 1079//1079 1080//1080
f 1081//1081 1082//1082 1083//1083
f 1084//1084 1085//1085 1086//1086
f 1087//1087 1088//1088 1089//1089
f 1090//1090 1091//1091 1092//1092
f 1093//1093 1094//1094 1095//1095
f 1096//1096 1097//1097 1098//1098
f 1099//1099 1100//1100 1101//1101
f 1102//1102 1103//1103 1104//1104
f 1105//1105 1106//1106 1107//1107
f 1108//1108 1109//1109 1110//1110
f 1111//1111 1112//1112 1113//1113
f 1114//1114 1115//1115 1116//1116
f 1117//1117 1118//1118 1119//1119
f 1120//1120 1121//1121 1122//1122
f 1123//1123 1124//1124 1125//1125
f 1126//1126 1127//1127 1128//1128
f 1129//1129 1130//1130 1131//1131
f 1132//1132 1133//1133 1134//1134
f 1135//1135 1136//1136 1137//1137
f 1138//1138 1139//1139 1140//1140
f 1141//1141 1142//1142 1143//1143
f 1144//1144 1145//1145 1146//1146
f 1147//1147 1148//1148 1149//1149
f 1150//1150 1151//1151 1152//1152
f 1153//1153 1154//1154 1155//1155
f 1156//1156 1157//1157 1158//1158
f 1159//1159 1160//1160 1161//1161
f 1162//1162 1163//1163 1164//1164
f 1165//1165 1166//1166 1167//1167
f 1168//1168 1169//1169 1170//1170
f 1171//1171 1172//1172 1173//1173
f 1174//1174 1175//1175 1176//1176
f 1177//1177 1178//1178 1179//1179
f 1180//1180 1181//1181 1182//1182
f 1183//1183 1184//1184 1185//1185
f 1186//1186 1187//1187 1188//1188
f 1189//1189 1190//1190 1191//1191
f 1192//1192 1193//1193 1194//1194
f 1195//1195 1196//1196 1197//1197
f 1198//1198 1199//1199 1200//1200
f 1201//1201 1202//1202 1203//1203
f 1204//1204 1205//1205 1206//1206
f 1207//1207 1208//1208 1209//1209
f 1210//1210 1211//1211 1212//1212
f 1213//1213 1214//1214 1215//1215
f 1216//1216 1217//1217 1218//1218
f 1219//1219 1220//1220 1221//1221
f 1222//1222 1223//1223 1224//1224
f 1225//1225 1226//1226 1227//1227
f 1228//1228 1229//1229 1230//1230
f 1231//1231 1232//1232 1233//1233
f 1234//1234 1235//1235 1236//1236
f 1237//1237 1238//1238 1239//1239
f 1240//1240 1241//1241 1242//1242
f 1243//1243 1244//1244 1245//1245
f 1246//1246 1247//1247 1248//1248
f 1249//1249 1250//1250 1251//1251
f 1252//1252 1253//1253 1254//1254
f 1255//1255 1256//1256 1257//1257
f 1258//1258 1259//1259 1260//1260
f 1261//1261 1262//1262 1263//1263
f 1264//1264 1265//1265 1266//1266
f 1267//1267 1268//1268 1269//1269
f 1270//1270 1271//1271 1272//1272
f 1273//1273 1274//1274 1275//1275
f 1276//1276 1277//1277 1278//1278
f 1279//1279 1280//1280 1281//1281
f 1282//1282 1283//1283 1284//1284
f 1285//1285 1286//1286 1287//1287
f 1288//1288 1289//1289 1290//1290
f 1291//1291 1292//1292 1293//1293
f 1294//1294 1295//1295 1296//1296
f 1297//1297 1298//1298 1299//1299
f 1300//1300 1301//1301 1302//1302
f 1303//1303 1304//1304 1305//1305
f 1306//1306 1307//1307 1308//1308
f 1309//1309 1310//1310 1311//1311
f 1312//1312 1313//1313 1314//1314
f 1315//1315 1316//1316 1317//1317
f 1318//1318 1319//1319 1320//1320
f 1321//1321 1322//1322 1323//1323
f 1324//1324 1325//1325 1326//1326
f 1327//1327 1328//1328 1329//1329
f 1330//1330 1331//1331 1332//1332
f 1333//1333 1334//1334 1335//1335
f 1336//1336 1337//1337 1338//1338
f 1339//1339 1340//1340 1341//1341
f 1342//1342 1343//1343 1344//1344
f 1345//1345 1346//1346 1347//1347
f 1348//1348 1349//1349 1350//1350
f 1351//1351 1352//1352 1353//1353
f 1354//1354 1355//1355 1356//1356
f 1357//1357 1358//1358 1359//1359
f 1360//1360 1361//1361 1362//1362
f 1363//1363 1364//1364 1365//1365
f 1366//1366 1367//1367 1368//1368
f 1369//1369 1370//1370 1371//1371
f 1372//1372 1373//1373 1374//1374
f 1375//1375 1376//1376 1377//1377
f 1378//1378 1379//1379 1380//1380
f 1381//1381 1382//1382 1383//1383
f 1384//1384 1385//1385 1386//1386
f 1387//1387 1388//1388 1389//1389
f 1390//1390 1391//1391 1392//1392
f 1393//1393 1394//1394 1395//1395
f 1396//1396 1397//1397 1398//1398
f 1399//1399 1400//1400 1401//1401
f 1402//1402 1403//1403 1404//1404
f 1405//1405 1406//1406 1407//1407
f 1408//1408 1409//1409 1410//1410
f 1411//1411 1412//1412 1413//1413
f 1414//1414 1415//1415 1416//1416
f 1417//1417 1418//1418 1419//1419
f 1420//1420 1421//1421 1422//1422
f 1423//1423 1424//1424 1425//1425
f 1426//1426 1427//1427 1428//1428
f 1429//1429 1430//1430 1431//1431
f 1432//1432 1433//1433 1434//1434
f 1435//1435 1436//1436 1437//1437
f 1438//1438 1439//1439 1440//1440
f 1441//1441 1442//1442 1443//1443
f 1444//1444 1445//1445 1446//1446
f 1447//1447 1448//1448 1449//1449
f 1450//1450 1451//1451 1452//1452
f 1453//1453 1454//1454 1455//1455
f 1456//1456 1457//1457 1458//1458
f 1459//1459 1460//1460 1461//1461
f 1462//1462 1463//1463 1464//1464
f 1465//1465 1466//1466 1467//1467
f 1468//1468 1469//1469 1470//1470
f 1471//1471 1472//1472 1473//1473
f 1474//1474 1475//1475 1476//1476
f 1477//1477 1478//1478 1479//1479
f 1480//1480 1481//1481 1482//1482
f 1483//1483 1484//1484 1485//1485
f 1486//1486 1487//1487 1488//1488
f 1489//1489 1490//1490 1491//1491
f 1492//1492 1493//1493 1494//1494
f 1495//1495 1496//1496 1497//1497
f 1498//1498 1499//1499 1500//1500
f 1501//1501 1502//1502 1503//1503
f 1504//1504 1505//1505 1506//1506
f 1507//1507 1508//1508 1509//1509
f 1510//1510 1511//1511 1512//1512
f 1513//1513 1514//1514 1515//1515
f 1516//1516 1517//1517 1518//1518
f 1519//1519 1520//1520 1521//1521
f 1522//1522 1523//1523 1524//1524
f 1525//1525 1526//1526 1527//1527
f 1528//1528 1529//1529 1530//1530
f 1531//1531 1532//1532 1533//1533
f 1534//1534 1535//1535 1536//1536
f 1537//1537 1538//1538 1539//1539
f 1540//1540 1541//1541 1542//1542
f 1543//1543 1544//1544 1545//1545
f 1546//1546 1547//1547 1548//1548
f 1549//1549 1550//1550 1551//1551
f 1552//1552 1553//1553 1554//1554
f 1555//1555 1556//1556 1557//1557
f 1558//1558 1559//1559 1560//1560
f 1561//1561 1562//1562 1563//1563
f 1564//1564 1565//1565 1566//1566
f 1567//1567 1568//1568 1569//1569
f 1570//1570 1571//1571 1572//1572
f 1573//1573 1574//1574 1575//1575
f 1576//1576 1577//1577 1578//1578
f 1579//1579 1580//1580 1581//1581
f 1582//1582 1583//1583 1584//1584
f 1585//1585 1586//1586 1587//1587
f 1588//1588 1589//1589 1590//1590
f 1591//1591 1592//1592 1593//1593
f 1594//1594 1595//1595 1596//1596
f 1597//1597 1598//1598 1599//1599
f 1600//1600 1601//1601 1602//1602
f 1603//1603 1604//1604 1605//1605
f 1606//1606 1607//1607 1608//1608
f 1609//1609 1610//1610 1611//1611
f 1612//1612 1613//1613 1614//1614
f 1615//1615 1616//1616 1617//1617
f 1618//1618 1619//1619 1620//1620
f 1621//1621 1622//1622 1623//1623
f 1624//1624 1625//1625 1626//1626
f 1627//1627 1628//1628 1629//1629
f 1630//1630 1631//1631 1632//1632
f 1633//1633 1634//1634 1635//1635
f 1636//1636 1637//1637 1638//1638
f 1639//1639 1640//1640 1641//1641
f 1642//1642 1643//1643 1644//1644
f 1645//1645 1646//1646 1647//1647
f 1648//1648 1649//1649 1650//1650
f 1651//1651 1652//1652 1653//1653
f 1654//1654 1655//1655 1656//1656
f 1657//1657 1658//1658 1659//1659
f 1660//1660 1661//1661 1662//1662
f 1663//1663 1664//1664 1665//1665
f 1666//1666 1667//1667 1668//1668
f 1669//1669 1670//1670 1671//1671
f 1672//1672 1673//1673 1674//1674
f 1675//1675 1676//1676 1677//1677
f 1678//1678 1679//1679 1680//1680
f 1681//1681 1682//1682 1683//1683
f 1684//1684 1685//1685 1686//1686
f 1687//1687 1688//1688 1689//1689
f 1690//1690 1691//1691 1692//1692
f 1693//1693 1694//1694 1695//1695
f 1696//1696 1697//1697 1698//1698
f 1699//1699 1700//1700 1701//1701
f 1702//1702 1703//1703 1704//1704
f 1705//1705 1706//1706 1707//1707
f 1708//1708 1709//1709 1710//1710
f 1711//1711 1712//1712 1713//1713
f 1714//1714 1715//1715 1716//1716
f 1717//1717 1718//1718 1719//1719
f 1720//1720 1721//1721 1722//1722
f 1723//1723 1724//1724 1725//1725
f 1726//1726 1727//1727 1728//1728
f 1729//1729 1730//1730 1731//1731
f 1732//1732 1733//1733 1734//1734
f 1735//1735 1736//1736 1737//1737
f 1738//1738 1739//1739 1740//1740
f 1741//1741 1742//1742 1743//1743
f 1744//1744 1745//1745 1746//1746
f 1747//1747 1748//1748 1749//1749
f 1750//1750 1751//1751 1752//1752
f 1753//1753 1754//1754 1755//1755
f 1756//1756 1757//1757 1758//1758
f 1759//1759 1760//1760 1761//1761
f 1762//1762 1763//1763 1764//1764
f 1765//1765 1766//1766 1767//1767
f 1768//1768 1769//1769 1770//1770
f 1771//1771 1772//1772 1773//1773
f 1774//1774 1775//1775 1776//1776
f 1777//1777 1778//1778 1779//1779
f 1780//1780 1781//1781 1782//1782
f 1783//1783 1784//1784 1785//1785
f 1786//1786 1787//1787 1788//1788
f 1789//1789 1790//1790 1791//1791
f 1792//1792 1793//1793 1794//1794
f 1795//1795 1796//1796 1797//1797
f 1798//1798 1799//1799 1800//1800
f 1801//1801 1802//1802 1803//1803
f 1804//1804 1805//1805 1806//1806
f 1807//1807 1808//1808 1809//1809
f 1810//1810 1811//1811 1812//1812
f 1813//1813 1814//1814 1815//1815
f 1816//1816 1817//1817 1818//1818
f 1819//1819 1820//1820 1821//1821
f 1822//1822 1823//1823 1824//1824
f 1825//1825 1826//1826 1827//1827
f 1828//1828 1829//1829 1830//1830
f 1831//1831 1832//1832 1833//1833
f 1834//1834 1835//1835 1836//1836
f 1837//1837 1838//1838 1839//1839
f 1840//1840 1841//1841 1842//1842
f 1843//1843 1844//1844 1845//1845
f 1846//1846 1847//1847 1848//1848
f 1849//1849 1850//1850 1851//1851
f 1852//1852 1853//1853 1854//1854
f 1855//1855 1856//1856 1857//1857
f 1858//1858 1859//1859 1860//1860
f 1861//1861 1862//1862 1863//1863
f 1864//1864 1865//1865 1866//1866
f 1867//1867 1868//1868 1869//1869
f 1870//1870 1871//1871 1872//1872
f 1873//1873 1874//1874 1875//1875
f 1876//1876 1877//1877 1878//1878
f 1879//1879 1880//1880 1881//1881
f 1882//1882 1883//1883 1884//1884
f 1885//1885 1886//1886 1887//1887
f 1888//1888 1889//1889 1890//1890
f 1891//1891 1892//1892 1893//1893
f 1894//1894 1895//1895 1896//1896
f 1897//1897 1898//1898 1899//1899
f 1900//1900 1901//1901 1902//1902
f 1903//1903 1904//1904 1905//1905
f 1906//1906 1907//1907 1908//1908
f 1909//1909 1910//1910 1911//1911
f 1912//1912 1913//1913 1914//1914
f 1915//1915 1916//1916 1917//1917
f 1918//1918 1919//1919 1920//1920
f 1921//1921 1922//1922 1923//1923
f 1924//1924 1925//1925 1926//1926
f 1927//1927 1928//1928 1929//1929
f 1930//1930 1931//1931 1932//1932
f 1933//1933 1934//1934 1935//1935
f 1936//1936 1937//1937 1938//1938
f 1939//1939 1940//1940 1941//1941
f 1942//1942 1943//1943 1944//1944
f 1945//1945 1946//1946 1947//1947
f 1948//1948 1949//1949 1950//1950
f 1951//1951 1952//1952 1953//1953
f 1954//1954 1955//1955 1956//1956
f 1957//1957 1958//1958 1959//1959
f 1960//1960 1961//1961 1962//1962
f 1963//1963 1964//1964 1965//1965
f 1966//1966 1967//1967 1968//1968
f 1969//1969 1970//1970 1971//1971
f 1972//1972 1973//1973 1974//1974
f 1975//1975 1976//1976 1977//1977
f 1978//1978 1979//1979 1980//1980
f 1981//1981 1982//1982 1983//1983
f 1984//1984 1985//1985 1986//1986
f 1987//1987 1988//1988 1989//1989
f 1990//1990 1991//1991 1992//1992
f 1993//1993 1994//1994 1995//1995
f 1996//1996 1997//1997 1998//1998
f 1999//1999 2000//2000 2001//2001
f 2002//2002 2003//2003 2004//2004
f 2005//2005 2006//2006 2007//2007
f 2008//2008 2009//2009 2010//2010
f 2011//2011 2012//2012 2013//2013
f 2014//2014 2015//2015 2016//2016
f 2017//2017 2018//2018 2019//2019
f 2020//2020 2021//2021 2022//2022
f 2023//2023 2024//2024 2025//2025
f 2026//2026 2027//2027 2028//2028
f 2029//2029 2030//2030 2031//2031
f 2032//2032 2033//2033 2034//2034
f 2035//2035 2036//2036 2037//2037
f 2038//2038 2039//2039 2040//2040
f 2041//2041 2042//2042 2043//2043
f 2044//2044 2045//2045 2046//2046
f 2047//2047 2048//2048 2049//2049
f 2050//2050 2051//2051 2052//2052
f 2053//2053 2054//2054 2055//2055
f 2056//2056 2057//2057 2058//2058
f 2059//2059 2060//2060 2061//2061
f 2062//2062 2063//2063 2064//2064
f 2065//2065 2066//2066 2067//2067
f 2068//2068 2069//2069 2070//2070
f 2071//2071 2072//2072 2073//2073
f 2074//2074 2075//2075 2076//2076
f 2077//2077 2078//2078 2079//2079
f 2080//2080 2081//2081 2082//2082
f 2083//2083 2084//2084 2085//2085
f 2086//2086 2087//2087 2088//2088
f 2089//2089 2090//2090 2091//2091
f 2092//2092 2093//2093 2094//2094
f 2095//2095 2096//2096 2097//2097
f 2098//2098 2099//2099 2100//2100
f 2101//2101 2102//2102 2103//2103
f 2104//2104 2105//2105 2106//2106
f 2107//2107 2108//2108 2109//2109
f 2110//2110 2111//2111 2112//2112
f 2113//2113 2114//2114 2115//2115
f 2116//2116 2117//2117 2118//2118
f 2119//2119 2120//2120 2121//2121
f 2122//2122 2123//2123 2124//2124
f 2125//2125 2126//2126 2127//2127
f 2128//2128 2129//2129 2130//2130
f 2131//2131 2132//2132 2133//2133
f 2134//2134 2135//2135 2136//2136
f 2137//2137 2138//2138 2139//2139
f 2140//2140 2141//2141 2142//2142
f 2143//2143 2144//2144 2145//2145
f 2146//2146 2147//2147 2148//2148
f 2149//2149 2150//2150 2151//2151
f 2152//2152 2153//2153 2154//2154
f 2155//2155 2156//2156 2157//2157
f 2158//2158 2159//2159 2160//2160
f 2161//2161 2162//2162 2163//2163
f 2164//2164 2165//2165 2166//2166
f 2167//2167 2168//2168 2169//2169
f 2170//2170 2171//2171 2172//2172
f 2173//2173 2174//2174 2175//2175
f 2176//2176 2177//2177 2178//2178
f 2179//2179 2180//2180 2181//2181
f 2182//2182 2183//2183 2184//2184
f 2185//2185 2186//2186 2187//2187
f 2188//2188 2189//2189 2190//2190
f 2191//2191 2192//2192 2193//2193
f 2194//2194 2195//2195 2196//2196
f 2197//2197 2198//2198 2199//2199
f 2200//2200 2201//2201 2202//2202
f 2203//2203 2204//2204 2205//2205
f 2206//2206 2207//2207 2208//2208
f 2209//2209 2210//2210 2211//2211
f 2212//2212 2213//2213 2214//2214
f 2215//2215 2216//2216 2217//2217
f 2218//2218 2219//2219 2220//2220
f 2221//2221 2222//2222 2223//2223
f 2224//2224 2225//2225 2226//2226
f 2227//2227 2228//2228 2229//2229
f 2230//2230 2231//2231 2232//2232
f 2233//2233 2234//2234 2235//2235
f 2236//2236 2237//2237 2238//2238
f 2239//2239 2240//2240 2241//2241
f 2242//2242 2243//2243 2244//2244
f 2245//2245 2246//2246 2247//2247
f 2248//2248 2249//2249 2250//2250
f 2251//2251 2252//2252 2253//2253
f 2254//2254 2255//2255 2256//2256
f 2257//2257 2258//2258 2259//2259
f 2260//2260 2261//2261 2262//2262
f 2263//2263 2264//2264 2265//2265
f 2266//2266 2267//2267 2268//2268
f 2269//2269 2270//2270 2271//2271
f 2272//2272 2273//2273 2274//2274
f 2275//2275 2276//2276 2277//2277
f 2278//2278 2279//2279 2280//2280
f 2281//2281 2282//2282 2283//2283
f 2284//2284 2285//2285 2286//2286
f 2287//2287 2288//2288 2289//2289
f 2290//2290 2291//2291 2292//2292
f 2293//2293 2294//2294 2295//2295
f 2296//2296 2297//2297 2298//2298
f 2299//2299 2300//2300 2301//2301
f 2302//2302 2303//2303 2304//2304
f 2305//2305 2306//2306 2307//2307
f 2308//2308 2309//2309 2310//2310
f 2311//2311 2312//2312 2313//2313
f 2314//2314 2315//2315 2316//2316
f 2317//2317 2318//2318 2319//2319
f 2320//2320 2321//2321 2322//2322
f 2323//2323 2324//2324 2325//2325
f 2326//2326 2327//2327 2328//2328
f 2329//2329 2330//2330 2331//2331
f 2332//2332 2333//2333 2334//2334
f 2335//2335 2336//2336 2337//2337
f 2338//2338 2339//2339 2340//2340
f 2341//2341 2342//2342 2343//2343
f 2344//2344 2345//2345 2346//2346
f 2347//2347 2348//2348 2349//2349
f 2350//2350 2351//2351 2352//2352
f 2353//2353 2354//2354 2355//2355
f 2356//2356 2357//2357 2358//2358
f 2359//2359 2360//2360 2361//2361
f 2362//2362 2363//2363 2364//2364
f 2365//2365 2366//2366 2367//2367
f 2368//2368 2369//2369 2370//2370
f 2371//2371 2372//2372 2373//2373
f 2374//2374 2375//2375 2376//2376
f 2377//2377 2378//2378 2379//2379
f 2380//2380 2381//2381 2382//2382
f 2383//2383 2384//2384 2385//2385
f 2386//2386 2387//2387 2388//2388
f 2389//2389 2390//2390 2391//2391
f 2392//2392 2393//2393 2394//2394
f 2395//2395 2396//2396 2397//2397
f 2398//2398 2399//2399 2400//2400
f 2401//2401 2402//2402 2403//2403
f 2404//2404 2405//2405 2406//2406
f 2407//2407 2408//2408 2409//2409
f 2410//2410 2411//2411 2412//2412
f 2413//2413 2414//2414 2415//2415
f 2416//2416 2417//2417 2418//2418
f 2419//2419 2420//2420 2421//2421
f 2422//2422 2423//2423 2424//2424
f 2425//2425 2426//2426 2427//2427
f 2428//2428 2429//2429 2430//2430
f 2431//2431 2432//2432 2433//2433
f 2434//2434 2435//2435 2436//2436
f 2437//2437 2438//2438 2439//2439
f 2440//2440 2441//2441 2442//2442
f 2443//2443 2444//2444 2445//2445
f 2446//2446 2447//2447 2448//2448
f 2449//2449 2450//2450 2451//2451
f 2452//2452 2453//2453 2454//2454
f 2455//2455 2456//2456 2457//2457
f 2458//2458 2459//2459 2460//2460
f 2461//2461 2462//2462 2463//2463
f 2464//2464 2465//2465 2466//2466
f 2467//2467 2468//2468 2469//2469
f 2470//2470 2471//2471 2472//2472
f 2473//2473 2474//2474 2475//2475
f 2476//2476 2477//2477 2478//2478
f 2479//2479 2480//2480 2481//2481
f 2482//2482 2483//2483 2484//2484
f 2485//2485 2486//2486 2487//2487
f 2488//2488 2489//2489 2490//2490
f 2491//2491 2492//2492 2493//2493
f 2494//2494 2495//2495 2496//2496
f 2497//2497 2498//2498 2499//2499
f 2500//2500 2501//2501 2502//2502
f 2503//2503 2504//2504 2505//2505
f 2506//2506 2507//2507 2508//2508
f 2509//2509 2510//2510 2511//2511
f 2512//2512 2513//2513 2514//2514
f 2515//2515 2516//2516 2517//2517
f 2518//2518 2519//2519 2520//2520
f 2521//2521 2522//2522 2523//2523
f 2524//2524 2525//2525 2526//2526
f 2527//2527 2528//2528 2529//2529
f 2530//2530 2531//2531 2532//2532
f 2533//2533 2534//2534 2535//2535
f 2536//2536 2537//2537 2538//2538
f 2539//2539 2540//2540 2541//2541
f 2542//2542 2543//2543 2544//2544
f 2545//2545 2546//2546 2547//2547
f 2548//2548 2549//2549 2550//2550
f 2551//2551 2552//2552 2553//2553
f 2554//2554 2555//2555 2556//2556
f 2557//2557 2558//2558 2559//2559
f 2560//2560 2561//2561 2562//2562
f 2563//2563 2564//2564 2565//2565
f 2566//2566 2567//2567 2568//2568
f 2569//2569 2570//2570 2571//2571
f 2572//2572 2573//2573 2574//2574
f 2575//2575 2576//2576 2577//2577
f 2578//2578 2579//2579 2580//2580
f 2581//2581 2582//2582 2583//2583
f 2584//2584 2585//2585 2586//2586
f 2587//2587 2588//2588 2589//2589
f 2590//2590 2591//2591 2592//2592
f 2593//2593 2594//2594 2595//2595
f 2596//2596 2597//2597 2598//2598
f 2599//2599 2600//2600 2601//2601
f 2602//2602 2603//2603 2604//2604
f 2605//2605 2606//2606 2607//2607
f 2608//2608 2609//2609 2610//2610
f 2611//2611 2612//2612 2613//2613
f 2614//2614 2615//2615 2616//2616
f 2617//2617 2618//2618 2619//2619
f 2620//2620 2621//2621 2622//2622
f 2623//2623 2624//2624 2625//2625
f 2626//2626 2627//2627 2628//2628
f 2629//2629 2630//2630 2631//2631
f 2632//2632 2633//2633 2634//2634
f 2635//2635 2636//2636 2637//2637
f 2638//2638 2639//2639 2640//2640
f 2641//2641 2642//2642 2643//2643
f 2644//2644 2645//2645 2646//2646
f 2647//2647 2648//2648 2649//2649
f 2650//2650 2651//2651 2652//2652
f 2653//2653 2654//2654 2655//2655
f 2656//2656 2657//2657 2658//2658
f 2659//2659 2660//2660 2661//2661
f 2662//2662 2663//2663 2664//2664
f 2665//2665 2666//2666 2667//2667
f 2668//2668 2669//2669 2670//2670
f 2671//2671 2672//2672 2673//2673
f 2674//2674 2675//2675 2676//2676
f 2677//2677 2678//2678 2679//2679
f 2680//2680 2681//2681 2682//2682
f 2683//2683 2684//2684 2685//2685
f 2686//2686 2687//2687 2688//2688
f 2689//2689 2690//2690 2691//2691
f 2692//2692 2693//2693 2694//2694
f 2695//2695 2696//2696 2697//2697
f 2698//2698 2699//2699 2700//2700
f 2701//2701 2702//2702 2703//2703
f 2704//2704 2705//2705 2706//2706
f 2707//2707 2708//2708 2709//2709
f 2710//2710 2711//2711 2712//2712
f 2713//2713 2714//2714 2715//2715
f 2716//2716 2717//2717 2718//2718
f 2719//2719 2720//2720 2721//2721
f 2722//2722 2723//2723 2724//2724
f 2725//2725 2726//2726 2727//2727
f 2728//2728 2729//2729 2730//2730
f 2731//2731 2732//2732 2733//2733
f 2734//2734 2735//2735 2736//2736
f 2737//2737 2738//2738 2739//2739
f 2740//2740 2741//2741 2742//2742
f 2743//2743 2744//2744 2745//2745
f 2746//2746 2747//2747 2748//2748
f 2749//2749 2750//2750 2751//2751
f 2752//2752 2753//2753 2754//2754
f 2755//2755 2756//2756 2757//2757
f 2758//2758 2759//2759 2760//2760
f 2761//2761 2762//2762 2763//2763
f 2764//2764 2765//2765 2766//2766
f 2767//2767 2768//2768 2769//2769
f 2770//2770 2771//2771 2772//2772
f 2773//2773 2774//2774 2775//2775
f 2776//2776 2777//2777 2778//2778
f 2779//2779 2780//2780 2781//2781
f 2782//2782 2783//2783 2784//2784
f 2785//2785 2786//2786 2787//2787
f 2788//2788 2789//2789 2790//2790
f 2791//2791 2792//2792 2793//2793
f 2794//2794 2795//2795 2796//2796
f 2797//2797 2798//2798 2799//2799
f 2800//2800 2801//2801 2802//2802
f 2803//2803 2804//2804 2805//2805
f 2806//2806 2807//2807 2808//2808
f 2809//2809 2810//2810 2811//2811
f 2812//2812 2813//2813 2814//2814
f 2815//2815 2816//2816 2817//2817
f 2818//2818 2819//2819 2820//2820
f 2821//2821 2822//2822 2823//2823
f 2824//2824 2825//2825 2826//2826
f 2827//2827 2828//2828 2829//2829
f 2830//2830 2831//2831 2832//2832
f 2833//2833 2834//2834 2835//2835
f 2836//2836 2837//2837 2838//2838
f 2839//2839 2840//2840 2841//2841
f 2842//2842 2843//2843 2844//2844
f 2845//2845 2846//2846 2847//2847
f 2848//2848 2849//2849 2850//2850
f 2851//2851 2852//2852 2853//2853
f 2854//2854 2855//2855 2856//2856
f 2857//2857 2858//2858 2859//2859
f 2860//2860 2861//2861 2862//2862
f 2863//2863 2864//2864 2865//2865
f 2866//2866 2867//2867 2868//2868
f 2869//2869 2870//2870 2871//2871
f 2872//2872 2873//2873 2874//2874
f 2875//2875 2876//2876 2877//2877
f 2878//2878 2879//2879 2880//2880
f 2881//2881 2882//2882 2883//2883
f 2884//2884 2885//2885 2886//2886
f 2887//2887 2888//2888 2889//2889
f 2890//2890 2891//2891 2892//2892
f 2893//2893 2894//2894 2895//2895
f 2896//2896 2897//2897 2898//2898
f 2899//2899 2900//2900 2901//2901
f 2902//2902 2903//2903 2904//2904
f 2905//2905 2906//2906 2907//2907
f 2908//2908 2909//2909 2910//2910
f 2911//2911 2912//2912 2913//2913
f 2914//2914 2915//2915 2916//2916
f 2917//2917 2918//2918 2919//2919
f 2920//2920 2921//2921 2922//2922
f 2923//2923 2924//2924 2925//2925
f 2926//2926 2927//2927 2928//2928
f 2929//2929 2930//2930 2931//2931
f 2932//2932 2933//2933 2934//2934
f 2935//2935 2936//2936 2937//2937
f 2938//2938 2939//2939 2940//2940
f 2941//2941 2942//2942 2943//2943
f 2944//2944 2945//2945 2946//2946
f 2947//2947 2948//2948 2949//2949
f 2950//2950 2951//2951 2952//2952
f 2953//2953 2954//2954 2955//2955
f 2956//2956 2957//2957 2958//2958
f 2959//2959 2960//2960 2961//2961
f 2962//2962 2963//2963 2964//2964
f 2965//2965 2966//2966 2967//2967
f 2968//2968 2969//2969 2970//2970
f 2971//2971 2972//2972 2973//2973
f 2974//2974 2975//2975 2976//2976
f 2977//2977 2978//2978 2979//2979
f 2980//2980 2981//2981 2982//2982
f 2983//2983 2984//2984 2985//2985
f 2986//2986 2987//2987 2988//2988
f 2989//2989 2990//2990 2991//2991
f 2992//2992 2993//2993 2994//2994
f 2995//2995 2996//2996 2997//2997
f 2998//2998 2999//2999 3000//3000
f 3001//3001 3002//3002 3003//3003
f 3004//3004 3005//3005 3006//3006
f 3007//3007 3008//3008 3009//3009
f 3010//3010 3011//3011 3012//3012
f 3013//3013 3014//3014 3015//3015
f 3016//3016 3017//3017 3018//3018
f 3019//3019 3020//3020 3021//3021
f 3022//3022 3023//3023 3024//3024
f 3025//3025 3026//3026 3027//3027
f 3028//3028 3029//3029 3030//3030
f 3031//3031 3032//3032 3033//3033
f 3034//3034 3035//3035 3036//3036
f 3037//3037 3038//3038 3039//3039
f 3040//3040 3041//3041 3042//3042
f 3043//3043 3044//3044 3045//3045
f 3046//3046 3047//3047 3048//3048
f 3049//3049 3050//3050 3051//3051
f 3052//3052 3053//3053 3054//3054
f 3055//3055 3056//3056 3057//3057
f 3058//3058 3059//3059 3060//3060
f 3061//3061 3062//3062 3063//3063
f 3064//3064 3065//3065 3066//3066
f 3067//3067 3068//3068 3069//3069
f 3070//3070 3071//3071 3072//3072
f 3073//3073 3074//3074 3075//3075
f 3076//3076 3077//3077 3078//3078
f 3079//3079 3080//3080 3081//3081
f 3082//3082 3083//3083 3084//3084
f 3085//3085 3086//3086 3087//3087
f 3088//3088 3089//3089 3090//3090
f 3091//3091 3092//3092 3093//3093
f 3094//3094 3095//3095 3096//3096
f 3097//3097 3098//3098 3099//3099
f 3100//3100 3101//3101 3102//3102
f 3103//3103 3104//3104 3105//3105
f 3106//3106 3107//3107 3108//3108
f 3109//3109 3110//3110 3111//3111
f 3112//3112 3113//3113 3114//3114
f 3115//3115 3116//3116 3117//3117
f 3118//3118 3119//3119 3120//3120
f 3121//3121 3122//3122 3123//3123
f 3124//3124 3125//3125 3126//3126
f 3127//3127 3128//3128 3129//3129
f 3130//3130 3131//3131 3132//3132
f 3133//3133 3134//3134 3135//3135
f 3136//3136 3137//3137 3138//3138
f 3139//3139 3140//3140 3141//3141
f 3142//3142 3143//3143 3144//3144
f 3145//3145 3146//3146 3147//3147
f 3148//3148 3149//3149 3150//3150
f 3151//3151 3152//3152 3153//3153
f 3154//3154 3155//3155 3156//3156
f 3157//3157 3158//3158 3159//3159
f 3160//3160 3161//3161 3162//3162
f 3163//3163 3164//3164 3165//3165
f 3166//3166 3167//3167 3168//3168
f 3169//3169 3170//3170 3171//3171
f 3172//3172 3173//3173 3174//3174
f 3175//3175 3176//3176 3177//3177
f 3178//3178 3179//3179 3180//3180
f 3181//3181 3182//3182 3183//3183
f 3184//3184 3185//3185 3186//3186
f 3187//3187 3188//3188 3189//3189
f 3190//3190 3191//3191 3192//3192
f 3193//3193 3194//3194 3195//3195
f 3196//3196 3197//3197 3198//3198
f 3199//3199 3200//3200 3201//3201
f 3202//3202 3203//3203 3204//3204
f 3205//3205 3206//3206 3207//3207
f 3208//3208 3209//3209 3210//3210
f 3211//3211 3212//3212 3213//3213
f 3214//3214 3215//3215 3216//3216
f 3217//3217 3218//3218 3219//3219
f 3220//3220 3221//3221 3222//3222
f 3223//3223 3224//3224 3225//3225
f 3226//3226 3227//3227 3228//3228
f 3229//3229 3230//3230 3231//3231
f 3232//3232 3233//3233 3234//3234
f 3235//3235 3236//3236 3237//3237
f 3238//3238 3239//3239 3240//3240
f 3241//3241 3242//3242 3243//3243
f 3244//3244 3245//3245 3246//3246
f 3247//3247 3248//3248 3249//3249
f 3250//3250 3251//3251 3252//3252
f 3253//3253 3254//3254 3255//3255
f 3256//3256 3257//3257 3258//3258
f 3259//3259 3260//3260 3261//3261
f 3262//3262 3263//3263 3264//3264
f 3265//3265 3266//3266 3267//3267
f 3268//3268 3269//3269 3270//3270
f 3271//3271 3272//3272 3273//3273
f 3274//3274 3275//3275 3276//3276
f 3277//3277 3278//3278 3279//3279
f 3280//3280 3281//3281 3282//3282
f 3283//3283 3284//3284 3285//3285
f 3286//3286 3287//3287 3288//3288
f 3289//3289 3290//3290 3291//3291
f 3292//3292 3293//3293 3294//3294
f 3295//3295 3296//3296 3297//3297
f 3298//3298 3299//3299 3300//3300
f 3301//3301 3302//3302 3303//3303
f 3304//3304 3305//3305 3306//3306
f 3307//3307 3308//3308 3309//3309
f 3310//3310 3311//3311 3312//3312
f 3313//3313 3314//3314 3315//3315
f 3316//3316 3317//3317 3318//3318
f 3319//3319 3320//3320 3321//3321
f 3322//3322 3323//3323 3324//3324
f 3325//3325 3326//3326 3327//3327
f 3328//3328 3329//3329 3330//3330
f 3331//3331 3332//3332 3333//3333
f 3334//3334 3335//3335 3336//3336
f 3337//3337 3338//3338 3339//3339
f 3340//3340 3341//3341 3342//3342
f 3343//3343 3344//3344 3345//3345
f 3346//3346 3347//3347 3348//3348
f 3349//3349 3350//3350 3351//3351
f 3352//3352 3353//3353 3354//3354
f 3355//3355 3356//3356 3357//3357
f 3358//3358 3359//3359 3360//3360
f 3361//3361 3362//3362 3363//3363
f 3364//3364 3365//3365 3366//3366
f 3367//3367 3368//3368 3369//3369
f 3370//3370 3371//3371 3372//3372
f 3373//3373 3374//3374 3375//3375
f 3376//3376 3377//3377 3378//3378
f 3379//3379 3380//3380 3381//3381
f 3382//3382 3383//3383 3384//3384
f 3385//3385 3386//3386 3387//3387
f 3388//3388 3389//3389 3390//3390
f 3391//3391 3392//3392 3393//3393
f 3394//3394 3395//3395 3396//3396
f 3397//3397 3398//3398 3399//3399
f 3400//3400 3401//3401 3402//3402
f 3403//3403 3404//3404 3405//3405
f 3406//3406 3407//3407 3408//3408
f 3409//3409 3410//3410 3411//3411
f 3412//3412 3413//3413 3414//3414
f 3415//3415 3416//3416 3417//3417
f 3418//3418 3419//3419 3420//3420
f 3421//3421 3422//3422 3423//3423
f 3424//3424 3425//3425 3426//3426
f 3427//3427 3428//3428 3429//3429
f 3430//3430 3431//3431 3432//3432
f 3433//3433 3434//3434 3435//3435
f 3436//3436 3437//3437 3438//3438
f 3439//3439 3440//3440 3441//3441
f 3442//3442 3443//3443 3444//3444
f 3445//3445 3446//3446 3447//3447
f 3448//3448 3449//3449 3450//3450
f 3451//3451 3452//3452 3453//3453
f 3454//3454 3455//3455 3456//3456
f 3457//3457 3458//3458 3459//3459
f 3460//3460 3461//3461 3462//3462
f 3463//3463 3464//3464 3465//3465
f 3466//3466 3467//3467 3468//3468
f 3469//3469 3470//3470 3471//3471
f 3472//3472 3473//3473 3474//3474
f 3475//3475 3476//3476 3477//3477
f 3478//3478 3479//3479 3480//3480
f 3481//3481 3482//3482 3483//3483
f 3484//3484 3485//3485 3486//3486
f 3487//3487 3488//3488 3489//3489
f 3490//3490 3491//3491 3492//3492
f 3493//3493 3494//3494 3495//3495
f 3496//3496 3497//3497 3498//3498
f 3499//3499 3500//3500 3501//3501
f 3502//3502 3503//3503 3504//3504
f 3505//3505 3506//3506 3507//3507
f 3508//3508 3509//3509 3510//3510
f 3511//3511 3512//3512 3513//3513
f 3514//3514 3515//3515 3516//3516
f 3517//3517 3518//3518 3519//3519
f 3520//3520 3521//3521 3522//3522
f 3523//3523 3524//3524 3525//3525
f 3526//3526 3527//3527 3528//3528
f 3529//3529 3530//3530 3531//3531
f 3532//3532 3533//3533 3534//3534
f 3535//3535 3536//3536 3537//3537
f 3538//3538 3539//3539 3540//3540
f 3541//3541 3542//3542 3543//3543
f 3544//3544 3545//3545 3546//3546
f 3547//3547 3548//3548 3549//3549
f 3550//3550 3551//3551 3552//3552
f 3553//3553 3554//3554 3555//3555
f 3556//3556 3557//3557 3558//3558
f 3559//3559 3560//3560 3561//3561
f 3562//3562 3563//3563 3564//3564
f 3565//3565 3566//3566 3567//3567
f 3568//3568 3569//3569 3570//3570
f 3571//3571 3572//3572 3573//3573
f 3574//3574 3575//3575 3576//3576
f 3577//3577 3578//3578 3579//3579
f 3580//3580 3581//3581 3582//3582
f 3583//3583 3584//3584 3585//3585
f 3586//3586 3587//3587 3588//3588
f 3589//3589 3590//3590 3591//3591
f 3592//3592 3593//3593 3594//3594
f 3595//3595 3596//3596 3597//3597
f 3598//3598 3599//3599 3600//3600
f 3601//3601 3602//3602 3603//3603
f 3604//3604 3605//3605 3606//3606
f 3607//3607 3608//3608 3609//3609
f 3610//3610 3611//3611 3612//3612
f 3613//3613 3614//3614 3615//3615
f 3616//3616 3617//3617 3618//3618
f 3619//3619 3620//3620 3621//3621
f 3622//3622 3623//3623 3624//3624
f 3625//3625 3626//3626 3627//3627
f 3628//3628 3629//3629 3630//3630
f 3631//3631 3632//3632 3633//3633
f 3634//3634 3635//3635 3636//3636
f 3637//3637 3638//3638 3639//3639
f 3640//3640 3641//3641 3642//3642
f 3643//3643 3644//3644 3645//3645
f 3646//3646 3647//3647 3648//3648
f 3649//3649 3650//3650 3651//3651
f 3652//3652 3653//3653 3654//3654
f 3655//3655 3656//3656 3657//3657
f 3658//3658 3659//3659 3660//3660
f 3661//3661 3662//3662 3663//3663
f 3664//3664 3665//3665 3666//3666
f 3667//3667 3668//3668 3669//3669
f 3670//3670 3671//3671 3672//3672
f 3673//3673 3674//3674 3675//3675
f 3676//3676 3677//3677 3678//3678
f 3679//3679 3680//3680 3681//3681
f 3682//3682 3683//3683 3684//3684
f 3685//3685 3686//3686 3687//3687
f 3688//3688 3689//3689 3690//3690
f 3691//3691 3692//3692 3693//3693
f 3694//3694 3695//3695 3696//3696
f 3697//3697 3698//3698 3699//3699
f 3700//3700 3701//3701 3702//3702
f 3703//3703 3704//3704 3705//3705
f 3706//3706 3707//3707 3708//3708
f 3709//3709 3710//3710 3711//3711
f 3712//3712 3713//3713 3714//3714
f 3715//3715 3716//3716 3717//3717
f 3718//3718 3719//3719 3720//3720
f 3721//3721 3722//3722 3723//3723
f 3724//3724 3725//3725 3726//3726
f 3727//3727 3728//3728 3729//3729
f 3730//3730 3731//3731 3732//3732
f 3733//3733 3734//3734 3735//3735
f 3736//3736 3737//3737 3738//3738
f 3739//3739 3740//3740 3741//3741
f 3742//3742 3743//3743 3744//3744
f 3745//3745 3746//3746 3747//3747
f 3748//3748 3749//3749 3750//3750
f 3751//3751 3752//3752 3753//3753
f 3754//3754 3755//3755 3756//3756
f 3757//3757 3758//3758 3759//3759
f 3760//3760 3761//3761 3762//3762
f 3763//3763 3764//3764 3765//3765
f 3766//3766 3767//3767 3768//3768
f 3769//3769 3770//3770 3771//3771
f 3772//3772 3773//3773 3774//3774
f 3775//3775 3776//3776 3777//3777
f 3778//3778 3779//3779 3780//3780
f 3781//3781 3782//3782 3783//3783
f 3784//3784 3785//3785 3786//3786
f 3787//3787 3788//3788 3789//3789
f 3790//3790 3791//3791 3792//3792
f 3793//3793 3794//3794 3795//3795
f 3796//3796 3797//3797 3798//3798
f 3799//3799 3800//3800 3801//3801
f 3802//3802 3803//3803 3804//3804
f 3805//3805 3806//3806 3807//3807
f 3808//3808 3809//3809 3810//3810
f 3811//3811 3812//3812 3813//3813
f 3814//3814 3815//3815 3816//3816
f 3817//3817 3818//3818 3819//3819
f 3820//3820 3821//3821 3822//3822
f 3823//3823 3824//3824 3825//3825
f 3826//3826 3827//3827 3828//3828
f 3829//3829 3830//3830 3831//3831
f 3832//3832 3833//3833 3834//3834
f 3835//3835 3836//3836 3837//3837
f 3838//3838 3839//3839 3840//3840
f 3841//3841 3842//3842 3843//3843
f 3844//3844 3845//3845 3846//3846
f 3847//3847 3848//3848 3849//3849
f 3850//3850 3851//3851 3852//3852
f 3853//3853 3854//3854 3855//3855
f 3856//3856 3857//3857 3858//3858
f 3859//3859 3860//3860 3861//3861
f 3862//3862 3863//3863 3864//3864
f 3865//3865 3866//3866 3867//3867
f 3868//3868 3869//3869 3870//3870
f 3871//3871 3872//3872 3873//3873
f 3874//3874 3875//3875 3876//3876
f 3877//3877 3878//3878 3879//3879
f 3880//3880 3881//3881 3882//3882
f 3883//3883 3884//3884 3885//3885
f 3886//3886 3887//3887 3888//3888
f 3889//3889 3890//3890 3891//3891
f 3892//3892 3893//3893 3894//3894
f 3895//3895 3896//3896 3897//3897
f 3898//3898 3899//3899 3900//3900
f 3901//3901 3902//3902 3903//3903
f 3904//3904 3905//3905 3906//3906
f 3907//3907 3908//3908 3909//3909
f 3910//3910 3911//3911 3912//3912
f 3913//3913 3914//3914 3915//3915
f 3916//3916 3917//3917 3918//3918
f 3919//3919 3920//3920 3921//3921
f 3922//3922 3923//3923 3924//3924
f 3925//3925 3926//3926 3927//3927
f 3928//3928 3929//3929 3930//3930
f 3931//3931 3932//3932 3933//3933
f 3934//3934 3935//3935 3936//3936
f 3937//3937 3938//3938 3939//3939
f 3940//3940 3941//3941 3942//3942
f 3943//3943 3944//3944 3945//3945
f 3946//3946 3947//3947 3948//3948
f 3949//3949 3950//3950 3951//3951
f 3952//3952 3953//3953 3954//3954
f 3955//3955 3956//3956 3957//3957
f 3958//3958 3959//3959 3960//3960
f 3961//3961 3962//3962 3963//3963
f 3964//3964 3965//3965 3966//3966
f 3967//3967 3968//3968 3969//3969
f 3970//3970 3971//3971 3972//3972
f 3973//3973 3974//3974 3975//3975
f 3976//3976 3977//3977 3978//3978
f 3979//3979 3980//3980 3981//3981
f 3982//3982 3983//3983 3984//3984
f 3985//3985 3986//3986 3987//3987
f 3988//3988 3989//3989 3990//3990
f 3991//3991 3992//3992 3993//3993
f 3994//3994 3995//3995 3996//3996
f 3997//3997 3998//3998 3999//3999
f 4000//4000 4001//4001 4002//4002
f 4003//4003 4004//4004 4005//4005
f 4006//4006 4007//4007 4008//4008
f 4009//4009 4010//4010 4011//4011
f 4012//4012 4013//4013 4014//4014
f 4015//4015 4016//4016 4017//4017
f 4018//4018 4019//4019 4020//4020
f 4021//4021 4022//4022 4023//4023
f 4024//4024 4025//4025 4026//4026
f 4027//4027 4028//4028 4029//4029
f 4030//4030 4031//4031 4032//4032
f 4033//4033 4034//4034 4035//4035
f 4036//4036 4037//4037 4038//4038
f 4039//4039 4040//4040 4041//4041
f 4042//4042 4043//4043 4044//4044
f 4045//4045 4046//4046 4047//4047
f 4048//4048 4049//4049 4050//4050
f 4051//4051 4052//4052 4053//4053
f 4054//4054 4055//4055 4056//4056
f 4057//4057 4058//4058 4059//4059
f 4060//4060 4061//4061 4062//4062
f 4063//4063 4064//4064 4065//4065
f 4066//4066 4067//4067 4068//4068
f 4069//4069 4070//4070 4071//4071
f 4072//4072 4073//4073 4074//4074
f 4075//4075 4076//4076 4077//4077
f 4078//4078 4079//4079 4080//4080
f 4081//4081 4082//4082 4083//4083
f 4084//4084 4085//4085 4086//4086
f 4087//4087 4088//4088 4089//4089
f 4090//4090 4091//4091 4092//4092
f 4093//4093 4094//4094 4095//4095
f 4096//4096 4097//4097 4098//4098
f 4099//4099 4100//4100 4101//4101
f 4102//4102 4103//4103 4104//4104
f 4105//4105 4106//4106 4107//4107
f 4108//4108 4109//4109 4110//4110
f 4111//4111 4112//4112 4113//4113
f 4114//4114 4115//4115 4116//4116
f 4117//4117 4118//4118 4119//4119
f 4120//4120 4121//4121 4122//4122
f 4123//4123 4124//4124 4125//4125
f 4126//4126 4127//4127 4128//4128
f 4129//4129 4130//4130 4131//4131
f 4132//4132 4133//4133 4134//4134
f 4135//4135 4136//4136 4137//4137
f 4138//4138 4139//4139 4140//4140
f 4141//4141 4142//4142 4143//4143
f 4144//4144 4145//4145 4146//4146
f 4147//4147 4148//4148 4149//4149
f 4150//4150 4151//4151 4152//4152
f 4153//4153 4154//4154 4155//4155
f 4156//4156 4157//4157 4158//4158
f 4159//4159 4160//4160 4161//4161
f 4162//4162 4163//4163 4164//4164
f 4165//4165 4166//4166 4167//4167
f 4168//4168 4169//4169 4170//4170
f 4171//4171 4172//4172 4173//4173
f 4174//4174 4175//4175 4176//4176
f 4177//4177 4178//4178 4179//4179
f 4180//4180 4181//4181 4182//4182
f 4183//4183 4184//4184 4185//4185
f 4186//4186 4187//4187 4188//4188
f 4189//4189 4190//4190 4191//4191
f 4192//4192 4193//4193 4194//4194
f 4195//4195 4196//4196 4197//4197
f 4198//4198 4199//4199 4200//4200
f 4201//4201 4202//4202 4203//4203
f 4204//4204 4205//4205 4206//4206
f 4207//4207 4208//4208 4209//4209
f 4210//4210 4211//4211 4212//4212
f 4213//4213 4214//4214 4215//4215
f 4216//4216 4217//4217 4218//4218
f 4219//4219 4220//4220 4221//4221
f 4222//4222 4223//4223 4224//4224
f 4225//4225 4226//4226 4227//4227
f 4228//4228 4229//4229 4230//4230
f 4231//4231 4232//4232 4233//4233
f 4234//4234 4235//4235 4236//4236
f 4237//4237 4238//4238 4239//4239
f 4240//4240 4241//4241 4242//4242
f 4243//4243 4244//4244 4245//4245
f 4246//4246 4247//4247 4248//4248
f 4249//4249 4250//4250 4251//4251
f 4252//4252 4253//4253 4254//4254
f 4255//4255 4256//4256 4257//4257
f 4258//4258 4259//4259 4260//4260
f 4261//4261 4262//4262 4263//4263
f 4264//4264 4265//4265 4266//4266
f 4267//4267 4268//4268 4269//4269
f 4270//4270 4271//4271 4272//4272
f 4273//4273 4274//4274 4275//4275
f 4276//4276 4277//4277 4278//4278
f 4279//4279 4280//4280 4281//4281
f 4282//4282 4283//4283 4284//4284
f 4285//4285 4286//4286 4287//4287
f 4288//4288 4289//4289 4290//4290
f 4291//4291 4292//4292 4293//4293
f 4294//4294 4295//4295 4296//4296
f 4297//4297 4298//4298 4299//4299
f 4300//4300 4301//4301 4302//4302
f 4303//4303 4304//4304 4305//4305
f 4306//4306 4307//4307 4308//4308
f 4309//4309 4310//4310 4311//4311
f 4312//4312 4313//4313 4314//4314
f 4315//4315 4316//4316 4317//4317
f 4318//4318 4319//4319 4320//4320
f 4321//4321 4322//4322 4323//4323
f 4324//4324 4325//4325 4326//4326
f 4327//4327 4328//4328 4329//4329
f 4330//4330 4331//4331 4332//4332
f 4333//4333 4334//4334 4335//4335
f 4336//4336 4337//4337 4338//4338
f 4339//4339 4340//4340 4341//4341
f 4342//4342 4343//4343 4344//4344
f 4345//4345 4346//4346 4347//4347
f 4348//4348 4349//4349 4350//4350
f 4351//4351 4352//4352 4353//4353
f 4354//4354 4355//4355 4356//4356
f 4357//4357 4358//4358 4359//4359
f 4360//4360 4361//4361 4362//4362
f 4363//4363 4364//4364 4365//4365
f 4366//4366 4367//4367 4368//4368
f 4369//4369 4370//4370 4371//4371
f 4372//4372 4373//4373 4374//4374
f 4375//4375 4376//4376 4377//4377
f 4378//4378 4379//4379 4380//4380
f 4381//4381 4382//4382 4383//4383
f 4384//4384 4385//4385 4386//4386
f 4387//4387 4388//4388 4389//4389
f 4390//4390 4391//4391 4392//4392
f 4393//4393 4394//4394 4395//4395
f 4396//4396 4397//4397 4398//4398
f 4399//4399 4400//4400 4401//4401
f 4402//4402 4403//4403 4404//4404
f 4405//4405 4406//4406 4407//4407
f 4408//4408 4409//4409 4410//4410
f 4411//4411 4412//4412 4413//4413
f 4414//4414 4415//4415 4416//4416
f 4417//4417 4418//4418 4419//4419
f 4420//4420 4421//4421 4422//4422
f 4423//4423 4424//4424 4425//4425
f 4426//4426 4427//4427 4428//4428
f 4429//4429 4430//4430 4431//4431
f 4432//4432 4433//4433 4434//4434
f 4435//4435 4436//4436 4437//4437
f 4438//4438 4439//4439 4440//4440
f 4441//4441 4442//4442 4443//4443
f 4444//4444 4445//4445 4446//4446
f 4447//4447 4448//4448 4449//4449
f 4450//4450 4451//4451 4452//4452
f 4453//4453 4454//4454 4455//4455
f 4456//4456 4457//4457 4458//4458
f 4459//4459 4460//4460 4461//4461
f 4462//4462 4463//4463 4464//4464
f 4465//4465 4466//4466 4467//4467
f 4468//4468 4469//4469 4470//4470
f 4471//4471 4472//4472 4473//4473
f 4474//4474 4475//4475 4476//4476
f 4477//4477 4478//4478 4479//4479
f 4480//4480 4481//4481 4482//4482
f 4483//4483 4484//4484 4485//4485
f 4486//4486 4487//4487 4488//4488
f 4489//4489 4490//4490 4491//4491
f 4492//4492 4493//4493 4494//4494
f 4495//4495 4496//4496 4497//4497
f 4498//4498 4499//4499 4500//4500
f 4501//4501 4502//4502 4503//4503
f 4504//4504 4505//4505 4506//4506
f 4507//4507 4508//4508 4509//4509
f 4510//4510 4511//4511 4512//4512
f 4513//4513 4514//4514 4515//4515
f 4516//4516 4517//4517 4518//4518
f 4519//4519 4520//4520 4521//4521
f 4522//4522 4523//4523 4524//4524
f 4525//4525 4526//4526 4527//4527
f 4528//4528 4529//4529 4530//4530
f 4531//4531 4532//4532 4533//4533
f 4534//4534 4535//4535 4536//4536
f 4537//4537 4538//4538 4539//4539
f 4540//4540 4541//4541 4542//4542
f 4543//4543 4544//4544 4545//4545
f 4546//4546 4547//4547 4548//4548
f 4549//4549 4550//4550 4551//4551
f 4552//4552 4553//4553 4554//4554
f 4555//4555 4556//4556 4557//4557
f 4558//4558 4559//4559 4560//4560
f 4561//4561 4562//4562 4563//4563
f 4564//4564 4565//4565 4566//4566
f 4567//4567 4568//4568 4569//4569
f 4570//4570 4571//4571 4572//4572
f 4573//4573 4574//4574 4575//4575
f 4576//4576 4577//4577 4578//4578
f 4579//4579 4580//4580 4581//4581
f 4582//4582 4583//4583 4584//4584
f 4585//4585 4586//4586 4587//4587
f 4588//4588 4589//4589 4590//4590
f 4591//4591 4592//4592 4593//4593
f 4594//4594 4595//4595 4596//4596
f 4597//4597 4598//4598 4599//4599
f 4600//4600 4601//4601 4602//4602
f 4603//4603 4604//4604 4605//4605
f 4606//4606 4607//4607 4608//4608
f 4609//4609 4610//4610 4611//4611
f 4612//4612 4613//4613 4614//4614
f 4615//4615 4616//4616 4617//4617
f 4618//4618 4619//4619 4620//4620
f 4621//4621 4622//4622 4623//4623
f 4624//4624 4625//4625 4626//4626
f 4627//4627 4628//4628 4629//4629
f 4630//4630 4631//4631 4632//4632
f 4633//4633 4634//4634 4635//4635
f 4636//4636 4637//4637 4638//4638
f 4639//4639 4640//4640 4641//4641
f 4642//4642 4643//4643 4644//4644
f 4645//4645 4646//4646 4647//4647
f 4648//4648 4649//4649 4650//4650
f 4651//4651 4652//4652 4653//4653
f 4654//4654 4655//4655 4656//4656
f 4657//4657 4658//4658 4659//4659
f 4660//4660 4661//4661 4662//4662
f 4663//4663 4664//4664 4665//4665
f 4666//4666 4667//4667 4668//4668
f 4669//4669 4670//4670 4671//4671
f 4672//4672 4673//4673 4674//4674
f 4675//4675 4676//4676 4677//4677
f 4678//4678 4679//4679 4680//4680
f 4681//4681 4682//4682 4683//4683
f 4684//4684 4685//4685 4686//4686
f 4687//4687 4688//4688 4689//4689
f 4690//4690 4691//4691 4692//4692
f 4693//4693 4694//4694 4695//4695
f 4696//4696 4697//4697 4698//4698
f 4699//4699 4700//4700 4701//4701
f 4702//4702 4703//4703 4704//4704
f 4705//4705 4706//4706 4707//4707
f 4708//4708 4709//4709 4710//4710
f 4711//4711 4712//4712 4713//4713
f 4714//4714 4715//4715 4716//4716
f 4717//4717 4718//4718 4719//4719
f 4720//4720 4721//4721 4722//4722
f 4723//4723 4724//4724 4725//4725
f 4726//4726 4727//4727 4728//4728
f 4729//4729 4730//4730 4731//4731
f 4732//4732 4733//4733 4734//4734
f 4735//4735 4736//4736 4737//4737
f 4738//4738 4739//4739 4740//4740
f 4741//4741 4742//4742 4743//4743
f 4744//4744 4745//4745 4746//4746
f 4747//4747 4748//4748 4749//4749
f 4750//4750 4751//4751 4752//4752
f 4753//4753 4754//4754 4755//4755
f 4756//4756 4757//4757 4758//4758
f 4759//4759 4760//4760 4761//4761
f 4762//4762 4763//4763 4764//4764
f 4765//4765 4766//4766 4767//4767
f 4768//4768 4769//4769 4770//4770
f 4771//4771 4772//4772 4773//4773
f 4774//4774 4775//4775 4776//4776
f 4777//4777 4778//4778 4779//4779
f 4780//4780 4781//4781 4782//4782
f 4783//4783 4784//4784 4785//4785
f 4786//4786 4787//4787 4788//4788
f 4789//4789 4790//4790 4791//4791
f 4792//4792 4793//4793 4794//4794
f 4795//4795 4796//4796 4797//4797
f 4798//4798 4799//4799 4800//4800
f 4801//4801 4802//4802 4803//4803
f 4804//4804 4805//4805 4806//4806
f 4807//4807 4808//4808 4809//4809
f 4810//4810 4811//4811 4812//4812
f 4813//4813 4814//4814 4815//4815
f 4816//4816 4817//4817 4818//4818
f 4819//4819 4820//4820 4821//4821
f 4822//4822 4823//4823 4824//4824
f 4825//4825 4826//4826 4827//4827
f 4828//4828 4829//4829 4830//4830
f 4831//4831 4832//4832 4833//4833
f 4834//4834 4835//4835 4836//4836
f 4837//4837 4838//4838 4839//4839
f 4840//4840 4841//4841 4842//4842
f 4843//4843 4844//4844 4845//4845
f 4846//4846 4847//4847 4848//4848
f 4849//4849 4850//4850 4851//4851
f 4852//4852 4853//4853 4854//4854
f 4855//4855 4856//4856 4857//4857
f 4858//4858 4859//4859 4860//4860
f 4861//4861 4862//4862 4863//4863
f 4864//4864 4865//4865 4866//4866
f 4867//4867 4868//4868 4869//4869
f 4870//4870 4871//4871 4872//4872
f 4873//4873 4874//4874 4875//4875
f 4876//4876 4877//4877 4878//4878
f 4879//4879 4880//4880 4881//4881
f 4882//4882 4883//4883 4884//4884
f 4885//4885 4886//4886 4887//4887
f 4888//4888 4889//4889 4890//4890
f 4891//4891 4892//4892 4893//4893
f 4894//4894 4895//4895 4896//4896
f 4897//4897 4898//4898 4899//4899
f 4900//4900 4901//4901 4902//4902
f 4903//4903 4904//4904 4905//4905
f 4906//4906 4907//4907 4908//4908
f 4909//4909 4910//4910 4911//4911
f 4912//4912 4913//4913 4914//4914
f 4915//4915 4916//4916 4917//4917
f 4918//4918 4919//4919 4920//4920
f 4921//4921 4922//4922 4923//4923
f 4924//4924 4925//4925 4926//4926
f 4927//4927 4928//4928 4929//4929
f 4930//4930 4931//4931 4932//4932
f 4933//4933 4934//4934 4935//4935
f 4936//4936 4937//4937 4938//4938
f 4939//4939 4940//4940 4941//4941
f 4942//4942 4943//4943 4944//4944
f 4945//4945 4946//4946 4947//4947
f 4948//4948 4949//4949 4950//4950
f 4951//4951 4952//4952 4953//4953
f 4954//4954 4955//4955 4956//4956
f 4957//4957 4958//4958 4959//4959
f 4960//4960 4961//4961 4962//4962
f 4963//4963 4964//4964 4965//4965
f 4966//4966 4967//4967 4968//4968
f 4969//4969 4970//4970 4971//4971
f 4972//4972 4973//4973 4974//4974
f 4975//4975 4976//4976 4977//4977
f 4978//4978 4979//4979 4980//4980
f 4981//4981 4982//4982 4983//4983
f 4984//4984 4985//4985 4986//4986
f 4987//4987 4988//4988 4989//4989
f 4990//4990 4991//4991 4992//4992
f 4993//4993 4994//4994 4995//4995
f 4996//4996 4997//4997 4998//4998
f 4999//4999 5000//5000 5001//5001
f 5002//5002 5003//5003 5004//5004
f 5005//5005 5006//5006 5007//5007
f 5008//5008 5009//5009 5010//5010
f 5011//5011 5012//5012 5013//5013
f 5014//5014 5015//5015 5016//5016
f 5017//5017 5018//5018 5019//5019
f 5020//5020 5021//5021 5022//5022
f 5023//5023 5024//5024 5025//5025
f 5026//5026 5027//5027 5028//5028
f 5029//5029 5030//5030 5031//5031
f 5032//5032 5033//5033 5034//5034
f 5035//5035 5036//5036 5037//5037
f 5038//5038 5039//5039 5040//5040
f 5041//5041 5042//5042 5043//5043
f 5044//5044 5045//5045 5046//5046
f 5047//5047 5048//5048 5049//5049
f 5050//5050 5051//5051 5052//5052
f 5053//5053 5054//5054 5055//5055
f 5056//5056 5057//5057 5058//5058
f 5059//5059 5060//5060 5061//5061
f 5062//5062 5063//5063 5064//5064
f 5065//5065 5066//5066 5067//5067
f 5068//5068 5069//5069 5070//5070
f 5071//5071 5072//5072 5073//5073
f 5074//5074 5075//5075 5076//5076
f 5077//5077 5078//5078 5079//5079
f 5080//5080 5081//5081 5082//5082
f 5083//5083 5084//5084 5085//5085
f 5086//5086 5087//5087 5088//5088
f 5089//5089 5090//5090 5091//5091
f 5092//5092 5093//5093 5094//5094
f 5095//5095 5096//5096 5097//5097
f 5098//5098 5099//5099 5100//5100
f 5101//5101 5102//5102 5103//5103
f 5104//5104 5105//5105 5106//5106
f 5107//5107 5108//5108 5109//5109
f 5110//5110 5111//5111 5112//5112
f 5113//5113 5114//5114 5115//5115
f 5116//5116 5117//5117 5118//5118
f 5119//5119 5120//5120 5121//5121
f 5122//5122 5123//5123 5124//5124
f 5125//5125 5126//5126 5127//5127
f 5128//5128 5129//5129 5130//5130
f 5131//5131 5132//5132 5133//5133
f 5134//5134 5135//5135 5136//5136
f 5137//5137 5138//5138 5139//5139
f 5140//5140 5141//5141 5142//5142
f 5143//5143 5144//5144 5145//5145
f 5146//5146 5147//5147 5148//5148
f 5149//5149 5150//5150 5151//5151
f 5152//5152 5153//5153 5154//5154
f 5155//5155 5156//5156 5157//5157
f 5158//5158 5159//5159 5160//5160
f 5161//5161 5162//5162 5163//5163
f 5164//5164 5165//5165 5166//5166
f 5167//5167 5168//5168 5169//5169
f 5170//5170 5171//5171 5172//5172
f 5173//5173 5174//5174 5175//5175
f 5176//5176 5177//5177 5178//5178
f 5179//5179 5180//5180 5181//5181
f 5182//5182 5183//5183 5184//5184
f 5185//5185 5186//5186 5187//5187
f 5188//5188 5189//5189 5190//5190
f 5191//5191 5192//5192 5193//5193
f 5194//5194 5195//5195 5196//5196
f 5197//5197 5198//5198 5199//5199
f 5200//5200 5201//5201 5202//5202
f 5203//5203 5204//5204 5205//5205
f 5206//5206 5207//5207 5208//5208
f 5209//5209 5210//5210 5211//5211
f 5212//5212 5213//5213 5214//5214
f 5215//5215 5216//5216 5217//5217
f 5218//5218 5219//5219 5220//5220
f 5221//5221 5222//5222 5223//5223
f 5224//5224 5225//5225 5226//5226
f 5227//5227 5228//5228 5229//5229
f 5230//5230 5231//5231 5232//5232
f 5233//5233 5234//5234 5235//5235
f 5236//5236 5237//5237 5238//5238
f 5239//5239 5240//5240 5241//5241
f 5242//5242 5243//5243 5244//5244
f 5245//5245 5246//5246 5247//5247
f 5248//5248 5249//5249 5250//5250
f 5251//5251 5252//5252 5253//5253
f 5254//5254 5255//5255 5256//5256
f 5257//5257 5258//5258 5259//5259
f 5260//5260 5261//5261 5262//5262
f 5263//5263 5264//5264 5265//5265
f 5266//5266 5267//5267 5268//5268
f 5269//5269 5270//5270 5271//5271
f 5272//5272 5273//5273 5274//5274
f 5275//5275 5276//5276 5277//5277
f 5278//5278 5279//5279 5280//5280
f 5281//5281 5282//5282 5283//5283
f 5284//5284 5285//5285 5286//5286
f 5287//5287 5288//5288 5289//5289
f 5290//5290 5291//5291 5292//5292
f 5293//5293 5294//5294 5295//5295
f 5296//5296 5297//5297 5298//5298
f 5299//5299 5300//5300 5301//5301
f 5302//5302 5303//5303 5304//5304
f 5305//5305 5306//5306 5307//5307
f 5308//5308 5309//5309 5310//5310
f 5311//5311 5312//5312 5313//5313
f 5314//5314 5315//5315 5316//5316
f 5317//5317 5318//5318 5319//5319
f 5320//5320 5321//5321 5322//5322
f 5323//5323 5324//5324 5325//5325
f 5326//5326 5327//5327 5328//5328
f 5329//5329 5330//5330 5331//5331
f 5332//5332 5333//5333 5334//5334
f 5335//5335 5336//5336 5337//5337
f 5338//5338 5339//5339 5340//5340
f 5341//5341 5342//5342 5343//5343
f 5344//5344 5345//5345 5346//5346
f 5347//5347 5348//5348 5349//5349
f 5350//5350 5351//5351 5352//5352
f 5353//5353 5354//5354 5355//5355
f 5356//5356 5357//5357 5358//5358
f 5359//5359 5360//5360 5361//5361
f 5362//5362 5363//5363 5364//5364
f 5365//5365 5366//5366 5367//5367
f 5368//5368 5369//5369 5370//5370
f 5371//5371 5372//5372 5373//5373
f 5374//5374 5375//5375 5376//5376
f 5377//5377 5378//5378 5379//5379
f 5380//5380 5381//5381 5382//5382
f 5383//5383 5384//5384 5385//5385
f 5386//5386 5387//5387 5388//5388
f 5389//5389 5390//5390 5391//5391
f 5392//5392 5393//5393 5394//5394
f 5395//5395 5396//5396 5397//5397
f 5398//5398 5399//5399 5400//5400
f 5401//5401 5402//5402 5403//5403
f 5404//5404 5405//5405 5406//5406
f 5407//5407 5408//5408 5409//5409
f 5410//5410 5411//5411 5412//5412
f 5413//5413 5414//5414 5415//5415
f 5416//5416 5417//5417 5418//5418
f 5419//5419 5420//5420 5421//5421
f 5422//5422 5423//5423 5424//5424
f 5425//5425 5426//5426 5427//5427
f 5428//5428 5429//5429 5430//5430
f 5431//5431 5432//5432 5433//5433
f 5434//5434 5435//5435 5436//5436
f 5437//5437 5438//5438 5439//5439
f 5440//5440 5441//5441 5442//5442
f 5443//5443 5444//5444 5445//5445
f 5446//5446 5447//5447 5448//5448
f 5449//5449 5450//5450 5451//5451
f 5452//5452 5453//5453 5454//5454
f 5455//5455 5456//5456 5457//5457
f 5458//5458 5459//5459 5460//5460
f 5461//5461 5462//5462 5463//5463
f 5464//5464 5465//5465 5466//5466
f 5467//5467 5468//5468 5469//5469
f 5470//5470 5471//5471 5472//5472
f 5473//5473 5474//5474 5475//5475
f 5476//5476 5477//5477 5478//5478
f 5479//5479 5480//5480 5481//5481
f 5482//5482 5483//5483 5484//5484
f 5485//5485 5486//5486 5487//5487
f 5488//5488 5489//5489 5490//5490
f 5491//5491 5492//5492 5493//5493
f 5494//5494 5495//5495 5496//5496
f 5497//5497 5498//5498 5499//5499
f 5500//5500 5501//5501 5502//5502
f 5503//5503 5504//5504 5505//5505
f 5506//5506 5507//5507 5508//5508
f 5509//5509 5510//5510 5511//5511
f 5512//5512 5513//5513 5514//5514
f 5515//5515 5516//5516 5517//5517
f 5518//5518 5519//5519 5520//5520
f 5521//5521 5522//5522 5523//5523
f 5524//5524 5525//5525 5526//5526
f 5527//5527 5528//5528 5529//5529
f 5530//5530 5531//5531 5532//5532
f 5533//5533 5534//5534 5535//5535
f 5536//5536 5537//5537 5538//5538
f 5539//5539 5540//5540 5541//5541
f 5542//5542 5543//5543 5544//5544
f 5545//5545 5546//5546 5547//5547
f 5548//5548 5549//5549 5550//5550
f 5551//5551 5552//5552 5553//5553
f 5554//5554 5555//5555 5556//5556
f 5557//5557 5558//5558 5559//5559
f 5560//5560 5561//5561 5562//5562
f 5563//5563 5564//5564 5565//5565
f 5566//5566 5567//5567 5568//5568
f 5569//5569 5570//5570 5571//5571
f 5572//5572 5573//5573 5574//5574
f 5575//5575 5576//5576 5577//5577
f 5578//5578 5579//5579 5580//5580
f 5581//5581 5582//5582 5583//5583
f 5584//5584 5585//5585 5586//5586
f 5587//5587 5588//5588 5589//5589
f 5590//5590 5591//5591 5592//5592
f 5593//5593 5594//5594 5595//5595
f 5596//5596 5597//5597 5598//5598
f 5599//5599 5600//5600 5601//5601
f 5602//5602 5603//5603 5604//5604
f 5605//5605 5606//5606 5607//5607
f 5608//5608 5609//5609 5610//5610
f 5611//5611 5612//5612 5613//5613
f 5614//5614 5615//5615 5616//5616
f 5617//5617 5618//5618 5619//5619
f 5620//5620 5621//5621 5622//5622
f 5623//5623 5624//5624 5625//5625
f 5626//5626 5627//5627 5628//5628
f 5629//5629 5630//5630 5631//5631
f 5632//5632 5633//5633 5634//5634
f 5635//5635 5636//5636 5637//5637
f 5638//5638 5639//5639 5640//5640
f 5641//5641 5642//5642 5643//5643
f 5644//5644 5645//5645 5646//5646
f 5647//5647 5648//5648 5649//5649
f 5650//5650 5651//5651 5652//5652
f 5653//5653 5654//5654 5655//5655
f 5656//5656 5657//5657 5658//5658
f 5659//5659 5660//5660 5661//5661
f 5662//5662 5663//5663 5664//5664
f 5665//5665 5666//5666 5667//5667
f 5668//5668 5669//5669 5670//5670
f 5671//5671 5672//5672 5673//5673
f 5674//5674 5675//5675 5676//5676
f 5677//5677 5678//5678 5679//5679
f 5680//5680 5681//5681 5682//5682
f 5683//5683 5684//5684 5685//5685
f 5686//5686 5687//5687 5688//5688
f 5689//5689 5690//5690 5691//5691
f 5692//5692 5693//5693 5694//5694
f 5695//5695 5696//5696 5697//5697
f 5698//5698 5699//5699 5700//5700
f 5701//5701 5702//5702 5703//5703
f 5704//5704 5705//5705 5706//5706
f 5707//5707 5708//5708 5709//5709
f 5710//5710 5711//5711 5712//5712
f 5713//5713 5714//5714 5715//5715
f 5716//5716 5717//5717 5718//5718
f 5719//5719 5720//5720 5721//5721
f 5722//5722 5723//5723 5724//5724
f 5725//5725 5726//5726 5727//5727
f 5728//5728 5729//5729 5730//5730
f 5731//5731 5732//5732 5733//5733
f 5734//5734 5735//5735 5736//5736
f 5737//5737 5738//5738 5739//5739
f 5740//5740 5741//5741 5742//5742
f 5743//5743 5744//5744 5745//5745
f 5746//5746 5747//5747 5748//5748
f 5749//5749 5750//5750 5751//5751
f 5752//5752 5753//5753 5754//5754
f 5755//5755 5756//5756 5757//5757
f 5758//5758 5759//5759 5760//5760
f 5761//5761 5762//5762 5763//5763
f 5764//5764 5765//5765 5766//5766
f 5767//5767 5768//5768 5769//5769
f 5770//5770 5771//5771 5772//5772
f 5773//5773 5774//5774 5775//5775
f 5776//5776 5777//5777 5778//5778
f 5779//5779 5780//5780 5781//5781
f 5782//5782 5783//5783 5784//5784
f 5785//5785 5786//5786 5787//5787
f 5788//5788 5789//5789 5790//5790
f 5791//5791 5792//5792 5793//5793
f 5794//5794 5795//5795 5796//5796
f 5797//5797 5798//5798 5799//5799
f 5800//5800 5801//5801 5802//5802
f 5803//5803 5804//5804 5805//5805
f 5806//5806 5807//5807 5808//5808
f 5809//5809 5810//5810 5811//5811
f 5812//5812 5813//5813 5814//5814
f 5815//5815 5816//5816 5817//5817
f 5818//5818 5819//5819 5820//5820
f 5821//5821 5822//5822 5823//5823
f 5824//5824 5825//5825 5826//5826
f 5827//5827 5828//5828 5829//5829
f 5830//5830 5831//5831 5832//5832
f 5833//5833 5834//5834 5835//5835
f 5836//5836 5837//5837 5838//5838
f 5839//5839 5840//5840 5841//5841
f 5842//5842 5843//5843 5844//5844
f 5845//5845 5846//5846 5847//5847
f 5848//5848 5849//5849 5850//5850
f 5851//5851 5852//5852 5853//5853
f 5854//5854 5855//5855 5856//5856
f 5857//5857 5858//5858 5859//5859
f 5860//5860 5861//5861 5862//5862
f 5863//5863 5864//5864 5865//5865
f 5866//5866 5867//5867 5868//5868
f 5869//5869 5870//5870 5871//5871
f 5872//5872 5873//5873 5874//5874
f 5875//5875 5876//5876 5877//5877
f 5878//5878 5879//5879 5880//5880
f 5881//5881 5882//5882 5883//5883
f 5884//5884 5885//5885 5886//5886
f 5887//5887 5888//5888 5889//5889
f 5890//5890 5891//5891 5892//5892
f 5893//5893 5894//5894 5895//5895
f 5896//5896 5897//5897 5898//5898
f 5899//5899 5900//5900 5901//5901
f 5902//5902 5903//5903 5904//5904
f 5905//5905 5906//5906 5907//5907
f 5908//5908 5909//5909 5910//5910
f 5911//5911 5912//5912 5913//5913
f 5914//5914 5915//5915 5916//5916
f 5917//5917 5918//5918 5919//5919
f 5920//5920 5921//5921 5922//5922
f 5923//5923 5924//5924 5925//5925
f 5926//5926 5927//5927 5928//5928
f 5929//5929 5930//5930 5931//5931
f 5932//5932 5933//5933 5934//5934
f 5935//5935 5936//5936 5937//5937
f 5938//5938 5939//5939 5940//5940
f 5941//5941 5942//5942 5943//5943
f 5944//5944 5945//5945 5946//5946
f 5947//5947 5948//5948 5949//5949
f 5950//5950 5951//5951 5952//5952
f 5953//5953 5954//5954 5955//5955
f 5956//5956 5957//5957 5958//5958
f 5959//5959 5960//5960 5961//5961
f 5962//5962 5963//5963 5964//5964
f 5965//5965 5966//5966 5967//5967
f 5968//5968 5969//5969 5970//5970
f 5971//5971 5972//5972 5973//5973
f 5974//5974 5975//5975 5976//5976
f 5977//5977 5978//5978 5979//5979
f 5980//5980 5981//5981 5982//5982
f 5983//5983 5984//5984 5985//5985
f 5986//5986 5987//5987 5988//5988
f 5989//5989 5990//5990 5991//5991
f 5992//5992 5993//5993 5994//5994
f 5995//5995 5996//5996 5997//5997
f 5998//5998 5999//5999 6000//6000
f 6001//6001 6002//6002 6003//6003
f 6004//6004 6005//6005 6006//6006
f 6007//6007 6008//6008 6009//6009
f 6010//6010 6011//6011 6012//6012
f 6013//6013 6014//6014 6015//6015
f 6016//6016 6017//6017 6018//6018
f 6019//6019 6020//6020 6021//6021
f 6022//6022 6023//6023 6024//6024
f 6025//6025 6026//6026 6027//6027
f 6028//6028 6029//6029 6030//6030
f 6031//6031 6032//6032 6033//6033
f 6034//6034 6035//6035 6036//6036
f 6037//6037 6038//6038 6039//6039
f 6040//6040 6041//6041 6042//6042
f 6043//6043 6044//6044 6045//6045
f 6046//6046 6047//6047 6048//6048
f 6049//6049 6050//6050 6051//6051
f 6052//6052 6053//6053 6054//6054
f 6055//6055 6056//6056 6057//6057
f 6058//6058 6059//6059 6060//6060
f 6061//6061 6062//6062 6063//6063
f 6064//6064 6065//6065 6066//6066
f 6067//6067 6068//6068 6069//6069
f 6070//6070 6071//6071 6072//6072
f 6073//6073 6074//6074 6075//6075
f 6076//6076 6077//6077 6078//6078
f 6079//6079 6080//6080 6081//6081
f 6082//6082 6083//6083 6084//6084
f 6085//6085 6086//6086 6087//6087
f 6088//6088 6089//6089 6090//6090
f 6091//6091 6092//6092 6093//6093
f 6094//6094 6095//6095 6096//6096
f 6097//6097 6098//6098 6099//6099
f 6100//6100 6101//6101 6102//6102
f 6103//6103 6104//6104 6105//6105
f 6106//6106 6107//6107 6108//6108
f 6109//6109 6110//6110 6111//6111
f 6112//6112 6113//6113 6114//6114
f 6115//6115 6116//6116 6117//6117
f 6118//6118 6119//6119 6120//6120
f 6121//6121 6122//6122 6123//6123
f 6124//6124 6125//6125 6126//6126
f 6127//6127 6128//6128 6129//6129
f 6130//6130 6131//6131 6132//6132
f 6133//6133 6134//6134 6135//6135
f 6136//6136 6137//6137 6138//6138
f 6139//6139 6140//6140 6141//6141
f 6142//6142 6143//6143 6144//6144
f 6145//6145 6146//6146 6147//6147
f 6148//6148 6149//6149 6150//6150
f 6151//6151 6152//6152 6153//6153
f 6154//6154 6155//6155 6156//6156
f 6157//6157 6158//6158 6159//6159
f 6160//6160 6161//6161 6162//6162
f 6163//6163 6164//6164 6165//6165
f 6166//6166 6167//6167 6168//6168
f 6169//6169 6170//6170 6171//6171
f 6172//6172 6173//6173 6174//6174
f 6175//6175 6176//6176 6177//6177
f 6178//6178 6179//6179 6180//6180
f 6181//6181 6182//6182 6183//6183
f 6184//6184 6185//6185 6186//6186
f 6187//6187 6188//6188 6189//6189
f 6190//6190 6191//6191 6192//6192
f 6193//6193 6194//6194 6195//6195
f 6196//6196 6197//6197 6198//6198
f 6199//6199 6200//6200 6201//6201
f 6202//6202 6203//6203 6204//6204
f 6205//6205 6206//6206 6207//6207
f 6208//6208 6209//6209 6210//6210
f 6211//6211 6212//6212 6213//6213
f 6214//6214 6215//6215 6216//6216
f 6217//6217 6218//6218 6219//6219
f 6220//6220 6221//6221 6222//6222
f 6223//6223 6224//6224 6225//6225
f 6226//6226 6227//6227 6228//6228
f 6229//6229 6230//6230 6231//6231
f 6232//6232 6233//6233 6234//6234
f 6235//6235 6236//6236 6237//6237
f 6238//6238 6239//6239 6240//6240
f 6241//6241 6242//6242 6243//6243
f 6244//6244 6245//6245 6246//6246
f 6247//6247 6248//6248 6249//6249
f 6250//6250 6251//6251 6252//6252
f 6253//6253 6254//6254 6255//6255
f 6256//6256 6257//6257 6258//6258
f 6259//6259 6260//6260 6261//6261
f 6262//6262 6263//6263 6264//6264
f 6265//6265 6266//6266 6267//6267
f 6268//6268 6269//6269 6270//6270
f 6271//6271 6272//6272 6273//6273
f 6274//6274 6275//6275 6276//6276
f 6277//6277 6278//6278 6279//6279
f 6280//6280 6281//6281 6282//6282
f 6283//6283 6284//6284 6285//6285
f 6286//6286 6287//6287 6288//6288
f 6289//6289 6290//6290 6291//6291
f 6292//6292 6293//6293 6294//6294
f 6295//6295 6296//6296 6297//6297
f 6298//6298 6299//6299 6300//6300
f 6301//6301 6302//6302 6303//6303
f 6304//6304 6305//6305 6306//6306
f 6307//6307 6308//6308 6309//6309
f 6310//6310 6311//6311 6312//6312
f 6313//6313 6314//6314 6315//6315
f 6316//6316 6317//6317 6318//6318
f 6319//6319 6320//6320 6321//6321
f 6322//6322 6323//6323 6324//6324
f 6325//6325 6326//6326 6327//6327
f 6328//6328 6329//6329 6330//6330
f 6331//6331 6332//6332 6333//6333
f 6334//6334 6335//6335 6336//6336
f 6337//6337 6338//6338 6339//6339
f 6340//6340 6341//6341 6342//6342
f 6343//6343 6344//6344 6345//6345
f 6346//6346 6347//6347 6348//6348
f 6349//6349 6350//6350 6351//6351
f 6352//6352 6353//6353 6354//6354
f 6355//6355 6356//6356 6357//6357
f 6358//6358 6359//6359 6360//6360
f 6361//6361 6362//6362 6363//6363
f 6364//6364 6365//6365 6366//6366
f 6367//6367 6368//6368 6369//6369
f 6370//6370 6371//6371 6372//6372
f 6373//6373 6374//6374 6375//6375
f 6376//6376 6377//6377 6378//6378
f 6379//6379 6380//6380 6381//6381
f 6382//6382 6383//6383 6384//6384
f 6385//6385 6386//6386 6387//6387
f 6388//6388 6389//6389 6390//6390
f 6391//6391 6392//6392 6393//6393
f 6394//6394 6395//6395 6396//6396
f 6397//6397 6398//6398 6399//6399
f 6400//6400 6401//6401 6402//6402
f 6403//6403 6404//6404 6405//6405
f 6406//6406 6407//6407 6408//6408
f 6409//6409 6410//6410 6411//6411
f 6412//6412 6413//6413 6414//6414
f 6415//6415 6416//6416 6417//6417
f 6418//6418 6419//6419 6420//6420
f 6421//6421 6422//6422 6423//6423
f 6424//6424 6425//6425 6426//6426
f 6427//6427 6428//6428 6429//6429
f 6430//6430 6431//6431 6432//6432
f 6433//6433 6434//6434 6435//6435
f 6436//6436 6437//6437 6438//6438
f 6439//6439 6440//6440 6441//6441
f 6442//6442 6443//6443 6444//6444
f 6445//6445 6446//6446 6447//6447
f 6448//6448 6449//6449 6450//6450
f 6451//6451 6452//6452 6453//6453
f 6454//6454 6455//6455 6456//6456
f 6457//6457 6458//6458 6459//6459
f 6460//6460 6461//6461 6462//6462
f 6463//6463 6464//6464 6465//6465
f 6466//6466 6467//6467 6468//6468
f 6469//6469 6470//6470 6471//6471
f 6472//6472 6473//6473 6474//6474
f 6475//6475 6476//6476 6477//6477
f 6478//6478 6479//6479 6480//6480
f 6481//6481 6482//6482 6483//6483
f 6484//6484 6485//6485 6486//6486
f 6487//6487 6488//6488 6489//6489
f 6490//6490 6491//6491 6492//6492
f 6493//6493 6494//6494 6495//6495
f 6496//6496 6497//6497 6498//6498
f 6499//6499 6500//6500 6501//6501
f 6502//6502 6503//6503 6504//6504
f 6505//6505 6506//6506 6507//6507
f 6508//6508 6509//6509 6510//6510
f 6511//6511 6512//6512 6513//6513
f 6514//6514 6515//6515 6516//6516
f 6517//6517 6518//6518 6519//6519
f 6520//6520 6521//6521 6522//6522
f 6523//6523 6524//6524 6525//6525
f 6526//6526 6527//6527 6528//6528
f 6529//6529 6530//6530 6531//6531
f 6532//6532 6533//6533 6534//6534
f 6535//6535 6536//6536 6537//6537
f 6538//6538 6539//6539 6540//6540
f 6541//6541 6542//6542 6543//6543
f 6544//6544 6545//6545 6546//6546
f 6547//6547 6548//6548 6549//6549
f 6550//6550 6551//6551 6552//6552
f 6553//6553 6554//6554 6555//6555
f 6556//6556 6557//6557 6558//6558
f 6559//6559 6560//6560 6561//6561
f 6562//6562 6563//6563 6564//6564
f 6565//6565 6566//6566 6567//6567
f 6568//6568 6569//6569 6570//6570
f 6571//6571 6572//6572 6573//6573
f 6574//6574 6575//6575 6576//6576
f 6577//6577 6578//6578 6579//6579
f 6580//6580 6581//6581 6582//6582
f 6583//6583 6584//6584 6585//6585
f 6586//6586 6587//6587 6588//6588
f 6589//6589 6590//6590 6591//6591
f 6592//6592 6593//6593 6594//6594
f 6595//6595 6596//6596 6597//6597
f 6598//6598 6599//6599 6600//6600
f 6601//6601 6602//6602 6603//6603
f 6604//6604 6605//6605 6606//6606
f 6607//6607 6608//6608 6609//6609
f 6610//6610 6611//6611 6612//6612
f 6613//6613 6614//6614 6615//6615
f 6616//6616 6617//6617 6618//6618
f 6619//6619 6620//6620 6621//6621
f 6622//6622 6623//6623 6624//6624
f 6625//6625 6626//6626 6627//6627
f 6628//6628 6629//6629 6630//6630
f 6631//6631 6632//6632 6633//6633
f 6634//6634 6635//6635 6636//6636
f 6637//6637 6638//6638 6639//6639
f 6640//6640 6641//6641 6642//6642
f 6643//6643 6644//6644 6645//6645
f 6646//6646 6647//6647 6648//6648
f 6649//6649 6650//6650 6651//6651
f 6652//6652 6653//6653 6654//6654
f 6655//6655 6656//6656 6657//6657
f 6658//6658 6659//6659 6660//6660
f 6661//6661 6662//6662 6663//6663
f 6664//6664 6665//6665 6666//6666
f 6667//6667 6668//6668 6669//6669
f 6670//6670 6671//6671 6672//6672
f 6673//6673 6674//6674 6675//6675
f 6676//6676 6677//6677 6678//6678
f 6679//6679 6680//6680 6681//6681
f 6682//6682 6683//6683 6684//6684
f 6685//6685 6686//6686 6687//6687
f 6688//6688 6689//6689 6690//6690
f 6691//6691 6692//6692 6693//6693
f 6694//6694 6695//6695 6696//6696
f 6697//6697 6698//6698 6699//6699
f 6700//6700 6701//6701 6702//6702
f 6703//6703 6704//6704 6705//6705
f 6706//6706 6707//6707 6708//6708
f 6709//6709 6710//6710 6711//6711
f 6712//6712 6713//6713 6714//6714
f 6715//6715 6716//6716 6717//6717
f 6718//6718 6719//6719 6720//6720
f 6721//6721 6722//6722 6723//6723
f 6724//6724 6725//6725 6726//6726
f 6727//6727 6728//6728 6729//6729
f 6730//6730 6731//6731 6732//6732
f 6733//6733 6734//6734 6735//6735
f 6736//6736 6737//6737 6738//6738
f 6739//6739 6740//6740 6741//6741
f 6742//6742 6743//6743 6744//6744
f 6745//6745 6746//6746 6747//6747
f 6748//6748 6749//6749 6750//6750
f 6751//6751 6752//6752 6753//6753
f 6754//6754 6755//6755 6756//6756
f 6757//6757 6758//6758 6759//6759
f 6760//6760 6761//6761 6762//6762
f 6763//6763 6764//6764 6765//6765
f 6766//6766 6767//6767 6768//6768
f 6769//6769 6770//6770 6771//6771
f 6772//6772 6773//6773 6774//6774
f 6775//6775 6776//6776 6777//6777
f 6778//6778 6779//6779 6780//6780
f 6781//6781 6782//6782 6783//6783
f 6784//6784 6785//6785 6786//6786
f 6787//6787 6788//6788 6789//6789
f 6790//6790 6791//6791 6792//6792
f 6793//6793 6794//6794 6795//6795
f 6796//6796 6797//6797 6798//6798
f 6799//6799 6800//6800 6801//6801
f 6802//6802 6803//6803 6804//6804
f 6805//6805 6806//6806 6807//6807
f 6808//6808 6809//6809 6810//6810
f 6811//6811 6812//6812 6813//6813
f 6814//6814 6815//6815 6816//6816
f 6817//6817 6818//6818 6819//6819
f 6820//6820 6821//6821 6822//6822
f 6823//6823 6824//6824 6825//6825
f 6826//6826 6827//6827 6828//6828
f 6829//6829 6830//6830 6831//6831
f 6832//6832 6833//6833 6834//6834
f 6835//6835 6836//6836 6837//6837
f 6838//6838 6839//6839 6840//6840
f 6841//6841 6842//6842 6843//6843
f 6844//6844 6845//6845 6846//6846
f 6847//6847 6848//6848 6849//6849
f 6850//6850 6851//6851 6852//6852
f 6853//6853 6854//6854 6855//6855
f 6856//6856 6857//6857 6858//6858
f 6859//6859 6860//6860 6861//6861
f 6862//6862 6863//6863 6864//6864
f 6865//6865 6866//6866 6867//6867
f 6868//6868 6869//6869 6870//6870
f 6871//6871 6872//6872 6873//6873
f 6874//6874 6875//6875 6876//6876
f 6877//6877 6878//6878 6879//6879
f 6880//6880 6881//6881 6882//6882
f 6883//6883 6884//6884 6885//6885
f 6886//6886 6887//6887 6888//6888
f 6889//6889 6890//6890 6891//6891
f 6892//6892 6893//6893 6894//6894
f 6895//6895 6896//6896 6897//6897
f 6898//6898 6899//6899 6900//6900
f 6901//6901 6902//6902 6903//6903
f 6904//6904 6905//6905 6906//6906
f 6907//6907 6908//6908 6909//6909
f 6910//6910 6911//6911 6912//6912
f 6913//6913 6914//6914 6915//6915
f 6916//6916 6917//6917 6918//6918
f 6919//6919 6920//6920 6921//6921
f 6922//6922 6923//6923 6924//6924
f 6925//6925 6926//6926 6927//6927
f 6928//6928 6929//6929 6930//6930
f 6931//6931 6932//6932 6933//6933
f 6934//6934 6935//6935 6936//6936
f 6937//6937 6938//6938 6939//6939
f 6940//6940 6941//6941 6942//6942
f 6943//6943 6944//6944 6945//6945
f 6946//6946 6947//6947 6948//6948
f 6949//6949 6950//6950 6951//6951
f 6952//6952 6953//6953 6954//6954
f 6955//6955 6956//6956 6957//6957
f 6958//6958 6959//6959 6960//6960
f 6961//6961 6962//6962 6963//6963
f 6964//6964 6965//6965 6966//6966
f 6967//6967 6968//6968 6969//6969
f 6970//6970 6971//6971 6972//6972
f 6973//6973 6974//6974 6975//6975
f 6976//6976 6977//6977 6978//6978
f 6979//6979 6980//6980 6981//6981
f 6982//6982 6983//6983 6984//6984
f 6985//6985 6986//6986 6987//6987
f 6988//6988 6989//6989 6990//6990
f 6991//6991 6992//6992 6993//6993
f 6994//6994 6995//6995 6996//6996
f 6997//6997 6998//6998 6999//6999
f 7000//7000 7001//7001 7002//7002
f 7003//7003 7004//7004 7005//7005
f 7006//7006 7007//7007 7008//7008
f 7009//7009 7010//7010 7011//7011
f 7012//7012 7013//7013 7014//7014
f 7015//7015 7016//7016 7017//7017
f 7018//7018 7019//7019 7020//7020
f 7021//7021 7022//7022 7023//7023
f 7024//7024 7025//7025 7026//7026
f 7027//7027 7028//7028 7029//7029
f 7030//7030 7031//7031 7032//7032
f 7033//7033 7034//7034 7035//7035
f 7036//7036 7037//7037 7038//7038
f 7039//7039 7040//7040 7041//7041
f 7042//7042 7043//7043 7044//7044
f 7045//7045 7046//7046 7047//7047
f 7048//7048 7049//7049 7050//7050
f 7051//7051 7052//7052 7053//7053
f 7054//7054 7055//7055 7056//7056
f 7057//7057 7058//7058 7059//7059
f 7060//7060 7061//7061 7062//7062
f 7063//7063 7064//7064 7065//7065
f 7066//7066 7067//7067 7068//7068
f 7069//7069 7070//7070 7071//7071
f 7072//7072 7073//7073 7074//7074
f 7075//7075 7076//7076 7077//7077
f 7078//7078 7079//7079 7080//7080
f 7081//7081 7082//7082 7083//7083
f 7084//7084 7085//7085 7086//7086
f 7087//7087 7088//7088 7089//7089
f 7090//7090 7091//7091 7092//7092
f 7093//7093 7094//7094 7095//7095
f 7096//7096 7097//7097 7098//7098
f 7099//7099 7100//7100 7101//7101
f 7102//7102 7103//7103 7104//7104
f 7105//7105 7106//7106 7107//7107
f 7108//7108 7109//7109 7110//7110
f 7111//7111 7112//7112 7113//7113
f 7114//7114 7115//7115 7116//7116
f 7117//7117 7118//7118 7119//7119
f 7120//7120 7121//7121 7122//7122
f 7123//7123 7124//7124 7125//7125
f 7126//7126 7127//7127 7128//7128
f 7129//7129 7130//7130 7131//7131
f 7132//7132 7133//7133 7134//7134
f 7135//7135 7136//7136 7137//7137
f 7138//7138 7139//7139 7140//7140
f 7141//7141 7142//7142 7143//7143
f 7144//7144 7145//7145 7146//7146
f 7147//7147 7148//7148 7149//7149
f 7150//7150 7151//7151 7152//7152
f 7153//7153 7154//7154 7155//7155
f 7156//7156 7157//7157 7158//7158
f 7159//7159 7160//7160 7161//7161
f 7162//7162 7163//7163 7164//7164
f 7165//7165 7166//7166 7167//7167
f 7168//7168 7169//7169 7170//7170
f 7171//7171 7172//7172 7173//7173
f 7174//7174 7175//7175 7176//7176
f 7177//7177 7178//7178 7179//7179
f 7180//7180 7181//7181 7182//7182
f 7183//7183 7184//7184 7185//7185
f 7186//7186 7187//7187 7188//7188
f 7189//7189 7190//7190 7191//7191
f 7192//7192 7193//7193 7194//7194
f 7195//7195 7196//7196 7197//7197
f 7198//7198 7199//7199 7200//7200
f 7201//7201 7202//7202 7203//7203
f 7204//7204 7205//7205 7206//7206
f 7207//7207 7208//7208 7209//7209
f 7210//7210 7211//7211 7212//7212
f 7213//7213 7214//7214 7215//7215
f 7216//7216 7217//7217 7218//7218
f 7219//7219 7220//7220 7221//7221
f 7222//7222 7223//7223 7224//7224
f 7225//7225 7226//7226 7227//7227
f 7228//7228 7229//7229 7230//7230
f 7231//7231 7232//7232 7233//7233
f 7234//7234 7235//7235 7236//7236
f 7237//7237 7238//7238 7239//7239
f 7240//7240 7241//7241 7242//7242
f 7243//7243 7244//7244 7245//7245
f 7246//7246 7247//7247 7248//7248
f 7249//7249 7250//7250 7251//7251
f 7252//7252 7253//7253 7254//7254
f 7255//7255 7256//7256 7257//7257
f 7258//7258 7259//7259 7260//7260
f 7261//7261 7262//7262 7263//7263
f 7264//7264 7265//7265 7266//7266
f 7267//7267 7268//7268 7269//7269
f 7270//7270 7271//7271 7272//7272
f 7273//7273 7274//7274 7275//7275
f 7276//7276 7277//7277 7278//7278
f 7279//7279 7280//7280 7281//7281
f 7282//7282 7283//7283 7284//7284
f 7285//7285 7286//7286 7287//7287
f 7288//7288 7289//7289 7290//7290
f 7291//7291 7292//7292 7293//7293
f 7294//7294 7295//7295 7296//7296
f 7297//7297 7298//7298 7299//7299
f 7300//7300 7301//7301 7302//7302
f 7303//7303 7304//7304 7305//7305
f 7306//7306 7307//7307 7308//7308
f 7309//7309 7310//7310 7311//7311
f 7312//7312 7313//7313 7314//7314
f 7315//7315 7316//7316 7317//7317
f 7318//7318 7319//7319 7320//7320
f 7321//7321 7322//7322 7323//7323
f 7324//7324 7325//7325 7326//7326
f 7327//7327 7328//7328 7329//7329
f 7330//7330 7331//7331 7332//7332
f 7333//7333 7334//7334 7335//7335
f 7336//7336 7337//7337 7338//7338
f 7339//7339 7340//7340 7341//7341
f 7342//7342 7343//7343 7344//7344
f 7345//7345 7346//7346 7347//7347
f 7348//7348 7349//7349 7350//7350
f 7351//7351 7352//7352 7353//7353
f 7354//7354 7355//7355 7356//7356
f 7357//7357 7358//7358 7359//7359
f 7360//7360 7361//7361 7362//7362
f 7363//7363 7364//7364 7365//7365
f 7366//7366 7367//7367 7368//7368
f 7369//7369 7370//7370 7371//7371
f 7372//7372 7373//7373 7374//7374
f 7375//7375 7376//7376 7377//7377
f 7378//7378 7379//7379 7380//7380
f 7381//7381 7382//7382 7383//7383
f 7384//7384 7385//7385 7386//7386
f 7387//7387 7388//7388 7389//7389
f 7390//7390 7391//7391 7392//7392
f 7393//7393 7394//7394 7395//7395
f 7396//7396 7397//7397 7398//7398
f 7399//7399 7400//7400 7401//7401
f 7402//7402 7403//7403 7404//7404
f 7405//7405 7406//7406 7407//7407
f 7408//7408 7409//7409 7410//7410
f 7411//7411 7412//7412 7413//7413
f 7414//7414 7415//7415 7416//7416
f 7417//7417 7418//7418 7419//7419
f 7420//7420 7421//7421 7422//7422
f 7423//7423 7424//7424 7425//7425
f 7426//7426 7427//7427 7428//7428
f 7429//7429 7430//7430 7431//7431
f 7432//7432 7433//7433 7434//7434
f 7435//7435 7436//7436 7437//7437
f 7438//7438 7439//7439 7440//7440
f 7441//7441 7442//7442 7443//7443
f 7444//7444 7445//7445 7446//7446
f 7447//7447 7448//7448 7449//7449
f 7450//7450 7451//7451 7452//7452
f 7453//7453 7454//7454 7455//7455
f 7456//7456 7457//7457 7458//7458
f 7459//7459 7460//7460 7461//7461
f 7462//7462 7463//7463 7464//7464
f 7465//7465 7466//7466 7467//7467
f 7468//7468 7469//7469 7470//7470
f 7471//7471 7472//7472 7473//7473
f 7474//7474 7475//7475 7476//7476
f 7477//7477 7478//7478 7479//7479
f 7480//7480 7481//7481 7482//7482
f 7483//7483 7484//7484 7485//7485
f 7486//7486 7487//7487 7488//7488
f 7489//7489 7490//7490 7491//7491
f 7492//7492 7493//7493 7494//7494
f 7495//7495 7496//7496 7497//7497
f 7498//7498 7499//7499 7500//7500
f 7501//7501 7502//7502 7503//7503
f 7504//7504 7505//7505 7506//7506
f 7507//7507 7508//7508 7509//7509
f 7510//7510 7511//7511 7512//7512
f 7513//7513 7514//7514 7515//7515
f 7516//7516 7517//7517 7518//7518
f 7519//7519 7520//7520 7521//7521
f 7522//7522 7523//7523 7524//7524
f 7525//7525 7526//7526 7527//7527
f 7528//7528 7529//7529 7530//7530
f 7531//7531 7532//7532 7533//7533
f 7534//7534 7535//7535 7536//7536
f 7537//7537 7538//7538 7539//7539
f 7540//7540 7541//7541 7542//7542
f 7543//7543 7544//7544 7545//7545
f 7546//7546 7547//7547 7548//7548
f 7549//7549 7550//7550 7551//7551
f 7552//7552 7553//7553 7554//7554
f 7555//7555 7556//7556 7557//7557
f 7558//7558 7559//7559 7560//7560
f 7561//7561 7562//7562 7563//7563
f 7564//7564 7565//7565 7566//7566
f 7567//7567 7568//7568 7569//7569
f 7570//7570 7571//7571 7572//7572
f 7573//7573 7574//7574 7575//7575
f 7576//7576 7577//7577 7578//7578
f 7579//7579 7580//7580 7581//7581
f 7582//7582 7583//7583 7584//7584
f 7585//7585 7586//7586 7587//7587
f 7588//7588 7589//7589 7590//7590
f 7591//7591 7592//7592 7593//7593
f 7594//7594 7595//7595 7596//7596
f 7597//7597 7598//7598 7599//7599
f 7600//7600 7601//7601 7602//7602
f 7603//7603 7604//7604 7605//7605
f 7606//7606 7607//7607 7608//7608
f 7609//7609 7610//7610 7611//7611
f 7612//7612 7613//7613 7614//7614
f 7615//7615 7616//7616 7617//7617
f 7618//7618 7619//7619 7620//7620
f 7621//7621 7622//7622 7623//7623
f 7624//7624 7625//7625 7626//7626
f 7627//7627 7628//7628 7629//7629
f 7630//7630 7631//7631 7632//7632
f 7633//7633 7634//7634 7635//7635
f 7636//7636 7637//7637 7638//7638
f 7639//7639 7640//7640 7641//7641
f 7642//7642 7643//7643 7644//7644
f 7645//7645 7646//7646 7647//7647
f 7648//7648 7649//7649 7650//7650
f 7651//7651 7652//7652 7653//7653
f 7654//7654 7655//7655 7656//7656
f 7657//7657 7658//7658 7659//7659
f 7660//7660 7661//7661 7662//7662
f 7663//7663 7664//7664 7665//7665
f 7666//7666 7667//7667 7668//7668
f 7669//7669 7670//7670 7671//7671
f 7672//7672 7673//7673 7674//7674
f 7675//7675 7676//7676 7677//7677
f 7678//7678 7679//7679 7680//7680
f 7681//7681 7682//7682 7683//7683
f 7684//7684 7685//7685 7686//7686
f 7687//7687 7688//7688 7689//7689
f 7690//7690 7691//7691 7692//7692
f 7693//7693 7694//7694 7695//7695
f 7696//7696 7697//7697 7698//7698
f 7699//7699 7700//7700 7701//7701
f 7702//7702 7703//7703 7704//7704
f 7705//7705 7706//7706 7707//7707
f 7708//7708 7709//7709 7710//7710
f 7711//7711 7712//7712 7713//7713
f 7714//7714 7715//7715 7716//7716
f 7717//7717 7718//7718 7719//7719
f 7720//7720 7721//7721 7722//7722
f 7723//7723 7724//7724 7725//7725
f 7726//7726 7727//7727 7728//7728
f 7729//7729 7730//7730 7731//7731
f 7732//7732 7733//7733 7734//7734
f 7735//7735 7736//7736 7737//7737
f 7738//7738 7739//7739 7740//7740
f 7741//7741 7742//7742 7743//7743
f 7744//7744 7745//7745 7746//7746
f 7747//7747 7748//7748 7749//7749
f 7750//7750 7751//7751 7752//7752
f 7753//7753 7754//7754 7755//7755
f 7756//7756 7757//7757 7758//7758
f 7759//7759 7760//7760 7761//7761
f 7762//7762 7763//7763 7764//7764
f 7765//7765 7766//7766 7767//7767
f 7768//7768 7769//7769 7770//7770
f 7771//7771 7772//7772 7773//7773
f 7774//7774 7775//7775 7776//7776
f 7777//7777 7778//7778 7779//7779
f 7780//7780 7781//7781 7782//7782
f 7783//7783 7784//7784 7785//7785
f 7786//7786 7787//7787 7788//7788
f 7789//7789 7790//7790 7791//7791
f 7792//7792 7793//7793 7794//7794
f 7795//7795 7796//7796 7797//7797
f 7798//7798 7799//7799 7800//7800
f 7801//7801 7802//7802 7803//7803
f 7804//7804 7805//7805 7806//7806
f 7807//7807 7808//7808 7809//7809
f 7810//7810 7811//7811 7812//7812
f 7813//7813 7814//7814 7815//7815
f 7816//7816 7817//7817 7818//7818
f 7819//7819 7820//7820 7821//7821
f 7822//7822 7823//7823 7824//7824
f 7825//7825 7826//7826 7827//7827
f 7828//7828 7829//7829 7830//7830
f 7831//7831 7832//7832 7833//7833
f 7834//7834 7835//7835 7836//7836
f 7837//7837 7838//7838 7839//7839
f 7840//7840 7841//7841 7842//7842
f 7843//7843 7844//7844 7845//7845
f 7846//7846 7847//7847 7848//7848
f 7849//7849 7850//7850 7851//7851
f 7852//7852 7853//7853 7854//7854
f 7855//7855 7856//7856 7857//7857
f 7858//7858 7859//7859 7860//7860
f 7861//7861 7862//7862 7863//7863
f 7864//7864 7865//7865 7866//7866
f 7867//7867 7868//7868 7869//7869
f 7870//7870 7871//7871 7872//7872
f 7873//7873 7874//7874 7875//7875
f 7876//7876 7877//7877 7878//7878
f 7879//7879 7880//7880 7881//7881
f 7882//7882 7883//7883 7884//7884
f 7885//7885 7886//7886 7887//7887
f 7888//7888 7889//7889 7890//7890
f 7891//7891 7892//7892 7893//7893
f 7894//7894 7895//7895 7896//7896
f 7897//7897 7898//7898 7899//7899
f 7900//7900 7901//7901 7902//7902
f 7903//7903 7904//7904 7905//7905
f 7906//7906 7907//7907 7908//7908
f 7909//7909 7910//7910 7911//7911
f 7912//7912 7913//7913 7914//7914
f 7915//7915 7916//7916 7917//7917
f 7918//7918 7919//7919 7920//7920
f 7921//7921 7922//7922 7923//7923
f 7924//7924 7925//7925 7926//7926
f 7927//7927 7928//7928 7929//7929
f 7930//7930 7931//7931 7932//7932
f 7933//7933 7934//7934 7935//7935
f 7936//7936 7937//7937 7938//7938
f 7939//7939 7940//7940 7941//7941
f 7942//7942 7943//7943 7944//7944
f 7945//7945 7946//7946 7947//7947
f 7948//7948 7949//7949 7950//7950
f 7951//7951 7952//7952 7953//7953
f 7954//7954 7955//7955 7956//7956
f 7957//7957 7958//7958 7959//7959
f 7960//7960 7961//7961 7962//7962
f 7963//7963 7964//7964 7965//7965
f 7966//7966 7967//7967 7968//7968
f 7969//7969 7970//7970 7971//7971
f 7972//7972 7973//7973 7974//7974
f 7975//7975 7976//7976 7977//7977
f 7978//7978 7979//7979 7980//7980
f 7981//7981 7982//7982 7983//7983
f 7984//7984 7985//7985 7986//7986
f 7987//7987 7988//7988 7989//7989
f 7990//7990 7991//7991 7992//7992
f 7993//7993 7994//7994 7995//7995
f 7996//7996 7997//7997 7998//7998
f 7999//7999 8000//8000 8001//8001
f 8002//8002 8003//8003 8004//8004
f 8005//8005 8006//8006 8007//8007
f 8008//8008 8009//8009 8010//8010
f 8011//8011 8012//8012 8013//8013
f 8014//8014 8015//8015 8016//8016
f 8017//8017 8018//8018 8019//8019
f 8020//8020 8021//8021 8022//8022
f 8023//8023 8024//8024 8025//8025
f 8026//8026 8027//8027 8028//8028
f 8029//8029 8030//8030 8031//8031
f 8032//8032 8033//8033 8034//8034
f 8035//8035 8036//8036 8037//8037
f 8038//8038 8039//8039 8040//8040
f 8041//8041 8042//8042 8043//8043
f 8044//8044 8045//8045 8046//8046
f 8047//8047 8048//8048 8049//8049
f 8050//8050 8051//8051 8052//8052
f 8053//8053 8054//8054 8055//8055
f 8056//8056 8057//8057 8058//8058
f 8059//8059 8060//8060 8061//8061
f 8062//8062 8063//8063 8064//8064
f 8065//8065 8066//8066 8067//8067
f 8068//8068 8069//8069 8070//8070
f 8071//8071 8072//8072 8073//8073
f 8074//8074 8075//8075 8076//8076
f 8077//8077 8078//8078 8079//8079
f 8080//8080 8081//8081 8082//8082
f 8083//8083 8084//8084 8085//8085
f 8086//8086 8087//8087 8088//8088
f 8089//8089 8090//8090 8091//8091
f 8092//8092 8093//8093 8094//8094
f 8095//8095 8096//8096 8097//8097
f 8098//8098 8099//8099 8100//8100
f 8101//8101 8102//8102 8103//8103
f 8104//8104 8105//8105 8106//8106
f 8107//8107 8108//8108 8109//8109
f 8110//8110 8111//8111 8112//8112
f 8113//8113 8114//8114 8115//8115
f 8116//8116 8117//8117 8118//8118
f 8119//8119 8120//8120 8121//8121
f 8122//8122 8123//8123 8124//8124
f 8125//8125 8126//8126 8127//8127
f 8128//8128 8129//8129 8130//8130
f 8131//8131 8132//8132 8133//8133
f 8134//8134 8135//8135 8136//8136
f 8137//8137 8138//8138 8139//8139
f 8140//8140 8141//8141 8142//8142
f 8143//8143 8144//8144 8145//8145
f 8146//8146 8147//8147 8148//8148
f 8149//8149 8150//8150 8151//8151
f 8152//8152 8153//8153 8154//8154
f 8155//8155 8156//8156 8157//8157
f 8158//8158 8159//8159 8160//8160
f 8161//8161 8162//8162 8163//8163
f 8164//8164 8165//8165 8166//8166
f 8167//8167 8168//8168 8169//8169
f 8170//8170 8171//8171 8172//8172
f 8173//8173 8174//8174 8175//8175
f 8176//8176 8177//8177 8178//8178
f 8179//8179 8180//8180 8181//8181
f 8182//8182 8183//8183 8184//8184
f 8185//8185 8186//8186 8187//8187
f 8188//8188 8189//8189 8190//8190
f 8191//8191 8192//8192 8193//8193
f 8194//8194 8195//8195 8196//8196
f 8197//8197 8198//8198 8199//8199
f 8200//8200 8201//8201 8202//8202
f 8203//8203 8204//8204 8205//8205
f 8206//8206 8207//8207 8208//8208
f 8209//8209 8210//8210 8211//8211
f 8212//8212 8213//8213 8214//8214
f 8215//8215 8216//8216 8217//8217
f 8218//8218 8219//8219 8220//8220
f 8221//8221 8222//8222 8223//8223
f 8224//8224 8225//8225 8226//8226
f 8227//8227 8228//8228 8229//8229
f 8230//8230 8231//8231 8232//8232
f 8233//8233 8234//8234 8235//8235
f 8236//8236 8237//8237 8238//8238
f 8239//8239 8240//8240 8241//8241
f 8242//8242 8243//8243 8244//8244
f 8245//8245 8246//8246 8247//8247
f 8248//8248 8249//8249 8250//8250
f 8251//8251 8252//8252 8253//8253
f 8254//8254 8255//8255 8256//8256
f 8257//8257 8258//8258 8259//8259
f 8260//8260 8261//8261 8262//8262
f 8263//8263 8264//8264 8265//8265
f 8266//8266 8267//8267 8268//8268
f 8269//8269 8270//8270 8271//8271
f 8272//8272 8273//8273 8274//8274
f 8275//8275 8276//8276 8277//8277
f 8278//8278 8279//8279 8280//8280
f 8281//8281 8282//8282 8283//8283
f 8284//8284 8285//8285 8286//8286
f 8287//8287 8288//8288 8289//8289
f 8290//8290 8291//8291 8292//8292
f 8293//8293 8294//8294 8295//8295
f 8296//8296 8297//8297 8298//8298
f 8299//8299 8300//8300 8301//8301
f 8302//8302 8303//8303 8304//8304
f 8305//8305 8306//8306 8307//8307
f 8308//8308 8309//8309 8310//8310
f 8311//8311 8312//8312 8313//8313
f 8314//8314 8315//8315 8316//8316
f 8317//8317 8318//8318 8319//8319
f 8320//8320 8321//8321 8322//8322
f 8323//8323 8324//8324 8325//8325
f 8326//8326 8327//8327 8328//8328
f 8329//8329 8330//8330 8331//8331
f 8332//8332 8333//8333 8334//8334
f 8335//8335 8336//8336 8337//8337
f 8338//8338 8339//8339 8340//8340
f 8341//8341 8342//8342 8343//8343
f 8344//8344 8345//8345 8346//8346
f 8347//8347 8348//8348 8349//8349
f 8350//8350 8351//8351 8352//8352
f 8353//8353 8354//8354 8355//8355
f 8356//8356 8357//8357 8358//8358
f 8359//8359 8360//8360 8361//8361
f 8362//8362 8363//8363 8364//8364
f 8365//8365 8366//8366 8367//8367
f 8368//8368 8369//8369 8370//8370
f 8371//8371 8372//8372 8373//8373
f 8374//8374 8375//8375 8376//8376
f 8377//8377 8378//8378 8379//8379
f 8380//8380 8381//8381 8382//8382
f 8383//8383 8384//8384 8385//8385
f 8386//8386 8387//8387 8388//8388
f 8389//8389 8390//8390 8391//8391
f 8392//8392 8393//8393 8394//8394
f 8395//8395 8396//8396 8397//8397
f 8398//8398 8399//8399 8400//8400
f 8401//8401 8402//8402 8403//8403
f 8404//8404 8405//8405 8406//8406
f 8407//8407 8408//8408 8409//8409
f 8410//8410 8411//8411 8412//8412
f 8413//8413 8414//8414 8415//8415
f 8416//8416 8417//8417 8418//8418
f 8419//8419 8420//8420 8421//8421
f 8422//8422 8423//8423 8424//8424
f 8425//8425 8426//8426 8427//8427
f 8428//8428 8429//8429 8430//8430
f 8431//8431 8432//8432 8433//8433
f 8434//8434 8435//8435 8436//8436
f 8437//8437 8438//8438 8439//8439
f 8440//8440 8441//8441 8442//8442
f 8443//8443 8444//8444 8445//8445
f 8446//8446 8447//8447 8448//8448
f 8449//8449 8450//8450 8451//8451
f 8452//8452 8453//8453 8454//8454
f 8455//8455 8456//8456 8457//8457
f 8458//8458 8459//8459 8460//8460
f 8461//8461 8462//8462 8463//8463
f 8464//8464 8465//8465 8466//8466
f 8467//8467 8468//8468 8469//8469
f 8470//8470 8471//8471 8472//8472
f 8473//8473 8474//8474 8475//8475
f 8476//8476 8477//8477 8478//8478
f 8479//8479 8480//8480 8481//8481
f 8482//8482 8483//8483 8484//8484
f 8485//8485 8486//8486 8487//8487
f 8488//8488 8489//8489 8490//8490
f 8491//8491 8492//8492 8493//8493
f 8494//8494 8495//8495 8496//8496
f 8497//8497 8498//8498 8499//8499
f 8500//8500 8501//8501 8502//8502
f 8503//8503 8504//8504 8505//8505
f 8506//8506 8507//8507 8508//8508
f 8509//8509 8510//8510 8511//8511
f 8512//8512 8513//8513 8514//8514
f 8515//8515 8516//8516 8517//8517
f 8518//8518 8519//8519 8520//8520
f 8521//8521 8522//8522 8523//8523
f 8524//8524 8525//8525 8526//8526
f 8527//8527 8528//8528 8529//8529
f 8530//8530 8531//8531 8532//8532
f 8533//8533 8534//8534 8535//8535
f 8536//8536 8537//8537 8538//8538
f 8539//8539 8540//8540 8541//8541
f 8542//8542 8543//8543 8544//8544
f 8545//8545 8546//8546 8547//8547
f 8548//8548 8549//8549 8550//8550
f 8551//8551 8552//8552 8553//8553
f 8554//8554 8555//8555 8556//8556
f 8557//8557 8558//8558 8559//8559
f 8560//8560 8561//8561 8562//8562
f 8563//8563 8564//8564 8565//8565
f 8566//8566 8567//8567 8568//8568
f 8569//8569 8570//8570 8571//8571
f 8572//8572 8573//8573 8574//8574
f 8575//8575 8576//8576 8577//8577
f 8578//8578 8579//8579 8580//8580
f 8581//8581 8582//8582 8583//8583
f 8584//8584 8585//8585 8586//8586
f 8587//8587 8588//8588 8589//8589
f 8590//8590 8591//8591 8592//8592
f 8593//8593 8594//8594 8595//8595
f 8596//8596 8597//8597 8598//8598
f 8599//8599 8600//8600 8601//8601
f 8602//8602 8603//8603 8604//8604
f 8605//8605 8606//8606 8607//8607
f 8608//8608 8609//8609 8610//8610
f 8611//8611 8612//8612 8613//8613
f 8614//8614 8615//8615 8616//8616
f 8617//8617 8618//8618 8619//8619
f 8620//8620 8621//8621 8622//8622
f 8623//8623 8624//8624 8625//8625
f 8626//8626 8627//8627 8628//8628
f 8629//8629 8630//8630 8631//8631
f 8632//8632 8633//8633 8634//8634
f 8635//8635 8636//8636 8637//8637
f 8638//8638 8639//8639 8640//8640
f 8641//8641 8642//8642 8643//8643
f 8644//8644 8645//8645 8646//8646
f 8647//8647 8648//8648 8649//8649
f 8650//8650 8651//8651 8652//8652
f 8653//8653 8654//8654 8655//8655
f 8656//8656 8657//8657 8658//8658
f 8659//8659 8660//8660 8661//8661
f 8662//8662 8663//8663 8664//8664
f 8665//8665 8666//8666 8667//8667
f 8668//8668 8669//8669 8670//8670
f 8671//8671 8672//8672 8673//8673
f 8674//8674 8675//8675 8676//8676
f 8677//8677 8678//8678 8679//8679
f 8680//8680 8681//8681 8682//8682
f 8683//8683 8684//8684 8685//8685
f 8686//8686 8687//8687 8688//8688
f 8689//8689 8690//8690 8691//8691
f 8692//8692 8693//8693 8694//8694
f 8695//8695 8696//8696 8697//8697
f 8698//8698 8699//8699 8700//8700
f 8701//8701 8702//8702 8703//8703
f 8704//8704 8705//8705 8706//8706
f 8707//8707 8708//8708 8709//8709
f 8710//8710 8711//8711 8712//8712
f 8713//8713 8714//8714 8715//8715
f 8716//8716 8717//8717 8718//8718
f 8719//8719 8720//8720 8721//8721
f 8722//8722 8723//8723 8724//8724
f 8725//8725 8726//8726 8727//8727
f 8728//8728 8729//8729 8730//8730
f 8731//8731 8732//8732 8733//8733
f 8734//8734 8735//8735 8736//8736
f 8737//8737 8738//8738 8739//8739
f 8740//8740 8741//8741 8742//8742
f 8743//8743 8744//8744 8745//8745
f 8746//8746 8747//8747 8748//8748
f 8749//8749 8750//8750 8751//8751
f 8752//8752 8753//8753 8754//8754
f 8755//8755 8756//8756 8757//8757
f 8758//8758 8759//8759 8760//8760
f 8761//8761 8762//8762 8763//8763
f 8764//8764 8765//8765 8766//8766
f 8767//8767 8768//8768 8769//8769
f 8770//8770 8771//8771 8772//8772
f 8773//8773 8774//8774 8775//8775
f 8776//8776 8777//8777 8778//8778
f 8779//8779 8780//8780 8781//8781
f 8782//8782 8783//8783 8784//8784
f 8785//8785 8786//8786 8787//8787
f 8788//8788 8789//8789 8790//8790
f 8791//8791 8792//8792 8793//8793
f 8794//8794 8795//8795 8796//8796
f 8797//8797 8798//8798 8799//8799
f 8800//8800 8801//8801 8802//8802
f 8803//8803 8804//8804 8805//8805
f 8806//8806 8807//8807 8808//8808
f 8809//8809 8810//8810 8811//8811
f 8812//8812 8813//8813 8814//8814
f 8815//8815 8816//8816 8817//8817
f 8818//8818 8819//8819 8820//8820
f 8821//8821 8822//8822 8823//8823
f 8824//8824 8825//8825 8826//8826
f 8827//8827 8828//8828 8829//8829
f 8830//8830 8831//8831 8832//8832
f 8833//8833 8834//8834 8835//8835
f 8836//8836 8837//8837 8838//8838
f 8839//8839 8840//8840 8841//8841
f 8842//8842 8843//8843 8844//8844
f 8845//8845 8846//8846 8847//8847
f 8848//8848 8849//8849 8850//8850
f 8851//8851 8852//8852 8853//8853
f 8854//8854 8855//8855 8856//8856
f 8857//8857 8858//8858 8859//8859
f 8860//8860 8861//8861 8862//8862
f 8863//8863 8864//8864 8865//8865
f 8866//8866 8867//8867 8868//8868
f 8869//8869 8870//8870 8871//8871
f 8872//8872 8873//8873 8874//8874
f 8875//8875 8876//8876 8877//8877
f 8878//8878 8879//8879 8880//8880
f 8881//8881 8882//8882 8883//8883
f 8884//8884 8885//8885 8886//8886
f 8887//8887 8888//8888 8889//8889
f 8890//8890 8891//8891 8892//8892
f 8893//8893 8894//8894 8895//8895
f 8896//8896 8897//8897 8898//8898
f 8899//8899 8900//8900 8901//8901
f 8902//8902 8903//8903 8904//8904
f 8905//8905 8906//8906 8907//8907
f 8908//8908 8909//8909 8910//8910
f 8911//8911 8912//8912 8913//8913
f 8914//8914 8915//8915 8916//8916
f 8917//8917 8918//8918 8919//8919
f 8920//8920 8921//8921 8922//8922
f 8923//8923 8924//8924 8925//8925
f 8926//8926 8927//8927 8928//8928
f 8929//8929 8930//8930 8931//8931
f 8932//8932 8933//8933 8934//8934
f 8935//8935 8936//8936 8937//8937
f 8938//8938 8939//8939 8940//8940
f 8941//8941 8942//8942 8943//8943
f 8944//8944 8945//8945 8946//8946
f 8947//8947 8948//8948 8949//8949
f 8950//8950 8951//8951 8952//8952
f 8953//8953 8954//8954 8955//8955
f 8956//8956 8957//8957 8958//8958
f 8959//8959 8960//8960 8961//8961
f 8962//8962 8963//8963 8964//8964
f 8965//8965 8966//8966 8967//8967
f 8968//8968 8969//8969 8970//8970
f 8971//8971 8972//8972 8973//8973
f 8974//8974 8975//8975 8976//8976
f 8977//8977 8978//8978 8979//8979
f 8980//8980 8981//8981 8982//8982
f 8983//8983 8984//8984 8985//8985
f 8986//8986 8987//8987 8988//8988
f 8989//8989 8990//8990 8991//8991
f 8992//8992 8993//8993 8994//8994
f 8995//8995 8996//8996 8997//8997
f 8998//8998 8999//8999 9000//9000
f 9001//9001 9002//9002 9003//9003
f 9004//9004 9005//9005 9006//9006
f 9007//9007 9008//9008 9009//9009
f 9010//9010 9011//9011 9012//9012
f 9013//9013 9014//9014 9015//9015
f 9016//9016 9017//9017 9018//9018
f 9019//9019 9020//9020 9021//9021
f 9022//9022 9023//9023 9024//9024
f 9025//9025 9026//9026 9027//9027
f 9028//9028 9029//9029 9030//9030
f 9031//9031 9032//9032 9033//9033
f 9034//9034 9035//9035 9036//9036
f 9037//9037 9038//9038 9039//9039
f 9040//9040 9041//9041 9042//9042
f 9043//9043 9044//9044 9045//9045
f 9046//9046 9047//9047 9048//9048
f 9049//9049 9050//9050 9051//9051
f 9052//9052 9053//9053 9054//9054
f 9055//9055 9056//9056 9057//9057
f 9058//9058 9059//9059 9060//9060
f 9061//9061 9062//9062 9063//9063
f 9064//9064 9065//9065 9066//9066
f 9067//9067 9068//9068 9069//9069
f 9070//9070 9071//9071 9072//9072
f 9073//9073 9074//9074 9075//9075
f 9076//9076 9077//9077 9078//9078
f 9079//9079 9080//9080 9081//9081
f 9082//9082 9083//9083 9084//9084
f 9085//9085 9086//9086 9087//9087
f 9088//9088 9089//9089 9090//9090
f 9091//9091 9092//9092 9093//9093
f 9094//9094 9095//9095 9096//9096
f 9097//9097 9098//9098 9099//9099
f 9100//9100 9101//9101 9102//9102
f 9103//9103 9104//9104 9105//9105
f 9106//9106 9107//9107 9108//9108
f 9109//9109 9110//9110 9111//9111
f 9112//9112 9113//9113 9114//9114
f 9115//9115 9116//9116 9117//9117
f 9118//9118 9119//9119 9120//9120
f 9121//9121 9122//9122 9123//9123
f 9124//9124 9125//9125 9126//9126
f 9127//9127 9128//9128 9129//9129
f 9130//9130 9131//9131 9132//9132
f 9133//9133 9134//9134 9135//9135
f 9136//9136 9137//9137 9138//9138
f 9139//9139 9140//9140 9141//9141
f 9142//9142 9143//9143 9144//9144
f 9145//9145 9146//9146 9147//9147
f 9148//9148 9149//9149 9150//9150
f 9151//9151 9152//9152 9153//9153
f 9154//9154 9155//9155 9156//9156
f 9157//9157 9158//9158 9159//9159
f 9160//9160 9161//9161 9162//9162
f 9163//9163 9164//9164 9165//9165
f 9166//9166 9167//9167 9168//9168
f 9169//9169 9170//9170 9171//9171
f 9172//9172 9173//9173 9174//9174
f 9175//9175 9176//9176 9177//9177
f 9178//9178 9179//9179 9180//9180
f 9181//9181 9182//9182 9183//9183
f 9184//9184 9185//9185 9186//9186
f 9187//9187 9188//9188 9189//9189
f 9190//9190 9191//9191 9192//9192
f 9193//9193 9194//9194 9195//9195
f 9196//9196 9197//9197 9198//9198
f 9199//9199 9200//9200 9201//9201
f 9202//9202 9203//9203 9204//9204
f 9205//9205 9206//9206 9207//9207
f 9208//9208 9209//9209 9210//9210
f 9211//9211 9212//9212 9213//9213
f 9214//9214 9215//9215 9216//9216
f 9217//9217 9218//9218 9219//9219
f 9220//9220 9221//9221 9222//9222
f 9223//9223 9224//9224 9225//9225
f 9226//9226 9227//9227 9228//9228
f 9229//9229 9230//9230 9231//9231
f 9232//9232 9233//9233 9234//9234
f 9235//9235 9236//9236 9237//9237
f 9238//9238 9239//9239 9240//9240
f 9241//9241 9242//9242 9243//9243
f 9244//9244 9245//9245 9246//9246
f 9247//9247 9248//9248 9249//9249
f 9250//9250 9251//9251 9252//9252
f 9253//9253 9254//9254 9255//9255
f 9256//9256 9257//9257 9258//9258
f 9259//9259 9260//9260 9261//9261
f 9262//9262 9263//9263 9264//9264
f 9265//9265 9266//9266 9267//9267
f 9268//9268 9269//9269 9270//9270
f 9271//9271 9272//9272 9273//9273
f 9274//9274 9275//9275 9276//9276
f 9277//9277 9278//9278 9279//9279
f 9280//9280 9281//9281 9282//9282
f 9283//9283 9284//9284 9285//9285
f 9286//9286 9287//9287 9288//9288
f 9289//9289 9290//9290 9291//9291
f 9292//9292 9293//9293 9294//9294
f 9295//9295 9296//9296 9297//9297
f 9298//9298 9299//9299 9300//9300
f 9301//9301 9302//9302 9303//9303
f 9304//9304 9305//9305 9306//9306
f 9307//9307 9308//9308 9309//9309
f 9310//9310 9311//9311 9312//9312
f 9313//9313 9314//9314 9315//9315
f 9316//9316 9317//9317 9318//9318
f 9319//9319 9320//9320 9321//9321
f 9322//9322 9323//9323 9324//9324
f 9325//9325 9326//9326 9327//9327
f 9328//9328 9329//9329 9330//9330
f 9331//9331 9332//9332 9333//9333
f 9334//9334 9335//9335 9336//9336
f 9337//9337 9338//9338 9339//9339
f 9340//9340 9341//9341 9342//9342
f 9343//9343 9344//9344 9345//9345
f 9346//9346 9347//9347 9348//9348
f 9349//9349 9350//9350 9351//9351
f 9352//9352 9353//9353 9354//9354
f 9355//9355 9356//9356 9357//9357
f 9358//9358 9359//9359 9360//9360
f 9361//9361 9362//9362 9363//9363
f 9364//9364 9365//9365 9366//9366
f 9367//9367 9368//9368 9369//9369
f 9370//9370 9371//9371 9372//9372
f 9373//9373 9374//9374 9375//9375
f 9376//9376 9377//9377 9378//9378
f 9379//9379 9380//9380 9381//9381
f 9382//9382 9383//9383 9384//9384
f 9385//9385 9386//9386 9387//9387
f 9388//9388 9389//9389 9390//9390
f 9391//9391 9392//9392 9393//9393
f 9394//9394 9395//9395 9396//9396
f 9397//9397 9398//9398 9399//9399
f 9400//9400 9401//9401 9402//9402
f 9403//9403 9404//9404 9405//9405
f 9406//9406 9407//9407 9408//9408
f 9409//9409 9410//9410 9411//9411
f 9412//9412 9413//9413 9414//9414
f 9415//9415 9416//9416 9417//9417
f 9418//9418 9419//9419 9420//9420
f 9421//9421 9422//9422 9423//9423
f 9424//9424 9425//9425 9426//9426
f 9427//9427 9428//9428 9429//9429
f 9430//9430 9431//9431 9432//9432
f 9433//9433 9434//9434 9435//9435
f 9436//9436 9437//9437 9438//9438
f 9439//9439 9440//9440 9441//9441
f 9442//9442 9443//9443 9444//9444
f 9445//9445 9446//9446 9447//9447
f 9448//9448 9449//9449 9450//9450
f 9451//9451 9452//9452 9453//9453
f 9454//9454 9455//9455 9456//9456
f 9457//9457 9458//9458 9459//9459
f 9460//9460 9461//9461 9462//9462
f 9463//9463 9464//9464 9465//9465
f 9466//9466 9467//9467 9468//9468
f 9469//9469 9470//9470 9471//9471
f 9472//9472 9473//9473 9474//9474
f 9475//9475 9476//9476 9477//9477
f 9478//9478 9479//9479 9480//9480
f 9481//9481 9482//9482 9483//9483
f 9484//9484 9485//9485 9486//9486
f 9487//9487 9488//9488 9489//9489
f 9490//9490 9491//9491 9492//9492
f 9493//9493 9494//9494 9495//9495
f 9496//9496 9497//9497 9498//9498
f 9499//9499 9500//9500 9501//9501
f 9502//9502 9503//9503 9504//9504
f 9505//9505 9506//9506 9507//9507
f 9508//9508 9509//9509 9510//9510
f 9511//9511 9512//9512 9513//9513
f 9514//9514 9515//9515 9516//9516
f 9517//9517 9518//9518 9519//9519
f 9520//9520 9521//9521 9522//9522
f 9523//9523 9524//9524 9525//9525
f 9526//9526 9527//9527 9528//9528
f 9529//9529 9530//9530 9531//9531
f 9532//9532 9533//9533 9534//9534
f 9535//9535 9536//9536 9537//9537
f 9538//9538 9539//9539 9540//9540
f 9541//9541 9542//9542 9543//9543
f 9544//9544 9545//9545 9546//9546
f 9547//9547 9548//9548 9549//9549
f 9550//9550 9551//9551 9552//9552
f 9553//9553 9554//9554 9555//9555
f 9556//9556 9557//9557 9558//9558
f 9559//9559 9560//9560 9561//9561
f 9562//9562 9563//9563 9564//9564
f 9565//9565 9566//9566 9567//9567
f 9568//9568 9569//9569 9570//9570
f 9571//9571 9572//9572 9573//9573
f 9574//9574 9575//9575 9576//9576
f 9577//9577 9578//9578 9579//9579
f 9580//9580 9581//9581 9582//9582
f 9583//9583 9584//9584 9585//9585
f 9586//9586 9587//9587 9588//9588
f 9589//9589 9590//9590 9591//9591
f 9592//9592 9593//9593 9594//9594
f 9595//9595 9596//9596 9597//9597
f 9598//9598 9599//9599 9600//9600
f 9601//9601 9602//9602 9603//9603
f 9604//9604 9605//9605 9606//9606
f 9607//9607 9608//9608 9609//9609
f 9610//9610 9611//9611 9612//9612
f 9613//9613 9614//9614 9615//9615
f 9616//9616 9617//9617 9618//9618
f 9619//9619 9620//9620 9621//9621
f 9622//9622 9623//9623 9624//9624
f 9625//9625 9626//9626 9627//9627
f 9628//9628 9629//9629 9630//9630
f 9631//9631 9632//9632 9633//9633
f 9634//9634 9635//9635 9636//9636
f 9637//9637 9638//9638 9639//9639
f 9640//9640 9641//9641 9642//9642
f 9643//9643 9644//9644 9645//9645
f 9646//9646 9647//9647 9648//9648
f 9649//9649 9650//9650 9651//9651
f 9652//9652 9653//9653 9654//9654
f 9655//9655 9656//9656 9657//9657
f 9658//9658 9659//9659 9660//9660
f 9661//9661 9662//9662 9663//9663
f 9664//9664 9665//9665 9666//9666
f 9667//9667 9668//9668 9669//9669
f 9670//9670 9671//9671 9672//9672
f 9673//9673 9674//9674 9675//9675
f 9676//9676 9677//9677 9678//9678
f 9679//9679 9680//9680 9681//9681
f 9682//9682 9683//9683 9684//9684
f 9685//9685 9686//9686 9687//9687
f 9688//9688 9689//9689 9690//9690
f 9691//9691 9692//9692 9693//9693
f 9694//9694 9695//9695 9696//9696
f 9697//9697 9698//9698 9699//9699
f 9700//9700 9701//9701 9702//9702
f 9703//9703 9704//9704 9705//9705
f 9706//9706 9707//9707 9708//9708
f 9709//9709 9710//9710 9711//9711
f 9712//9712 9713//9713 9714//9714
f 9715//9715 9716//9716 9717//9717
f 9718//9718 9719//9719 9720//9720
f 9721//9721 9722//9722 9723//9723
f 9724//9724 9725//9725 9726//9726
f 9727//9727 9728//9728 9729//9729
f 9730//9730 9731//9731 9732//9732
f 9733//9733 9734//9734 9735//9735
f 9736//9736 9737//9737 9738//9738
f 9739//9739 9740//9740 9741//9741
f 9742//9742 9743//9743 9744//9744
f 9745//9745 9746//9746 9747//9747
f 9748//9748 9749//9749 9750//9750
f 9751//9751 9752//9752 9753//9753
f 9754//9754 9755//9755 9756//9756
f 9757//9757 9758//9758 9759//9759
f 9760//9760 9761//9761 9762//9762
f 9763//9763 9764//9764 9765//9765
f 9766//9766 9767//9767 9768//9768
f 9769//9769 9770//9770 9771//9771
f 9772//9772 9773//9773 9774//9774
f 9775//9775 9776//9776 9777//9777
f 9778//9778 9779//9779 9780//9780
f 9781//9781 9782//9782 9783//9783
f 9784//9784 9785//9785 9786//9786
f 9787//9787 9788//9788 9789//9789
f 9790//9790 9791//9791 9792//9792
f 9793//9793 9794//9794 9795//9795
f 9796//9796 9797//9797 9798//9798
f 9799//9799 9800//9800 9801//9801
f 9802//9802 9803//9803 9804//9804
f 9805//9805 9806//9806 9807//9807
f 9808//9808 9809//9809 9810//9810
f 9811//9811 9812//9812 9813//9813
f 9814//9814 9815//9815 9816//9816
f 9817//9817 9818//9818 9819//9819
f 9820//9820 9821//9821 9822//9822
f 9823//9823 9824//9824 9825//9825
f 9826//9826 9827//9827 9828//9828
f 9829//9829 9830//9830 9831//9831
f 9832//9832 9833//9833 9834//9834
f 9835//9835 9836//9836 9837//9837
f 9838//9838 9839//9839 9840//9840
f 9841//9841 9842//9842 9843//9843
f 9844//9844 9845//9845 9846//9846
f 9847//9847 9848//9848 9849//9849
f 9850//9850 9851//9851 9852//9852
f 9853//9853 9854//9854 9855//9855
f 9856//9856 9857//9857 9858//9858
f 9859//9859 9860//9860 9861//9861
f 9862//9862 9863//9863 9864//9864
f 9865//9865 9866//9866 9867//9867
f 9868//9868 9869//9869 9870//9870
f 9871//9871 9872//9872 9873//9873
f 9874//9874 9875//9875 9876//9876
f 9877//9877 9878//9878 9879//9879
f 9880//9880 9881//9881 9882//9882
f 9883//9883 9884//9884 9885//9885
f 9886//9886 9887//9887 9888//9888
f 9889//9889 9890//9890 9891//9891
f 9892//9892 9893//9893 9894//9894
f 9895//9895 9896//9896 9897//9897
f 9898//9898 9899//9899 9900//9900
f 9901//9901 9902//9902 9903//9903
f 9904//9904 9905//9905 9906//9906
f 9907//9907 9908//9908 9909//9909
f 9910//9910 9911//9911 9912//9912
f 9913//9913 9914//9914 9915//9915
f 9916//9916 9917//9917 9918//9918
f 9919//9919 9920//9920 9921//9921
f 9922//9922 9923//9923 9924//9924
f 9925//9925 9926//9926 9927//9927
f 9928//9928 9929//9929 9930//9930
f 9931//9931 9932//9932 9933//9933
f 9934//9934 9935//9935 9936//9936
f 9937//9937 9938//9938 9939//9939
f 9940//9940 9941//9941 9942//9942
f 9943//9943 9944//9944 9945//9945
f 9946//9946 9947//9947 9948//9948
f 9949//9949 9950//9950 9951//9951
f 9952//9952 9953//9953 9954//9954
f 9955//9955 9956//9956 9957//9957
f 9958//9958 9959//9959 9960//9960
f 9961//9961 9962//9962 9963//9963
f 9964//9964 9965//9965 9966//9966
f 9967//9967 9968//9968 9969//9969
f 9970//9970 9971//9971 9972//9972
f 9973//9973 9974//9974 9975//9975
f 9976//9976 9977//9977 9978//9978
f 9979//9979 9980//9980 9981//9981
f 9982//9982 9983//9983 9984//9984
f 9985//9985 9986//9986 9987//9987
f 9988//9988 9989//9989 9990//9990
f 9991//9991 9992//9992 9993//9993
f 9994//9994 9995//9995 9996//9996
f 9997//9997 9998//9998 9999//9999
f 10000//10000 10001//10001 10002//10002
f 10003//10003 10004//10004 10005//10005
f 10006//10006 10007//10007 10008//10008
f 10009//10009 10010//10010 10011//10011
f 10012//10012 10013//10013 10014//10014
f 10015//10015 10016//10016 10017//10017
f 10018//10018 10019//10019 10020//10020
f 10021//10021 10022//10022 10023//10023
f 10024//10024 10025//10025 10026//10026
f 10027//10027 10028//10028 10029//10029
f 10030//10030 10031//10031 10032//10032
f 10033//10033 10034//10034 10035//10035
f 10036//10036 10037//10037 10038//10038
f 10039//10039 10040//10040 10041//10041
f 10042//10042 10043//10043 10044//10044
f 10045//10045 10046//10046 10047//10047
f 10048//10048 10049//10049 10050//10050
f 10051//10051 10052//10052 10053//10053
f 10054//10054 10055//10055 10056//10056
f 10057//10057 10058//10058 10059//10059
f 10060//10060 10061//10061 10062//10062
f 10063//10063 10064//10064 10065//10065
f 10066//10066 10067//10067 10068//10068
f 10069//10069 10070//10070 10071//10071
f 10072//10072 10073//10073 10074//10074
f 10075//10075 10076//10076 10077//10077
f 10078//10078 10079//10079 10080//10080
f 10081//10081 10082//10082 10083//10083
f 10084//10084 10085//10085 10086//10086
f 10087//10087 10088//10088 10089//10089
f 10090//10090 10091//10091 10092//10092
f 10093//10093 10094//10094 10095//10095
f 10096//10096 10097//10097 10098//10098
f 10099//10099 10100//10100 10101//10101
f 10102//10102 10103//10103 10104//10104
f 10105//10105 10106//10106 10107//10107
f 10108//10108 10109//10109 10110//10110
f 10111//10111 10112//10112 10113//10113
f 10114//10114 10115//10115 10116//10116
f 10117//10117 10118//10118 10119//10119
f 10120//10120 10121//10121 10122//10122
f 10123//10123 10124//10124 10125//10125
f 10126//10126 10127//10127 10128//10128
f 10129//10129 10130//10130 10131//10131
f 10132//10132 10133//10133 10134//10134
f 10135//10135 10136//10136 10137//10137
f 10138//10138 10139//10139 10140//10140
f 10141//10141 10142//10142 10143//10143
f 10144//10144 10145//10145 10146//10146
f 10147//10147 10148//10148 10149//10149
f 10150//10150 10151//10151 10152//10152
f 10153//10153 10154//10154 10155//10155
f 10156//10156 10157//10157 10158//10158
f 10159//10159 10160//10160 10161//10161
f 10162//10162 10163//10163 10164//10164
f 10165//10165 10166//10166 10167//10167
f 10168//10168 10169//10169 10170//10170
f 10171//10171 10172//10172 10173//10173
f 10174//10174 10175//10175 10176//10176
f 10177//10177 10178//10178 10179//10179
f 10180//10180 10181//10181 10182//10182
f 10183//10183 10184//10184 10185//10185
f 10186//10186 10187//10187 10188//10188
f 10189//10189 10190//10190 10191//10191
f 10192//10192 10193//10193 10194//10194
f 10195//10195 10196//10196 10197//10197
f 10198//10198 10199//10199 10200//10200
f 10201//10201 10202//10202 10203//10203
f 10204//10204 10205//10205 10206//10206
f 10207//10207 10208//10208 10209//10209
f 10210//10210 10211//10211 10212//10212
f 10213//10213 10214//10214 10215//10215
f 10216//10216 10217//10217 10218//10218
f 10219//10219 10220//10220 10221//10221
f 10222//10222 10223//10223 10224//10224
f 10225//10225 10226//10226 10227//10227
f 10228//10228 10229//10229 10230//10230
f 10231//10231 10232//10232 10233//10233
f 10234//10234 10235//10235 10236//10236
f 10237//10237 10238//10238 10239//10239
f 10240//10240 10241//10241 10242//10242
f 10243//10243 10244//10244 10245//10245
f 10246//10246 10247//10247 10248//10248
f 10249//10249 10250//10250 10251//10251
f 10252//10252 10253//10253 10254//10254
f 10255//10255 10256//10256 10257//10257
f 10258//10258 10259//10259 10260//10260
f 10261//10261 10262//10262 10263//10263
f 10264//10264 10265//10265 10266//10266
f 10267//10267 10268//10268 10269//10269
f 10270//10270 10271//10271 10272//10272
f 10273//10273 10274//10274 10275//10275
f 10276//10276 10277//10277 10278//10278
f 10279//10279 10280//10280 10281//10281
f 10282//10282 10283//10283 10284//10284
f 10285//10285 10286//10286 10287//10287
f 10288//10288 10289//10289 10290//10290
f 10291//10291 10292//10292 10293//10293
f 10294//10294 10295//10295 10296//10296
f 10297//10297 10298//10298 10299//10299
f 10300//10300 10301//10301 10302//10302
f 10303//10303 10304//10304 10305//10305
f 10306//10306 10307//10307 10308//10308
f 10309//10309 10310//10310 10311//10311
f 10312//10312 10313//10313 10314//10314
f 10315//10315 10316//10316 10317//10317
f 10318//10318 10319//10319 10320//10320
f 10321//10321 10322//10322 10323//10323
f 10324//10324 10325//10325 10326//10326
f 10327//10327 10328//10328 10329//10329
f 10330//10330 10331//10331 10332//10332
f 10333//10333 10334//10334 10335//10335
f 10336//10336 10337//10337 10338//10338
f 10339//10339 10340//10340 10341//10341
f 10342//10342 10343//10343 10344//10344
f 10345//10345 10346//10346 10347//10347
f 10348//10348 10349//10349 10350//10350
f 10351//10351 10352//10352 10353//10353
f 10354//10354 10355//10355 10356//10356
f 10357//10357 10358//10358 10359//10359
f 10360//10360 10361//10361 10362//10362
f 10363//10363 10364//10364 10365//10365
f 10366//10366 10367//10367 10368//10368
f 10369//10369 10370//10370 10371//10371
f 10372//10372 10373//10373 10374//10374
f 10375//10375 10376//10376 10377//10377
f 10378//10378 10379//10379 10380//10380
f 10381//10381 10382//10382 10383//10383
f 10384//10384 10385//10385 10386//10386
f 10387//10387 10388//10388 10389//10389
f 10390//10390 10391//10391 10392//10392
f 10393//10393 10394//10394 10395//10395
f 10396//10396 10397//10397 10398//10398
f 10399//10399 10400//10400 10401//10401
f 10402//10402 10403//10403 10404//10404
f 10405//10405 10406//10406 10407//10407
f 10408//10408 10409//10409 10410//10410
f 10411//10411 10412//10412 10413//10413
f 10414//10414 10415//10415 10416//10416
f 10417//10417 10418//10418 10419//10419
f 10420//10420 10421//10421 10422//10422
f 10423//10423 10424//10424 10425//10425
f 10426//10426 10427//10427 10428//10428
f 10429//10429 10430//10430 10431//10431
f 10432//10432 10433//10433 10434//10434
f 10435//10435 10436//10436 10437//10437
f 10438//10438 10439//10439 10440//10440
f 10441//10441 10442//10442 10443//10443
f 10444//10444 10445//10445 10446//10446
f 10447//10447 10448//10448 10449//10449
f 10450//10450 10451//10451 10452//10452
f 10453//10453 10454//10454 10455//10455
f 10456//10456 10457//10457 10458//10458
f 10459//10459 10460//10460 10461//10461
f 10462//10462 10463//10463 10464//10464
f 10465//10465 10466//10466 10467//10467
f 10468//10468 10469//10469 10470//10470
f 10471//10471 10472//10472 10473//10473
f 10474//10474 10475//10475 10476//10476
f 10477//10477 10478//10478 10479//10479
f 10480//10480 10481//10481 10482//10482
f 10483//10483 10484//10484 10485//10485
f 10486//10486 10487//10487 10488//10488
f 10489//10489 10490//10490 10491//10491
f 10492//10492 10493//10493 10494//10494
f 10495//10495 10496//10496 10497//10497
f 10498//10498 10499//10499 10500//10500
f 10501//10501 10502//10502 10503//10503
f 10504//10504 10505//10505 10506//10506
f 10507//10507 10508//10508 10509//10509
f 10510//10510 10511//10511 10512//10512
f 10513//10513 10514//10514 10515//10515
f 10516//10516 10517//10517 10518//10518
f 10519//10519 10520//10520 10521//10521
f 10522//10522 10523//10523 10524//10524
f 10525//10525 10526//10526 10527//10527
f 10528//10528 10529//10529 10530//10530
f 10531//10531 10532//10532 10533//10533
f 10534//10534 10535//10535 10536//10536
f 10537//10537 10538//10538 10539//10539
f 10540//10540 10541//10541 10542//10542
f 10543//10543 10544//10544 10545//10545
f 10546//10546 10547//10547 10548//10548
f 10549//10549 10550//10550 10551//10551
f 10552//10552 10553//10553 10554//10554
f 10555//10555 10556//10556 10557//10557
f 10558//10558 10559//10559 10560//10560
f 10561//10561 10562//10562 10563//10563
f 10564//10564 10565//10565 10566//10566
f 10567//10567 10568//10568 10569//10569
f 10570//10570 10571//10571 10572//10572
f 10573//10573 10574//10574 10575//10575
f 10576//10576 10577//10577 10578//10578
f 10579//10579 10580//10580 10581//10581
f 10582//10582 10583//10583 10584//10584
f 10585//10585 10586//10586 10587//10587
f 10588//10588 10589//10589 10590//10590
f 10591//10591 10592//10592 10593//10593
f 10594//10594 10595//10595 10596//10596
f 10597//10597 10598//10598 10599//10599
f 10600//10600 10601//10601 10602//10602
f 10603//10603 10604//10604 10605//10605
f 10606//10606 10607//10607 10608//10608
f 10609//10609 10610//10610 10611//10611
f 10612//10612 10613//10613 10614//10614
f 10615//10615 10616//10616 10617//10617
f 10618//10618 10619//10619 10620//10620
f 10621//10621 10622//10622 10623//10623
f 10624//10624 10625//10625 10626//10626
f 10627//10627 10628//10628 10629//10629
f 10630//10630 10631//10631 10632//10632
f 10633//10633 10634//10634 10635//10635
f 10636//10636 10637//10637 10638//10638
f 10639//10639 10640//10640 10641//10641
f 10642//10642 10643//10643 10644//10644
f 10645//10645 10646//10646 10647//10647
f 10648//10648 10649//10649 10650//10650
f 10651//10651 10652//10652 10653//10653
f 10654//10654 10655//10655 10656//10656
f 10657//10657 10658//10658 10659//10659
f 10660//10660 10661//10661 10662//10662
f 10663//10663 10664//10664 10665//10665
f 10666//10666 10667//10667 10668//10668
f 10669//10669 10670//10670 10671//10671
f 10672//10672 10673//10673 10674//10674
f 10675//10675 10676//10676 10677//10677
f 10678//10678 10679//10679 10680//10680
f 10681//10681 10682//10682 10683//10683
f 10684//10684 10685//10685 10686//10686
f 10687//10687 10688//10688 10689//10689
f 10690//10690 10691//10691 10692//10692
f 10693//10693 10694//10694 10695//10695
f 10696//10696 10697//10697 10698//10698
f 10699//10699 10700//10700 10701//10701
f 10702//10702 10703//10703 10704//10704
f 10705//10705 10706//10706 10707//10707
f 10708//10708 10709//10709 10710//10710
f 10711//10711 10712//10712 10713//10713
f 10714//10714 10715//10715 10716//10716
f 10717//10717 10718//10718 10719//10719
f 10720//10720 10721//10721 10722//10722
f 10723//10723 10724//10724 10725//10725
f 10726//10726 10727//10727 10728//10728
f 10729//10729 10730//10730 10731//10731
f 10732//10732 10733//10733 10734//10734
f 10735//10735 10736//10736 10737//10737
f 10738//10738 10739//10739 10740//10740
f 10741//10741 10742//10742 10743//10743
f 10744//10744 10745//10745 10746//10746
f 10747//10747 10748//10748 10749//10749
f 10750//10750 10751//10751 10752//10752
f 10753//10753 10754//10754 10755//10755
f 10756//10756 10757//10757 10758//10758
f 10759//10759 10760//10760 10761//10761
f 10762//10762 10763//10763 10764//10764
f 10765//10765 10766//10766 10767//10767
f 10768//10768 10769//10769 10770//10770
f 10771//10771 10772//10772 10773//10773
f 10774//10774 10775//10775 10776//10776
f 10777//10777 10778//10778 10779//10779
f 10780//10780 10781//10781 10782//10782
f 10783//10783 10784//10784 10785//10785
f 10786//10786 10787//10787 10788//10788
f 10789//10789 10790//10790 10791//10791
f 10792//10792 10793//10793 10794//10794
f 10795//10795 10796//10796 10797//10797
f 10798//10798 10799//10799 10800//10800
f 10801//10801 10802//10802 10803//10803
f 10804//10804 10805//10805 10806//10806
f 10807//10807 10808//10808 10809//10809
f 10810//10810 10811//10811 10812//10812
f 10813//10813 10814//10814 10815//10815
f 10816//10816 10817//10817 10818//10818
f 10819//10819 10820//10820 10821//10821
f 10822//10822 10823//10823 10824//10824
f 10825//10825 10826//10826 10827//10827
f 10828//10828 10829//10829 10830//10830
f 10831//10831 10832//10832 10833//10833
f 10834//10834 10835//10835 10836//10836
f 10837//10837 10838//10838 10839//10839
f 10840//10840 10841//10841 10842//10842
f 10843//10843 10844//10844 10845//10845
f 10846//10846 10847//10847 10848//10848
f 10849//10849 10850//10850 10851//10851
f 10852//10852 10853//10853 10854//10854
f 10855//10855 10856//10856 10857//10857
f 10858//10858 10859//10859 10860//10860
f 10861//10861 10862//10862 10863//10863
f 10864//10864 10865//10865 10866//10866
f 10867//10867 10868//10868 10869//10869
f 10870//10870 10871//10871 10872//10872
f 10873//10873 10874//10874 10875//10875
f 10876//10876 10877//10877 10878//10878
f 10879//10879 10880//10880 10881//10881
f 10882//10882 10883//10883 10884//10884
f 10885//10885 10886//10886 10887//10887
f 10888//10888 10889//10889 10890//10890
f 10891//10891 10892//10892 10893//10893
f 10894//10894 10895//10895 10896//10896
f 10897//10897 10898//10898 10899//10899
f 10900//10900 10901//10901 10902//10902
f 10903//10903 10904//10904 10905//10905
f 10906//10906 10907//10907 10908//10908
f 10909//10909 10910//10910 10911//10911
f 10912//10912 10913//10913 10914//10914
f 10915//10915 10916//10916 10917//10917
f 10918//10918 10919//10919 10920//10920
f 10921//10921 10922//10922 10923//10923
f 10924//10924 10925//10925 10926//10926
f 10927//10927 10928//10928 10929//10929
f 10930//10930 10931//10931 10932//10932
f 10933//10933 10934//10934 10935//10935
f 10936//10936 10937//10937 10938//10938
f 10939//10939 10940//10940 10941//10941
f 10942//10942 10943//10943 10944//10944
f 10945//10945 10946//10946 10947//10947
f 10948//10948 10949//10949 10950//10950
f 10951//10951 10952//10952 10953//10953
f 10954//10954 10955//10955 10956//10956
f 10957//10957 10958//10958 10959//10959
f 10960//10960 10961//10961 10962//10962
f 10963//10963 10964//10964 10965//10965
f 10966//10966 10967//10967 10968//10968
f 10969//10969 10970//10970 10971//10971
f 10972//10972 10973//10973 10974//10974
f 10975//10975 10976//10976 10977//10977
f 10978//10978 10979//10979 10980//10980
f 10981//10981 10982//10982 10983//10983
f 10984//10984 10985//10985 10986//10986
f 10987//10987 10988//10988 10989//10989
f 10990//10990 10991//10991 10992//10992
f 10993//10993 10994//10994 10995//10995
f 10996//10996 10997//10997 10998//10998
f 10999//10999 11000//11000 11001//11001
f 11002//11002 11003//11003 11004//11004
f 11005//11005 11006//11006 11007//11007
f 11008//11008 11009//11009 11010//11010
f 11011//11011 11012//11012 11013//11013
f 11014//11014 11015//11015 11016//11016
f 11017//11017 11018//11018 11019//11019
f 11020//11020 11021//11021 11022//11022
f 11023//11023 11024//11024 11025//11025
f 11026//11026 11027//11027 11028//11028
f 11029//11029 11030//11030 11031//11031
f 11032//11032 11033//11033 11034//11034
f 11035//11035 11036//11036 11037//11037
f 11038//11038 11039//11039 11040//11040
f 11041//11041 11042//11042 11043//11043
f 11044//11044 11045//11045 11046//11046
f 11047//11047 11048//11048 11049//11049
f 11050//11050 11051//11051 11052//11052
f 11053//11053 11054//11054 11055//11055
f 11056//11056 11057//11057 11058//11058
f 11059//11059 11060//11060 11061//11061
f 11062//11062 11063//11063 11064//11064
f 11065//11065 11066//11066 11067//11067
f 11068//11068 11069//11069 11070//11070
f 11071//11071 11072//11072 11073//11073
f 11074//11074 11075//11075 11076//11076
f 11077//11077 11078//11078 11079//11079
f 11080//11080 11081//11081 11082//11082
f 11083//11083 11084//11084 11085//11085
f 11086//11086 11087//11087 11088//11088
f 11089//11089 11090//11090 11091//11091
f 11092//11092 11093//11093 11094//11094
f 11095//11095 11096//11096 11097//11097
f 11098//11098 11099//11099 11100//11100
f 11101//11101 11102//11102 11103//11103
f 11104//11104 11105//11105 11106//11106
f 11107//11107 11108//11108 11109//11109
f 11110//11110 11111//11111 11112//11112
f 11113//11113 11114//11114 11115//11115
f 11116//11116 11117//11117 11118//11118
f 11119//11119 11120//11120 11121//11121
f 11122//11122 11123//11123 11124//11124
f 11125//11125 11126//11126 11127//11127
f 11128//11128 11129//11129 11130//11130
f 11131//11131 11132//11132 11133//11133
f 11134//11134 11135//11135 11136//11136
f 11137//11137 11138//11138 11139//11139
f 11140//11140 11141//11141 11142//11142
f 11143//11143 11144//11144 11145//11145
f 11146//11146 11147//11147 11148//11148
f 11149//11149 11150//11150 11151//11151
f 11152//11152 11153//11153 11154//11154
f 11155//11155 11156//11156 11157//11157
f 11158//11158 11159//11159 11160//11160
f 11161//11161 11162//11162 11163//11163
f 11164//11164 11165//11165 11166//11166
f 11167//11167 11168//11168 11169//11169
f 11170//11170 11171//11171 11172//11172
f 11173//11173 11174//11174 11175//11175
f 11176//11176 11177//11177 11178//11178
f 11179//11179 11180//11180 11181//11181
f 11182//11182 11183//11183 11184//11184
f 11185//11185 11186//11186 11187//11187
f 11188//11188 11189//11189 11190//11190
f 11191//11191 11192//11192 11193//11193
f 11194//11194 11195//11195 11196//11196
f 11197//11197 11198//11198 11199//11199
f 11200//11200 11201//11201 11202//11202
f 11203//11203 11204//11204 11205//11205
f 11206//11206 11207//11207 11208//11208
f 11209//11209 11210//11210 11211//11211
f 11212//11212 11213//11213 11214//11214
f 11215//11215 11216//11216 11217//11217
f 11218//11218 11219//11219 11220//11220
f 11221//11221 11222//11222 11223//11223
f 11224//11224 11225//11225 11226//11226
f 11227//11227 11228//11228 11229//11229
f 11230//11230 11231//11231 11232//11232
f 11233//11233 11234//11234 11235//11235
f 11236//11236 11237//11237 11238//11238
f 11239//11239 11240//11240 11241//11241
f 11242//11242 11243//11243 11244//11244
f 11245//11245 11246//11246 11247//11247
f 11248//11248 11249//11249 11250//11250
f 11251//11251 11252//11252 11253//11253
f 11254//11254 11255//11255 11256//11256
f 11257//11257 11258//11258 11259//11259
f 11260//11260 11261//11261 11262//11262
f 11263//11263 11264//11264 11265//11265
f 11266//11266 11267//11267 11268//11268
f 11269//11269 11270//11270 11271//11271
f 11272//11272 11273//11273 11274//11274
f 11275//11275 11276//11276 11277//11277
f 11278//11278 11279//11279 11280//11280
f 11281//11281 11282//11282 11283//11283
f 11284//11284 11285//11285 11286//11286
f 11287//11287 11288//11288 11289//11289
f 11290//11290 11291//11291 11292//11292
f 11293//11293 11294//11294 11295//11295
f 11296//11296 11297//11297 11298//11298
f 11299//11299 11300//11300 11301//11301
f 11302//11302 11303//11303 11304//11304
f 11305//11305 11306//11306 11307//11307
f 11308//11308 11309//11309 11310//11310
f 11311//11311 11312//11312 11313//11313
f 11314//11314 11315//11315 11316//11316
f 11317//11317 11318//11318 11319//11319
f 11320//11320 11321//11321 11322//11322
f 11323//11323 11324//11324 11325//11325
f 11326//11326 11327//11327 11328//11328
f 11329//11329 11330//11330 11331//11331
f 11332//11332 11333//11333 11334//11334
f 11335//11335 11336//11336 11337//11337
f 11338//11338 11339//11339 11340//11340
f 11341//11341 11342//11342 11343//11343
f 11344//11344 11345//11345 11346//11346
f 11347//11347 11348//11348 11349//11349
f 11350//11350 11351//11351 11352//11352
f 11353//11353 11354//11354 11355//11355
f 11356//11356 11357//11357 11358//11358
f 11359//11359 11360//11360 11361//11361
f 11362//11362 11363//11363 11364//11364
f 11365//11365 11366//11366 11367//11367
f 11368//11368 11369//11369 11370//11370
f 11371//11371 11372//11372 11373//11373
f 11374//11374 11375//11375 11376//11376
f 11377//11377 11378//11378 11379//11379
f 11380//11380 11381//11381 11382//11382
f 11383//11383 11384//11384 11385//11385
f 11386//11386 11387//11387 11388//11388
f 11389//11389 11390//11390 11391//11391
f 11392//11392 11393//11393 11394//11394
f 11395//11395 11396//11396 11397//11397
f 11398//11398 11399//11399 11400//11400
f 11401//11401 11402//11402 11403//11403
f 11404//11404 11405//11405 11406//11406
f 11407//11407 11408//11408 11409//11409
f 11410//11410 11411//11411 11412//11412
f 11413//11413 11414//11414 11415//11415
f 11416//11416 11417//11417 11418//11418
f 11419//11419 11420//11420 11421//11421
f 11422//11422 11423//11423 11424//11424
f 11425//11425 11426//11426 11427//11427
f 11428//11428 11429//11429 11430//11430
f 11431//11431 11432//11432 11433//11433
f 11434//11434 11435//11435 11436//11436
f 11437//11437 11438//11438 11439//11439
f 11440//11440 11441//11441 11442//11442
f 11443//11443 11444//11444 11445//11445
f 11446//11446 11447//11447 11448//11448
f 11449//11449 11450//11450 11451//11451
f 11452//11452 11453//11453 11454//11454
f 11455//11455 11456//11456 11457//11457
f 11458//11458 11459//11459 11460//11460
f 11461//11461 11462//11462 11463//11463
f 11464//11464 11465//11465 11466//11466
f 11467//11467 11468//11468 11469//11469
f 11470//11470 11471//11471 11472//11472
f 11473//11473 11474//11474 11475//11475
f 11476//11476 11477//11477 11478//11478
f 11479//11479 11480//11480 11481//11481
f 11482//11482 11483//11483 11484//11484
f 11485//11485 11486//11486 11487//11487
f 11488//11488 11489//11489 11490//11490
f 11491//11491 11492//11492 11493//11493
f 11494//11494 11495//11495 11496//11496
f 11497//11497 11498//11498 11499//11499
f 11500//11500 11501//11501 11502//11502
f 11503//11503 11504//11504 11505//11505
f 11506//11506 11507//11507 11508//11508
f 11509//11509 11510//11510 11511//11511
f 11512//11512 11513//11513 11514//11514
f 11515//11515 11516//11516 11517//11517
f 11518//11518 11519//11519 11520//11520
f 11521//11521 11522//11522 11523//11523
f 11524//11524 11525//11525 11526//11526
f 11527//11527 11528//11528 11529//11529
f 11530//11530 11531//11531 11532//11532
f 11533//11533 11534//11534 11535//11535
f 11536//11536 11537//11537 11538//11538
f 11539//11539 11540//11540 11541//11541
f 11542//11542 11543//11543 11544//11544
f 11545//11545 11546//11546 11547//11547
f 11548//11548 11549//11549 11550//11550
f 11551//11551 11552//11552 11553//11553
f 11554//11554 11555//11555 11556//11556
f 11557//11557 11558//11558 11559//11559
f 11560//11560 11561//11561 11562//11562
f 11563//11563 11564//11564 11565//11565
f 11566//11566 11567//11567 11568//11568
f 11569//11569 11570//11570 11571//11571
f 11572//11572 11573//11573 11574//11574
f 11575//11575 11576//11576 11577//11577
f 11578//11578 11579//11579 11580//11580
f 11581//11581 11582//11582 11583//11583
f 11584//11584 11585//11585 11586//11586
f 11587//11587 11588//11588 11589//11589
f 11590//11590 11591//11591 11592//11592
f 11593//11593 11594//11594 11595//11595
f 11596//11596 11597//11597 11598//11598
f 11599//11599 11600//11600 11601//11601
f 11602//11602 11603//11603 11604//11604
f 11605//11605 11606//11606 11607//11607
f 11608//11608 11609//11609 11610//11610
f 11611//11611 11612//11612 11613//11613
f 11614//11614 11615//11615 11616//11616
f 11617//11617 11618//11618 11619//11619
f 11620//11620 11621//11621 11622//11622
f 11623//11623 11624//11624 11625//11625
f 11626//11626 11627//11627 11628//11628
f 11629//11629 11630//11630 11631//11631
f 11632//11632 11633//11633 11634//11634
f 11635//11635 11636//11636 11637//11637
f 11638//11638 11639//11639 11640//11640
f 11641//11641 11642//11642 11643//11643
f 11644//11644 11645//11645 11646//11646
f 11647//11647 11648//11648 11649//11649
f 11650//11650 11651//11651 11652//11652
f 11653//11653 11654//11654 11655//11655
f 11656//11656 11657//11657 11658//11658
f 11659//11659 11660//11660 11661//11661
f 11662//11662 11663//11663 11664//11664
f 11665//11665 11666//11666 11667//11667
f 11668//11668 11669//11669 11670//11670
f 11671//11671 11672//11672 11673//11673
f 11674//11674 11675//11675 11676//11676
f 11677//11677 11678//11678 11679//11679
f 11680//11680 11681//11681 11682//11682
f 11683//11683 11684//11684 11685//11685
f 11686//11686 11687//11687 11688//11688
f 11689//11689 11690//11690 11691//11691
f 11692//11692 11693//11693 11694//11694
f 11695//11695 11696//11696 11697//11697
f 11698//11698 11699//11699 11700//11700
f 11701//11701 11702//11702 11703//11703
f 11704//11704 11705//11705 11706//11706
f 11707//11707 11708//11708 11709//11709
f 11710//11710 11711//11711 11712//11712
f 11713//11713 11714//11714 11715//11715
f 11716//11716 11717//11717 11718//11718
f 11719//11719 11720//11720 11721//11721
f 11722//11722 11723//11723 11724//11724
f 11725//11725 11726//11726 11727//11727
f 11728//11728 11729//11729 11730//11730
f 11731//11731 11732//11732 11733//11733
f 11734//11734 11735//11735 11736//11736
f 11737//11737 11738//11738 11739//11739
f 11740//11740 11741//11741 11742//11742
f 11743//11743 11744//11744 11745//11745
f 11746//11746 11747//11747 11748//11748
f 11749//11749 11750//11750 11751//11751
f 11752//11752 11753//11753 11754//11754
f 11755//11755 11756//11756 11757//11757
f 11758//11758 11759//11759 11760//11760
f 11761//11761 11762//11762 11763//11763
f 11764//11764 11765//11765 11766//11766
f 11767//11767 11768//11768 11769//11769
f 11770//11770 11771//11771 11772//11772
f 11773//11773 11774//11774 11775//11775
f 11776//11776 11777//11777 11778//11778
f 11779//11779 11780//11780 11781//11781
f 11782//11782 11783//11783 11784//11784
f 11785//11785 11786//11786 11787//11787
f 11788//11788 11789//11789 11790//11790
f 11791//11791 11792//11792 11793//11793
f 11794//11794 11795//11795 11796//11796
f 11797//11797 11798//11798 11799//11799
f 11800//11800 11801//11801 11802//11802
f 11803//11803 11804//11804 11805//11805
f 11806//11806 11807//11807 11808//11808
