# Blender 5.2.1 LTS
# www.blender.org
mtllib TunnelWoodSupport.mtl
o WoodSupport
v -1.590000 0.000000 0.140000
v -1.590000 0.020000 0.160000
v -1.610000 0.020000 0.140000
v -1.590000 0.005858 0.154142
v -1.601547 0.008453 0.151547
v -1.604142 0.020000 0.154142
v -1.604142 0.005858 0.140000
v -1.590000 0.100000 0.160000
v -1.590000 0.120000 0.140000
v -1.610000 0.100000 0.140000
v -1.590000 0.114142 0.154142
v -1.601547 0.111547 0.151547
v -1.604142 0.114142 0.140000
v -1.604142 0.100000 0.154142
v -1.590000 0.000000 -0.140000
v -1.610000 0.020000 -0.140000
v -1.590000 0.020000 -0.160000
v -1.604142 0.005858 -0.140000
v -1.601547 0.008453 -0.151547
v -1.604142 0.020000 -0.154142
v -1.590000 0.005858 -0.154142
v -1.590000 0.120000 -0.140000
v -1.590000 0.100000 -0.160000
v -1.610000 0.100000 -0.140000
v -1.590000 0.114142 -0.154142
v -1.601547 0.111547 -0.151547
v -1.604142 0.100000 -0.154142
v -1.604142 0.114142 -0.140000
v -1.350000 0.000000 0.140000
v -1.330000 0.020000 0.140000
v -1.350000 0.020000 0.160000
v -1.335858 0.005858 0.140000
v -1.338453 0.008453 0.151547
v -1.335858 0.020000 0.154142
v -1.350000 0.005858 0.154142
v -1.350000 0.120000 0.140000
v -1.350000 0.100000 0.160000
v -1.330000 0.100000 0.140000
v -1.350000 0.114142 0.154142
v -1.338453 0.111547 0.151547
v -1.335858 0.100000 0.154142
v -1.335858 0.114142 0.140000
v -1.350000 0.000000 -0.140000
v -1.350000 0.020000 -0.160000
v -1.330000 0.020000 -0.140000
v -1.350000 0.005858 -0.154142
v -1.338453 0.008453 -0.151547
v -1.335858 0.020000 -0.154142
v -1.335858 0.005858 -0.140000
v -1.350000 0.120000 -0.140000
v -1.330000 0.100000 -0.140000
v -1.350000 0.100000 -0.160000
v -1.335858 0.114142 -0.140000
v -1.338453 0.111547 -0.151547
v -1.335858 0.100000 -0.154142
v -1.350000 0.114142 -0.154142
v -1.553003 0.001054 0.118000
v -1.552696 0.023052 0.140000
v -1.574693 0.023359 0.118000
v -1.552913 0.007497 0.133556
v -1.565573 0.010529 0.130702
v -1.568250 0.023269 0.133556
v -1.568468 0.007714 0.118000
v -1.523291 2.128847 0.140000
v -1.522984 2.150845 0.118000
v -1.545289 2.129154 0.118000
v -1.523074 2.144402 0.133556
v -1.535814 2.141725 0.130702
v -1.538629 2.144619 0.118000
v -1.538846 2.129064 0.133556
v -1.553003 0.001054 -0.118000
v -1.574693 0.023359 -0.118000
v -1.552696 0.023052 -0.140000
v -1.568468 0.007714 -0.118000
v -1.565573 0.010529 -0.130702
v -1.568250 0.023269 -0.133556
v -1.552913 0.007497 -0.133556
v -1.522984 2.150845 -0.118000
v -1.523291 2.128847 -0.140000
v -1.545289 2.129154 -0.118000
v -1.523074 2.144402 -0.133556
v -1.535814 2.141725 -0.130702
v -1.538846 2.129064 -0.133556
v -1.538629 2.144619 -0.118000
v -1.417016 -0.000845 0.118000
v -1.394711 0.020846 0.118000
v -1.416709 0.021153 0.140000
v -1.401371 0.005381 0.118000
v -1.404186 0.008275 0.130702
v -1.401154 0.020936 0.133556
v -1.416926 0.005598 0.133556
v -1.386997 2.148946 0.118000
v -1.387304 2.126948 0.140000
v -1.365307 2.126641 0.118000
v -1.387087 2.142503 0.133556
v -1.374427 2.139471 0.130702
v -1.371750 2.126731 0.133556
v -1.371532 2.142286 0.118000
v -1.417016 -0.000845 -0.118000
v -1.416709 0.021153 -0.140000
v -1.394711 0.020846 -0.118000
v -1.416926 0.005598 -0.133556
v -1.404186 0.008275 -0.130702
v -1.401154 0.020936 -0.133556
v -1.401371 0.005381 -0.118000
v -1.386997 2.148946 -0.118000
v -1.365307 2.126641 -0.118000
v -1.387304 2.126948 -0.140000
v -1.371532 2.142286 -0.118000
v -1.374427 2.139471 -0.130702
v -1.371750 2.126731 -0.133556
v -1.387087 2.142503 -0.133556
v -1.592000 2.090000 0.142000
v -1.592000 2.108000 0.160000
v -1.610000 2.108000 0.142000
v -1.592000 2.095272 0.154728
v -1.602392 2.097608 0.152392
v -1.604728 2.108000 0.154728
v -1.604728 2.095272 0.142000
v -1.592000 2.192000 0.160000
v -1.592000 2.210000 0.142000
v -1.610000 2.192000 0.142000
v -1.592000 2.204728 0.154728
v -1.602392 2.202392 0.152392
v -1.604728 2.204728 0.142000
v -1.604728 2.192000 0.154728
v -1.592000 2.090000 -0.142000
v -1.610000 2.108000 -0.142000
v -1.592000 2.108000 -0.160000
v -1.604728 2.095272 -0.142000
v -1.602392 2.097608 -0.152392
v -1.604728 2.108000 -0.154728
v -1.592000 2.095272 -0.154728
v -1.592000 2.210000 -0.142000
v -1.592000 2.192000 -0.160000
v -1.610000 2.192000 -0.142000
v -1.592000 2.204728 -0.154728
v -1.602392 2.202392 -0.152392
v -1.604728 2.192000 -0.154728
v -1.604728 2.204728 -0.142000
v -1.348000 2.090000 0.142000
v -1.330000 2.108000 0.142000
v -1.348000 2.108000 0.160000
v -1.335272 2.095272 0.142000
v -1.337608 2.097608 0.152392
v -1.335272 2.108000 0.154728
v -1.348000 2.095272 0.154728
v -1.348000 2.210000 0.142000
v -1.348000 2.192000 0.160000
v -1.330000 2.192000 0.142000
v -1.348000 2.204728 0.154728
v -1.337608 2.202392 0.152392
v -1.335272 2.192000 0.154728
v -1.335272 2.204728 0.142000
v -1.348000 2.090000 -0.142000
v -1.348000 2.108000 -0.160000
v -1.330000 2.108000 -0.142000
v -1.348000 2.095272 -0.154728
v -1.337608 2.097608 -0.152392
v -1.335272 2.108000 -0.154728
v -1.335272 2.095272 -0.142000
v -1.348000 2.210000 -0.142000
v -1.330000 2.192000 -0.142000
v -1.348000 2.192000 -0.160000
v -1.335272 2.204728 -0.142000
v -1.337608 2.202392 -0.152392
v -1.335272 2.192000 -0.154728
v -1.348000 2.204728 -0.154728
v 1.350000 0.000000 0.140000
v 1.350000 0.020000 0.160000
v 1.330000 0.020000 0.140000
v 1.350000 0.005858 0.154142
v 1.338453 0.008453 0.151547
v 1.335858 0.020000 0.154142
v 1.335858 0.005858 0.140000
v 1.350000 0.100000 0.160000
v 1.350000 0.120000 0.140000
v 1.330000 0.100000 0.140000
v 1.350000 0.114142 0.154142
v 1.338453 0.111547 0.151547
v 1.335858 0.114142 0.140000
v 1.335858 0.100000 0.154142
v 1.350000 0.000000 -0.140000
v 1.330000 0.020000 -0.140000
v 1.350000 0.020000 -0.160000
v 1.335858 0.005858 -0.140000
v 1.338453 0.008453 -0.151547
v 1.335858 0.020000 -0.154142
v 1.350000 0.005858 -0.154142
v 1.350000 0.120000 -0.140000
v 1.350000 0.100000 -0.160000
v 1.330000 0.100000 -0.140000
v 1.350000 0.114142 -0.154142
v 1.338453 0.111547 -0.151547
v 1.335858 0.100000 -0.154142
v 1.335858 0.114142 -0.140000
v 1.590000 0.000000 0.140000
v 1.610000 0.020000 0.140000
v 1.590000 0.020000 0.160000
v 1.604142 0.005858 0.140000
v 1.601547 0.008453 0.151547
v 1.604142 0.020000 0.154142
v 1.590000 0.005858 0.154142
v 1.590000 0.120000 0.140000
v 1.590000 0.100000 0.160000
v 1.610000 0.100000 0.140000
v 1.590000 0.114142 0.154142
v 1.601547 0.111547 0.151547
v 1.604142 0.100000 0.154142
v 1.604142 0.114142 0.140000
v 1.590000 0.000000 -0.140000
v 1.590000 0.020000 -0.160000
v 1.610000 0.020000 -0.140000
v 1.590000 0.005858 -0.154142
v 1.601547 0.008453 -0.151547
v 1.604142 0.020000 -0.154142
v 1.604142 0.005858 -0.140000
v 1.590000 0.120000 -0.140000
v 1.610000 0.100000 -0.140000
v 1.590000 0.100000 -0.160000
v 1.604142 0.114142 -0.140000
v 1.601547 0.111547 -0.151547
v 1.604142 0.100000 -0.154142
v 1.590000 0.114142 -0.154142
v 1.417016 -0.000845 0.118000
v 1.416709 0.021153 0.140000
v 1.394711 0.020846 0.118000
v 1.416926 0.005598 0.133556
v 1.404186 0.008275 0.130702
v 1.401154 0.020936 0.133556
v 1.401371 0.005381 0.118000
v 1.387305 2.126948 0.140000
v 1.386997 2.148946 0.118000
v 1.365307 2.126641 0.118000
v 1.387087 2.142503 0.133556
v 1.374427 2.139471 0.130702
v 1.371532 2.142286 0.118000
v 1.371750 2.126731 0.133556
v 1.417016 -0.000845 -0.118000
v 1.394711 0.020846 -0.118000
v 1.416709 0.021153 -0.140000
v 1.401371 0.005381 -0.118000
v 1.404186 0.008275 -0.130702
v 1.401154 0.020936 -0.133556
v 1.416926 0.005598 -0.133556
v 1.386997 2.148946 -0.118000
v 1.387305 2.126948 -0.140000
v 1.365307 2.126641 -0.118000
v 1.387087 2.142503 -0.133556
v 1.374427 2.139471 -0.130702
v 1.371750 2.126731 -0.133556
v 1.371532 2.142286 -0.118000
v 1.553003 0.001054 0.118000
v 1.574693 0.023359 0.118000
v 1.552696 0.023052 0.140000
v 1.568468 0.007714 0.118000
v 1.565573 0.010529 0.130702
v 1.568250 0.023269 0.133556
v 1.552913 0.007497 0.133556
v 1.522984 2.150845 0.118000
v 1.523291 2.128847 0.140000
v 1.545289 2.129154 0.118000
v 1.523074 2.144402 0.133556
v 1.535814 2.141725 0.130702
v 1.538846 2.129064 0.133556
v 1.538629 2.144619 0.118000
v 1.553003 0.001054 -0.118000
v 1.552696 0.023052 -0.140000
v 1.574693 0.023359 -0.118000
v 1.552913 0.007497 -0.133556
v 1.565573 0.010529 -0.130702
v 1.568250 0.023269 -0.133556
v 1.568468 0.007714 -0.118000
v 1.522984 2.150845 -0.118000
v 1.545289 2.129154 -0.118000
v 1.523291 2.128847 -0.140000
v 1.538629 2.144619 -0.118000
v 1.535814 2.141725 -0.130702
v 1.538846 2.129064 -0.133556
v 1.523074 2.144402 -0.133556
v 1.348000 2.090000 0.142000
v 1.348000 2.108000 0.160000
v 1.330000 2.108000 0.142000
v 1.348000 2.095272 0.154728
v 1.337608 2.097608 0.152392
v 1.335272 2.108000 0.154728
v 1.335272 2.095272 0.142000
v 1.348000 2.192000 0.160000
v 1.348000 2.210000 0.142000
v 1.330000 2.192000 0.142000
v 1.348000 2.204728 0.154728
v 1.337608 2.202392 0.152392
v 1.335272 2.204728 0.142000
v 1.335272 2.192000 0.154728
v 1.348000 2.090000 -0.142000
v 1.330000 2.108000 -0.142000
v 1.348000 2.108000 -0.160000
v 1.335272 2.095272 -0.142000
v 1.337608 2.097608 -0.152392
v 1.335272 2.108000 -0.154728
v 1.348000 2.095272 -0.154728
v 1.348000 2.210000 -0.142000
v 1.348000 2.192000 -0.160000
v 1.330000 2.192000 -0.142000
v 1.348000 2.204728 -0.154728
v 1.337608 2.202392 -0.152392
v 1.335272 2.192000 -0.154728
v 1.335272 2.204728 -0.142000
v 1.592000 2.090000 0.142000
v 1.610000 2.108000 0.142000
v 1.592000 2.108000 0.160000
v 1.604728 2.095272 0.142000
v 1.602392 2.097608 0.152392
v 1.604728 2.108000 0.154728
v 1.592000 2.095272 0.154728
v 1.592000 2.210000 0.142000
v 1.592000 2.192000 0.160000
v 1.610000 2.192000 0.142000
v 1.592000 2.204728 0.154728
v 1.602392 2.202392 0.152392
v 1.604728 2.192000 0.154728
v 1.604728 2.204728 0.142000
v 1.592000 2.090000 -0.142000
v 1.592000 2.108000 -0.160000
v 1.610000 2.108000 -0.142000
v 1.592000 2.095272 -0.154728
v 1.602392 2.097608 -0.152392
v 1.604728 2.108000 -0.154728
v 1.604728 2.095272 -0.142000
v 1.592000 2.210000 -0.142000
v 1.610000 2.192000 -0.142000
v 1.592000 2.192000 -0.160000
v 1.604728 2.204728 -0.142000
v 1.602392 2.202392 -0.152392
v 1.604728 2.192000 -0.154728
v 1.592000 2.204728 -0.154728
v -1.473567 2.097613 0.068400
v -1.448532 2.115116 0.068400
v -1.469801 2.118882 0.090000
v -1.457424 2.101179 0.068400
v -1.459695 2.104428 0.080871
v -1.454761 2.116219 0.083674
v -1.472464 2.103842 0.083674
v -1.334064 2.761578 0.068400
v -1.351567 2.786613 0.068400
v -1.355333 2.765344 0.090000
v -1.337630 2.777720 0.068400
v -1.340879 2.775449 0.080871
v -1.352670 2.780383 0.083673
v -1.340293 2.762681 0.083673
v -1.726433 2.142387 0.068400
v -1.722667 2.163656 0.090000
v -1.743936 2.167423 0.068400
v -1.725330 2.148617 0.083674
v -1.737121 2.153551 0.080871
v -1.737707 2.166319 0.083674
v -1.740370 2.151280 0.068400
v -1.604433 2.831387 0.068400
v -1.629469 2.813884 0.068400
v -1.608199 2.810118 0.090000
v -1.620576 2.827821 0.068400
v -1.618305 2.824572 0.080871
v -1.623239 2.812781 0.083673
v -1.605536 2.825158 0.083673
v -1.473567 2.097613 -0.068400
v -1.469801 2.118882 -0.090000
v -1.448532 2.115116 -0.068400
v -1.472464 2.103842 -0.083673
v -1.459695 2.104428 -0.080871
v -1.454761 2.116219 -0.083673
v -1.457424 2.101179 -0.068400
v -1.351567 2.786613 -0.068400
v -1.334064 2.761577 -0.068400
v -1.355333 2.765344 -0.090000
v -1.337630 2.777720 -0.068400
v -1.340879 2.775449 -0.080871
v -1.340293 2.762681 -0.083674
v -1.352670 2.780383 -0.083674
v -1.726433 2.142387 -0.068400
v -1.743936 2.167422 -0.068400
v -1.722667 2.163656 -0.090000
v -1.740370 2.151280 -0.068400
v -1.737121 2.153551 -0.080871
v -1.737707 2.166319 -0.083673
v -1.725330 2.148617 -0.083673
v -1.604433 2.831387 -0.068400
v -1.608199 2.810118 -0.090000
v -1.629469 2.813884 -0.068400
v -1.605536 2.825158 -0.083674
v -1.618305 2.824572 -0.080871
v -1.623239 2.812781 -0.083674
v -1.620576 2.827821 -0.068400
v -1.367615 2.743412 0.068400
v -1.338013 2.750948 0.068400
v -1.356582 2.761981 0.090000
v -1.351253 2.741049 0.068400
v -1.352231 2.744890 0.080871
v -1.343451 2.754179 0.083673
v -1.364384 2.748851 0.083673
v -1.013080 3.297809 0.068400
v -1.020616 3.327412 0.068400
v -1.031649 3.308842 0.090000
v -1.010717 3.314171 0.068400
v -1.014558 3.313193 0.080871
v -1.023847 3.321973 0.083674
v -1.018518 3.301040 0.083674
v -1.588385 2.874588 0.068400
v -1.577351 2.893157 0.090000
v -1.595921 2.904191 0.068400
v -1.585153 2.880027 0.083673
v -1.594442 2.888807 0.080871
v -1.590482 2.900959 0.083673
v -1.598284 2.887829 0.068400
v -1.241385 3.458588 0.068400
v -1.270988 3.451052 0.068400
v -1.252418 3.440018 0.090000
v -1.257747 3.460951 0.068400
v -1.256769 3.457110 0.080871
v -1.265549 3.447820 0.083674
v -1.244616 3.453149 0.083674
v -1.367615 2.743412 -0.068400
v -1.356582 2.761981 -0.090000
v -1.338013 2.750948 -0.068400
v -1.364384 2.748851 -0.083674
v -1.352231 2.744890 -0.080871
v -1.343451 2.754179 -0.083674
v -1.351253 2.741049 -0.068400
v -1.020616 3.327412 -0.068400
v -1.013080 3.297809 -0.068400
v -1.031649 3.308842 -0.090000
v -1.010717 3.314171 -0.068400
v -1.014558 3.313193 -0.080871
v -1.018518 3.301040 -0.083673
v -1.023847 3.321973 -0.083673
v -1.588385 2.874588 -0.068400
v -1.595921 2.904191 -0.068400
v -1.577351 2.893157 -0.090000
v -1.598284 2.887829 -0.068400
v -1.594442 2.888807 -0.080871
v -1.590482 2.900959 -0.083674
v -1.585153 2.880027 -0.083674
v -1.241385 3.458588 -0.068400
v -1.252418 3.440018 -0.090000
v -1.270988 3.451052 -0.068400
v -1.244616 3.453149 -0.083673
v -1.256769 3.457110 -0.080871
v -1.265549 3.447820 -0.083673
v -1.257747 3.460951 -0.068400
v -1.054246 3.290066 0.068400
v -1.024018 3.285662 0.068400
v -1.036930 3.302978 0.090000
v -1.040044 3.281604 0.068400
v -1.039473 3.285526 0.080871
v -1.027800 3.290734 0.083674
v -1.049174 3.293848 0.083674
v -0.539650 3.646838 0.068400
v -0.535246 3.677066 0.068400
v -0.552562 3.664154 0.090000
v -0.531187 3.661040 0.068400
v -0.535110 3.661612 0.080871
v -0.540318 3.673284 0.083673
v -0.543432 3.651910 0.083673
v -1.207754 3.495934 0.068400
v -1.190438 3.508846 0.090000
v -1.203350 3.526162 0.068400
v -1.202682 3.499716 0.083674
v -1.207890 3.511388 0.080871
v -1.199568 3.521090 0.083674
v -1.211812 3.511960 0.068400
v -0.688754 3.882934 0.068400
v -0.718982 3.887338 0.068400
v -0.706070 3.870022 0.090000
v -0.702956 3.891396 0.068400
v -0.703527 3.887474 0.080871
v -0.715200 3.882266 0.083674
v -0.693826 3.879152 0.083673
v -1.054246 3.290066 -0.068400
v -1.036930 3.302978 -0.090000
v -1.024018 3.285662 -0.068400
v -1.049174 3.293848 -0.083673
v -1.039473 3.285526 -0.080871
v -1.027800 3.290734 -0.083674
v -1.040044 3.281604 -0.068400
v -0.535246 3.677066 -0.068400
v -0.539650 3.646838 -0.068400
v -0.552562 3.664154 -0.090000
v -0.531187 3.661040 -0.068400
v -0.535110 3.661612 -0.080871
v -0.543432 3.651910 -0.083674
v -0.540318 3.673284 -0.083674
v -1.207754 3.495934 -0.068400
v -1.203350 3.526162 -0.068400
v -1.190438 3.508846 -0.090000
v -1.211813 3.511960 -0.068400
v -1.207890 3.511388 -0.080871
v -1.199568 3.521090 -0.083673
v -1.202682 3.499716 -0.083673
v -0.688754 3.882934 -0.068400
v -0.706070 3.870022 -0.090000
v -0.718982 3.887338 -0.068400
v -0.693826 3.879152 -0.083674
v -0.703527 3.887474 -0.080871
v -0.715200 3.882266 -0.083674
v -0.702956 3.891396 -0.068400
v -0.583367 3.654833 0.068400
v -0.557494 3.638594 0.068400
v -0.562311 3.659650 0.090000
v -0.573794 3.641355 0.068400
v -0.571687 3.644712 0.080871
v -0.558905 3.644761 0.083674
v -0.577200 3.656244 0.083674
v 0.012394 3.768960 0.068400
v 0.028633 3.794833 0.068400
v 0.007577 3.790016 0.090000
v 0.025872 3.778533 0.068400
v 0.022515 3.780641 0.080871
v 0.022466 3.793422 0.083673
v 0.010983 3.775128 0.083673
v -0.640633 3.905167 0.068400
v -0.619577 3.909983 0.090000
v -0.624394 3.931039 0.068400
v -0.634466 3.906577 0.083674
v -0.634515 3.919359 0.080871
v -0.622983 3.924872 0.083674
v -0.637872 3.921466 0.068400
v -0.028633 4.045167 0.068400
v -0.054506 4.061406 0.068400
v -0.049689 4.040350 0.090000
v -0.038206 4.058645 0.068400
v -0.040313 4.055288 0.080871
v -0.053095 4.055239 0.083673
v -0.034800 4.043756 0.083673
v -0.583367 3.654833 -0.068400
v -0.562311 3.659650 -0.090000
v -0.557494 3.638594 -0.068400
v -0.577200 3.656244 -0.083673
v -0.571687 3.644712 -0.080871
v -0.558905 3.644761 -0.083673
v -0.573794 3.641355 -0.068400
v 0.028633 3.794833 -0.068400
v 0.012394 3.768960 -0.068400
v 0.007577 3.790016 -0.090000
v 0.025872 3.778533 -0.068400
v 0.022515 3.780641 -0.080871
v 0.010983 3.775128 -0.083674
v 0.022466 3.793422 -0.083674
v -0.640633 3.905167 -0.068400
v -0.624394 3.931039 -0.068400
v -0.619577 3.909983 -0.090000
v -0.637872 3.921466 -0.068400
v -0.634515 3.919359 -0.080871
v -0.622983 3.924872 -0.083673
v -0.634466 3.906577 -0.083673
v -0.028633 4.045167 -0.068400
v -0.049689 4.040350 -0.090000
v -0.054506 4.061406 -0.068400
v -0.034800 4.043756 -0.083674
v -0.040313 4.055288 -0.080871
v -0.053095 4.055239 -0.083674
v -0.038206 4.058645 -0.068400
v -0.028633 3.794833 0.068400
v -0.012394 3.768960 0.068400
v -0.007577 3.790016 0.090000
v -0.025872 3.778533 0.068400
v -0.022515 3.780641 0.080871
v -0.010983 3.775128 0.083673
v -0.022466 3.793422 0.083673
v 0.557494 3.638594 0.068400
v 0.583367 3.654833 0.068400
v 0.562311 3.659650 0.090000
v 0.573794 3.641355 0.068400
v 0.571687 3.644712 0.080871
v 0.577200 3.656244 0.083674
v 0.558905 3.644761 0.083674
v 0.028633 4.045167 0.068400
v 0.049689 4.040350 0.090000
v 0.054506 4.061406 0.068400
v 0.034800 4.043756 0.083674
v 0.040313 4.055288 0.080871
v 0.053095 4.055239 0.083674
v 0.038206 4.058645 0.068400
v 0.640633 3.905167 0.068400
v 0.624394 3.931039 0.068400
v 0.619577 3.909983 0.090000
v 0.637872 3.921466 0.068400
v 0.634515 3.919359 0.080871
v 0.622983 3.924872 0.083674
v 0.634466 3.906577 0.083674
v -0.028633 3.794833 -0.068400
v -0.007577 3.790016 -0.090000
v -0.012394 3.768960 -0.068400
v -0.022466 3.793422 -0.083674
v -0.022515 3.780641 -0.080871
v -0.010983 3.775128 -0.083674
v -0.025872 3.778533 -0.068400
v 0.583367 3.654833 -0.068400
v 0.557494 3.638594 -0.068400
v 0.562311 3.659650 -0.090000
v 0.573794 3.641355 -0.068400
v 0.571687 3.644712 -0.080871
v 0.558905 3.644761 -0.083674
v 0.577200 3.656244 -0.083674
v 0.028633 4.045167 -0.068400
v 0.054506 4.061406 -0.068400
v 0.049689 4.040350 -0.090000
v 0.038206 4.058645 -0.068400
v 0.040313 4.055288 -0.080871
v 0.053095 4.055239 -0.083674
v 0.034800 4.043756 -0.083674
v 0.640633 3.905167 -0.068400
v 0.619577 3.909983 -0.090000
v 0.624394 3.931039 -0.068400
v 0.634466 3.906577 -0.083673
v 0.634515 3.919359 -0.080871
v 0.622983 3.924872 -0.083673
v 0.637872 3.921466 -0.068400
v 0.535246 3.677066 0.068400
v 0.539650 3.646838 0.068400
v 0.552562 3.664154 0.090000
v 0.531188 3.661040 0.068400
v 0.535110 3.661612 0.080871
v 0.543432 3.651910 0.083673
v 0.540318 3.673285 0.083673
v 1.024018 3.285662 0.068400
v 1.054246 3.290066 0.068400
v 1.036930 3.302978 0.090000
v 1.040044 3.281604 0.068400
v 1.039473 3.285526 0.080871
v 1.049174 3.293848 0.083674
v 1.027800 3.290734 0.083674
v 0.688754 3.882934 0.068400
v 0.706070 3.870022 0.090000
v 0.718982 3.887338 0.068400
v 0.693826 3.879152 0.083673
v 0.703527 3.887474 0.080871
v 0.715200 3.882266 0.083674
v 0.702956 3.891396 0.068400
v 1.207754 3.495934 0.068400
v 1.203350 3.526161 0.068400
v 1.190438 3.508846 0.090000
v 1.211812 3.511960 0.068400
v 1.207890 3.511388 0.080871
v 1.199568 3.521090 0.083674
v 1.202682 3.499715 0.083674
v 0.535246 3.677066 -0.068400
v 0.552562 3.664154 -0.090000
v 0.539650 3.646838 -0.068400
v 0.540318 3.673285 -0.083674
v 0.535110 3.661612 -0.080871
v 0.543432 3.651910 -0.083674
v 0.531188 3.661040 -0.068400
v 1.054246 3.290066 -0.068400
v 1.024018 3.285662 -0.068400
v 1.036930 3.302978 -0.090000
v 1.040044 3.281604 -0.068400
v 1.039473 3.285526 -0.080871
v 1.027800 3.290734 -0.083674
v 1.049174 3.293848 -0.083673
v 0.688754 3.882934 -0.068400
v 0.718982 3.887338 -0.068400
v 0.706070 3.870022 -0.090000
v 0.702956 3.891396 -0.068400
v 0.703527 3.887474 -0.080871
v 0.715200 3.882266 -0.083674
v 0.693826 3.879152 -0.083674
v 1.207754 3.495934 -0.068400
v 1.190438 3.508846 -0.090000
v 1.203350 3.526161 -0.068400
v 1.202682 3.499715 -0.083673
v 1.207890 3.511388 -0.080871
v 1.199568 3.521090 -0.083673
v 1.211812 3.511960 -0.068400
v 1.020616 3.327412 0.068400
v 1.013080 3.297809 0.068400
v 1.031649 3.308842 0.090000
v 1.010717 3.314171 0.068400
v 1.014558 3.313193 0.080871
v 1.018518 3.301040 0.083674
v 1.023847 3.321973 0.083674
v 1.338013 2.750948 0.068400
v 1.367615 2.743412 0.068400
v 1.356582 2.761981 0.090000
v 1.351253 2.741049 0.068400
v 1.352231 2.744890 0.080871
v 1.364384 2.748851 0.083673
v 1.343451 2.754179 0.083673
v 1.241385 3.458588 0.068400
v 1.252418 3.440018 0.090000
v 1.270988 3.451052 0.068400
v 1.244616 3.453149 0.083674
v 1.256769 3.457110 0.080871
v 1.265549 3.447820 0.083674
v 1.257747 3.460951 0.068400
v 1.588385 2.874588 0.068400
v 1.595921 2.904191 0.068400
v 1.577351 2.893157 0.090000
v 1.598284 2.887829 0.068400
v 1.594442 2.888807 0.080871
v 1.590482 2.900959 0.083673
v 1.585153 2.880027 0.083673
v 1.020616 3.327412 -0.068400
v 1.031649 3.308842 -0.090000
v 1.013080 3.297809 -0.068400
v 1.023847 3.321973 -0.083673
v 1.014558 3.313193 -0.080871
v 1.018518 3.301040 -0.083673
v 1.010717 3.314171 -0.068400
v 1.367615 2.743412 -0.068400
v 1.338013 2.750948 -0.068400
v 1.356582 2.761981 -0.090000
v 1.351253 2.741049 -0.068400
v 1.352231 2.744890 -0.080871
v 1.343451 2.754179 -0.083674
v 1.364384 2.748851 -0.083674
v 1.241385 3.458588 -0.068400
v 1.270988 3.451052 -0.068400
v 1.252418 3.440018 -0.090000
v 1.257747 3.460951 -0.068400
v 1.256769 3.457110 -0.080871
v 1.265549 3.447820 -0.083673
v 1.244616 3.453149 -0.083673
v 1.588385 2.874588 -0.068400
v 1.577351 2.893157 -0.090000
v 1.595921 2.904191 -0.068400
v 1.585153 2.880027 -0.083674
v 1.594442 2.888807 -0.080871
v 1.590482 2.900959 -0.083674
v 1.598284 2.887829 -0.068400
v 1.351567 2.786613 0.068400
v 1.334064 2.761578 0.068400
v 1.355333 2.765344 0.090000
v 1.337630 2.777720 0.068400
v 1.340879 2.775449 0.080871
v 1.340293 2.762681 0.083674
v 1.352670 2.780383 0.083674
v 1.448532 2.115116 0.068400
v 1.473567 2.097613 0.068400
v 1.469801 2.118882 0.090000
v 1.457424 2.101179 0.068400
v 1.459695 2.104428 0.080871
v 1.472464 2.103842 0.083674
v 1.454761 2.116219 0.083674
v 1.604433 2.831387 0.068400
v 1.608199 2.810118 0.090000
v 1.629468 2.813884 0.068400
v 1.605536 2.825158 0.083674
v 1.618305 2.824572 0.080871
v 1.623239 2.812781 0.083673
v 1.620576 2.827821 0.068400
v 1.726433 2.142387 0.068400
v 1.743936 2.167422 0.068400
v 1.722667 2.163656 0.090000
v 1.740370 2.151280 0.068400
v 1.737121 2.153551 0.080871
v 1.737707 2.166319 0.083673
v 1.725330 2.148617 0.083673
v 1.351567 2.786613 -0.068400
v 1.355333 2.765344 -0.090000
v 1.334064 2.761578 -0.068400
v 1.352670 2.780383 -0.083673
v 1.340879 2.775449 -0.080871
v 1.340293 2.762681 -0.083673
v 1.337630 2.777720 -0.068400
v 1.473567 2.097613 -0.068400
v 1.448532 2.115116 -0.068400
v 1.469801 2.118882 -0.090000
v 1.457424 2.101179 -0.068400
v 1.459695 2.104428 -0.080871
v 1.454761 2.116219 -0.083673
v 1.472464 2.103842 -0.083674
v 1.604433 2.831387 -0.068400
v 1.629468 2.813884 -0.068400
v 1.608199 2.810118 -0.090000
v 1.620576 2.827821 -0.068400
v 1.618305 2.824572 -0.080871
v 1.623239 2.812781 -0.083674
v 1.605536 2.825158 -0.083674
v 1.726433 2.142387 -0.068400
v 1.722667 2.163656 -0.090000
v 1.743936 2.167422 -0.068400
v 1.725330 2.148617 -0.083674
v 1.737121 2.153551 -0.080871
v 1.737707 2.166319 -0.083674
v 1.740370 2.151280 -0.068400
v -1.369936 1.826257 0.045600
v -1.351690 1.835301 0.045600
v -1.365335 1.839903 0.060000
v -1.358940 1.827000 0.045600
v -1.360113 1.829368 0.053914
v -1.355686 1.836649 0.055782
v -1.368588 1.830254 0.055782
v -1.070892 2.668011 0.045600
v -1.079936 2.686257 0.045600
v -1.084537 2.672612 0.060000
v -1.071635 2.679007 0.045600
v -1.074003 2.677834 0.053914
v -1.081284 2.682261 0.055782
v -1.074889 2.669359 0.055782
v -1.570064 1.893742 0.045600
v -1.565463 1.907387 0.060000
v -1.579108 1.911989 0.045600
v -1.568716 1.897739 0.055782
v -1.575997 1.902166 0.053914
v -1.575111 1.910641 0.055782
v -1.578365 1.900993 0.045600
v -1.280064 2.753742 0.045600
v -1.298310 2.744699 0.045600
v -1.284665 2.740098 0.060000
v -1.291060 2.753000 0.045600
v -1.289887 2.750632 0.053914
v -1.294314 2.743351 0.055782
v -1.281412 2.749746 0.055782
v -1.369936 1.826257 -0.045600
v -1.365335 1.839903 -0.060000
v -1.351690 1.835301 -0.045600
v -1.368588 1.830254 -0.055782
v -1.360113 1.829368 -0.053914
v -1.355686 1.836649 -0.055782
v -1.358940 1.827000 -0.045600
v -1.079936 2.686257 -0.045600
v -1.070892 2.668011 -0.045600
v -1.084537 2.672612 -0.060000
v -1.071635 2.679007 -0.045600
v -1.074003 2.677834 -0.053914
v -1.074889 2.669359 -0.055782
v -1.081284 2.682261 -0.055782
v -1.570064 1.893742 -0.045600
v -1.579108 1.911989 -0.045600
v -1.565463 1.907387 -0.060000
v -1.578365 1.900993 -0.045600
v -1.575997 1.902166 -0.053914
v -1.575111 1.910641 -0.055782
v -1.568716 1.897739 -0.055782
v -1.280064 2.753742 -0.045600
v -1.284665 2.740098 -0.060000
v -1.298310 2.744699 -0.045600
v -1.281412 2.749746 -0.055782
v -1.289887 2.750632 -0.053914
v -1.294314 2.743351 -0.055782
v -1.291060 2.753000 -0.045600
v 1.369936 1.826257 -0.045600
v 1.351690 1.835301 -0.045600
v 1.365335 1.839903 -0.060000
v 1.358940 1.827000 -0.045600
v 1.360113 1.829368 -0.053914
v 1.355686 1.836649 -0.055782
v 1.368588 1.830254 -0.055782
v 1.070892 2.668011 -0.045600
v 1.079936 2.686257 -0.045600
v 1.084537 2.672612 -0.060000
v 1.071635 2.679007 -0.045600
v 1.074003 2.677834 -0.053914
v 1.081284 2.682261 -0.055782
v 1.074889 2.669359 -0.055782
v 1.570064 1.893742 -0.045600
v 1.565463 1.907387 -0.060000
v 1.579108 1.911989 -0.045600
v 1.568717 1.897739 -0.055782
v 1.575997 1.902166 -0.053914
v 1.575111 1.910641 -0.055782
v 1.578365 1.900993 -0.045600
v 1.280064 2.753742 -0.045600
v 1.298310 2.744699 -0.045600
v 1.284665 2.740098 -0.060000
v 1.291060 2.753000 -0.045600
v 1.289887 2.750632 -0.053914
v 1.294314 2.743351 -0.055782
v 1.281412 2.749746 -0.055782
v 1.369936 1.826257 0.045600
v 1.365335 1.839903 0.060000
v 1.351690 1.835301 0.045600
v 1.368588 1.830254 0.055782
v 1.360113 1.829368 0.053914
v 1.355686 1.836649 0.055782
v 1.358940 1.827000 0.045600
v 1.079936 2.686257 0.045600
v 1.070892 2.668011 0.045600
v 1.084537 2.672612 0.060000
v 1.071635 2.679007 0.045600
v 1.074003 2.677834 0.053914
v 1.074889 2.669359 0.055782
v 1.081284 2.682261 0.055782
v 1.570064 1.893742 0.045600
v 1.579108 1.911989 0.045600
v 1.565463 1.907387 0.060000
v 1.578365 1.900993 0.045600
v 1.575997 1.902166 0.053914
v 1.575111 1.910641 0.055782
v 1.568717 1.897739 0.055782
v 1.280064 2.753742 0.045600
v 1.284665 2.740098 0.060000
v 1.298310 2.744699 0.045600
v 1.281412 2.749746 0.055782
v 1.289887 2.750632 0.053914
v 1.294314 2.743351 0.055782
v 1.291060 2.753000 0.045600
v -1.520000 2.212000 -0.170000
v -1.520000 2.212000 0.170000
v -1.497373 2.202627 -0.170000
v -1.497373 2.202627 0.170000
v -1.488000 2.180000 -0.170000
v -1.488000 2.180000 0.170000
v -1.497373 2.157373 -0.170000
v -1.497373 2.157373 0.170000
v -1.520000 2.148000 -0.170000
v -1.520000 2.148000 0.170000
v -1.542627 2.157373 -0.170000
v -1.542627 2.157373 0.170000
v -1.552000 2.180000 -0.170000
v -1.552000 2.180000 0.170000
v -1.542627 2.202627 -0.170000
v -1.542627 2.202627 0.170000
v 0.000000 3.952000 -0.170000
v 0.000000 3.952000 0.170000
v 0.022627 3.942627 -0.170000
v 0.022627 3.942627 0.170000
v 0.032000 3.920000 -0.170000
v 0.032000 3.920000 0.170000
v 0.022627 3.897373 -0.170000
v 0.022627 3.897373 0.170000
v 0.000000 3.888000 -0.170000
v 0.000000 3.888000 0.170000
v -0.022627 3.897373 -0.170000
v -0.022627 3.897373 0.170000
v -0.032000 3.920000 -0.170000
v -0.032000 3.920000 0.170000
v -0.022627 3.942627 -0.170000
v -0.022627 3.942627 0.170000
v 1.520000 2.212000 -0.170000
v 1.520000 2.212000 0.170000
v 1.542627 2.202627 -0.170000
v 1.542627 2.202627 0.170000
v 1.552000 2.180000 -0.170000
v 1.552000 2.180000 0.170000
v 1.542627 2.157373 -0.170000
v 1.542627 2.157373 0.170000
v 1.520000 2.148000 -0.170000
v 1.520000 2.148000 0.170000
v 1.497373 2.157373 -0.170000
v 1.497373 2.157373 0.170000
v 1.488000 2.180000 -0.170000
v 1.488000 2.180000 0.170000
v 1.497373 2.202627 -0.170000
v 1.497373 2.202627 0.170000
vn -0.3251 -0.8881 0.3250
vn -0.3251 -0.3251 0.8881
vn -0.3251 -0.3250 0.8881
vn -0.8881 -0.3250 0.3251
vn -0.3251 0.3250 0.8881
vn -0.3251 0.8881 0.3251
vn -0.8881 0.3251 0.3250
vn -0.3250 -0.8881 -0.3251
vn -0.8881 -0.3251 -0.3250
vn -0.3251 -0.3250 -0.8881
vn -0.3251 -0.3251 -0.8881
vn -0.3250 0.8881 -0.3251
vn -0.3251 0.8881 -0.3251
vn -0.3251 0.3251 -0.8881
vn -0.8881 0.3250 -0.3251
vn 0.3250 -0.8881 0.3251
vn 0.8881 -0.3251 0.3250
vn 0.3251 -0.3251 0.8881
vn 0.3250 0.8881 0.3251
vn 0.3251 0.8881 0.3251
vn 0.3251 0.3251 0.8881
vn 0.8881 0.3250 0.3251
vn 0.3251 -0.8881 -0.3250
vn 0.3251 -0.3251 -0.8881
vn 0.8881 -0.3250 -0.3251
vn 0.3250 0.8881 -0.3251
vn 0.8881 0.3251 -0.3250
vn 0.3251 0.3251 -0.8881
vn -0.3827 -0.9239 -0.0000
vn -0.9239 -0.3827 -0.0000
vn -0.3827 -0.0000 0.9239
vn -0.9239 -0.0000 0.3827
vn -0.3827 0.9239 -0.0000
vn -0.9239 0.3827 -0.0000
vn -0.3827 -0.0000 -0.9239
vn -0.9239 -0.0000 -0.3827
vn -0.0000 -0.9239 -0.3827
vn -0.0000 -0.3827 -0.9239
vn -0.0000 0.9239 -0.3827
vn -0.0000 0.3827 -0.9239
vn 0.9239 -0.0000 -0.3827
vn 0.3827 -0.0000 -0.9239
vn 0.3827 -0.9239 -0.0000
vn 0.9239 -0.3827 -0.0000
vn 0.3827 0.9239 -0.0000
vn 0.9239 0.3827 -0.0000
vn 0.3827 -0.0000 0.9239
vn 0.9239 -0.0000 0.3827
vn -0.0000 -0.9239 0.3827
vn -0.0000 -0.3827 0.9239
vn -0.0000 0.9239 0.3827
vn -0.0000 0.3827 0.9239
vn -0.0000 -1.0000 -0.0000
vn -1.0000 -0.0000 -0.0000
vn -0.0000 -0.0000 1.0000
vn -0.0000 1.0000 -0.0000
vn -0.0000 -0.0000 -1.0000
vn 1.0000 -0.0000 -0.0000
vn -0.3375 -0.8834 0.3250
vn -0.3375 -0.8835 0.3250
vn -0.3296 -0.3205 0.8881
vn -0.8925 -0.3126 0.3250
vn -0.3205 0.3296 0.8881
vn -0.3126 0.8925 0.3251
vn -0.8834 0.3374 0.3251
vn -0.3374 -0.8834 -0.3250
vn -0.3374 -0.8834 -0.3251
vn -0.8925 -0.3126 -0.3250
vn -0.8925 -0.3126 -0.3251
vn -0.3296 -0.3205 -0.8881
vn -0.3126 0.8925 -0.3250
vn -0.3205 0.3296 -0.8881
vn -0.8834 0.3374 -0.3251
vn 0.3126 -0.8925 0.3250
vn 0.3126 -0.8925 0.3251
vn 0.8834 -0.3374 0.3251
vn 0.3205 -0.3296 0.8881
vn 0.3374 0.8834 0.3250
vn 0.3296 0.3205 0.8881
vn 0.8925 0.3126 0.3251
vn 0.3126 -0.8925 -0.3251
vn 0.3205 -0.3296 -0.8881
vn 0.8834 -0.3374 -0.3251
vn 0.3374 0.8834 -0.3251
vn 0.8925 0.3126 -0.3251
vn 0.3296 0.3205 -0.8881
vn -0.3955 -0.9184 -0.0000
vn -0.9291 -0.3697 -0.0000
vn -0.3826 0.0053 0.9239
vn -0.9238 0.0129 0.3827
vn -0.3697 0.9291 -0.0000
vn -0.9184 0.3955 -0.0000
vn -0.3826 0.0053 -0.9239
vn -0.9238 0.0129 -0.3827
vn -0.0129 -0.9238 -0.3827
vn -0.0053 -0.3826 -0.9239
vn 0.0129 0.9238 -0.3827
vn 0.0053 0.3826 -0.9239
vn 0.9238 -0.0129 -0.3827
vn 0.3827 -0.0053 -0.9239
vn 0.3697 -0.9291 -0.0000
vn 0.9184 -0.3955 -0.0000
vn 0.3955 0.9185 -0.0000
vn 0.9291 0.3697 -0.0000
vn 0.3826 -0.0053 0.9239
vn 0.9238 -0.0129 0.3827
vn -0.0129 -0.9238 0.3827
vn -0.0053 -0.3826 0.9239
vn 0.0129 0.9238 0.3827
vn 0.0053 0.3826 0.9239
vn -0.0140 -0.9999 -0.0000
vn -0.9999 0.0140 -0.0000
vn 0.0140 0.9999 -0.0000
vn 0.9999 -0.0140 -0.0000
vn -0.3250 -0.3251 0.8881
vn -0.3250 0.8881 0.3251
vn -0.3251 0.8881 -0.3250
vn -0.3250 0.3251 -0.8881
vn 0.3251 -0.3250 0.8881
vn 0.3251 0.8881 0.3250
vn 0.3250 0.3251 0.8881
vn 0.3250 -0.3251 -0.8881
vn 0.3251 0.3250 -0.8881
vn -0.3251 -0.8881 0.3251
vn -0.3250 -0.8881 0.3251
vn -0.3251 0.3251 0.8881
vn -0.3250 0.3251 0.8881
vn -0.8881 0.3251 0.3251
vn -0.3251 -0.8881 -0.3251
vn -0.8881 -0.3251 -0.3251
vn -0.8881 0.3251 -0.3251
vn 0.3251 -0.8881 0.3251
vn 0.8881 -0.3251 0.3251
vn 0.3250 -0.3251 0.8881
vn 0.8881 0.3251 0.3251
vn 0.3251 -0.8881 -0.3251
vn 0.3250 -0.8881 -0.3251
vn 0.3251 0.8881 -0.3251
vn 0.8881 0.3251 -0.3251
vn -0.3126 -0.8925 0.3251
vn -0.3205 -0.3296 0.8881
vn -0.8834 -0.3374 0.3251
vn -0.3296 0.3205 0.8881
vn -0.3374 0.8834 0.3251
vn -0.8925 0.3126 0.3251
vn -0.3126 -0.8925 -0.3251
vn -0.8834 -0.3374 -0.3251
vn -0.3205 -0.3296 -0.8881
vn -0.3374 0.8834 -0.3250
vn -0.3296 0.3205 -0.8881
vn -0.8925 0.3126 -0.3251
vn 0.3374 -0.8834 0.3251
vn 0.8925 -0.3126 0.3250
vn 0.3296 -0.3205 0.8881
vn 0.3126 0.8925 0.3250
vn 0.3205 0.3296 0.8881
vn 0.8834 0.3374 0.3251
vn 0.3374 -0.8835 -0.3251
vn 0.3374 -0.8834 -0.3251
vn 0.3296 -0.3205 -0.8881
vn 0.8925 -0.3126 -0.3250
vn 0.8925 -0.3126 -0.3251
vn 0.3126 0.8925 -0.3251
vn 0.8834 0.3374 -0.3251
vn 0.3205 0.3296 -0.8881
vn -0.3697 -0.9291 -0.0000
vn -0.9184 -0.3955 -0.0000
vn -0.3826 -0.0053 0.9239
vn -0.9238 -0.0129 0.3827
vn -0.3955 0.9185 -0.0000
vn -0.9291 0.3697 -0.0000
vn -0.3826 -0.0053 -0.9239
vn -0.9238 -0.0129 -0.3827
vn 0.0129 -0.9238 -0.3827
vn 0.0053 -0.3826 -0.9239
vn -0.0129 0.9238 -0.3827
vn -0.0053 0.3826 -0.9239
vn 0.9238 0.0129 -0.3827
vn 0.3827 0.0053 -0.9239
vn 0.3955 -0.9184 -0.0000
vn 0.9291 -0.3697 -0.0000
vn 0.3697 0.9291 -0.0000
vn 0.9184 0.3955 -0.0000
vn 0.3827 0.0053 0.9239
vn 0.9238 0.0129 0.3827
vn 0.0129 -0.9238 0.3827
vn 0.0053 -0.3826 0.9239
vn -0.0129 0.9238 0.3827
vn -0.0053 0.3826 0.9239
vn 0.0140 -0.9999 -0.0000
vn -0.9999 -0.0140 -0.0000
vn -0.0140 0.9999 -0.0000
vn 0.9999 0.0140 -0.0000
vn -0.8881 -0.3251 0.3251
vn -0.8881 -0.3251 0.3250
vn -0.8881 -0.3250 -0.3251
vn -0.8881 0.3251 -0.3250
vn 0.8881 -0.3251 -0.3251
vn 0.8881 0.3250 -0.3251
vn 0.1652 -0.9312 0.3251
vn 0.1652 -0.9311 0.3251
vn 0.8178 -0.4749 0.3251
vn 0.2634 -0.3768 0.8881
vn 0.9312 0.1652 0.3250
vn 0.4749 0.8178 0.3251
vn 0.3768 0.2634 0.8881
vn -0.4749 -0.8178 0.3250
vn -0.3768 -0.2634 0.8881
vn -0.9312 -0.1652 0.3250
vn -0.1652 0.9312 0.3251
vn -0.1652 0.9311 0.3251
vn -0.8178 0.4749 0.3251
vn -0.2634 0.3767 0.8881
vn 0.1652 -0.9312 -0.3251
vn 0.1652 -0.9311 -0.3251
vn 0.2634 -0.3768 -0.8881
vn 0.8178 -0.4749 -0.3251
vn 0.4749 0.8178 -0.3251
vn 0.9311 0.1652 -0.3251
vn 0.9312 0.1652 -0.3250
vn 0.3768 0.2634 -0.8881
vn -0.4749 -0.8178 -0.3251
vn -0.9311 -0.1652 -0.3250
vn -0.3767 -0.2634 -0.8881
vn -0.3768 -0.2634 -0.8881
vn -0.1652 0.9311 -0.3251
vn -0.2634 0.3768 -0.8881
vn -0.8178 0.4749 -0.3251
vn -0.1611 -0.9097 0.3827
vn -0.0667 -0.3768 0.9239
vn 0.9097 -0.1611 0.3827
vn 0.3768 -0.0667 0.9239
vn 0.1611 0.9097 0.3827
vn 0.0667 0.3768 0.9239
vn -0.9097 0.1611 0.3827
vn -0.3768 0.0667 0.9239
vn -0.5379 -0.8430 -0.0000
vn -0.9765 -0.2157 -0.0000
vn -0.2157 0.9764 -0.0000
vn -0.8430 0.5379 -0.0000
vn -0.3768 0.0667 -0.9239
vn -0.9097 0.1611 -0.3827
vn -0.1611 -0.9097 -0.3827
vn -0.0667 -0.3768 -0.9239
vn 0.1611 0.9097 -0.3827
vn 0.0667 0.3768 -0.9239
vn 0.9097 -0.1611 -0.3827
vn 0.3768 -0.0667 -0.9239
vn 0.2157 -0.9764 -0.0000
vn 0.8430 -0.5379 -0.0000
vn 0.5379 0.8430 -0.0000
vn 0.9765 0.2157 -0.0000
vn -0.1744 -0.9847 -0.0000
vn 0.9847 -0.1744 -0.0000
vn 0.1744 0.9847 -0.0000
vn -0.9847 0.1744 -0.0000
vn -0.1742 -0.9295 0.3251
vn 0.5974 -0.7331 0.3250
vn 0.1134 -0.4455 0.8881
vn 0.9295 -0.1742 0.3250
vn 0.7331 0.5974 0.3250
vn 0.4455 0.1134 0.8881
vn -0.7331 -0.5974 0.3251
vn -0.4455 -0.1134 0.8881
vn -0.9295 0.1742 0.3251
vn 0.1742 0.9295 0.3251
vn -0.5974 0.7331 0.3251
vn -0.5974 0.7331 0.3250
vn -0.1134 0.4455 0.8881
vn -0.1742 -0.9295 -0.3250
vn 0.1134 -0.4455 -0.8881
vn 0.5974 -0.7331 -0.3251
vn 0.7331 0.5974 -0.3251
vn 0.9295 -0.1742 -0.3251
vn 0.4455 0.1134 -0.8881
vn -0.7331 -0.5974 -0.3251
vn -0.9295 0.1742 -0.3251
vn -0.4455 -0.1134 -0.8881
vn 0.1742 0.9295 -0.3250
vn -0.1134 0.4455 -0.8881
vn -0.5974 0.7331 -0.3251
vn -0.4719 -0.7943 0.3827
vn -0.1955 -0.3290 0.9239
vn 0.7943 -0.4719 0.3827
vn 0.3290 -0.1955 0.9239
vn 0.4719 0.7943 0.3827
vn 0.1955 0.3290 0.9239
vn -0.7943 0.4719 0.3827
vn -0.3290 0.1955 0.9239
vn -0.8009 -0.5988 -0.0000
vn -0.9897 0.1429 -0.0000
vn 0.1429 0.9897 -0.0000
vn -0.5988 0.8009 -0.0000
vn -0.3290 0.1955 -0.9239
vn -0.7943 0.4719 -0.3827
vn -0.4719 -0.7943 -0.3827
vn -0.1955 -0.3290 -0.9239
vn 0.4719 0.7943 -0.3827
vn 0.1955 0.3290 -0.9239
vn 0.7943 -0.4719 -0.3827
vn 0.3290 -0.1955 -0.9239
vn -0.1429 -0.9897 -0.0000
vn 0.5988 -0.8009 -0.0000
vn 0.8009 0.5988 -0.0000
vn 0.9897 -0.1429 -0.0000
vn -0.5108 -0.8597 -0.0000
vn 0.8597 -0.5108 -0.0000
vn 0.5108 0.8597 -0.0000
vn -0.8597 0.5108 -0.0000
vn -0.5177 -0.7914 0.3251
vn 0.2703 -0.9063 0.3250
vn 0.2703 -0.9062 0.3251
vn -0.0663 -0.4549 0.8881
vn 0.7914 -0.5176 0.3251
vn 0.9063 0.2703 0.3250
vn 0.4549 -0.0663 0.8881
vn -0.9063 -0.2703 0.3250
vn -0.4549 0.0663 0.8881
vn -0.7914 0.5176 0.3251
vn -0.7915 0.5176 0.3251
vn 0.5176 0.7915 0.3251
vn 0.5176 0.7915 0.3250
vn -0.2703 0.9062 0.3251
vn 0.0662 0.4549 0.8881
vn -0.5176 -0.7914 -0.3250
vn -0.0663 -0.4549 -0.8881
vn 0.2703 -0.9062 -0.3251
vn 0.9062 0.2703 -0.3251
vn 0.7915 -0.5176 -0.3251
vn 0.7915 -0.5176 -0.3250
vn 0.4549 -0.0663 -0.8881
vn -0.9062 -0.2703 -0.3251
vn -0.7915 0.5176 -0.3250
vn -0.4549 0.0663 -0.8881
vn 0.5176 0.7915 -0.3250
vn 0.0663 0.4549 -0.8881
vn -0.2703 0.9062 -0.3251
vn -0.7406 -0.5523 0.3827
vn -0.3068 -0.2288 0.9239
vn 0.5523 -0.7406 0.3827
vn 0.2288 -0.3068 0.9239
vn 0.7406 0.5523 0.3827
vn 0.3068 0.2288 0.9239
vn -0.5523 0.7406 0.3827
vn -0.2288 0.3068 0.9239
vn -0.9694 -0.2455 -0.0000
vn -0.8590 0.5119 -0.0000
vn 0.5119 0.8591 -0.0000
vn -0.2455 0.9694 -0.0000
vn -0.2288 0.3068 -0.9239
vn -0.5523 0.7406 -0.3827
vn -0.7406 -0.5523 -0.3827
vn -0.3068 -0.2288 -0.9239
vn 0.7406 0.5523 -0.3827
vn 0.3068 0.2288 -0.9239
vn 0.5523 -0.7406 -0.3827
vn 0.2288 -0.3068 -0.9239
vn -0.5119 -0.8591 -0.0000
vn 0.2455 -0.9694 -0.0000
vn 0.9694 0.2455 -0.0000
vn 0.8591 -0.5119 -0.0000
vn -0.8017 -0.5978 -0.0000
vn 0.5978 -0.8017 -0.0000
vn 0.8017 0.5978 -0.0000
vn -0.5978 0.8017 -0.0000
vn -0.7932 -0.5149 0.3250
vn -0.1188 -0.9382 0.3250
vn -0.2444 -0.3894 0.8881
vn 0.5149 -0.7932 0.3251
vn 0.9382 -0.1188 0.3251
vn 0.3894 -0.2444 0.8881
vn -0.9382 0.1189 0.3250
vn -0.3894 0.2444 0.8881
vn -0.5149 0.7932 0.3251
vn 0.7932 0.5149 0.3251
vn 0.1189 0.9382 0.3250
vn 0.2444 0.3894 0.8881
vn -0.7932 -0.5149 -0.3251
vn -0.2444 -0.3893 -0.8881
vn -0.1188 -0.9382 -0.3251
vn 0.9382 -0.1188 -0.3251
vn 0.9382 -0.1188 -0.3250
vn 0.5149 -0.7932 -0.3251
vn 0.5149 -0.7932 -0.3250
vn 0.3894 -0.2444 -0.8881
vn -0.9382 0.1188 -0.3251
vn -0.5149 0.7932 -0.3251
vn -0.3894 0.2444 -0.8881
vn 0.7932 0.5149 -0.3251
vn 0.2444 0.3894 -0.8881
vn 0.2444 0.3893 -0.8881
vn 0.1189 0.9382 -0.3250
vn 0.1189 0.9382 -0.3251
vn -0.9006 -0.2060 0.3827
vn -0.3730 -0.0853 0.9239
vn 0.2060 -0.9006 0.3827
vn 0.0853 -0.3730 0.9239
vn 0.9006 0.2060 0.3827
vn 0.3730 0.0853 0.9239
vn -0.2060 0.9006 0.3827
vn -0.0853 0.3730 0.9239
vn -0.9860 0.1670 -0.0000
vn -0.5790 0.8153 -0.0000
vn 0.8153 0.5791 -0.0000
vn 0.1670 0.9860 -0.0000
vn -0.0853 0.3730 -0.9239
vn -0.2060 0.9006 -0.3827
vn -0.9006 -0.2060 -0.3827
vn -0.3730 -0.0853 -0.9239
vn 0.9006 0.2060 -0.3827
vn 0.3730 0.0853 -0.9239
vn 0.2060 -0.9006 -0.3827
vn 0.0853 -0.3731 -0.9239
vn -0.8153 -0.5791 -0.0000
vn -0.1670 -0.9860 -0.0000
vn 0.9860 -0.1670 -0.0000
vn 0.5791 -0.8153 -0.0000
vn -0.9748 -0.2230 -0.0000
vn 0.2230 -0.9748 -0.0000
vn 0.9748 0.2230 -0.0000
vn -0.2230 0.9748 -0.0000
vn -0.9382 -0.1188 0.3251
vn -0.5149 -0.7932 0.3251
vn -0.3894 -0.2444 0.8881
vn 0.1188 -0.9382 0.3251
vn 0.7932 -0.5149 0.3251
vn 0.2444 -0.3894 0.8881
vn -0.7932 0.5149 0.3251
vn -0.2444 0.3894 0.8881
vn -0.2444 0.3893 0.8881
vn -0.1189 0.9382 0.3250
vn 0.9382 0.1188 0.3251
vn 0.5149 0.7932 0.3251
vn 0.3894 0.2444 0.8881
vn -0.9382 -0.1188 -0.3251
vn -0.3894 -0.2444 -0.8881
vn -0.5149 -0.7932 -0.3251
vn 0.7932 -0.5149 -0.3251
vn 0.1188 -0.9382 -0.3251
vn 0.2444 -0.3894 -0.8881
vn -0.7932 0.5149 -0.3251
vn -0.1188 0.9382 -0.3250
vn -0.2444 0.3894 -0.8881
vn 0.9382 0.1188 -0.3251
vn 0.3894 0.2444 -0.8881
vn 0.5149 0.7932 -0.3251
vn -0.9006 0.2060 0.3827
vn -0.3730 0.0853 0.9239
vn -0.2060 -0.9006 0.3827
vn -0.0853 -0.3730 0.9239
vn 0.9006 -0.2060 0.3827
vn 0.3730 -0.0853 0.9239
vn 0.2060 0.9006 0.3827
vn 0.0853 0.3731 0.9239
vn -0.8153 0.5790 -0.0000
vn -0.1669 0.9860 -0.0000
vn 0.9860 0.1670 -0.0000
vn 0.5790 0.8153 -0.0000
vn 0.0853 0.3731 -0.9239
vn 0.2060 0.9006 -0.3827
vn -0.9006 0.2060 -0.3827
vn -0.3730 0.0853 -0.9239
vn 0.9006 -0.2060 -0.3827
vn 0.3730 -0.0853 -0.9239
vn -0.2060 -0.9006 -0.3827
vn -0.0853 -0.3730 -0.9239
vn -0.9860 -0.1670 -0.0000
vn -0.5791 -0.8153 -0.0000
vn 0.8153 -0.5791 -0.0000
vn 0.1670 -0.9860 -0.0000
vn -0.9748 0.2230 -0.0000
vn -0.2230 -0.9748 -0.0000
vn 0.9748 -0.2230 -0.0000
vn 0.2230 0.9748 -0.0000
vn -0.9062 0.2703 0.3251
vn -0.7915 -0.5176 0.3250
vn -0.4549 -0.0663 0.8881
vn -0.2703 -0.9062 0.3251
vn 0.5176 -0.7915 0.3250
vn 0.0663 -0.4549 0.8881
vn -0.5176 0.7915 0.3250
vn -0.0663 0.4549 0.8881
vn 0.2703 0.9063 0.3251
vn 0.2703 0.9063 0.3250
vn 0.9062 -0.2703 0.3251
vn 0.7915 0.5176 0.3250
vn 0.4549 0.0663 0.8881
vn -0.9063 0.2703 -0.3251
vn -0.9063 0.2703 -0.3250
vn -0.4549 -0.0663 -0.8881
vn -0.7914 -0.5176 -0.3251
vn 0.5176 -0.7915 -0.3250
vn 0.5176 -0.7915 -0.3251
vn -0.2703 -0.9063 -0.3250
vn 0.0663 -0.4549 -0.8881
vn -0.5176 0.7914 -0.3251
vn -0.5177 0.7914 -0.3251
vn 0.2703 0.9063 -0.3250
vn -0.0662 0.4549 -0.8881
vn 0.9063 -0.2703 -0.3250
vn 0.9063 -0.2703 -0.3251
vn 0.4549 0.0663 -0.8881
vn 0.7914 0.5176 -0.3251
vn -0.7406 0.5523 0.3827
vn -0.3068 0.2288 0.9239
vn -0.5523 -0.7406 0.3827
vn -0.2288 -0.3068 0.9239
vn 0.7406 -0.5523 0.3827
vn 0.3068 -0.2288 0.9239
vn 0.5523 0.7406 0.3827
vn 0.2288 0.3068 0.9239
vn -0.5119 0.8590 -0.0000
vn 0.2455 0.9694 -0.0000
vn 0.9694 -0.2455 -0.0000
vn 0.8591 0.5119 -0.0000
vn 0.2288 0.3068 -0.9239
vn 0.5523 0.7406 -0.3827
vn -0.7406 0.5523 -0.3827
vn -0.3068 0.2288 -0.9239
vn 0.7406 -0.5523 -0.3827
vn 0.3068 -0.2288 -0.9239
vn -0.5523 -0.7406 -0.3827
vn -0.2288 -0.3068 -0.9239
vn -0.9694 0.2455 -0.0000
vn -0.8591 -0.5119 -0.0000
vn 0.5119 -0.8590 -0.0000
vn -0.2455 -0.9694 -0.0000
vn -0.8017 0.5978 -0.0000
vn -0.5978 -0.8017 -0.0000
vn 0.8017 -0.5978 -0.0000
vn 0.5978 0.8017 -0.0000
vn -0.7331 0.5974 0.3251
vn -0.9295 -0.1742 0.3251
vn -0.4455 0.1134 0.8881
vn -0.5974 -0.7331 0.3251
vn 0.1742 -0.9295 0.3250
vn -0.1134 -0.4455 0.8881
vn -0.1742 0.9295 0.3251
vn 0.1134 0.4455 0.8881
vn 0.5974 0.7331 0.3251
vn 0.7331 -0.5974 0.3251
vn 0.9295 0.1742 0.3251
vn 0.4455 -0.1134 0.8881
vn -0.7331 0.5974 -0.3250
vn -0.7331 0.5974 -0.3251
vn -0.4455 0.1134 -0.8881
vn -0.9295 -0.1742 -0.3251
vn 0.1742 -0.9295 -0.3251
vn -0.5974 -0.7331 -0.3251
vn -0.1134 -0.4455 -0.8881
vn -0.1742 0.9295 -0.3251
vn 0.5974 0.7331 -0.3251
vn 0.1134 0.4455 -0.8881
vn 0.7331 -0.5974 -0.3251
vn 0.4455 -0.1134 -0.8881
vn 0.9295 0.1742 -0.3251
vn -0.4719 0.7943 0.3827
vn -0.1955 0.3290 0.9239
vn -0.7943 -0.4719 0.3827
vn -0.3290 -0.1955 0.9239
vn 0.4719 -0.7943 0.3827
vn 0.1955 -0.3290 0.9239
vn 0.7943 0.4719 0.3827
vn 0.3290 0.1955 0.9239
vn -0.1429 0.9897 -0.0000
vn 0.5988 0.8009 -0.0000
vn 0.8009 -0.5988 -0.0000
vn 0.9897 0.1429 -0.0000
vn 0.3290 0.1955 -0.9239
vn 0.7943 0.4719 -0.3827
vn -0.4719 0.7943 -0.3827
vn -0.1955 0.3290 -0.9239
vn 0.4719 -0.7943 -0.3827
vn 0.1955 -0.3290 -0.9239
vn -0.7943 -0.4719 -0.3827
vn -0.3290 -0.1955 -0.9239
vn -0.8009 0.5988 -0.0000
vn -0.9897 -0.1429 -0.0000
vn 0.1429 -0.9897 -0.0000
vn -0.5988 -0.8009 -0.0000
vn -0.5108 0.8597 -0.0000
vn -0.8597 -0.5108 -0.0000
vn 0.5108 -0.8597 -0.0000
vn 0.8597 0.5108 -0.0000
vn -0.4749 0.8178 0.3251
vn -0.9311 0.1652 0.3251
vn -0.3768 0.2634 0.8881
vn -0.8178 -0.4749 0.3251
vn -0.1652 -0.9312 0.3251
vn -0.2634 -0.3768 0.8881
vn 0.1652 0.9312 0.3251
vn 0.2634 0.3768 0.8881
vn 0.8178 0.4749 0.3251
vn 0.4749 -0.8178 0.3251
vn 0.9311 -0.1652 0.3250
vn 0.9311 -0.1652 0.3251
vn 0.3768 -0.2634 0.8881
vn -0.4749 0.8178 -0.3251
vn -0.3768 0.2634 -0.8881
vn -0.9311 0.1652 -0.3251
vn -0.9312 0.1652 -0.3251
vn -0.1652 -0.9312 -0.3251
vn -0.1652 -0.9311 -0.3251
vn -0.8178 -0.4749 -0.3250
vn -0.2634 -0.3768 -0.8881
vn 0.1652 0.9311 -0.3251
vn 0.1652 0.9312 -0.3251
vn 0.8178 0.4749 -0.3250
vn 0.8178 0.4749 -0.3251
vn 0.2634 0.3767 -0.8881
vn 0.4749 -0.8178 -0.3250
vn 0.4749 -0.8178 -0.3251
vn 0.3768 -0.2634 -0.8881
vn 0.3767 -0.2634 -0.8881
vn 0.9311 -0.1652 -0.3251
vn -0.1611 0.9097 0.3827
vn -0.0667 0.3768 0.9239
vn -0.9097 -0.1611 0.3827
vn -0.3768 -0.0667 0.9239
vn 0.1611 -0.9097 0.3827
vn 0.0667 -0.3768 0.9239
vn 0.9097 0.1611 0.3827
vn 0.3768 0.0667 0.9239
vn 0.2158 0.9764 -0.0000
vn 0.8430 0.5379 -0.0000
vn 0.5379 -0.8430 -0.0000
vn 0.9765 -0.2157 -0.0000
vn 0.3768 0.0667 -0.9239
vn 0.9097 0.1611 -0.3827
vn -0.1611 0.9097 -0.3827
vn -0.0667 0.3768 -0.9239
vn 0.1611 -0.9097 -0.3827
vn 0.0667 -0.3768 -0.9239
vn -0.9097 -0.1611 -0.3827
vn -0.3768 -0.0667 -0.9239
vn -0.5379 0.8430 -0.0000
vn -0.9765 0.2157 -0.0000
vn -0.2157 -0.9765 -0.0000
vn -0.8430 -0.5379 -0.0000
vn -0.1744 0.9847 -0.0000
vn -0.9847 -0.1744 -0.0000
vn 0.1744 -0.9847 -0.0000
vn 0.9847 0.1744 -0.0000
vn 0.0242 -0.9454 0.3251
vn 0.7377 -0.5918 0.3250
vn 0.7376 -0.5918 0.3250
vn 0.2041 -0.4119 0.8881
vn 0.9454 0.0242 0.3251
vn 0.5918 0.7377 0.3250
vn 0.4119 0.2042 0.8881
vn -0.5918 -0.7377 0.3250
vn -0.4119 -0.2041 0.8881
vn -0.9454 -0.0243 0.3251
vn -0.0242 0.9454 0.3250
vn -0.0242 0.9454 0.3251
vn -0.7377 0.5918 0.3250
vn -0.2042 0.4119 0.8881
vn 0.0243 -0.9454 -0.3250
vn 0.2041 -0.4119 -0.8881
vn 0.2042 -0.4119 -0.8881
vn 0.7377 -0.5918 -0.3251
vn 0.5918 0.7377 -0.3250
vn 0.9454 0.0243 -0.3250
vn 0.4119 0.2041 -0.8881
vn -0.5918 -0.7377 -0.3251
vn -0.9454 -0.0243 -0.3251
vn -0.4119 -0.2042 -0.8881
vn -0.0243 0.9454 -0.3250
vn -0.2041 0.4119 -0.8881
vn -0.7377 0.5918 -0.3251
vn -0.2952 -0.8754 0.3827
vn -0.1223 -0.3626 0.9239
vn 0.8755 -0.2952 0.3826
vn 0.3626 -0.1223 0.9239
vn 0.2952 0.8755 0.3827
vn 0.1223 0.3626 0.9239
vn -0.8754 0.2952 0.3827
vn -0.3626 0.1223 0.9239
vn -0.6578 -0.7532 -0.0000
vn -0.9977 -0.0674 -0.0000
vn -0.0674 0.9977 -0.0000
vn -0.7532 0.6578 -0.0000
vn -0.3626 0.1223 -0.9239
vn -0.8754 0.2952 -0.3827
vn -0.2952 -0.8754 -0.3827
vn -0.1223 -0.3626 -0.9239
vn 0.2952 0.8754 -0.3827
vn 0.1223 0.3626 -0.9239
vn 0.8754 -0.2952 -0.3827
vn 0.3626 -0.1223 -0.9239
vn 0.0674 -0.9977 -0.0000
vn 0.7532 -0.6578 -0.0000
vn 0.6578 0.7532 -0.0000
vn 0.9977 0.0674 -0.0000
vn -0.3195 -0.9476 -0.0000
vn 0.9476 -0.3195 -0.0000
vn 0.3195 0.9476 -0.0000
vn -0.9476 0.3195 -0.0000
vn -0.0242 -0.9454 -0.3251
vn -0.7377 -0.5918 -0.3251
vn -0.2042 -0.4119 -0.8881
vn -0.9454 0.0242 -0.3251
vn -0.5918 0.7377 -0.3251
vn -0.4119 0.2042 -0.8881
vn 0.5918 -0.7376 -0.3251
vn 0.5918 -0.7377 -0.3251
vn 0.4119 -0.2042 -0.8881
vn 0.9454 -0.0242 -0.3250
vn 0.9454 -0.0243 -0.3251
vn 0.0242 0.9454 -0.3251
vn 0.7377 0.5918 -0.3250
vn 0.2042 0.4119 -0.8881
vn -0.0242 -0.9454 0.3251
vn -0.2042 -0.4119 0.8881
vn -0.7377 -0.5918 0.3250
vn -0.7377 -0.5918 0.3251
vn -0.5918 0.7377 0.3250
vn -0.5918 0.7377 0.3251
vn -0.9454 0.0243 0.3250
vn -0.4119 0.2041 0.8881
vn 0.5918 -0.7377 0.3251
vn 0.9454 -0.0242 0.3251
vn 0.4119 -0.2042 0.8881
vn 0.0243 0.9454 0.3250
vn 0.2041 0.4119 0.8881
vn 0.7377 0.5918 0.3251
vn 0.2952 -0.8754 -0.3827
vn 0.1223 -0.3626 -0.9239
vn -0.8755 -0.2952 -0.3827
vn -0.3626 -0.1223 -0.9239
vn -0.2952 0.8755 -0.3827
vn -0.1223 0.3626 -0.9239
vn 0.8754 0.2952 -0.3827
vn 0.3626 0.1223 -0.9239
vn 0.6578 -0.7532 -0.0000
vn 0.9977 -0.0674 -0.0000
vn 0.0674 0.9977 -0.0000
vn 0.7532 0.6578 -0.0000
vn 0.3626 0.1223 0.9239
vn 0.8754 0.2952 0.3827
vn 0.2952 -0.8754 0.3827
vn 0.1223 -0.3626 0.9239
vn -0.2952 0.8754 0.3827
vn -0.1223 0.3626 0.9239
vn -0.8754 -0.2952 0.3827
vn -0.3626 -0.1223 0.9239
vn -0.0674 -0.9977 -0.0000
vn -0.7532 -0.6578 -0.0000
vn -0.6578 0.7532 -0.0000
vn -0.9977 0.0674 -0.0000
vn 0.3195 -0.9476 -0.0000
vn -0.9476 -0.3195 -0.0000
vn -0.3195 0.9476 -0.0000
vn 0.9476 0.3195 -0.0000
vn -0.8881 0.3250 0.3251
vn -0.3251 -0.8881 -0.3250
vn -0.3251 0.3250 -0.8881
vn 0.3251 -0.8881 0.3250
vn 0.8881 -0.3250 0.3251
vn 0.8881 0.3251 0.3250
vn 0.8881 -0.3251 -0.3250
vn -0.3374 -0.8835 0.3251
vn -0.3374 -0.8834 0.3251
vn -0.8925 -0.3126 0.3251
vn -0.3126 0.8925 0.3250
vn -0.3375 -0.8834 -0.3250
vn -0.3375 -0.8835 -0.3250
vn -0.3126 0.8925 -0.3251
vn 0.3374 0.8834 0.3251
vn 0.8925 0.3127 0.3250
vn 0.3126 -0.8925 -0.3250
vn -0.3827 0.0053 0.9239
vn 0.3826 -0.0053 -0.9239
vn -0.3251 0.8881 0.3250
vn -0.3250 -0.3251 -0.8881
vn 0.3251 0.3250 0.8881
vn 0.3251 -0.3250 -0.8881
vn 0.3251 0.8881 -0.3250
vn 0.3250 0.3251 -0.8881
vn -0.3374 0.8834 0.3250
vn -0.3374 0.8834 -0.3251
vn 0.3374 -0.8835 0.3251
vn 0.8925 -0.3126 0.3251
vn 0.3126 0.8925 0.3251
vn -0.3955 0.9184 -0.0000
vn 0.3826 0.0053 -0.9239
vn 0.3826 0.0053 0.9239
vn 0.2634 -0.3767 0.8881
vn 0.9311 0.1652 0.3251
vn 0.3767 0.2634 0.8881
vn -0.4749 -0.8178 0.3251
vn -0.9311 -0.1652 0.3250
vn -0.8178 0.4749 0.3250
vn -0.2634 0.3768 0.8881
vn 0.4749 0.8178 -0.3250
vn -0.4749 -0.8178 -0.3250
vn -0.9311 -0.1652 -0.3251
vn -0.1652 0.9312 -0.3251
vn -0.2634 0.3767 -0.8881
vn -0.2158 0.9764 -0.0000
vn 0.2157 -0.9765 -0.0000
vn -0.1742 -0.9295 0.3250
vn 0.5974 -0.7331 0.3251
vn 0.7331 0.5974 0.3251
vn 0.1742 0.9295 0.3250
vn -0.1742 -0.9295 -0.3251
vn 0.5974 -0.7331 -0.3250
vn 0.7331 0.5974 -0.3250
vn 0.1742 0.9295 -0.3251
vn 0.1430 0.9897 -0.0000
vn -0.5176 -0.7915 0.3250
vn 0.7915 -0.5176 0.3250
vn 0.9063 0.2703 0.3251
vn -0.9062 -0.2703 0.3251
vn 0.5176 0.7914 0.3251
vn 0.0663 0.4549 0.8881
vn -0.5176 -0.7914 -0.3251
vn -0.9063 -0.2703 -0.3250
vn -0.7914 0.5176 -0.3251
vn 0.5176 0.7914 -0.3251
vn 0.5177 0.7914 -0.3251
vn 0.0662 0.4549 -0.8881
vn -0.8591 0.5119 -0.0000
vn 0.5119 0.8590 -0.0000
vn 0.8590 -0.5119 -0.0000
vn -0.7932 -0.5149 0.3251
vn -0.1188 -0.9382 0.3251
vn -0.2444 -0.3893 0.8881
vn -0.9382 0.1188 0.3251
vn -0.5149 0.7932 0.3250
vn 0.2444 0.3893 0.8881
vn -0.2443 -0.3894 -0.8881
vn -0.1189 -0.9382 -0.3250
vn -0.1188 -0.9382 -0.3250
vn 0.0853 -0.3731 0.9239
vn -0.5791 0.8153 -0.0000
vn 0.8153 0.5790 -0.0000
vn 0.0853 -0.3730 -0.9239
vn 0.5790 -0.8153 -0.0000
vn -0.7932 0.5149 -0.3250
vn -0.1188 0.9382 -0.3251
vn -0.2444 0.3893 -0.8881
vn 0.3893 0.2444 -0.8881
vn 0.0853 0.3730 0.9239
vn -0.8153 0.5791 -0.0000
vn -0.1671 0.9859 -0.0000
vn 0.5791 0.8152 -0.0000
vn 0.0853 0.3730 -0.9239
vn -0.0853 -0.3731 -0.9239
vn -0.5790 -0.8153 -0.0000
vn 0.1670 -0.9859 -0.0000
vn -0.9063 0.2703 0.3250
vn -0.9063 0.2703 0.3251
vn -0.7914 -0.5176 0.3251
vn -0.2703 -0.9063 0.3250
vn 0.5177 -0.7914 0.3251
vn -0.5176 0.7914 0.3251
vn -0.0662 0.4549 0.8881
vn 0.2703 0.9062 0.3251
vn 0.9063 -0.2703 0.3251
vn 0.9063 -0.2703 0.3250
vn 0.7914 0.5176 0.3251
vn -0.9062 0.2703 -0.3251
vn -0.7915 -0.5176 -0.3250
vn 0.5176 -0.7914 -0.3251
vn -0.2703 -0.9062 -0.3251
vn -0.5176 0.7915 -0.3250
vn 0.2703 0.9062 -0.3251
vn -0.0663 0.4549 -0.8881
vn 0.9062 -0.2703 -0.3251
vn 0.7915 0.5176 -0.3250
vn -0.5119 0.8591 -0.0000
vn 0.8590 0.5119 -0.0000
vn 0.5119 -0.8591 -0.0000
vn -0.7331 0.5974 0.3250
vn 0.1742 -0.9295 0.3251
vn 0.5974 0.7331 0.3250
vn 0.1742 -0.9295 -0.3250
vn -0.1742 0.9295 -0.3250
vn -0.1430 0.9897 -0.0000
vn 0.1430 -0.9897 -0.0000
vn -0.8178 -0.4749 0.3250
vn 0.1652 0.9311 0.3251
vn 0.8178 0.4749 0.3250
vn 0.4749 -0.8178 0.3250
vn -0.9312 0.1652 -0.3250
vn -0.1653 -0.9312 -0.3250
vn -0.8178 -0.4749 -0.3251
vn 0.2634 0.3768 -0.8881
vn 0.9311 -0.1653 -0.3251
vn 0.9311 -0.1652 -0.3250
vn 0.2157 0.9765 -0.0000
vn -0.2157 -0.9764 -0.0000
vn 0.0243 -0.9454 0.3250
vn 0.7377 -0.5918 0.3251
vn 0.2042 -0.4119 0.8881
vn 0.9454 0.0243 0.3250
vn 0.4119 0.2041 0.8881
vn -0.5918 -0.7377 0.3251
vn -0.4119 -0.2042 0.8881
vn -0.9454 -0.0242 0.3251
vn -0.7377 0.5918 0.3251
vn -0.2041 0.4119 0.8881
vn 0.0242 -0.9454 -0.3251
vn 0.7376 -0.5918 -0.3250
vn 0.7377 -0.5918 -0.3250
vn 0.9454 0.0242 -0.3251
vn 0.4119 0.2042 -0.8881
vn -0.5918 -0.7377 -0.3250
vn -0.5918 -0.7376 -0.3250
vn -0.4119 -0.2041 -0.8881
vn -0.0242 0.9454 -0.3251
vn -0.2042 0.4119 -0.8881
vn -0.7377 0.5918 -0.3250
vn 0.8754 -0.2952 0.3827
vn 0.2952 0.8754 0.3827
vn 0.2952 0.8755 -0.3827
vn 0.8755 -0.2952 -0.3826
vn -0.9454 0.0243 -0.3250
vn -0.4119 0.2041 -0.8881
vn 0.4119 -0.2041 -0.8881
vn 0.9454 -0.0243 -0.3250
vn 0.9454 -0.0242 -0.3251
vn 0.0242 0.9454 -0.3250
vn 0.7377 0.5918 -0.3251
vn 0.2041 0.4119 -0.8881
vn -0.7376 -0.5918 0.3250
vn -0.9454 0.0242 0.3251
vn -0.4119 0.2042 0.8881
vn 0.5918 -0.7376 0.3251
vn 0.9454 -0.0243 0.3251
vn 0.4119 -0.2041 0.8881
vn 0.0242 0.9454 0.3251
vn 0.2042 0.4119 0.8881
vn 0.7377 0.5918 0.3250
vn -0.8754 -0.2952 -0.3827
vn -0.2952 0.8754 -0.3827
vn -0.2952 0.8755 0.3827
vn -0.8755 -0.2952 0.3827
vt -0.560000 0.406667
vt -0.567698 0.398969
vt -0.569428 0.406667
vt -0.560000 -0.840187
vt -0.567698 -0.847885
vt -0.560000 -0.849615
vt 0.406667 -0.840187
vt 0.398969 -0.847885
vt 0.397239 -0.840187
vt -0.560000 -0.786854
vt -0.567698 -0.779156
vt -0.569428 -0.786854
vt -0.560000 0.397239
vt 0.406667 -0.786854
vt 0.398969 -0.779156
vt 0.406667 -0.777426
vt -0.560000 0.593333
vt -0.567698 0.601031
vt -0.560000 0.602761
vt 0.593333 -0.840187
vt 0.601031 -0.847885
vt 0.593333 -0.849615
vt -0.569428 -0.840187
vt -0.569428 0.593333
vt -0.560000 -0.777426
vt 0.593333 -0.786854
vt 0.601031 -0.779156
vt 0.602761 -0.786854
vt -0.400000 0.406667
vt -0.392302 0.398969
vt -0.400000 0.397239
vt 0.406667 -0.849615
vt -0.400000 -0.840187
vt -0.392302 -0.847885
vt -0.390572 -0.840187
vt -0.390572 0.406667
vt -0.400000 -0.786854
vt -0.392302 -0.779156
vt -0.400000 -0.777426
vt 0.397239 -0.786854
vt -0.400000 0.593333
vt -0.392302 0.601031
vt -0.390572 0.593333
vt -0.400000 -0.849615
vt 0.602761 -0.840187
vt -0.400000 0.602761
vt 0.593333 -0.777426
vt -0.390572 -0.786854
vt -0.535335 0.421333
vt -0.543716 0.412866
vt -0.545645 0.421333
vt -0.535130 -0.838153
vt -0.543716 -0.846501
vt -0.535275 -0.848522
vt 0.421333 -0.837948
vt 0.412866 -0.846501
vt 0.410962 -0.838008
vt -0.515527 0.565711
vt -0.523876 0.574296
vt -0.525897 0.565856
vt -0.515323 0.421333
vt -0.523876 0.412866
vt -0.515383 0.410962
vt 0.421333 0.565916
vt 0.412866 0.574296
vt 0.421333 0.576225
vt -0.535335 0.578667
vt -0.543716 0.587134
vt -0.535275 0.589038
vt 0.578667 -0.837948
vt 0.587134 -0.846501
vt 0.578667 -0.848378
vt -0.545500 -0.838008
vt -0.515323 0.578667
vt -0.523876 0.587134
vt -0.525753 0.578667
vt -0.515383 0.576081
vt 0.578667 0.565916
vt 0.587134 0.574296
vt 0.589038 0.565856
vt -0.444677 0.421333
vt -0.436124 0.412866
vt -0.444617 0.410962
vt 0.421333 -0.839623
vt 0.412866 -0.848004
vt 0.421333 -0.849933
vt -0.444473 -0.839418
vt -0.436124 -0.848004
vt -0.434103 -0.839563
vt -0.424665 0.421333
vt -0.416285 0.412866
vt -0.414355 0.421333
vt -0.424870 0.564445
vt -0.416285 0.572793
vt -0.424725 0.574815
vt 0.421333 0.564240
vt 0.412866 0.572793
vt 0.410962 0.564300
vt -0.444677 0.578667
vt -0.436124 0.587134
vt -0.434247 0.578667
vt -0.444617 -0.849788
vt 0.578667 -0.839623
vt 0.587134 -0.848004
vt 0.589038 -0.839563
vt -0.424665 0.578667
vt -0.416285 0.587134
vt -0.424725 0.589038
vt 0.578667 0.564240
vt 0.587134 0.572793
vt 0.578667 0.574670
vt -0.414500 0.564300
vt -0.545645 0.578667
vt 0.421333 -0.848378
vt 0.410962 0.565856
vt -0.525753 0.421333
vt 0.578667 0.576225
vt -0.444617 0.589038
vt -0.515383 0.589038
vt 0.589038 0.564300
vt -0.434247 0.421333
vt 0.578667 -0.849933
vt -0.414355 0.578667
vt 0.421333 0.574670
vt 0.410962 -0.839563
vt -0.535275 0.410962
vt -0.424725 0.410962
vt -0.561333 0.405333
vt -0.568262 0.398405
vt -0.569819 0.405333
vt -0.561333 0.551813
vt -0.568262 0.544885
vt -0.561333 0.543328
vt 0.405333 0.551813
vt 0.398405 0.544885
vt 0.396848 0.551813
vt -0.561333 0.607813
vt -0.568262 0.614741
vt -0.569819 0.607813
vt -0.561333 0.396848
vt 0.405333 0.607813
vt 0.398405 0.614741
vt 0.405333 0.616298
vt -0.561333 0.594667
vt -0.568262 0.601595
vt -0.561333 0.603152
vt 0.594667 0.551813
vt 0.601595 0.544885
vt 0.594667 0.543328
vt -0.569819 0.551813
vt -0.569819 0.594667
vt -0.561333 0.616298
vt 0.594667 0.607813
vt 0.601595 0.614741
vt 0.603152 0.607813
vt -0.398667 0.405333
vt -0.391738 0.398405
vt -0.398667 0.396848
vt 0.405333 0.543328
vt -0.398667 0.551813
vt -0.391738 0.544885
vt -0.390181 0.551813
vt -0.390181 0.405333
vt -0.398667 0.607813
vt -0.391738 0.614741
vt -0.398667 0.616298
vt 0.396848 0.607813
vt -0.398667 0.594667
vt -0.391738 0.601595
vt -0.390181 0.594667
vt -0.398667 0.543328
vt 0.603152 0.551813
vt -0.398667 0.603152
vt 0.594667 0.616298
vt -0.390181 0.607813
vt 1.400000 0.406667
vt 1.392302 0.398969
vt 1.390572 0.406667
vt 1.400000 -0.840187
vt 1.392302 -0.847885
vt 1.400000 -0.849615
vt 1.400000 -0.786854
vt 1.392302 -0.779156
vt 1.390572 -0.786854
vt 1.400000 0.397239
vt 1.400000 0.593333
vt 1.392302 0.601031
vt 1.400000 0.602761
vt 1.390572 -0.840187
vt 1.390572 0.593333
vt 1.400000 -0.777426
vt 1.560000 0.406667
vt 1.567698 0.398969
vt 1.560000 0.397239
vt 1.560000 -0.840187
vt 1.567698 -0.847885
vt 1.569428 -0.840187
vt 1.569428 0.406667
vt 1.560000 -0.786854
vt 1.567698 -0.779156
vt 1.560000 -0.777426
vt 1.560000 0.593333
vt 1.567698 0.601031
vt 1.569428 0.593333
vt 1.560000 -0.849615
vt 1.560000 0.602761
vt 1.569428 -0.786854
vt 1.444677 0.421333
vt 1.436124 0.412866
vt 1.434247 0.421333
vt 1.444473 -0.839418
vt 1.436124 -0.848004
vt 1.444618 -0.849788
vt 1.424870 0.564445
vt 1.416284 0.572793
vt 1.414500 0.564300
vt 1.424665 0.421333
vt 1.416284 0.412866
vt 1.424725 0.410962
vt 1.444677 0.578667
vt 1.436124 0.587134
vt 1.444618 0.589038
vt 1.434103 -0.839563
vt 1.424665 0.578667
vt 1.416284 0.587134
vt 1.414355 0.578667
vt 1.424725 0.574815
vt 0.589038 0.564300
vt 1.535335 0.421333
vt 1.543716 0.412866
vt 1.535275 0.410962
vt 0.421333 -0.848378
vt 1.535130 -0.838153
vt 1.543716 -0.846501
vt 1.545500 -0.838008
vt 1.515323 0.421333
vt 1.523876 0.412866
vt 1.525753 0.421333
vt 1.515528 0.565711
vt 1.523876 0.574296
vt 1.515383 0.576081
vt 1.535335 0.578667
vt 1.543716 0.587134
vt 1.545645 0.578667
vt 1.535275 -0.848522
vt 0.589038 -0.838008
vt 1.515323 0.578667
vt 1.523876 0.587134
vt 1.515383 0.589038
vt 1.525897 0.565856
vt 1.434247 0.578667
vt 0.421333 -0.849933
vt 1.414355 0.421333
vt 0.589038 -0.839563
vt 1.535275 0.589038
vt 1.424725 0.589038
vt 0.589038 0.565856
vt 1.545645 0.421333
vt 1.525753 0.578667
vt 1.444618 0.410962
vt 1.515383 0.410962
vt 1.398667 0.405333
vt 1.391738 0.398405
vt 1.390181 0.405333
vt 1.398667 0.551813
vt 1.391738 0.544885
vt 1.398667 0.543328
vt 1.398667 0.607813
vt 1.391738 0.614741
vt 1.390181 0.607813
vt 1.398667 0.396848
vt 1.398667 0.594667
vt 1.391738 0.601595
vt 1.398667 0.603152
vt 1.390181 0.551813
vt 1.390181 0.594667
vt 1.398667 0.616298
vt 1.561333 0.405333
vt 1.568262 0.398405
vt 1.561333 0.396848
vt 1.561333 0.551813
vt 1.568262 0.544885
vt 1.569819 0.551813
vt 1.569819 0.405333
vt 1.561333 0.607813
vt 1.568262 0.614741
vt 1.561333 0.616298
vt 1.561333 0.594667
vt 1.568262 0.601595
vt 1.569819 0.594667
vt 1.561333 0.543328
vt 1.561333 0.603152
vt 1.569819 0.607813
vt -0.482378 0.454400
vt -0.473130 0.446086
vt -0.481642 0.444218
vt 0.454400 0.556557
vt 0.446086 0.549431
vt 0.454400 0.547266
vt -0.479867 0.559067
vt -0.473130 0.549431
vt -0.469841 0.557292
vt 0.454400 0.987531
vt 0.446086 0.996779
vt 0.444218 0.988266
vt -0.401045 0.454400
vt -0.393919 0.446086
vt -0.391753 0.454400
vt -0.403555 0.990042
vt -0.393919 0.996779
vt -0.401780 1.000068
vt -0.650956 0.454400
vt -0.658081 0.446086
vt -0.660246 0.454400
vt -0.648445 0.588917
vt -0.658081 0.582180
vt -0.650220 0.578891
vt 0.454400 0.591428
vt 0.446086 0.582180
vt 0.444218 0.590692
vt -0.569622 0.454400
vt -0.578870 0.446086
vt -0.570358 0.444218
vt 0.454400 1.022402
vt 0.446086 1.029528
vt 0.454400 1.031693
vt -0.572133 1.019892
vt -0.578870 1.029528
vt -0.582159 1.021667
vt -0.482378 0.545600
vt -0.473130 0.553914
vt -0.471616 0.545600
vt -0.473130 0.549431
vt -0.481642 0.549041
vt 0.545600 0.556557
vt 0.553914 0.549431
vt 0.555782 0.557292
vt -0.401045 0.545600
vt -0.393919 0.553914
vt -0.401780 0.555782
vt 0.545600 0.987531
vt 0.553914 0.996779
vt 0.545600 0.998293
vt -0.393919 0.996779
vt -0.393529 0.988266
vt -0.650956 0.545600
vt -0.658081 0.553914
vt -0.650220 0.555782
vt 0.545600 0.591428
vt 0.553914 0.582180
vt 0.545600 0.580666
vt -0.658081 0.582180
vt -0.658471 0.590692
vt -0.569622 0.545600
vt -0.578870 0.553914
vt -0.580384 0.545600
vt -0.570358 1.029918
vt 0.545600 1.022402
vt 0.553914 1.029528
vt 0.555782 1.021667
vt -0.650220 0.444218
vt 0.444218 0.557292
vt -0.401780 0.444218
vt 0.444218 1.021667
vt -0.660246 0.545600
vt 0.454400 0.580666
vt -0.580384 0.454400
vt 0.545600 1.031693
vt 0.555782 0.590692
vt -0.481642 0.555782
vt -0.570358 0.555782
vt 0.555782 0.988266
vt -0.471616 0.454400
vt 0.545600 0.547266
vt -0.391753 0.545600
vt -0.411744 0.454400
vt -0.401487 0.446086
vt -0.409589 0.444218
vt -0.392008 0.454400
vt -0.400836 0.454400
vt -0.404388 0.987800
vt -0.401487 0.976406
vt -0.395634 0.982599
vt 0.454400 1.345019
vt 0.446086 1.355275
vt 0.444218 1.347173
vt 0.454400 1.364754
vt 0.454400 1.355927
vt -0.187766 1.352374
vt -0.176372 1.355275
vt -0.182565 1.361128
vt 0.454400 1.062871
vt 0.446086 1.072351
vt 0.454400 1.071698
vt -0.551567 1.075251
vt -0.562962 1.072351
vt -0.556769 1.066497
vt 0.454400 1.082607
vt 0.444218 1.080452
vt -0.327590 0.454400
vt -0.337846 0.446086
vt -0.329744 0.444218
vt -0.347325 0.454400
vt -0.338498 0.454400
vt -0.334945 1.439825
vt -0.337846 1.451219
vt -0.343699 1.445026
vt -0.411744 0.545600
vt -0.401487 0.553914
vt -0.400836 0.545600
vt -0.409589 0.979046
vt -0.392008 0.545600
vt -0.395634 0.555782
vt 0.545600 1.364754
vt 0.553914 1.355275
vt 0.555782 1.361128
vt 0.545600 1.345019
vt 0.545600 1.355927
vt -0.179012 1.347173
vt 0.545600 1.062871
vt 0.553914 1.072351
vt 0.555782 1.066497
vt 0.545600 1.082607
vt 0.545600 1.071698
vt -0.560321 1.080452
vt -0.327590 0.545600
vt -0.337846 0.553914
vt -0.338498 0.545600
vt -0.329744 1.448579
vt -0.347325 0.545600
vt -0.343699 0.555782
vt -0.558923 0.454400
vt -0.556769 0.444218
vt 0.454400 0.980445
vt 0.444218 0.982599
vt -0.180410 0.454400
vt -0.182565 0.444218
vt 0.454400 1.447181
vt 0.444218 1.445026
vt 0.555782 1.080452
vt 0.545600 1.447181
vt 0.555782 1.445026
vt -0.558923 0.545600
vt -0.409589 0.555782
vt -0.180410 0.545600
vt -0.329744 0.555782
vt 0.545600 0.980445
vt 0.555782 1.347173
vt -0.202831 0.454400
vt -0.192982 0.446086
vt -0.199449 0.444218
vt -0.182679 0.454400
vt -0.193363 0.454400
vt -0.191287 1.348465
vt -0.192982 1.336830
vt -0.185200 1.340302
vt 0.454400 1.577705
vt 0.446086 1.587554
vt 0.444218 1.581086
vt 0.454400 1.597857
vt 0.454400 1.587173
vt 0.131625 1.589249
vt 0.143260 1.587554
vt 0.139788 1.595336
vt 0.454400 1.477102
vt 0.446086 1.487405
vt 0.454400 1.487786
vt -0.293625 1.485710
vt -0.305260 1.487405
vt -0.301788 1.479623
vt 0.454400 1.497254
vt 0.444218 1.493873
vt 0.040831 0.454400
vt 0.030982 0.446086
vt 0.037449 0.444218
vt 0.020679 0.454400
vt 0.031363 0.454400
vt 0.029287 1.726494
vt 0.030982 1.738129
vt 0.023200 1.734657
vt -0.202831 0.545600
vt -0.192982 0.553914
vt -0.193363 0.545600
vt -0.191287 1.348465
vt -0.192982 1.336830
vt -0.199450 1.342378
vt -0.182679 0.545600
vt -0.185200 0.555782
vt 0.545600 1.597857
vt 0.553914 1.587554
vt 0.555782 1.595336
vt 0.545600 1.577705
vt 0.545600 1.587173
vt 0.131625 1.589249
vt 0.143260 1.587554
vt 0.137712 1.581086
vt 0.545600 1.477102
vt 0.553914 1.487405
vt 0.555782 1.479623
vt 0.545600 1.497254
vt 0.545600 1.487786
vt -0.293626 1.485710
vt -0.299712 1.493873
vt 0.040831 0.545600
vt 0.030982 0.553914
vt 0.031363 0.545600
vt 0.029287 1.726494
vt 0.030982 1.738129
vt 0.037449 1.732581
vt 0.020679 0.545600
vt 0.023200 0.555782
vt 0.444218 1.342378
vt 0.444218 1.479623
vt -0.199449 1.342378
vt 0.140233 0.454400
vt -0.185200 0.444218
vt 0.444218 1.732581
vt 0.444218 1.595336
vt 0.037449 1.732581
vt -0.302233 0.454400
vt 0.023200 0.444218
vt 0.023200 1.734657
vt -0.302233 0.545600
vt 0.555782 1.342378
vt 0.545600 1.339857
vt 0.555782 1.732581
vt 0.545600 1.735102
vt 0.140233 0.545600
vt 0.137712 0.555782
vt 0.454400 1.339857
vt 0.454400 1.735102
vt 0.454400 1.583035
vt 0.446086 1.576288
vt 0.444218 1.583975
vt 0.128337 0.454400
vt 0.118876 0.446086
vt 0.117471 0.454400
vt 0.125126 1.586246
vt 0.118876 1.576288
vt 0.127397 1.576320
vt 0.508262 0.454400
vt 0.515010 0.446086
vt 0.507322 0.444218
vt 0.454400 1.676368
vt 0.446086 1.666906
vt 0.454400 1.665502
vt 0.505051 1.673157
vt 0.515010 1.666906
vt 0.514977 1.675428
vt 0.454400 1.749924
vt 0.446086 1.759386
vt 0.454400 1.760790
vt 0.086949 1.753135
vt 0.076990 1.759386
vt 0.077023 1.750864
vt 0.083738 0.454400
vt 0.076990 0.446086
vt 0.084678 0.444218
vt 0.454400 1.843257
vt 0.446086 1.850005
vt 0.444218 1.842317
vt 0.463663 0.454400
vt 0.473125 0.446086
vt 0.474529 0.454400
vt 0.466874 1.840046
vt 0.473125 1.850005
vt 0.464603 1.849972
vt 0.545600 1.583035
vt 0.553914 1.576288
vt 0.545600 1.574049
vt 0.115200 1.583975
vt 0.128337 0.545600
vt 0.118876 0.553914
vt 0.127397 0.555782
vt 0.545600 1.676368
vt 0.553914 1.666906
vt 0.555782 1.675428
vt 0.508262 0.545600
vt 0.515010 0.553914
vt 0.517248 0.545600
vt 0.507322 1.663231
vt 0.545600 1.749924
vt 0.553914 1.759386
vt 0.555782 1.750864
vt 0.083738 0.545600
vt 0.076990 0.553914
vt 0.074752 0.545600
vt 0.084678 1.763061
vt 0.545600 1.843257
vt 0.553914 1.850005
vt 0.545600 1.852243
vt 0.476800 1.842317
vt 0.463663 0.545600
vt 0.473125 0.553914
vt 0.464603 0.555782
vt 0.444218 1.750864
vt 0.127397 0.444218
vt 0.444218 1.675428
vt 0.464603 0.444218
vt 0.545600 1.760790
vt 0.074752 0.454400
vt 0.454400 1.852243
vt 0.474529 0.545600
vt 0.084678 0.555782
vt 0.555782 1.583975
vt 0.555782 1.842317
vt 0.507322 0.555782
vt 0.454400 1.574049
vt 0.545600 1.665502
vt 0.517248 0.454400
vt 0.491738 0.454400
vt 0.484990 0.446086
vt 0.482752 0.454400
vt 0.494949 1.673157
vt 0.484990 1.666906
vt 0.492678 1.663231
vt 0.871663 0.454400
vt 0.881124 0.446086
vt 0.872603 0.444218
vt 0.446086 1.576287
vt 0.454400 1.574049
vt 0.874874 1.586246
vt 0.881124 1.576287
vt 0.884800 1.583975
vt 0.454400 1.843257
vt 0.446086 1.850005
vt 0.454400 1.852243
vt 0.533126 1.840046
vt 0.526875 1.850005
vt 0.523200 1.842317
vt 0.536337 0.454400
vt 0.526875 0.446086
vt 0.535397 0.444218
vt 0.454400 1.749924
vt 0.446086 1.759386
vt 0.444218 1.750864
vt 0.916263 0.454400
vt 0.923010 0.446086
vt 0.925248 0.454400
vt 0.913051 1.753135
vt 0.923010 1.759386
vt 0.915322 1.763061
vt 0.545600 1.676368
vt 0.545600 1.665502
vt 0.485023 1.675428
vt 0.491738 0.545600
vt 0.484990 0.553914
vt 0.492678 0.555782
vt 0.553914 1.576287
vt 0.871663 0.545600
vt 0.881124 0.553914
vt 0.882529 0.545600
vt 0.872603 1.576320
vt 0.553914 1.850005
vt 0.536337 0.545600
vt 0.526875 0.553914
vt 0.525471 0.545600
vt 0.526875 1.850005
vt 0.535397 1.849972
vt 0.545600 1.749924
vt 0.545600 1.760790
vt 0.922977 1.750864
vt 0.916263 0.545600
vt 0.923010 0.553914
vt 0.915322 0.555782
vt 0.444218 1.842317
vt 0.492678 0.444218
vt 0.915322 0.444218
vt 0.545600 1.852243
vt 0.525471 0.454400
vt 0.454400 1.760790
vt 0.925248 0.545600
vt 0.872603 0.555782
vt 0.482752 0.545600
vt 0.545600 1.574049
vt 0.454400 1.597857
vt 0.446086 1.587554
vt 0.444218 1.595336
vt 0.454400 1.577705
vt 0.454400 1.587173
vt 0.868374 1.589249
vt 0.856740 1.587554
vt 0.862288 1.581086
vt 1.182679 0.454400
vt 1.192982 0.446086
vt 1.185200 0.444218
vt 1.202831 0.454400
vt 1.193363 0.454400
vt 1.191287 1.348465
vt 1.192982 1.336830
vt 1.199450 1.342378
vt 0.959169 0.454400
vt 0.969018 0.446086
vt 0.968637 0.454400
vt 0.970713 1.726494
vt 0.969018 1.738129
vt 0.962551 1.732581
vt 0.979321 0.454400
vt 0.976800 0.444218
vt 0.454400 1.477102
vt 0.446086 1.487405
vt 0.454400 1.497254
vt 0.454400 1.487786
vt 1.293626 1.485710
vt 1.305260 1.487405
vt 1.299712 1.493873
vt 0.545600 1.597857
vt 0.553914 1.587554
vt 0.545600 1.587173
vt 0.860212 1.595336
vt 0.545600 1.577705
vt 0.555782 1.581086
vt 1.202831 0.545600
vt 1.192982 0.553914
vt 1.199450 0.555782
vt 1.182679 0.545600
vt 1.193363 0.545600
vt 1.185200 1.340302
vt 0.959169 0.545600
vt 0.969018 0.553914
vt 0.962551 0.555782
vt 0.979321 0.545600
vt 0.968637 0.545600
vt 0.976800 1.734657
vt 0.545600 1.477102
vt 0.553914 1.487405
vt 0.545600 1.487786
vt 1.301788 1.479623
vt 0.545600 1.497254
vt 0.555782 1.493873
vt 0.862288 0.444218
vt 0.859767 0.454400
vt 1.299712 0.444218
vt 1.302233 0.454400
vt 1.299712 0.555782
vt 1.302233 0.545600
vt 0.555782 1.595336
vt 0.862288 0.555782
vt 1.185200 0.555782
vt 0.859767 0.545600
vt 0.444218 1.361128
vt 1.187766 1.352374
vt 1.176372 1.355275
vt 1.179012 1.347173
vt 1.392009 0.454400
vt 1.401488 0.446086
vt 1.395634 0.444218
vt 1.411744 0.454400
vt 1.400836 0.454400
vt 1.404388 0.987800
vt 1.401488 0.976406
vt 1.409589 0.979046
vt 1.327590 0.454400
vt 1.337846 0.446086
vt 1.338498 0.454400
vt 1.334945 1.439825
vt 1.337846 1.451219
vt 1.329744 1.448579
vt 1.347325 0.454400
vt 1.343699 0.444218
vt 0.444218 1.066497
vt 0.454400 1.071699
vt 1.551567 1.075251
vt 1.562962 1.072351
vt 1.560321 1.080452
vt 1.182565 1.361128
vt 1.411744 0.545600
vt 1.401488 0.553914
vt 1.409589 0.555782
vt 1.392009 0.545600
vt 1.400836 0.545600
vt 1.395634 0.982599
vt 1.327590 0.545600
vt 1.337846 0.553914
vt 1.329744 0.555782
vt 1.347325 0.545600
vt 1.338498 0.545600
vt 1.343699 1.445026
vt 0.545600 1.071699
vt 1.556769 1.066497
vt 1.180410 0.454400
vt 1.329744 0.444218
vt 1.558923 0.454400
vt 1.409589 0.444218
vt 1.180410 0.545600
vt 1.182565 0.555782
vt 1.558923 0.545600
vt 1.556769 0.555782
vt 0.555782 0.982599
vt 1.401045 0.454400
vt 1.393919 0.446086
vt 1.401780 0.444218
vt 0.454400 0.987531
vt 0.446086 0.996779
vt 0.454400 0.998293
vt 1.403555 0.990042
vt 1.393919 0.996779
vt 1.393529 0.988266
vt 0.454400 0.556557
vt 0.446086 0.549431
vt 0.444218 0.557292
vt 1.482378 0.454400
vt 1.473130 0.446086
vt 1.471616 0.454400
vt 1.479867 0.559067
vt 1.473130 0.549431
vt 1.481642 0.549041
vt 1.569622 0.454400
vt 1.578870 0.446086
vt 1.580384 0.454400
vt 1.572133 1.019892
vt 1.578870 1.029528
vt 1.570358 1.029918
vt 0.454400 1.022402
vt 1.650956 0.454400
vt 1.658081 0.446086
vt 1.650220 0.444218
vt 0.454400 0.591428
vt 0.446086 0.582180
vt 1.648445 0.588917
vt 1.658081 0.582180
vt 1.658471 0.590692
vt 1.401045 0.545600
vt 1.393919 0.553914
vt 1.391753 0.545600
vt 1.393919 0.996779
vt 1.401780 1.000068
vt 0.545600 0.987531
vt 0.553914 0.996779
vt 1.482378 0.545600
vt 1.473130 0.553914
vt 1.481642 0.555782
vt 0.545600 0.547266
vt 1.469841 0.557292
vt 1.569622 0.545600
vt 1.578870 0.553914
vt 1.570358 0.555782
vt 0.545600 1.022402
vt 0.553914 1.029528
vt 0.545600 1.031693
vt 1.582159 1.021667
vt 1.650956 0.545600
vt 1.658081 0.553914
vt 1.660246 0.545600
vt 1.658081 0.582180
vt 1.650220 0.578891
vt 0.555782 0.590692
vt 1.570358 0.444218
vt 0.444218 0.988266
vt 1.481642 0.444218
vt 0.444218 0.590692
vt 1.580384 0.545600
vt 0.454400 1.031693
vt 1.660246 0.454400
vt 1.401780 0.555782
vt 1.650220 0.555782
vt 1.391753 0.454400
vt 1.471616 0.545600
vt 0.454400 0.547266
vt -0.413291 0.469600
vt -0.406742 0.464057
vt -0.412392 0.462812
vt 0.469600 0.370014
vt 0.464057 0.366058
vt 0.469600 0.364480
vt -0.410223 0.373081
vt -0.406742 0.366058
vt -0.403791 0.370912
vt 0.469600 0.925154
vt 0.464057 0.931702
vt 0.462812 0.926052
vt -0.219957 0.469600
vt -0.216002 0.464057
vt -0.214423 0.469600
vt -0.223025 0.928221
vt -0.216002 0.931702
vt -0.220856 0.934653
vt -0.546709 0.469600
vt -0.550665 0.464057
vt -0.552243 0.469600
vt -0.543642 0.418071
vt -0.550665 0.414590
vt -0.545811 0.411639
vt 0.469600 0.421139
vt 0.464057 0.414590
vt 0.462812 0.420240
vt -0.353376 0.469600
vt -0.359924 0.464057
vt -0.354274 0.462812
vt 0.469600 0.976279
vt 0.464057 0.980234
vt 0.469600 0.981812
vt -0.356443 0.973211
vt -0.359924 0.980234
vt -0.362876 0.975380
vt -0.413291 0.530400
vt -0.406742 0.535943
vt -0.405960 0.530400
vt -0.412392 0.366649
vt 0.530400 0.370014
vt 0.535943 0.366058
vt 0.537188 0.370912
vt -0.219957 0.530400
vt -0.216002 0.535943
vt -0.220856 0.537188
vt 0.530400 0.925154
vt 0.535943 0.931702
vt 0.530400 0.932484
vt -0.216592 0.926052
vt -0.546709 0.530400
vt -0.550665 0.535943
vt -0.545811 0.537188
vt 0.530400 0.421139
vt 0.535943 0.414590
vt 0.530400 0.413808
vt -0.550074 0.420240
vt -0.353376 0.530400
vt -0.359924 0.535943
vt -0.360707 0.530400
vt -0.354274 0.979643
vt 0.530400 0.976279
vt 0.535943 0.980234
vt 0.537188 0.975380
vt -0.545811 0.462812
vt 0.462812 0.370912
vt -0.220856 0.462812
vt 0.462812 0.975380
vt -0.552243 0.530400
vt 0.469600 0.413808
vt -0.360707 0.469600
vt 0.530400 0.981812
vt -0.412392 0.537188
vt -0.354274 0.537188
vt 0.537188 0.926052
vt -0.405960 0.469600
vt 0.530400 0.364480
vt -0.214423 0.530400
vt 0.469600 0.932484
vt 1.413291 0.530400
vt 1.406742 0.535943
vt 1.412392 0.537188
vt 1.410223 0.373081
vt 1.406742 0.366058
vt 1.403791 0.370912
vt 1.219957 0.530400
vt 1.216002 0.535943
vt 1.214423 0.530400
vt 1.223025 0.928221
vt 1.216002 0.931702
vt 1.220856 0.934653
vt 1.546709 0.530400
vt 1.550665 0.535943
vt 1.552243 0.530400
vt 1.543642 0.418071
vt 1.550665 0.414590
vt 1.545811 0.411639
vt 0.537188 0.420240
vt 1.353376 0.530400
vt 1.359925 0.535943
vt 1.354275 0.537188
vt 1.356444 0.973211
vt 1.359925 0.980234
vt 1.362876 0.975380
vt 1.413291 0.469600
vt 1.406742 0.464057
vt 1.405960 0.469600
vt 1.412392 0.366649
vt 1.219957 0.469600
vt 1.216002 0.464057
vt 1.220856 0.462812
vt 1.216593 0.926052
vt 1.546709 0.469600
vt 1.550665 0.464057
vt 1.545811 0.462812
vt 1.550074 0.420240
vt 1.353376 0.469600
vt 1.359925 0.464057
vt 1.360707 0.469600
vt 1.354275 0.979643
vt 1.545811 0.537188
vt 1.220856 0.537188
vt 1.552243 0.469600
vt 1.360707 0.530400
vt 1.412392 0.462812
vt 1.354275 0.462812
vt 1.405960 0.530400
vt 1.214423 0.469600
vt -0.513333 0.386667
vt -0.498248 0.613333
vt -0.513333 0.613333
vt 0.386667 0.614898
vt 0.613333 0.599813
vt 0.613333 0.614898
vt 0.386667 0.599813
vt 0.613333 0.584728
vt -0.498248 0.386667
vt -0.528418 0.613333
vt 0.386667 0.584728
vt -0.513333 0.578479
vt -0.498248 0.584728
vt -0.492000 0.599813
vt -0.528418 0.386667
vt -0.528418 0.584728
vt -0.528418 0.614898
vt 0.500000 0.386667
vt 0.515085 0.613333
vt 0.500000 0.613333
vt 0.386667 1.774898
vt 0.613333 1.759813
vt 0.613333 1.774898
vt 0.386667 1.759813
vt 0.613333 1.744728
vt 0.515085 0.386667
vt 0.484915 0.613333
vt 0.386667 1.744728
vt 0.515085 1.744728
vt 0.521333 1.759813
vt 0.478667 1.759813
vt 0.484915 0.386667
vt 0.484915 1.774898
vt 1.513333 0.386667
vt 1.528418 0.613333
vt 1.513333 0.613333
vt 1.528418 0.386667
vt 1.498248 0.613333
vt 1.528418 0.584728
vt 1.534667 0.599813
vt 1.492000 0.599813
vt 1.498248 0.386667
vt 1.498248 0.584728
vt 1.498248 0.614898
vt 0.589038 -0.838008
vt 0.454400 0.998293
vt -0.395634 0.444218
vt -0.343699 0.444218
vt -0.556769 0.555782
vt -0.182565 0.555782
vt 0.137712 1.581086
vt -0.299712 1.493873
vt -0.199450 0.555782
vt 0.139788 1.595336
vt 0.037449 0.555782
vt 0.137712 0.444218
vt -0.299712 0.444218
vt -0.299712 0.555782
vt 0.117471 0.545600
vt 0.882529 0.454400
vt 0.535397 0.555782
vt 1.199450 0.444218
vt 0.962551 0.444218
vt 0.976800 0.555782
vt 1.395634 0.555782
vt 1.343699 0.555782
vt 1.182565 0.444218
vt 1.556769 0.444218
vt 0.555782 1.021667
vt -0.498248 0.614898
vt -0.513333 0.621146
vt -0.534667 0.599813
vt 0.515085 1.774898
vt 0.500000 1.781146
vt 0.484915 1.744728
vt 0.500000 1.738479
vt 1.528418 0.614898
vt 1.513333 0.621146
vt 1.513333 0.578479
s 0
usemtl M_Bark
f 1/1/1 5/2/1 7/3/1
f 2/4/2 5/5/3 4/6/2
f 3/7/4 5/8/4 6/9/4
f 8/10/5 12/11/5 14/12/5
f 9/1/6 12/2/6 11/13/6
f 10/14/7 12/15/7 13/16/7
f 15/17/8 19/18/8 21/19/8
f 16/20/9 19/21/9 18/22/9
f 17/4/10 19/5/11 20/23/10
f 22/17/12 26/18/13 28/24/13
f 23/10/14 26/11/14 25/25/14
f 24/26/15 26/27/15 27/28/15
f 29/29/16 33/30/16 35/31/16
f 30/7/17 33/8/17 32/32/17
f 31/33/18 33/34/18 34/35/18
f 36/29/19 40/30/20 42/36/20
f 37/37/21 40/38/21 39/39/21
f 38/14/22 40/15/22 41/40/22
f 43/41/23 47/42/23 49/43/23
f 44/33/24 47/34/24 46/44/24
f 45/20/25 47/21/25 48/45/25
f 50/41/26 54/42/26 56/46/26
f 51/26/27 54/27/27 53/47/27
f 52/37/28 54/38/28 55/48/28
f 1/1/29 18/24/29 15/17/29
f 7/32/30 16/20/30 18/22/30
f 8/10/31 6/23/31 2/4/31
f 6/9/32 10/14/32 3/7/32
f 22/17/33 13/3/33 9/1/33
f 28/47/34 10/14/34 13/16/34
f 23/10/35 20/23/35 27/12/35
f 20/45/36 24/26/36 27/28/36
f 15/17/37 46/46/37 43/41/37
f 21/6/38 44/33/38 46/44/38
f 50/41/39 25/19/39 22/17/39
f 56/39/40 23/10/40 25/25/40
f 51/26/41 48/45/41 55/28/41
f 48/35/42 52/37/42 55/48/42
f 43/41/43 32/36/43 29/29/43
f 49/22/44 30/7/44 32/32/44
f 36/29/45 53/43/45 50/41/45
f 42/16/46 51/26/46 53/47/46
f 37/37/47 34/35/47 41/48/47
f 34/9/48 38/14/48 41/40/48
f 29/29/49 4/13/49 1/1/49
f 35/44/50 2/4/50 4/6/50
f 9/1/51 39/31/51 36/29/51
f 11/25/52 37/37/52 39/39/52
f 43/41/53 1/1/53 15/17/53
f 10/14/54 16/20/54 3/7/54
f 37/37/55 2/4/55 31/33/55
f 22/17/56 36/29/56 50/41/56
f 23/10/57 44/33/57 17/4/57
f 51/26/58 30/7/58 45/20/58
f 57/49/59 61/50/60 63/51/59
f 58/52/61 61/53/61 60/54/61
f 59/55/62 61/56/62 62/57/62
f 64/58/63 68/59/63 70/60/63
f 65/61/64 68/62/64 67/63/64
f 66/64/65 68/65/65 69/66/65
f 71/67/66 75/68/67 77/69/67
f 72/70/68 75/71/68 74/72/69
f 73/52/70 75/53/70 76/73/70
f 78/74/71 82/75/71 84/76/71
f 79/58/72 82/59/72 81/77/72
f 80/78/73 82/79/73 83/80/73
f 85/81/74 89/82/75 91/83/75
f 86/84/76 89/85/76 88/86/76
f 87/87/77 89/88/77 90/89/77
f 92/90/78 96/91/78 98/92/78
f 93/93/79 96/94/79 95/95/79
f 94/96/80 96/97/80 97/98/80
f 99/99/81 103/100/81 105/101/81
f 100/87/82 103/88/82 102/102/82
f 101/103/83 103/104/83 104/105/83
f 106/106/84 110/107/84 112/108/84
f 107/109/85 110/110/85 109/111/85
f 108/93/86 110/94/86 111/112/86
f 57/49/87 74/113/87 71/67/87
f 63/114/88 72/70/88 74/72/88
f 64/58/89 62/73/89 58/52/89
f 70/115/90 59/55/90 62/57/90
f 78/74/91 69/116/91 65/61/91
f 84/117/92 66/64/92 69/66/92
f 73/52/93 83/60/93 79/58/93
f 83/80/94 72/70/94 80/78/94
f 71/67/95 102/118/95 99/99/95
f 102/102/96 73/52/96 100/87/96
f 106/106/97 81/119/97 78/74/97
f 81/77/98 108/93/98 79/58/98
f 101/103/99 111/120/99 107/109/99
f 104/89/100 108/93/100 111/112/100
f 99/99/101 88/121/101 85/81/101
f 105/122/102 86/84/102 88/86/102
f 92/90/103 109/123/103 106/106/103
f 98/124/104 107/109/104 109/111/104
f 87/87/105 97/112/105 93/93/105
f 90/125/106 94/96/106 97/98/106
f 57/49/107 91/83/107 60/126/107
f 91/102/108 58/52/108 60/54/108
f 92/90/109 67/63/109 95/127/109
f 67/77/110 93/93/110 95/95/110
f 99/99/111 57/49/111 71/67/111
f 66/64/112 72/70/112 59/55/112
f 87/87/55 64/58/55 58/52/55
f 78/74/113 92/90/113 106/106/113
f 79/58/57 100/87/57 73/52/57
f 107/109/114 86/84/114 101/103/114
f 113/128/1 117/129/1 119/130/1
f 114/131/115 117/132/115 116/133/115
f 115/134/4 117/135/4 118/136/4
f 120/137/5 124/138/5 126/139/5
f 121/128/116 124/129/116 123/140/116
f 122/141/7 124/142/7 125/143/7
f 127/144/8 131/145/8 133/146/8
f 128/147/9 131/148/9 130/149/9
f 129/131/10 131/132/10 132/150/10
f 134/144/117 138/145/117 140/151/117
f 135/137/118 138/138/118 137/152/118
f 136/153/15 138/154/15 139/155/15
f 141/156/16 145/157/16 147/158/16
f 142/134/17 145/135/17 144/159/17
f 143/160/119 145/161/119 146/162/119
f 148/156/120 152/157/120 154/163/120
f 149/164/121 152/165/121 151/166/121
f 150/141/22 152/142/22 153/167/22
f 155/168/23 159/169/23 161/170/23
f 156/160/122 159/161/122 158/171/122
f 157/147/25 159/148/25 160/172/25
f 162/168/26 166/169/26 168/173/26
f 163/153/27 166/154/27 165/174/27
f 164/164/123 166/165/123 167/175/123
f 113/128/29 130/151/29 127/144/29
f 119/159/30 128/147/30 130/149/30
f 120/137/31 118/150/31 114/131/31
f 126/167/32 115/134/32 118/136/32
f 134/144/33 125/130/33 121/128/33
f 140/174/34 122/141/34 125/143/34
f 129/131/35 139/139/35 135/137/35
f 132/172/36 136/153/36 139/155/36
f 127/144/37 158/173/37 155/168/37
f 133/133/38 156/160/38 158/171/38
f 162/168/39 137/146/39 134/144/39
f 168/166/40 135/137/40 137/152/40
f 157/147/41 167/155/41 163/153/41
f 160/162/42 164/164/42 167/175/42
f 155/168/43 144/163/43 141/156/43
f 161/149/44 142/134/44 144/159/44
f 148/156/45 165/170/45 162/168/45
f 154/143/46 163/153/46 165/174/46
f 143/160/47 153/175/47 149/164/47
f 146/136/48 150/141/48 153/167/48
f 141/156/49 116/140/49 113/128/49
f 147/171/50 114/131/50 116/133/50
f 121/128/51 151/158/51 148/156/51
f 123/152/52 149/164/52 151/166/52
f 155/168/53 113/128/53 127/144/53
f 122/141/54 128/147/54 115/134/54
f 149/164/55 114/131/55 143/160/55
f 134/144/56 148/156/56 162/168/56
f 135/137/57 156/160/57 129/131/57
f 163/153/58 142/134/58 157/147/58
f 169/176/124 173/177/125 175/178/124
f 170/179/2 173/180/2 172/181/2
f 171/7/4 173/8/4 174/9/4
f 176/182/126 180/183/127 182/184/126
f 177/176/6 180/177/6 179/185/6
f 178/14/128 180/15/128 181/16/128
f 183/186/129 187/187/129 189/188/129
f 184/20/130 187/21/130 186/22/130
f 185/179/11 187/180/11 188/189/11
f 190/186/13 194/187/13 196/190/13
f 191/182/14 194/183/14 193/191/14
f 192/26/131 194/27/131 195/28/131
f 197/192/132 201/193/132 203/194/132
f 198/7/133 201/8/133 200/32/133
f 199/195/18 201/196/134 202/197/134
f 204/192/20 208/193/20 210/198/20
f 205/199/21 208/200/21 207/201/21
f 206/14/135 208/15/135 209/40/135
f 211/202/136 215/203/137 217/204/136
f 212/195/24 215/196/24 214/205/24
f 213/20/25 215/21/25 216/45/25
f 218/202/138 222/203/138 224/206/138
f 219/26/139 222/27/139 221/47/139
f 220/199/28 222/200/28 223/207/28
f 169/176/29 186/190/29 183/186/29
f 175/32/30 184/20/30 186/22/30
f 176/182/31 174/189/31 170/179/31
f 174/9/32 178/14/32 171/7/32
f 190/186/33 181/178/33 177/176/33
f 196/47/34 178/14/34 181/16/34
f 191/182/35 188/189/35 195/184/35
f 188/45/36 192/26/36 195/28/36
f 183/186/37 214/206/37 211/202/37
f 189/181/38 212/195/38 214/205/38
f 218/202/39 193/188/39 190/186/39
f 224/201/40 191/182/40 193/191/40
f 219/26/41 216/45/41 223/28/41
f 216/197/42 220/199/42 223/207/42
f 211/202/43 200/198/43 197/192/43
f 217/22/44 198/7/44 200/32/44
f 204/192/45 221/204/45 218/202/45
f 210/16/46 219/26/46 221/47/46
f 205/199/47 202/197/47 209/207/47
f 202/9/48 206/14/48 209/40/48
f 197/192/49 172/185/49 169/176/49
f 203/205/50 170/179/50 172/181/50
f 177/176/51 207/194/51 204/192/51
f 179/191/52 205/199/52 207/201/52
f 211/202/53 169/176/53 183/186/53
f 178/14/54 184/20/54 171/7/54
f 205/199/55 170/179/55 199/195/55
f 190/186/56 204/192/56 218/202/56
f 191/182/57 212/195/57 185/179/57
f 219/26/58 198/7/58 213/20/58
f 225/208/140 229/209/140 231/210/140
f 226/211/141 229/212/141 228/213/141
f 227/84/142 229/85/142 230/125/142
f 232/214/143 236/215/143 238/216/143
f 233/217/144 236/218/144 235/219/144
f 234/96/145 236/97/145 237/124/145
f 239/220/146 243/221/146 245/222/146
f 240/103/147 243/104/147 242/122/147
f 241/211/148 243/212/148 244/223/148
f 246/224/149 250/225/149 252/226/149
f 247/214/150 250/215/150 249/227/150
f 248/109/151 250/110/151 251/228/151
f 253/229/152 257/230/152 259/231/152
f 254/55/153 257/56/153 256/232/153
f 255/233/154 257/234/154 258/235/154
f 260/236/155 264/237/155 266/238/155
f 261/239/156 264/240/156 263/241/156
f 262/64/157 264/65/157 265/115/157
f 267/242/158 271/243/158 273/244/159
f 268/233/160 271/234/160 270/245/160
f 269/70/161 271/71/162 272/246/162
f 274/247/163 278/248/163 280/249/163
f 275/78/164 278/79/164 277/117/164
f 276/239/165 278/240/165 279/250/165
f 225/208/166 242/251/166 239/220/166
f 231/252/167 240/103/167 242/122/167
f 232/214/168 230/223/168 226/211/168
f 238/98/169 227/84/169 230/125/169
f 246/224/170 237/253/170 233/217/170
f 252/111/171 234/96/171 237/124/171
f 241/211/172 251/216/172 247/214/172
f 244/254/173 248/109/173 251/228/173
f 239/220/174 270/255/174 267/242/174
f 245/213/175 268/233/175 270/245/175
f 274/247/176 249/256/176 246/224/176
f 280/241/177 247/214/177 249/227/177
f 269/70/178 279/257/178 275/78/178
f 272/235/179 276/239/179 279/250/179
f 267/242/180 256/258/180 253/229/180
f 273/72/181 254/55/181 256/232/181
f 260/236/182 277/259/182 274/247/182
f 266/66/183 275/78/183 277/117/183
f 255/233/184 265/250/184 261/239/184
f 265/115/185 254/55/185 262/64/185
f 225/208/186 259/231/186 228/260/186
f 228/213/187 255/233/187 226/211/187
f 260/236/188 235/219/188 263/261/188
f 263/241/189 232/214/189 261/239/189
f 267/242/190 225/208/190 239/220/190
f 234/96/191 240/103/191 227/84/191
f 261/239/55 226/211/55 255/233/55
f 246/224/192 260/236/192 274/247/192
f 241/211/57 276/239/57 268/233/57
f 275/78/193 254/55/193 269/70/193
f 281/262/1 285/263/1 287/264/1
f 282/265/115 285/266/115 284/267/115
f 283/134/194 285/135/195 286/136/194
f 288/268/5 292/269/5 294/270/5
f 289/262/116 292/263/116 291/271/116
f 290/141/128 292/142/128 293/143/128
f 295/272/8 299/273/8 301/274/8
f 296/147/196 299/148/130 298/149/130
f 297/265/10 299/266/10 300/275/10
f 302/272/117 306/273/117 308/276/117
f 303/268/118 306/269/118 305/277/118
f 304/153/197 306/154/197 307/155/131
f 309/278/16 313/279/16 315/280/16
f 310/134/17 313/135/17 312/159/17
f 311/281/119 313/282/119 314/283/119
f 316/278/120 320/279/120 322/284/120
f 317/285/21 320/286/121 319/287/121
f 318/141/22 320/142/22 321/167/22
f 323/288/23 327/289/23 329/290/23
f 324/281/122 327/282/122 326/291/122
f 325/147/198 327/148/198 328/172/198
f 330/288/26 334/289/26 336/292/26
f 331/153/139 334/154/199 333/174/139
f 332/285/123 334/286/123 335/293/123
f 281/262/29 298/276/29 295/272/29
f 287/159/30 296/147/30 298/149/30
f 288/268/31 286/275/31 282/265/31
f 294/167/32 283/134/32 286/136/32
f 302/272/33 293/264/33 289/262/33
f 308/174/34 290/141/34 293/143/34
f 297/265/35 307/270/35 303/268/35
f 300/172/36 304/153/36 307/155/36
f 295/272/37 326/292/37 323/288/37
f 301/267/38 324/281/38 326/291/38
f 330/288/39 305/274/39 302/272/39
f 336/287/40 303/268/40 305/277/40
f 325/147/41 335/155/41 331/153/41
f 328/283/42 332/285/42 335/293/42
f 323/288/43 312/284/43 309/278/43
f 329/149/44 310/134/44 312/159/44
f 316/278/45 333/290/45 330/288/45
f 322/143/46 331/153/46 333/174/46
f 311/281/47 321/293/47 317/285/47
f 314/136/48 318/141/48 321/167/48
f 309/278/49 284/271/49 281/262/49
f 315/291/50 282/265/50 284/267/50
f 289/262/51 319/280/51 316/278/51
f 291/277/52 317/285/52 319/287/52
f 323/288/53 281/262/53 295/272/53
f 290/141/54 296/147/54 283/134/54
f 317/285/55 282/265/55 311/281/55
f 302/272/56 316/278/56 330/288/56
f 303/268/57 324/281/57 297/265/57
f 331/153/58 310/134/58 325/147/58
f 337/294/200 341/295/201 343/296/201
f 338/297/202 341/298/202 340/299/202
f 339/300/203 341/301/203 342/302/203
f 344/303/204 348/304/204 350/305/204
f 345/306/205 348/307/205 347/308/205
f 346/309/206 348/310/206 349/311/206
f 351/312/207 355/313/207 357/314/207
f 352/315/208 355/316/208 354/317/208
f 353/318/209 355/319/209 356/320/209
f 358/321/210 362/322/210 364/323/211
f 359/324/212 362/325/212 361/326/212
f 360/327/213 362/328/213 363/329/213
f 365/330/214 369/331/215 371/332/215
f 366/300/216 369/333/216 368/334/216
f 367/335/217 369/336/217 370/337/217
f 372/338/218 376/339/218 378/340/218
f 373/341/219 376/342/220 375/343/219
f 374/309/221 376/344/221 377/345/221
f 379/346/222 383/347/222 385/348/222
f 380/349/223 383/350/223 382/351/223
f 381/315/224 383/352/225 384/353/225
f 386/354/226 390/355/226 392/356/226
f 387/327/227 390/328/227 389/357/227
f 388/358/228 390/359/228 391/360/228
f 351/312/229 343/296/229 354/361/229
f 343/334/230 352/315/230 354/317/230
f 338/297/231 350/305/231 342/362/231
f 342/302/232 346/309/232 339/300/232
f 345/306/233 364/323/233 349/363/233
f 364/357/234 346/309/234 349/311/234
f 353/318/235 363/364/235 359/324/235
f 363/329/236 352/315/236 360/327/236
f 379/346/237 357/314/237 382/365/237
f 357/366/238 380/349/238 382/351/238
f 358/321/239 392/356/239 361/367/239
f 392/368/240 359/324/240 361/326/240
f 381/315/241 391/329/241 387/327/241
f 384/369/242 388/358/242 391/360/242
f 379/346/243 368/370/243 365/330/243
f 368/334/244 381/315/244 366/300/244
f 372/338/245 389/371/245 386/354/245
f 389/357/246 374/309/246 387/327/246
f 373/341/247 370/337/247 377/372/247
f 370/302/248 374/309/248 377/345/248
f 337/294/249 371/332/249 340/373/249
f 371/374/250 338/297/250 340/299/250
f 345/306/251 375/375/251 372/338/251
f 375/343/252 344/303/252 373/341/252
f 351/312/253 365/330/253 337/294/253
f 339/300/55 360/327/55 352/315/55
f 373/341/254 338/297/254 367/335/254
f 358/321/255 372/338/255 386/354/255
f 353/318/256 388/358/256 380/349/256
f 387/327/57 366/300/57 381/315/57
f 393/376/257 397/377/257 399/378/257
f 394/379/258 397/377/258 396/380/258
f 395/381/259 397/382/259 398/383/259
f 400/384/260 404/385/260 406/386/260
f 401/387/261 404/385/261 403/388/261
f 402/389/262 404/390/262 405/391/262
f 407/392/263 411/393/263 413/394/263
f 408/395/264 411/396/264 410/397/264
f 409/398/265 411/393/265 412/399/265
f 414/400/266 418/401/266 420/402/266
f 415/403/267 418/401/268 417/404/267
f 416/405/269 418/406/269 419/407/269
f 421/408/270 425/409/270 427/410/270
f 422/381/271 425/382/271 424/411/271
f 423/412/272 425/409/272 426/413/272
f 428/414/273 432/415/273 434/416/273
f 429/417/274 432/415/274 431/418/274
f 430/389/275 432/390/275 433/419/275
f 435/420/276 439/421/276 441/422/276
f 436/423/277 439/421/277 438/424/277
f 437/395/278 439/396/278 440/425/278
f 442/426/279 446/427/279 448/428/279
f 443/405/280 446/406/280 445/429/280
f 444/430/281 446/427/281 447/431/281
f 407/432/282 399/378/282 410/433/282
f 410/397/283 395/381/283 408/395/283
f 394/434/284 406/386/284 398/435/284
f 406/419/285 395/381/285 398/383/285
f 401/436/286 420/402/286 405/437/286
f 420/429/287 402/389/287 405/391/287
f 415/438/288 412/399/288 419/439/288
f 412/425/289 416/405/289 419/407/289
f 407/392/290 438/424/290 435/420/290
f 413/394/291 436/423/291 438/424/291
f 442/426/292 417/404/292 414/400/292
f 448/428/293 415/403/293 417/404/293
f 443/405/294 440/425/294 447/407/294
f 440/440/295 444/441/295 447/442/295
f 435/443/296 424/444/296 421/408/296
f 441/397/297 422/381/297 424/411/297
f 428/445/298 445/446/298 442/426/298
f 445/429/299 430/389/299 443/405/299
f 423/447/300 433/448/300 429/417/300
f 433/419/301 422/381/301 430/389/301
f 421/408/302 396/380/302 393/376/302
f 427/410/303 394/379/303 396/380/303
f 401/387/304 431/418/304 428/414/304
f 403/388/305 429/417/305 431/418/305
f 435/443/306 393/376/306 407/432/306
f 402/389/55 408/395/55 395/381/55
f 429/417/307 394/434/307 423/447/307
f 414/400/308 428/445/308 442/426/308
f 415/438/309 436/423/309 409/398/309
f 437/395/57 430/389/57 422/381/57
f 449/449/310 453/450/310 455/451/310
f 450/452/311 453/450/312 452/453/312
f 451/454/313 453/455/313 454/456/313
f 456/457/314 460/458/314 462/459/314
f 457/460/315 460/458/315 459/461/315
f 458/462/316 460/463/316 461/464/316
f 463/465/317 467/466/317 469/467/317
f 464/468/318 467/469/318 466/470/318
f 465/471/319 467/466/319 468/472/320
f 470/473/321 474/474/322 476/475/321
f 471/476/323 474/474/323 473/477/323
f 472/478/324 474/479/324 475/480/324
f 477/481/325 481/482/325 483/483/325
f 478/484/326 481/485/326 480/486/326
f 479/487/327 481/482/327 482/488/327
f 484/489/328 488/490/328 490/491/328
f 485/492/329 488/490/330 487/493/329
f 486/494/331 488/495/331 489/496/331
f 491/497/332 495/498/332 497/499/332
f 492/500/333 495/498/333 494/501/333
f 493/502/334 495/469/334 496/503/334
f 498/504/335 502/505/335 504/506/335
f 499/507/336 502/508/336 501/509/336
f 500/510/337 502/505/337 503/511/337
f 463/465/338 455/512/338 466/513/338
f 455/514/339 464/468/339 466/470/339
f 456/515/340 454/516/340 450/452/340
f 454/456/341 458/462/341 451/454/341
f 457/460/342 476/517/342 461/518/342
f 476/519/343 458/462/343 461/464/343
f 465/520/344 475/521/344 471/476/344
f 475/480/345 464/468/345 472/478/345
f 491/497/346 469/467/346 494/501/346
f 469/467/347 492/500/347 494/501/347
f 498/504/348 473/477/348 470/473/348
f 504/506/349 471/476/349 473/477/349
f 493/502/350 503/522/350 499/507/350
f 503/511/351 492/523/351 500/510/351
f 491/497/352 480/524/352 477/525/352
f 480/486/353 493/502/353 478/484/353
f 484/489/354 501/526/354 498/527/354
f 501/509/355 486/494/355 499/507/355
f 485/528/356 482/488/356 489/529/356
f 482/456/357 486/494/357 489/496/357
f 477/481/358 452/453/358 449/449/358
f 483/483/359 450/452/359 452/453/359
f 457/460/360 487/493/360 484/489/360
f 487/493/361 456/457/361 485/492/361
f 491/497/362 449/530/362 463/465/362
f 451/454/55 472/478/55 464/468/55
f 485/528/363 450/452/363 479/487/363
f 470/531/364 484/489/364 498/527/364
f 471/476/365 492/523/365 465/520/365
f 499/507/57 478/484/57 493/502/57
f 505/532/366 509/533/366 511/534/366
f 506/535/367 509/536/367 508/537/367
f 507/538/368 509/539/368 510/540/368
f 512/541/369 516/542/369 518/543/369
f 513/544/370 516/545/370 515/546/370
f 514/547/371 516/548/371 517/549/371
f 519/550/372 523/551/372 525/552/372
f 520/553/373 523/554/373 522/555/373
f 521/556/374 523/557/374 524/558/374
f 526/559/375 530/560/375 532/561/375
f 527/562/376 530/563/376 529/564/376
f 528/565/377 530/566/377 531/567/377
f 533/568/378 537/569/378 539/570/378
f 534/538/379 537/539/379 536/571/379
f 535/572/380 537/573/380 538/574/380
f 540/575/381 544/576/382 546/577/381
f 541/578/383 544/579/384 543/580/383
f 542/547/385 544/548/385 545/581/385
f 547/582/386 551/583/386 553/584/386
f 548/585/387 551/586/387 550/587/387
f 549/553/388 551/554/388 552/588/388
f 554/589/389 558/590/389 560/591/389
f 555/565/390 558/566/391 557/592/390
f 556/593/392 558/594/392 559/595/393
f 505/532/394 522/596/394 519/550/394
f 522/555/395 507/538/395 520/553/395
f 506/535/396 518/543/396 510/597/396
f 518/581/397 507/538/397 510/540/397
f 513/544/398 532/561/398 517/598/398
f 517/549/399 528/565/399 514/547/399
f 527/562/400 524/558/400 531/599/400
f 524/588/401 528/565/401 531/567/401
f 519/550/402 550/600/402 547/582/402
f 525/601/403 548/585/403 550/587/403
f 554/589/404 529/602/404 526/559/404
f 560/603/405 527/562/405 529/564/405
f 555/565/406 552/588/406 559/567/406
f 552/604/407 556/593/407 559/595/407
f 533/568/408 553/584/408 536/605/408
f 553/555/409 534/538/409 536/571/409
f 540/575/410 557/606/410 554/589/410
f 546/549/411 555/565/411 557/592/411
f 535/572/412 545/607/412 541/578/412
f 545/581/413 534/538/413 542/547/413
f 533/568/414 508/608/414 505/532/414
f 508/537/415 535/572/415 506/535/415
f 513/544/416 543/609/416 540/575/416
f 515/610/417 541/578/417 543/580/417
f 547/582/418 505/532/418 519/550/418
f 514/547/55 520/553/55 507/538/55
f 541/578/419 506/535/419 535/572/419
f 526/559/420 540/575/420 554/589/420
f 527/562/421 548/585/421 521/556/421
f 555/565/57 534/538/57 549/553/57
f 561/544/422 565/545/422 567/598/422
f 562/611/423 565/612/423 564/613/423
f 563/614/424 565/615/424 566/616/424
f 568/617/425 572/618/425 574/619/425
f 569/532/426 572/620/426 571/621/426
f 570/622/427 572/623/427 573/624/427
f 575/625/428 579/626/428 581/627/428
f 576/628/429 579/629/430 578/630/429
f 577/631/431 579/632/431 580/633/431
f 582/634/432 586/635/432 588/636/432
f 583/637/433 586/638/433 585/639/433
f 584/640/434 586/641/434 587/642/434
f 589/643/435 593/576/435 595/644/435
f 590/614/436 593/615/436 592/645/436
f 591/646/437 593/647/437 594/648/437
f 596/568/438 600/649/438 602/605/438
f 597/650/439 600/651/439 599/652/439
f 598/622/440 600/623/440 601/653/440
f 603/589/441 607/654/441 609/606/441
f 604/655/442 607/656/442 606/657/442
f 605/628/443 607/658/443 608/659/443
f 610/660/444 614/583/444 616/661/444
f 611/640/445 614/641/445 613/662/445
f 612/663/446 614/664/446 615/665/446
f 561/544/447 578/666/447 575/625/447
f 567/645/448 576/628/448 578/630/448
f 562/611/449 574/619/449 566/667/449
f 566/616/450 570/622/450 563/614/450
f 569/532/451 588/636/451 573/534/451
f 588/662/452 570/622/452 573/624/452
f 577/631/453 587/668/453 583/637/453
f 587/642/454 576/628/454 584/640/454
f 603/589/455 581/627/455 606/669/455
f 581/670/456 604/655/456 606/657/456
f 582/634/457 616/661/457 585/671/457
f 616/672/458 583/637/458 585/639/458
f 605/628/459 615/642/459 611/640/459
f 615/665/460 604/655/460 612/663/460
f 589/643/461 609/606/461 592/577/461
f 592/645/462 605/628/462 590/614/462
f 596/568/463 613/584/463 610/660/463
f 613/662/464 598/622/464 611/640/464
f 597/650/465 594/648/465 601/673/465
f 594/616/466 598/622/466 601/653/466
f 561/544/467 595/644/467 564/546/467
f 595/674/468 562/611/468 564/613/468
f 569/532/469 599/675/469 596/568/469
f 599/652/470 568/617/470 597/650/470
f 603/589/471 561/544/471 575/625/471
f 570/622/55 576/628/55 563/614/55
f 597/650/472 562/611/472 591/646/472
f 610/660/473 569/532/473 596/568/473
f 577/631/474 612/663/474 604/655/474
f 605/628/57 598/622/57 590/614/57
f 617/676/475 621/677/475 623/678/475
f 618/679/476 621/677/476 620/680/476
f 619/681/477 621/682/477 622/683/477
f 624/684/478 628/685/478 630/686/478
f 625/687/479 628/685/479 627/688/479
f 626/689/480 628/690/480 629/691/480
f 631/692/481 635/693/481 637/694/481
f 632/695/482 635/696/482 634/697/482
f 633/698/483 635/693/484 636/699/483
f 638/700/485 642/701/485 644/513/485
f 639/702/486 642/701/486 641/703/486
f 640/704/487 642/705/487 643/706/487
f 645/707/488 649/708/489 651/709/488
f 646/681/490 649/682/490 648/710/490
f 647/711/491 649/708/491 650/712/491
f 652/713/492 656/714/493 658/715/492
f 653/716/494 656/714/494 655/717/494
f 654/689/495 656/690/495 657/718/495
f 659/719/496 663/720/497 665/721/496
f 660/722/498 663/720/498 662/723/498
f 661/695/499 663/696/499 664/724/499
f 666/725/500 670/726/500 672/727/501
f 667/704/502 670/705/502 669/728/502
f 668/729/503 670/726/503 671/730/503
f 617/676/504 634/517/504 631/531/504
f 623/710/505 632/695/505 634/697/505
f 624/684/506 622/731/506 618/732/506
f 622/683/507 626/689/507 619/681/507
f 638/700/508 629/512/508 625/530/508
f 644/728/509 626/689/509 629/691/509
f 633/698/510 643/733/510 639/734/510
f 643/706/511 632/695/511 640/704/511
f 631/692/512 662/723/512 659/719/512
f 637/694/513 660/722/513 662/723/513
f 638/700/514 672/727/514 641/703/514
f 672/727/515 639/702/515 641/703/515
f 661/695/516 671/706/516 667/704/516
f 671/735/517 660/722/517 668/736/517
f 645/707/518 665/526/518 648/737/518
f 648/710/519 661/695/519 646/681/519
f 666/725/520 658/524/520 669/499/520
f 669/728/521 654/689/521 667/704/521
f 653/716/522 650/738/522 657/739/522
f 650/683/523 654/689/523 657/718/523
f 645/707/524 620/680/524 617/676/524
f 651/709/525 618/679/525 620/680/525
f 625/687/526 655/717/526 652/713/526
f 627/688/527 653/716/527 655/717/527
f 659/527/528 617/676/528 631/531/528
f 626/689/55 632/695/55 619/681/55
f 653/716/529 618/732/529 647/740/529
f 666/725/530 625/530/530 652/525/530
f 633/698/531 668/736/531 660/722/531
f 661/695/57 654/689/57 646/681/57
f 673/387/532 677/385/532 679/741/532
f 674/384/533 677/385/533 676/388/533
f 675/742/534 677/743/534 678/744/534
f 680/745/535 684/746/535 686/747/535
f 681/748/536 684/746/536 683/749/536
f 682/750/537 684/751/537 685/752/537
f 687/753/538 691/754/538 693/755/538
f 688/756/539 691/757/539 690/758/539
f 689/759/540 691/754/540 692/760/540
f 694/392/541 698/393/541 700/761/541
f 695/398/542 698/393/542 697/762/542
f 696/763/543 698/764/543 699/765/543
f 701/414/544 705/415/545 707/418/545
f 702/742/546 705/743/546 704/766/546
f 703/417/547 705/415/547 706/448/547
f 708/767/548 712/768/548 714/769/548
f 709/770/549 712/768/549 711/771/549
f 710/750/550 712/751/550 713/772/550
f 715/773/551 719/774/551 721/775/551
f 716/776/552 719/774/552 718/777/552
f 717/756/553 719/757/553 720/778/553
f 722/420/554 726/421/554 728/779/554
f 723/763/555 726/764/555 725/780/555
f 724/423/556 726/421/556 727/440/556
f 673/781/557 690/782/557 687/753/557
f 690/758/558 675/742/558 688/756/558
f 674/384/559 686/435/559 678/386/559
f 678/744/560 682/750/560 675/742/560
f 694/783/561 685/784/561 681/748/561
f 685/752/562 696/763/562 682/750/562
f 695/398/563 692/439/563 699/399/563
f 699/765/564 688/756/564 696/763/564
f 687/753/565 718/777/565 715/773/565
f 693/755/566 716/776/566 718/777/566
f 722/420/567 697/762/567 694/392/567
f 728/779/568 695/398/568 697/762/568
f 717/756/569 727/765/569 723/763/569
f 720/442/570 724/423/570 727/440/570
f 701/785/571 721/775/571 704/786/571
f 721/758/572 702/742/572 704/766/572
f 722/787/573 714/769/573 725/788/573
f 714/752/574 723/763/574 725/780/574
f 703/417/575 713/789/575 709/447/575
f 706/744/576 710/750/576 713/772/576
f 701/414/577 676/388/577 673/387/577
f 707/418/578 674/384/578 676/388/578
f 681/748/579 711/771/579 708/767/579
f 683/749/580 709/770/580 711/771/580
f 715/773/581 673/781/581 687/753/581
f 675/742/55 696/763/55 688/756/55
f 709/447/582 674/384/582 703/417/582
f 694/783/583 708/767/583 722/787/583
f 695/398/584 716/441/584 689/438/584
f 723/763/57 702/742/57 717/756/57
f 729/790/585 733/791/585 735/792/585
f 730/793/586 733/794/586 732/795/586
f 731/796/587 733/797/587 734/798/587
f 736/799/588 740/800/588 742/801/588
f 737/802/589 740/803/589 739/804/589
f 738/805/590 740/806/590 741/807/590
f 743/808/591 747/809/591 749/810/591
f 744/811/592 747/812/592 746/813/592
f 745/814/593 747/325/593 748/364/593
f 750/815/594 754/816/594 756/817/594
f 751/818/595 754/819/595 753/366/596
f 752/820/597 754/821/597 755/822/597
f 757/823/598 761/824/598 763/825/598
f 758/796/599 761/826/599 760/827/599
f 759/828/600 761/829/601 762/372/600
f 764/830/602 768/831/602 770/832/603
f 765/335/604 768/336/604 767/833/604
f 766/805/605 768/806/605 769/834/605
f 771/835/606 775/836/607 777/837/606
f 772/838/608 775/839/609 774/840/608
f 773/811/610 775/812/610 776/841/610
f 778/842/611 782/843/611 784/844/612
f 779/820/613 782/845/614 781/846/613
f 780/349/615 782/350/615 783/847/615
f 743/808/616 735/792/616 746/848/616
f 735/827/617 744/811/617 746/813/617
f 736/799/618 734/849/618 730/793/618
f 742/834/619 731/796/619 734/798/619
f 737/802/620 756/817/620 741/850/620
f 756/846/621 738/805/621 741/807/621
f 745/814/622 755/851/622 751/818/622
f 748/841/623 752/820/623 755/822/623
f 771/835/624 749/810/624 774/852/624
f 749/853/625 772/838/625 774/840/625
f 778/842/626 753/854/626 750/815/626
f 784/351/627 751/818/627 753/366/627
f 779/820/628 776/841/628 783/822/628
f 783/847/629 772/838/629 780/349/629
f 771/835/630 760/855/630 757/823/630
f 760/827/631 773/811/631 758/796/631
f 764/830/632 781/856/632 778/842/632
f 781/846/633 766/805/633 779/820/633
f 765/335/634 762/372/634 769/337/634
f 769/834/635 758/796/635 766/805/635
f 729/790/636 763/825/636 732/857/636
f 763/343/637 730/793/637 732/795/637
f 737/802/638 767/858/638 764/830/638
f 739/859/639 765/335/639 767/833/639
f 771/835/640 729/790/640 743/808/640
f 738/805/55 744/811/55 731/796/55
f 765/335/641 730/793/641 759/828/641
f 750/815/642 764/830/642 778/842/642
f 751/818/643 772/838/643 745/814/643
f 773/811/57 766/805/57 758/796/57
f 785/860/644 789/861/644 791/862/644
f 786/863/645 789/864/646 788/865/646
f 787/866/647 789/867/647 790/868/647
f 792/869/648 796/870/648 798/871/648
f 793/872/649 796/873/649 795/874/649
f 794/875/650 796/876/650 797/877/650
f 799/878/651 803/879/651 805/880/651
f 800/881/652 803/882/652 802/883/652
f 801/884/653 803/885/653 804/886/653
f 806/887/654 810/888/655 812/889/655
f 807/890/656 810/891/656 809/892/656
f 808/893/657 810/894/657 811/895/657
f 813/896/658 817/897/658 819/898/658
f 814/866/659 817/867/660 816/899/660
f 815/900/661 817/901/661 818/902/661
f 820/903/662 824/904/662 826/905/662
f 821/906/663 824/907/663 823/908/663
f 822/875/664 824/876/664 825/909/664
f 827/910/665 831/911/665 833/912/665
f 828/913/666 831/914/666 830/915/666
f 829/881/667 831/882/667 832/916/667
f 834/917/668 838/918/668 840/919/668
f 835/893/669 838/894/669 837/920/669
f 836/921/670 838/922/670 839/923/670
f 785/860/671 802/924/671 799/878/671
f 802/883/672 787/866/672 800/881/672
f 786/863/673 798/871/673 790/925/673
f 798/909/674 787/866/674 790/868/674
f 806/887/675 797/926/675 793/872/675
f 812/920/676 794/875/676 797/877/676
f 801/884/677 811/927/677 807/890/677
f 811/895/678 800/881/678 808/893/678
f 799/878/679 830/928/679 827/910/679
f 805/929/680 828/913/680 830/915/680
f 834/917/681 809/930/681 806/887/681
f 840/931/682 807/890/682 809/892/682
f 829/881/683 839/895/683 835/893/683
f 839/923/684 828/913/684 836/921/684
f 813/896/685 833/912/685 816/932/685
f 833/883/686 814/866/686 816/899/686
f 820/903/687 837/933/687 834/917/687
f 837/920/688 822/875/688 835/893/688
f 815/900/689 825/934/689 821/906/689
f 825/909/690 814/866/690 822/875/690
f 813/896/691 788/935/691 785/860/691
f 819/936/692 786/863/692 788/865/692
f 793/872/693 823/937/693 820/903/693
f 795/938/694 821/906/694 823/908/694
f 827/910/695 785/860/695 799/878/695
f 794/875/55 800/881/55 787/866/55
f 821/906/696 786/863/696 815/900/696
f 834/917/697 793/872/697 820/903/697
f 807/890/698 828/913/698 801/884/698
f 835/893/57 814/866/57 829/881/57
f 841/939/699 845/940/699 847/941/699
f 842/900/700 845/901/700 844/936/700
f 843/942/701 845/943/701 846/944/701
f 848/906/702 852/907/702 854/934/702
f 849/945/703 852/946/703 851/947/703
f 850/948/704 852/949/704 853/950/704
f 855/951/705 859/952/706 861/953/706
f 856/954/707 859/955/707 858/956/707
f 857/913/708 859/914/709 860/957/709
f 862/958/710 866/959/710 868/960/710
f 863/921/711 866/922/711 865/931/711
f 864/961/712 866/962/712 867/963/712
f 869/964/713 873/965/713 875/966/713
f 870/942/714 873/943/714 872/967/714
f 871/863/715 873/864/716 874/925/716
f 876/968/717 880/969/718 882/970/718
f 877/869/719 880/870/719 879/938/719
f 878/948/720 880/949/720 881/971/720
f 883/972/721 887/973/721 889/974/721
f 884/884/722 887/885/722 886/929/722
f 885/954/723 887/955/723 888/975/723
f 890/976/724 894/977/724 896/978/724
f 891/961/725 894/962/725 893/979/725
f 892/890/726 894/891/726 895/927/726
f 841/939/727 858/980/727 855/951/727
f 847/967/728 856/954/728 858/956/728
f 842/900/729 854/934/729 846/902/729
f 854/971/730 843/942/730 846/944/730
f 862/958/731 853/981/731 849/945/731
f 868/979/732 850/948/732 853/950/732
f 857/913/733 867/923/733 863/921/733
f 867/963/734 856/954/734 864/961/734
f 855/951/735 886/982/735 883/972/735
f 861/915/736 884/884/736 886/929/736
f 890/976/737 865/983/737 862/958/737
f 896/892/738 863/921/738 865/931/738
f 885/954/739 895/963/739 891/961/739
f 895/927/740 884/884/740 892/890/740
f 883/972/741 872/984/741 869/964/741
f 872/967/742 885/954/742 870/942/742
f 890/976/743 882/970/743 893/985/743
f 893/979/744 878/948/744 891/961/744
f 871/863/745 881/871/745 877/869/745
f 881/971/746 870/942/746 878/948/746
f 869/964/747 844/986/747 841/939/747
f 875/865/748 842/900/748 844/936/748
f 849/945/749 879/987/749 876/968/749
f 851/908/750 877/869/750 879/938/750
f 855/951/751 869/964/751 841/939/751
f 850/948/57 856/954/57 843/942/57
f 877/869/752 842/900/752 871/863/752
f 862/958/753 876/968/753 890/976/753
f 863/921/754 884/884/754 857/913/754
f 891/961/55 870/942/55 885/954/55
f 898/988/45 899/989/45 897/990/45
f 900/991/46 901/992/46 899/993/46
f 902/994/44 903/995/44 901/992/44
f 904/996/43 905/990/43 903/989/43
f 906/988/29 907/997/29 905/990/29
f 908/998/30 909/992/30 907/995/30
f 906/999/55 904/1000/55 902/1001/55
f 910/994/34 911/993/34 909/992/34
f 912/1002/33 897/990/33 911/997/33
f 903/1000/57 907/1003/57 911/1004/57
f 914/1005/45 915/1006/45 913/1007/45
f 916/1008/46 917/1009/46 915/1010/46
f 918/1011/44 919/1012/44 917/1009/44
f 920/1013/43 921/1007/43 919/1006/43
f 922/1005/29 923/1014/29 921/1007/29
f 924/1015/30 925/1009/30 923/1012/30
f 920/1016/55 918/1017/55 926/1018/55
f 926/1011/34 927/1010/34 925/1009/34
f 928/1019/33 913/1007/33 927/1014/33
f 925/1018/57 927/1020/57 919/1016/57
f 930/1021/45 931/1022/45 929/1023/45
f 932/991/46 933/992/46 931/993/46
f 934/994/44 935/995/44 933/992/44
f 936/1024/43 937/1023/43 935/1022/43
f 938/1021/29 939/1025/29 937/1023/29
f 940/998/30 941/992/30 939/995/30
f 936/1026/55 934/1027/55 942/1028/55
f 942/994/34 943/993/34 941/992/34
f 944/1029/33 929/1023/33 943/1025/33
f 935/1026/57 939/1030/57 943/1031/57
f 1/1/125 4/13/125 5/2/125
f 2/4/3 6/23/3 5/5/3
f 3/7/195 7/32/195 5/8/195
f 8/10/126 11/25/126 12/11/126
f 9/1/6 13/3/6 12/2/6
f 10/14/755 14/40/755 12/15/755
f 15/17/756 18/24/756 19/18/756
f 16/20/196 20/45/196 19/21/196
f 17/4/11 21/6/11 19/5/11
f 22/17/13 25/19/13 26/18/13
f 23/10/757 27/12/757 26/11/757
f 24/26/197 28/47/197 26/27/197
f 29/29/758 32/36/758 33/30/758
f 30/7/759 34/9/759 33/8/759
f 31/33/18 35/44/18 33/34/18
f 36/29/19 39/31/19 40/30/19
f 37/37/21 41/48/21 40/38/21
f 38/14/760 42/16/760 40/15/760
f 43/41/137 46/46/137 47/42/137
f 44/33/24 48/35/24 47/34/24
f 45/20/761 49/22/761 47/21/761
f 50/41/138 53/43/138 54/42/138
f 51/26/199 55/28/199 54/27/199
f 52/37/28 56/39/28 54/38/28
f 1/1/29 7/3/29 18/24/29
f 7/32/30 3/7/30 16/20/30
f 8/10/31 14/12/31 6/23/31
f 6/9/32 14/40/32 10/14/32
f 22/17/33 28/24/33 13/3/33
f 28/47/34 24/26/34 10/14/34
f 23/10/35 17/4/35 20/23/35
f 20/45/36 16/20/36 24/26/36
f 15/17/37 21/19/37 46/46/37
f 21/6/38 17/4/38 44/33/38
f 50/41/39 56/46/39 25/19/39
f 56/39/40 52/37/40 23/10/40
f 51/26/41 45/20/41 48/45/41
f 48/35/42 44/33/42 52/37/42
f 43/41/43 49/43/43 32/36/43
f 49/22/44 45/20/44 30/7/44
f 36/29/45 42/36/45 53/43/45
f 42/16/46 38/14/46 51/26/46
f 37/37/47 31/33/47 34/35/47
f 34/9/48 30/7/48 38/14/48
f 29/29/49 35/31/49 4/13/49
f 35/44/50 31/33/50 2/4/50
f 9/1/51 11/13/51 39/31/51
f 11/25/52 8/10/52 37/37/52
f 43/41/53 29/29/53 1/1/53
f 10/14/54 24/26/54 16/20/54
f 37/37/55 8/10/55 2/4/55
f 22/17/56 9/1/56 36/29/56
f 23/10/57 52/37/57 44/33/57
f 51/26/58 38/14/58 30/7/58
f 57/49/762 60/126/763 61/50/763
f 58/52/61 62/73/61 61/53/61
f 59/55/764 63/114/62 61/56/62
f 64/58/63 67/77/63 68/59/63
f 65/61/765 69/116/765 68/62/765
f 66/64/65 70/115/65 68/65/65
f 71/67/766 74/113/766 75/68/767
f 72/70/69 76/1032/69 75/71/68
f 73/52/70 77/54/70 75/53/70
f 78/74/768 81/119/768 82/75/768
f 79/58/72 83/60/72 82/59/72
f 80/78/73 84/117/73 82/79/73
f 85/81/75 88/121/75 89/82/75
f 86/84/76 90/125/76 89/85/76
f 87/87/77 91/102/77 89/88/77
f 92/90/769 95/127/769 96/91/769
f 93/93/79 97/112/79 96/94/79
f 94/96/770 98/124/770 96/97/770
f 99/99/81 102/118/771 103/100/771
f 100/87/82 104/89/82 103/88/82
f 101/103/83 105/122/83 103/104/83
f 106/106/84 109/123/84 110/107/84
f 107/109/85 111/120/85 110/110/85
f 108/93/86 112/95/86 110/94/86
f 57/49/87 63/51/87 74/113/87
f 63/114/88 59/55/88 72/70/88
f 64/58/772 70/60/772 62/73/772
f 70/115/90 66/64/90 59/55/90
f 78/74/91 84/76/91 69/116/91
f 84/117/92 80/78/92 66/64/92
f 73/52/93 76/73/93 83/60/93
f 83/80/94 76/1032/94 72/70/94
f 71/67/95 77/69/95 102/118/95
f 102/102/96 77/54/96 73/52/96
f 106/106/97 112/108/97 81/119/97
f 81/77/98 112/95/98 108/93/98
f 101/103/99 104/105/99 111/120/99
f 104/89/773 100/87/773 108/93/773
f 99/99/101 105/101/101 88/121/101
f 105/122/102 101/103/102 86/84/102
f 92/90/103 98/92/103 109/123/103
f 98/124/104 94/96/104 107/109/104
f 87/87/105 90/89/105 97/112/105
f 90/125/106 86/84/106 94/96/106
f 57/49/107 85/81/107 91/83/107
f 91/102/108 87/87/108 58/52/108
f 92/90/109 65/61/109 67/63/109
f 67/77/110 64/58/110 93/93/110
f 99/99/111 85/81/111 57/49/111
f 66/64/112 80/78/112 72/70/112
f 87/87/55 93/93/55 64/58/55
f 78/74/113 65/61/113 92/90/113
f 79/58/57 108/93/57 100/87/57
f 107/109/114 94/96/114 86/84/114
f 113/128/125 116/140/125 117/129/125
f 114/131/3 118/150/3 117/132/3
f 115/134/195 119/159/195 117/135/195
f 120/137/127 123/152/127 124/138/127
f 121/128/774 125/130/774 124/129/774
f 122/141/755 126/167/755 124/142/755
f 127/144/756 130/151/756 131/145/756
f 128/147/196 132/172/196 131/148/196
f 129/131/775 133/133/775 131/132/775
f 134/144/12 137/146/12 138/145/12
f 135/137/757 139/139/757 138/138/757
f 136/153/197 140/174/197 138/154/197
f 141/156/758 144/163/758 145/157/132
f 142/134/759 146/136/759 145/135/759
f 143/160/134 147/171/134 145/161/134
f 148/156/19 151/158/19 152/157/19
f 149/164/776 153/175/776 152/165/776
f 150/141/760 154/143/760 152/142/760
f 155/168/137 158/173/137 159/169/137
f 156/160/777 160/162/777 159/161/777
f 157/147/761 161/149/761 159/148/761
f 162/168/778 165/170/778 166/169/778
f 163/153/199 167/155/199 166/154/199
f 164/164/779 168/166/779 166/165/779
f 113/128/29 119/130/29 130/151/29
f 119/159/30 115/134/30 128/147/30
f 120/137/31 126/139/31 118/150/31
f 126/167/32 122/141/32 115/134/32
f 134/144/33 140/151/33 125/130/33
f 140/174/34 136/153/34 122/141/34
f 129/131/35 132/150/35 139/139/35
f 132/172/36 128/147/36 136/153/36
f 127/144/37 133/146/37 158/173/37
f 133/133/38 129/131/38 156/160/38
f 162/168/39 168/173/39 137/146/39
f 168/166/40 164/164/40 135/137/40
f 157/147/41 160/172/41 167/155/41
f 160/162/42 156/160/42 164/164/42
f 155/168/43 161/170/43 144/163/43
f 161/149/44 157/147/44 142/134/44
f 148/156/45 154/163/45 165/170/45
f 154/143/46 150/141/46 163/153/46
f 143/160/47 146/162/47 153/175/47
f 146/136/48 142/134/48 150/141/48
f 141/156/49 147/158/49 116/140/49
f 147/171/50 143/160/50 114/131/50
f 121/128/51 123/140/51 151/158/51
f 123/152/52 120/137/52 149/164/52
f 155/168/53 141/156/53 113/128/53
f 122/141/54 136/153/54 128/147/54
f 149/164/55 120/137/55 114/131/55
f 134/144/56 121/128/56 148/156/56
f 135/137/57 164/164/57 156/160/57
f 163/153/58 150/141/58 142/134/58
f 169/176/124 172/185/124 173/177/124
f 170/179/2 174/189/2 173/180/2
f 171/7/194 175/32/194 173/8/194
f 176/182/126 179/191/126 180/183/126
f 177/176/6 181/178/6 180/177/6
f 178/14/128 182/40/128 180/15/128
f 183/186/129 186/190/129 187/187/129
f 184/20/196 188/45/196 187/21/196
f 185/179/11 189/181/11 187/180/11
f 190/186/13 193/188/13 194/187/13
f 191/182/14 195/184/14 194/183/14
f 192/26/131 196/47/131 194/27/131
f 197/192/132 200/198/132 201/193/132
f 198/7/133 202/9/133 201/8/133
f 199/195/18 203/205/18 201/196/18
f 204/192/20 207/194/20 208/193/20
f 205/199/121 209/207/121 208/200/21
f 206/14/135 210/16/135 208/15/135
f 211/202/136 214/206/136 215/203/136
f 212/195/122 216/197/122 215/196/122
f 213/20/198 217/22/198 215/21/198
f 218/202/138 221/204/138 222/203/138
f 219/26/139 223/28/139 222/27/139
f 220/199/28 224/201/28 222/200/28
f 169/176/29 175/178/29 186/190/29
f 175/32/30 171/7/30 184/20/30
f 176/182/31 182/184/31 174/189/31
f 174/9/32 182/40/32 178/14/32
f 190/186/33 196/190/33 181/178/33
f 196/47/34 192/26/34 178/14/34
f 191/182/35 185/179/35 188/189/35
f 188/45/36 184/20/36 192/26/36
f 183/186/37 189/188/37 214/206/37
f 189/181/38 185/179/38 212/195/38
f 218/202/39 224/206/39 193/188/39
f 224/201/40 220/199/40 191/182/40
f 219/26/41 213/20/41 216/45/41
f 216/197/42 212/195/42 220/199/42
f 211/202/43 217/204/43 200/198/43
f 217/22/44 213/20/44 198/7/44
f 204/192/45 210/198/45 221/204/45
f 210/16/46 206/14/46 219/26/46
f 205/199/47 199/195/47 202/197/47
f 202/9/48 198/7/48 206/14/48
f 197/192/49 203/194/49 172/185/49
f 203/205/50 199/195/50 170/179/50
f 177/176/51 179/185/51 207/194/51
f 179/191/52 176/182/52 205/199/52
f 211/202/53 197/192/53 169/176/53
f 178/14/54 192/26/54 184/20/54
f 205/199/55 176/182/55 170/179/55
f 190/186/56 177/176/56 204/192/56
f 191/182/57 220/199/57 212/195/57
f 219/26/58 206/14/58 198/7/58
f 225/208/140 228/260/140 229/209/140
f 226/211/141 230/223/141 229/212/141
f 227/84/142 231/252/142 229/85/142
f 232/214/143 235/227/143 236/215/143
f 233/217/780 237/253/780 236/218/780
f 234/96/145 238/98/145 236/97/145
f 239/220/146 242/251/146 243/221/146
f 240/103/147 244/254/147 243/104/147
f 241/211/148 245/213/148 243/212/148
f 246/224/781 249/256/781 250/225/781
f 247/214/150 251/216/150 250/215/150
f 248/109/151 252/111/151 250/110/151
f 253/229/152 256/258/152 257/230/782
f 254/55/783 258/57/783 257/56/783
f 255/233/154 259/245/154 257/234/154
f 260/236/784 263/261/784 264/237/784
f 261/239/156 265/250/156 264/240/156
f 262/64/157 266/66/157 264/65/157
f 267/242/159 270/255/158 271/243/159
f 268/233/160 272/235/160 271/234/160
f 269/70/161 273/72/161 271/71/161
f 274/247/163 277/259/163 278/248/163
f 275/78/164 279/257/164 278/79/164
f 276/239/165 280/241/165 278/240/165
f 225/208/166 231/210/166 242/251/166
f 231/252/167 227/84/167 240/103/167
f 232/214/168 238/216/168 230/223/168
f 238/98/169 234/96/169 227/84/169
f 246/224/785 252/226/785 237/253/785
f 252/111/171 248/109/171 234/96/171
f 241/211/172 244/223/172 251/216/172
f 244/254/173 240/103/173 248/109/173
f 239/220/174 245/222/174 270/255/174
f 245/213/175 241/211/175 268/233/175
f 274/247/176 280/249/176 249/256/176
f 280/241/177 276/239/177 247/214/177
f 269/70/178 272/246/178 279/257/178
f 272/235/786 268/233/786 276/239/786
f 267/242/180 273/244/180 256/258/180
f 273/72/181 269/70/181 254/55/181
f 260/236/182 266/238/182 277/259/182
f 266/66/183 262/64/183 275/78/183
f 255/233/787 258/235/787 265/250/787
f 265/115/185 258/57/185 254/55/185
f 225/208/186 253/229/186 259/231/186
f 228/213/187 259/245/187 255/233/187
f 260/236/188 233/217/188 235/219/188
f 263/241/189 235/227/189 232/214/189
f 267/242/190 253/229/190 225/208/190
f 234/96/191 248/109/191 240/103/191
f 261/239/55 232/214/55 226/211/55
f 246/224/192 233/217/192 260/236/192
f 241/211/57 247/214/57 276/239/57
f 275/78/193 262/64/193 254/55/193
f 281/262/125 284/271/125 285/263/125
f 282/265/3 286/275/3 285/266/3
f 283/134/194 287/159/4 285/135/194
f 288/268/127 291/277/127 292/269/127
f 289/262/774 293/264/774 292/263/774
f 290/141/128 294/167/128 292/142/7
f 295/272/756 298/276/756 299/273/756
f 296/147/130 300/172/9 299/148/9
f 297/265/775 301/267/775 299/266/775
f 302/272/12 305/274/12 306/273/12
f 303/268/757 307/270/757 306/269/757
f 304/153/131 308/174/131 306/154/131
f 309/278/758 312/284/758 313/279/758
f 310/134/133 314/136/133 313/135/133
f 311/281/134 315/291/134 313/282/134
f 316/278/19 319/280/19 320/279/120
f 317/285/776 321/293/776 320/286/776
f 318/141/22 322/143/22 320/142/135
f 323/288/137 326/292/137 327/289/137
f 324/281/777 328/283/777 327/282/777
f 325/147/25 329/149/25 327/148/25
f 330/288/778 333/290/778 334/289/778
f 331/153/139 335/155/139 334/154/139
f 332/285/28 336/287/779 334/286/779
f 281/262/29 287/264/29 298/276/29
f 287/159/30 283/134/30 296/147/30
f 288/268/31 294/270/31 286/275/31
f 294/167/32 290/141/32 283/134/32
f 302/272/33 308/276/33 293/264/33
f 308/174/34 304/153/34 290/141/34
f 297/265/35 300/275/35 307/270/35
f 300/172/36 296/147/36 304/153/36
f 295/272/37 301/274/37 326/292/37
f 301/267/38 297/265/38 324/281/38
f 330/288/39 336/292/39 305/274/39
f 336/287/40 332/285/40 303/268/40
f 325/147/41 328/172/41 335/155/41
f 328/283/42 324/281/42 332/285/42
f 323/288/43 329/290/43 312/284/43
f 329/149/44 325/147/44 310/134/44
f 316/278/45 322/284/45 333/290/45
f 322/143/46 318/141/46 331/153/46
f 311/281/47 314/283/47 321/293/47
f 314/136/48 310/134/48 318/141/48
f 309/278/49 315/280/49 284/271/49
f 315/291/50 311/281/50 282/265/50
f 289/262/51 291/271/51 319/280/51
f 291/277/52 288/268/52 317/285/52
f 323/288/53 309/278/53 281/262/53
f 290/141/54 304/153/54 296/147/54
f 317/285/55 288/268/55 282/265/55
f 302/272/56 289/262/56 316/278/56
f 303/268/57 332/285/57 324/281/57
f 331/153/58 318/141/58 310/134/58
f 337/294/201 340/373/200 341/295/200
f 338/297/202 342/362/202 341/298/202
f 339/300/788 343/334/788 341/301/203
f 344/303/789 347/1033/204 348/304/204
f 345/306/205 349/363/205 348/307/205
f 346/309/790 350/345/206 348/310/206
f 351/312/791 354/361/791 355/313/791
f 352/315/208 356/353/208 355/316/208
f 353/318/792 357/366/209 355/319/209
f 358/321/211 361/367/210 362/322/210
f 359/324/212 363/364/212 362/325/793
f 360/327/794 364/357/794 362/328/794
f 365/330/215 368/370/214 369/331/215
f 366/300/216 370/302/216 369/333/216
f 367/335/217 371/374/217 369/336/217
f 372/338/795 375/375/795 376/339/795
f 373/341/219 377/372/219 376/342/219
f 374/309/221 378/311/221 376/344/221
f 379/346/222 382/365/796 383/347/796
f 380/349/797 384/369/797 383/350/797
f 381/315/225 385/317/225 383/352/225
f 386/354/226 389/371/798 390/355/798
f 387/327/227 391/329/799 390/328/799
f 388/358/228 392/368/228 390/359/228
f 351/312/229 337/294/229 343/296/229
f 343/334/230 339/300/230 352/315/230
f 338/297/231 344/303/231 350/305/231
f 342/302/232 350/345/232 346/309/232
f 345/306/233 358/321/233 364/323/233
f 364/357/234 360/327/234 346/309/234
f 353/318/235 356/320/235 363/364/235
f 363/329/236 356/353/236 352/315/236
f 379/346/237 351/312/237 357/314/237
f 357/366/238 353/318/238 380/349/238
f 358/321/800 386/354/800 392/356/800
f 392/368/240 388/358/240 359/324/240
f 381/315/241 384/353/241 391/329/241
f 384/369/242 380/349/242 388/358/242
f 379/346/243 385/348/243 368/370/243
f 368/334/244 385/317/244 381/315/244
f 372/338/245 378/340/245 389/371/245
f 389/357/246 378/311/246 374/309/246
f 373/341/247 367/335/247 370/337/247
f 370/302/248 366/300/248 374/309/248
f 337/294/801 365/330/801 371/332/801
f 371/374/250 367/335/250 338/297/250
f 345/306/251 347/308/251 375/375/251
f 375/343/252 347/1033/252 344/303/252
f 351/312/253 379/346/253 365/330/253
f 339/300/55 346/309/55 360/327/55
f 373/341/254 344/303/254 338/297/254
f 358/321/255 345/306/255 372/338/255
f 353/318/256 359/324/256 388/358/256
f 387/327/57 374/309/57 366/300/57
f 393/376/802 396/380/802 397/377/802
f 394/379/803 398/1034/803 397/377/803
f 395/381/259 399/411/259 397/382/259
f 400/384/260 403/388/260 404/385/260
f 401/387/804 405/741/804 404/385/804
f 402/389/262 406/419/262 404/390/262
f 407/392/263 410/761/263 411/393/263
f 408/395/264 412/425/264 411/396/264
f 409/398/265 413/394/265 411/393/265
f 414/400/805 417/404/805 418/401/805
f 415/403/267 419/1035/267 418/401/267
f 416/405/269 420/429/269 418/406/269
f 421/408/806 424/444/806 425/409/806
f 422/381/271 426/383/271 425/382/271
f 423/412/807 427/410/807 425/409/807
f 428/414/808 431/418/808 432/415/808
f 429/417/274 433/448/274 432/415/274
f 430/389/275 434/391/275 432/390/275
f 435/420/276 438/424/276 439/421/276
f 436/423/277 440/440/277 439/421/277
f 437/395/278 441/397/278 439/396/278
f 442/426/809 445/446/809 446/427/809
f 443/405/280 447/407/280 446/406/280
f 444/430/281 448/428/281 446/427/281
f 407/432/282 393/376/282 399/378/282
f 410/397/283 399/411/283 395/381/283
f 394/434/284 400/384/284 406/386/284
f 406/419/285 402/389/285 395/381/285
f 401/436/286 414/400/286 420/402/286
f 420/429/287 416/405/287 402/389/287
f 415/438/288 409/398/288 412/399/288
f 412/425/289 408/395/289 416/405/289
f 407/392/290 413/394/290 438/424/290
f 413/394/291 409/398/291 436/423/291
f 442/426/810 448/428/810 417/404/810
f 448/428/293 444/430/293 415/403/293
f 443/405/294 437/395/294 440/425/294
f 440/440/295 436/423/295 444/441/295
f 435/443/296 441/1036/296 424/444/296
f 441/397/297 437/395/297 422/381/297
f 428/445/298 434/1037/298 445/446/298
f 445/429/299 434/391/299 430/389/299
f 423/447/300 426/789/300 433/448/300
f 433/419/301 426/383/301 422/381/301
f 421/408/302 427/410/302 396/380/302
f 427/410/303 423/412/303 394/379/303
f 401/387/304 403/388/304 431/418/304
f 403/388/305 400/384/305 429/417/305
f 435/443/306 421/408/306 393/376/306
f 402/389/55 416/405/55 408/395/55
f 429/417/307 400/384/307 394/434/307
f 414/400/308 401/436/308 428/445/308
f 415/438/309 444/441/309 436/423/309
f 437/395/57 443/405/57 430/389/57
f 449/449/811 452/453/811 453/450/811
f 450/452/312 454/516/312 453/450/312
f 451/454/313 455/514/313 453/455/313
f 456/457/812 459/461/812 460/458/812
f 457/460/813 461/518/813 460/458/813
f 458/462/316 462/1038/316 460/463/316
f 463/465/814 466/513/814 467/466/814
f 464/468/318 468/1039/318 467/469/318
f 465/471/320 469/467/320 467/466/320
f 470/473/815 473/477/815 474/474/815
f 471/476/323 475/521/323 474/474/323
f 472/478/816 476/519/816 474/479/816
f 477/481/817 480/1040/325 481/482/325
f 478/484/326 482/456/326 481/485/326
f 479/487/327 483/483/327 481/482/327
f 484/489/328 487/493/328 488/490/328
f 485/492/329 489/712/329 488/490/329
f 486/494/331 490/1041/331 488/495/331
f 491/497/818 494/501/818 495/498/818
f 492/500/819 496/730/819 495/498/819
f 493/502/334 497/470/334 495/469/334
f 498/504/820 501/1042/821 502/505/820
f 499/507/822 503/522/822 502/508/822
f 500/510/337 504/506/337 502/505/337
f 463/465/338 449/530/338 455/512/338
f 455/514/339 451/454/339 464/468/339
f 456/515/340 462/1043/340 454/516/340
f 454/456/341 462/1038/341 458/462/341
f 457/460/342 470/531/342 476/517/342
f 476/519/343 472/478/343 458/462/343
f 465/520/344 468/1044/344 475/521/344
f 475/480/345 468/1039/345 464/468/345
f 491/497/346 463/465/346 469/467/346
f 469/467/823 465/471/823 492/500/823
f 498/504/824 504/506/824 473/477/824
f 504/506/349 500/510/349 471/476/349
f 493/502/350 496/503/350 503/522/350
f 503/511/351 496/1045/351 492/523/351
f 491/497/352 497/499/352 480/524/352
f 480/486/353 497/470/353 493/502/353
f 484/489/354 490/491/354 501/526/354
f 501/509/355 490/1041/355 486/494/355
f 485/528/356 479/487/356 482/488/356
f 482/456/357 478/484/357 486/494/357
f 477/481/358 483/483/358 452/453/358
f 483/483/359 479/487/359 450/452/359
f 457/460/360 459/461/360 487/493/360
f 487/493/825 459/461/825 456/457/825
f 491/497/362 477/525/362 449/530/362
f 451/454/55 458/462/55 472/478/55
f 485/528/363 456/515/363 450/452/363
f 470/531/364 457/460/364 484/489/364
f 471/476/365 500/510/365 492/523/365
f 499/507/57 486/494/57 478/484/57
f 505/532/826 508/608/826 509/533/826
f 506/535/827 510/597/827 509/536/827
f 507/538/828 511/571/828 509/539/828
f 512/541/369 515/610/369 516/542/369
f 513/544/370 517/598/370 516/545/370
f 514/547/371 518/581/371 516/548/371
f 519/550/829 522/596/829 523/551/829
f 520/553/373 524/588/373 523/554/373
f 521/556/830 525/601/830 523/557/830
f 526/559/375 529/602/375 530/560/375
f 527/562/376 531/599/376 530/563/376
f 528/565/831 532/592/831 530/566/377
f 533/568/378 536/605/378 537/569/378
f 534/538/832 538/540/832 537/539/832
f 535/572/833 539/1046/834 537/573/834
f 540/575/381 543/609/381 544/576/381
f 541/578/383 545/607/383 544/579/383
f 542/547/385 546/549/385 544/548/385
f 547/582/386 550/600/386 551/583/386
f 548/585/387 552/604/387 551/586/387
f 549/553/388 553/555/388 551/554/388
f 554/589/389 557/606/389 558/590/389
f 555/565/390 559/567/390 558/566/390
f 556/593/392 560/603/392 558/594/392
f 505/532/394 511/534/394 522/596/394
f 522/555/395 511/571/395 507/538/395
f 506/535/396 512/541/396 518/543/396
f 518/581/835 514/547/835 507/538/835
f 513/544/398 526/559/398 532/561/398
f 517/549/399 532/592/399 528/565/399
f 527/562/400 521/556/400 524/558/400
f 524/588/401 520/553/401 528/565/401
f 519/550/402 525/552/402 550/600/402
f 525/601/836 521/556/836 548/585/836
f 554/589/837 560/591/837 529/602/837
f 560/603/405 556/593/405 527/562/405
f 555/565/406 549/553/406 552/588/406
f 552/604/407 548/585/407 556/593/407
f 533/568/408 547/582/408 553/584/408
f 553/555/409 549/553/409 534/538/409
f 540/575/410 546/577/410 557/606/410
f 546/549/411 542/547/411 555/565/411
f 535/572/412 538/574/412 545/607/412
f 545/581/838 538/540/838 534/538/838
f 533/568/414 539/570/414 508/608/414
f 508/537/415 539/1046/415 535/572/415
f 513/544/416 515/546/416 543/609/416
f 515/610/839 512/541/839 541/578/839
f 547/582/418 533/568/418 505/532/418
f 514/547/55 528/565/55 520/553/55
f 541/578/419 512/541/419 506/535/419
f 526/559/420 513/544/420 540/575/420
f 527/562/421 556/593/421 548/585/421
f 555/565/57 542/547/57 534/538/57
f 561/544/422 564/546/422 565/545/422
f 562/611/423 566/667/423 565/612/423
f 563/614/424 567/645/424 565/615/424
f 568/617/425 571/1047/425 572/618/425
f 569/532/426 573/534/426 572/620/426
f 570/622/427 574/653/427 572/623/427
f 575/625/428 578/666/428 579/626/428
f 576/628/429 580/659/429 579/629/429
f 577/631/431 581/670/431 579/632/431
f 582/634/432 585/671/432 586/635/432
f 583/637/433 587/668/433 586/638/433
f 584/640/434 588/662/434 586/641/434
f 589/643/435 592/577/435 593/576/435
f 590/614/436 594/616/436 593/615/436
f 591/646/437 595/674/437 593/647/437
f 596/568/438 599/675/438 600/649/438
f 597/650/439 601/673/439 600/651/439
f 598/622/440 602/624/440 600/623/440
f 603/589/840 606/669/840 607/654/840
f 604/655/841 608/1048/841 607/656/841
f 605/628/842 609/630/842 607/658/443
f 610/660/444 613/584/444 614/583/444
f 611/640/445 615/642/843 614/641/445
f 612/663/446 616/672/446 614/664/446
f 561/544/447 567/598/447 578/666/447
f 567/645/448 563/614/448 576/628/448
f 562/611/449 568/617/449 574/619/449
f 566/616/450 574/653/450 570/622/450
f 569/532/451 582/634/451 588/636/451
f 588/662/452 584/640/452 570/622/452
f 577/631/453 580/633/453 587/668/453
f 587/642/844 580/659/844 576/628/844
f 603/589/845 575/625/845 581/627/845
f 581/670/846 577/631/846 604/655/846
f 582/634/457 610/660/457 616/661/457
f 616/672/847 612/663/847 583/637/847
f 605/628/848 608/659/848 615/642/848
f 615/665/460 608/1048/460 604/655/460
f 589/643/461 603/589/461 609/606/461
f 592/645/462 609/630/462 605/628/462
f 596/568/463 602/605/463 613/584/463
f 613/662/464 602/624/464 598/622/464
f 597/650/465 591/646/465 594/648/465
f 594/616/849 590/614/849 598/622/849
f 561/544/467 589/643/467 595/644/467
f 595/674/850 591/646/850 562/611/850
f 569/532/469 571/621/469 599/675/469
f 599/652/851 571/1047/851 568/617/851
f 603/589/471 589/643/471 561/544/471
f 570/622/55 584/640/55 576/628/55
f 597/650/472 568/617/472 562/611/472
f 610/660/473 582/634/473 569/532/473
f 577/631/474 583/637/474 612/663/474
f 605/628/57 611/640/57 598/622/57
f 617/676/852 620/680/852 621/677/853
f 618/679/854 622/459/854 621/677/854
f 619/681/477 623/710/477 621/682/477
f 624/684/855 627/688/855 628/685/855
f 625/687/856 629/1049/856 628/685/856
f 626/689/480 630/718/480 628/690/480
f 631/692/857 634/1050/857 635/693/857
f 632/695/858 636/724/858 635/696/858
f 633/698/859 637/694/859 635/693/859
f 638/700/860 641/703/861 642/701/861
f 639/702/862 643/472/862 642/701/862
f 640/704/487 644/728/487 642/705/487
f 645/707/863 648/737/863 649/708/863
f 646/681/490 650/683/490 649/682/490
f 647/711/864 651/709/864 649/708/864
f 652/713/492 655/717/492 656/714/865
f 653/716/866 657/739/866 656/714/866
f 654/689/495 658/691/495 656/690/495
f 659/719/867 662/723/867 663/720/867
f 660/722/868 664/1051/868 663/720/868
f 661/695/869 665/697/869 663/696/869
f 666/725/870 669/499/870 670/726/870
f 667/704/502 671/706/502 670/705/502
f 668/729/871 672/727/871 670/726/871
f 617/676/504 623/678/504 634/517/504
f 623/710/505 619/681/505 632/695/505
f 624/684/506 630/686/506 622/731/506
f 622/683/507 630/718/507 626/689/507
f 638/700/508 644/513/508 629/512/508
f 644/728/509 640/704/509 626/689/509
f 633/698/510 636/699/510 643/733/510
f 643/706/511 636/724/511 632/695/511
f 631/692/872 637/694/872 662/723/872
f 637/694/513 633/698/513 660/722/513
f 638/700/514 666/725/514 672/727/514
f 672/727/873 668/729/873 639/702/873
f 661/695/516 664/724/516 671/706/516
f 671/735/517 664/1051/517 660/722/517
f 645/707/518 659/527/518 665/526/518
f 648/710/519 665/697/519 661/695/519
f 666/725/520 652/525/520 658/524/520
f 669/728/521 658/691/521 654/689/521
f 653/716/522 647/740/522 650/738/522
f 650/683/523 646/681/523 654/689/523
f 645/707/524 651/709/524 620/680/524
f 651/709/525 647/711/525 618/679/525
f 625/687/874 627/688/874 655/717/874
f 627/688/527 624/684/527 653/716/527
f 659/527/528 645/707/528 617/676/528
f 626/689/55 640/704/55 632/695/55
f 653/716/529 624/684/529 618/732/529
f 666/725/530 638/700/530 625/530/530
f 633/698/531 639/734/531 668/736/531
f 661/695/57 667/704/57 654/689/57
f 673/387/875 676/388/875 677/385/875
f 674/384/533 678/386/533 677/385/533
f 675/742/534 679/766/534 677/743/534
f 680/745/535 683/749/535 684/746/535
f 681/748/876 685/784/876 684/746/876
f 682/750/537 686/772/537 684/751/537
f 687/753/538 690/782/538 691/754/538
f 688/756/539 692/778/539 691/757/539
f 689/759/877 693/755/877 691/754/877
f 694/392/541 697/762/541 698/393/541
f 695/398/542 699/399/542 698/393/542
f 696/763/543 700/780/543 698/764/543
f 701/414/545 704/416/545 705/415/545
f 702/742/546 706/744/546 705/743/546
f 703/417/547 707/418/547 705/415/547
f 708/767/878 711/771/878 712/768/878
f 709/770/549 713/1052/549 712/768/549
f 710/750/550 714/752/550 712/751/550
f 715/773/879 718/777/551 719/774/551
f 716/776/552 720/1053/552 719/774/552
f 717/756/553 721/758/553 719/757/553
f 722/420/554 725/422/554 726/421/554
f 723/763/555 727/765/555 726/764/555
f 724/423/556 728/779/556 726/421/556
f 673/781/557 679/1054/557 690/782/557
f 690/758/558 679/766/558 675/742/558
f 674/384/559 680/434/559 686/435/559
f 678/744/560 686/772/560 682/750/560
f 694/783/561 700/1055/561 685/784/561
f 685/752/562 700/780/562 696/763/562
f 695/398/563 689/438/563 692/439/563
f 699/765/564 692/778/564 688/756/564
f 687/753/880 693/755/880 718/777/880
f 693/755/566 689/759/566 716/776/566
f 722/420/567 728/779/567 697/762/567
f 728/779/568 724/423/568 695/398/568
f 717/756/569 720/778/569 727/765/569
f 720/442/570 716/441/570 724/423/570
f 701/785/571 715/773/571 721/775/571
f 721/758/572 717/756/572 702/742/572
f 722/787/573 708/767/573 714/769/573
f 714/752/574 710/750/574 723/763/574
f 703/417/575 706/448/575 713/789/575
f 706/744/576 702/742/576 710/750/576
f 701/414/577 707/418/577 676/388/577
f 707/418/578 703/417/578 674/384/578
f 681/748/881 683/749/881 711/771/881
f 683/749/580 680/745/580 709/770/580
f 715/773/581 701/785/581 673/781/581
f 675/742/55 682/750/55 696/763/55
f 709/447/582 680/434/582 674/384/582
f 694/783/583 681/748/583 708/767/583
f 695/398/584 724/423/584 716/441/584
f 723/763/57 710/750/57 702/742/57
f 729/790/585 732/857/585 733/791/585
f 730/793/586 734/849/586 733/794/586
f 731/796/587 735/827/587 733/797/587
f 736/799/882 739/859/882 740/800/882
f 737/802/589 741/850/589 740/803/589
f 738/805/590 742/834/590 740/806/590
f 743/808/883 746/848/591 747/809/591
f 744/811/592 748/841/592 747/812/592
f 745/814/884 749/853/884 747/325/884
f 750/815/885 753/854/885 754/816/885
f 751/818/596 755/851/596 754/819/596
f 752/820/597 756/846/597 754/821/597
f 757/823/598 760/855/598 761/824/598
f 758/796/599 762/798/599 761/826/599
f 759/828/600 763/343/886 761/829/600
f 764/830/887 767/858/602 768/831/603
f 765/335/888 769/337/888 768/336/888
f 766/805/605 770/807/605 768/806/605
f 771/835/606 774/852/607 775/836/607
f 772/838/609 776/1056/609 775/839/609
f 773/811/889 777/813/889 775/812/889
f 778/842/612 781/856/612 782/843/612
f 779/820/613 783/822/613 782/845/613
f 780/349/890 784/351/891 782/350/891
f 743/808/616 729/790/616 735/792/616
f 735/827/617 731/796/617 744/811/617
f 736/799/618 742/801/618 734/849/618
f 742/834/619 738/805/619 731/796/619
f 737/802/620 750/815/620 756/817/620
f 756/846/621 752/820/621 738/805/621
f 745/814/622 748/364/622 755/851/622
f 748/841/623 744/811/623 752/820/623
f 771/835/892 743/808/892 749/810/892
f 749/853/625 745/814/625 772/838/625
f 778/842/626 784/844/626 753/854/626
f 784/351/627 780/349/627 751/818/627
f 779/820/628 773/811/628 776/841/628
f 783/847/629 776/1056/629 772/838/629
f 771/835/630 777/837/630 760/855/630
f 760/827/631 777/813/631 773/811/631
f 764/830/632 770/832/632 781/856/632
f 781/846/633 770/807/633 766/805/633
f 765/335/634 759/828/634 762/372/634
f 769/834/635 762/798/635 758/796/635
f 729/790/636 757/823/636 763/825/636
f 763/343/637 759/828/637 730/793/637
f 737/802/893 739/804/893 767/858/893
f 739/859/639 736/799/639 765/335/639
f 771/835/640 757/823/640 729/790/640
f 738/805/55 752/820/55 744/811/55
f 765/335/641 736/799/641 730/793/641
f 750/815/642 737/802/642 764/830/642
f 751/818/643 780/349/643 772/838/643
f 773/811/57 779/820/57 766/805/57
f 785/860/894 788/935/894 789/861/894
f 786/863/895 790/925/895 789/864/895
f 787/866/896 791/899/896 789/867/896
f 792/869/897 795/938/897 796/870/897
f 793/872/649 797/926/649 796/873/649
f 794/875/898 798/909/898 796/876/898
f 799/878/899 802/924/899 803/879/899
f 800/881/900 804/916/900 803/882/652
f 801/884/653 805/929/901 803/885/901
f 806/887/655 809/930/655 810/888/655
f 807/890/902 811/927/902 810/891/902
f 808/893/903 812/920/903 810/894/903
f 813/896/904 816/932/904 817/897/904
f 814/866/660 818/868/659 817/867/659
f 815/900/905 819/936/906 817/901/905
f 820/903/662 823/937/662 824/904/662
f 821/906/907 825/934/907 824/907/907
f 822/875/908 826/877/908 824/876/908
f 827/910/909 830/928/909 831/911/910
f 828/913/666 832/957/666 831/914/666
f 829/881/911 833/883/911 831/882/911
f 834/917/912 837/933/912 838/918/912
f 835/893/913 839/895/913 838/894/913
f 836/921/914 840/931/914 838/922/914
f 785/860/671 791/862/671 802/924/671
f 802/883/672 791/899/672 787/866/672
f 786/863/915 792/869/915 798/871/915
f 798/909/674 794/875/674 787/866/674
f 806/887/916 812/889/916 797/926/916
f 812/920/676 808/893/676 794/875/676
f 801/884/677 804/886/677 811/927/677
f 811/895/678 804/916/678 800/881/678
f 799/878/679 805/880/679 830/928/679
f 805/929/680 801/884/680 828/913/680
f 834/917/681 840/919/681 809/930/681
f 840/931/682 836/921/682 807/890/682
f 829/881/683 832/916/683 839/895/683
f 839/923/684 832/957/684 828/913/684
f 813/896/685 827/910/685 833/912/685
f 833/883/686 829/881/686 814/866/686
f 820/903/917 826/905/917 837/933/917
f 837/920/688 826/877/688 822/875/688
f 815/900/918 818/902/918 825/934/918
f 825/909/690 818/868/690 814/866/690
f 813/896/691 819/898/691 788/935/691
f 819/936/692 815/900/692 786/863/692
f 793/872/693 795/874/693 823/937/693
f 795/938/694 792/869/694 821/906/694
f 827/910/695 813/896/695 785/860/695
f 794/875/55 808/893/55 800/881/55
f 821/906/696 792/869/696 786/863/696
f 834/917/697 806/887/697 793/872/697
f 807/890/698 836/921/698 828/913/698
f 835/893/57 822/875/57 814/866/57
f 841/939/699 844/986/699 845/940/699
f 842/900/700 846/902/700 845/901/700
f 843/942/701 847/967/701 845/943/701
f 848/906/919 851/908/919 852/907/919
f 849/945/703 853/981/703 852/946/703
f 850/948/920 854/971/920 852/949/920
f 855/951/706 858/980/706 859/952/706
f 856/954/921 860/975/921 859/955/921
f 857/913/922 861/915/922 859/914/923
f 862/958/710 865/983/710 866/959/924
f 863/921/925 867/923/925 866/922/925
f 864/961/926 868/979/926 866/962/926
f 869/964/713 872/984/713 873/965/713
f 870/942/714 874/944/714 873/943/714
f 871/863/715 875/865/715 873/864/927
f 876/968/718 879/987/718 880/969/718
f 877/869/928 881/871/928 880/870/928
f 878/948/929 882/950/929 880/949/929
f 883/972/721 886/982/721 887/973/930
f 884/884/931 888/886/931 887/885/931
f 885/954/932 889/956/932 887/955/932
f 890/976/933 893/985/933 894/977/933
f 891/961/934 895/963/934 894/962/934
f 892/890/935 896/892/935 894/891/935
f 841/939/727 847/941/727 858/980/727
f 847/967/728 843/942/728 856/954/728
f 842/900/936 848/906/936 854/934/936
f 854/971/730 850/948/730 843/942/730
f 862/958/937 868/960/937 853/981/937
f 868/979/732 864/961/732 850/948/732
f 857/913/733 860/957/733 867/923/733
f 867/963/734 860/975/734 856/954/734
f 855/951/735 861/953/735 886/982/735
f 861/915/736 857/913/736 884/884/736
f 890/976/737 896/978/737 865/983/737
f 896/892/738 892/890/738 863/921/738
f 885/954/739 888/975/739 895/963/739
f 895/927/740 888/886/740 884/884/740
f 883/972/741 889/974/741 872/984/741
f 872/967/742 889/956/742 885/954/742
f 890/976/938 876/968/938 882/970/938
f 893/979/744 882/950/744 878/948/744
f 871/863/939 874/925/939 881/871/939
f 881/971/746 874/944/746 870/942/746
f 869/964/747 875/966/747 844/986/747
f 875/865/748 871/863/748 842/900/748
f 849/945/749 851/947/749 879/987/749
f 851/908/750 848/906/750 877/869/750
f 855/951/751 883/972/751 869/964/751
f 850/948/57 864/961/57 856/954/57
f 877/869/752 848/906/752 842/900/752
f 862/958/753 849/945/753 876/968/753
f 863/921/754 892/890/754 884/884/754
f 891/961/55 878/948/55 870/942/55
f 898/988/45 900/996/45 899/989/45
f 900/991/46 902/994/46 901/992/46
f 902/994/44 904/998/44 903/995/44
f 904/996/43 906/988/43 905/990/43
f 906/988/29 908/1002/29 907/997/29
f 908/998/30 910/994/30 909/992/30
f 902/1001/55 900/1057/55 898/1058/55
f 898/1058/55 912/1004/55 902/1001/55
f 912/1004/55 910/1059/55 902/1001/55
f 910/1059/55 908/1003/55 902/1001/55
f 908/1003/55 906/999/55 902/1001/55
f 910/994/34 912/991/34 911/993/34
f 912/1002/33 898/988/33 897/990/33
f 911/1004/57 897/1058/57 899/1057/57
f 899/1057/57 901/1001/57 911/1004/57
f 901/1001/57 903/1000/57 911/1004/57
f 903/1000/57 905/999/57 907/1003/57
f 907/1003/57 909/1059/57 911/1004/57
f 914/1005/45 916/1013/45 915/1006/45
f 916/1008/46 918/1011/46 917/1009/46
f 918/1011/44 920/1015/44 919/1012/44
f 920/1013/43 922/1005/43 921/1007/43
f 922/1005/29 924/1019/29 923/1014/29
f 924/1015/30 926/1011/30 925/1009/30
f 918/1017/55 916/1060/55 914/1061/55
f 914/1061/55 928/1020/55 918/1017/55
f 928/1020/55 926/1018/55 918/1017/55
f 926/1018/55 924/1062/55 922/1063/55
f 922/1063/55 920/1016/55 926/1018/55
f 926/1011/34 928/1008/34 927/1010/34
f 928/1019/33 914/1005/33 913/1007/33
f 927/1020/57 913/1061/57 915/1060/57
f 915/1060/57 917/1017/57 927/1020/57
f 917/1017/57 919/1016/57 927/1020/57
f 919/1016/57 921/1063/57 923/1062/57
f 923/1062/57 925/1018/57 919/1016/57
f 930/1021/45 932/1024/45 931/1022/45
f 932/991/46 934/994/46 933/992/46
f 934/994/44 936/998/44 935/995/44
f 936/1024/43 938/1021/43 937/1023/43
f 938/1021/29 940/1029/29 939/1025/29
f 940/998/30 942/994/30 941/992/30
f 934/1027/55 932/1064/55 930/1065/55
f 930/1065/55 944/1031/55 934/1027/55
f 944/1031/55 942/1028/55 934/1027/55
f 942/1028/55 940/1030/55 938/1066/55
f 938/1066/55 936/1026/55 942/1028/55
f 942/994/34 944/991/34 943/993/34
f 944/1029/33 930/1021/33 929/1023/33
f 943/1031/57 929/1065/57 931/1064/57
f 931/1064/57 933/1027/57 935/1026/57
f 935/1026/57 937/1066/57 939/1030/57
f 939/1030/57 941/1028/57 943/1031/57
f 943/1031/57 931/1064/57 935/1026/57
